{
    "graph": [
        {
            "author": "",
            "cards": [
                {
                    "active": true,
                    "cardid": "ae716824-025b-11eb-8635-f875a44e0e11",
                    "component_id": "f05e4d3a-53c1-11e8-b0ea-784f435179ea",
                    "config": null,
                    "constraints": [
                        {
                            "card_id": "ae716824-025b-11eb-8635-f875a44e0e11",
                            "constraintid": "10847819-a5ea-40f0-9914-4f67efebf66a",
                            "nodes": [],
                            "uniquetoallinstances": false
                        }
                    ],
                    "cssclass": null,
                    "description": "",
                    "graph_id": "ae71416c-025b-11eb-9eec-f875a44e0e11",
                    "helpenabled": false,
                    "helptext": null,
                    "helptitle": null,
                    "instructions": "Used to record any additional notes associated with a resource. ",
                    "is_editable": true,
                    "name": "Additional Notes",
                    "nodegroup_id": "ae71416d-025b-11eb-ba9b-f875a44e0e11",
                    "sortorder": 17,
                    "visible": true
                }
            ],
            "cards_x_nodes_x_widgets": [
                {
                    "card_id": "ae716824-025b-11eb-8635-f875a44e0e11",
                    "config": {
                        "defaultValue": null,
                        "label": "Note",
                        "maxLength": null,
                        "placeholder": "Enter text",
                        "width": "100%"
                    },
                    "id": "ae716828-025b-11eb-81e3-f875a44e0e11",
                    "label": "Note",
                    "node_id": "ae716826-025b-11eb-be06-f875a44e0e11",
                    "sortorder": 0,
                    "visible": true,
                    "widget_id": "10000000-0000-0000-0000-000000000005"
                },
                {
                    "card_id": "ae716824-025b-11eb-8635-f875a44e0e11",
                    "config": {
                        "defaultValue": "daa4cddc-8636-4842-b836-eb2e10aabe18",
                        "label": "Note Type",
                        "options": [],
                        "placeholder": "Select an option"
                    },
                    "id": "ae716829-025b-11eb-918e-f875a44e0e11",
                    "label": "Note Type",
                    "node_id": "ae716827-025b-11eb-8fcc-f875a44e0e11",
                    "sortorder": 1,
                    "visible": false,
                    "widget_id": "10000000-0000-0000-0000-000000000002"
                },
                {
                    "card_id": "ae716824-025b-11eb-8635-f875a44e0e11",
                    "config": {
                        "defaultValue": "6fbe3775-e51d-4f90-af53-5695dd204c9a",
                        "label": "Note Metatype",
                        "options": [],
                        "placeholder": "Select an option"
                    },
                    "id": "ae71682a-025b-11eb-a4e4-f875a44e0e11",
                    "label": "Note Metatype",
                    "node_id": "ae716825-025b-11eb-ba04-f875a44e0e11",
                    "sortorder": 2,
                    "visible": false,
                    "widget_id": "10000000-0000-0000-0000-000000000002"
                }
            ],
            "color": "rgba(224,47,47,0.67)",
            "config": {
                "activeTabIndex": 0,
                "tabs": [
                    {
                        "header_component": "report-header-map",
                        "icon": "fa fa-tags",
                        "name": "Summary Report",
                        "nodegroup_ids": [
                            "8d41e4ba-a250-11e9-9b20-00224800b26d",
                            "8d41e4c0-a250-11e9-a7e3-00224800b26d",
                            "8d41e4a8-a250-11e9-aff0-00224800b26d",
                            "58a2b98f-a255-11e9-9a30-00224800b26d",
                            "8d41e4b7-a250-11e9-9b6c-00224800b26d",
                            "c32c7b62-a30f-11e9-a8f2-00224800b26d",
                            "8d41e4b1-a250-11e9-96d3-00224800b26d"
                        ],
                        "side_component": "consultations-status"
                    },
                    {
                        "icon": "fa fa-building",
                        "name": "Conditions/Mitigations",
                        "nodegroup_ids": [
                            "8d41e4bd-a250-11e9-89e8-00224800b26d",
                            "8d41e49f-a250-11e9-b6b3-00224800b26d",
                            "8d41e4ae-a250-11e9-8c00-00224800b26d"
                        ],
                        "side_component": "consultations-conditions-mitigations"
                    },
                    {
                        "empty_component": "consultations-site-visit-empty",
                        "icon": "fa fa-clipboard",
                        "main_component": "consultations-site-visit-main",
                        "name": "Site Visits",
                        "nodegroup_ids": [
                            "066cb8f0-a251-11e9-85d5-00224800b26d"
                        ],
                        "side_component": "consultations-site-visits-summary"
                    },
                    {
                        "icon": "fa fa-comment",
                        "name": "Communications",
                        "nodegroup_ids": [
                            "caf5bff1-a3d7-11e9-aa28-00224800b26d",
                            "8d41e4b4-a250-11e9-993d-00224800b26d"
                        ],
                        "side_component": "consultations-communications-summary"
                    }
                ]
            },
            "deploymentdate": null,
            "deploymentfile": null,
            "description": "",
            "edges": [
                {
                    "description": null,
                    "domainnode_id": "ae716827-025b-11eb-8fcc-f875a44e0e11",
                    "edgeid": "ae71682b-025b-11eb-8dd7-f875a44e0e11",
                    "graph_id": "ae71416c-025b-11eb-9eec-f875a44e0e11",
                    "name": null,
                    "ontologyproperty": "http://www.cidoc-crm.org/cidoc-crm/P2_has_type",
                    "rangenode_id": "ae716825-025b-11eb-ba04-f875a44e0e11"
                },
                {
                    "description": null,
                    "domainnode_id": "ae71416d-025b-11eb-ba9b-f875a44e0e11",
                    "edgeid": "ae71682c-025b-11eb-8db6-f875a44e0e11",
                    "graph_id": "ae71416c-025b-11eb-9eec-f875a44e0e11",
                    "name": null,
                    "ontologyproperty": "http://www.cidoc-crm.org/cidoc-crm/P2_has_type",
                    "rangenode_id": "ae716827-025b-11eb-8fcc-f875a44e0e11"
                },
                {
                    "description": null,
                    "domainnode_id": "ae71416d-025b-11eb-ba9b-f875a44e0e11",
                    "edgeid": "ae71682d-025b-11eb-bb34-f875a44e0e11",
                    "graph_id": "ae71416c-025b-11eb-9eec-f875a44e0e11",
                    "name": null,
                    "ontologyproperty": "http://www.cidoc-crm.org/cidoc-crm/P3_has_note",
                    "rangenode_id": "ae716826-025b-11eb-be06-f875a44e0e11"
                }
            ],
            "functions_x_graphs": [],
            "graphid": "ae71416c-025b-11eb-9eec-f875a44e0e11",
            "iconclass": "fa fa-briefcase",
            "is_editable": true,
            "isactive": true,
            "isresource": false,
            "jsonldcontext": null,
            "name": "Additional Notes",
            "nodegroups": [
                {
                    "cardinality": "1",
                    "legacygroupid": null,
                    "nodegroupid": "ae71416d-025b-11eb-ba9b-f875a44e0e11",
                    "parentnodegroup_id": null
                }
            ],
            "nodes": [
                {
                    "config": {},
                    "datatype": "semantic",
                    "description": null,
                    "exportable": false,
                    "fieldname": "",
                    "graph_id": "ae71416c-025b-11eb-9eec-f875a44e0e11",
                    "is_collector": true,
                    "isrequired": false,
                    "issearchable": true,
                    "istopnode": true,
                    "name": "Additional Notes",
                    "nodegroup_id": "ae71416d-025b-11eb-ba9b-f875a44e0e11",
                    "nodeid": "ae71416d-025b-11eb-ba9b-f875a44e0e11",
                    "ontologyclass": "http://www.cidoc-crm.org/cidoc-crm/E33_Linguistic_Object",
                    "parentproperty": "",
                    "sortorder": 0
                },
                {
                    "config": null,
                    "datatype": "string",
                    "description": null,
                    "exportable": false,
                    "fieldname": "",
                    "graph_id": "ae71416c-025b-11eb-9eec-f875a44e0e11",
                    "is_collector": false,
                    "isrequired": false,
                    "issearchable": true,
                    "istopnode": false,
                    "name": "Additional Note",
                    "nodegroup_id": "ae71416d-025b-11eb-ba9b-f875a44e0e11",
                    "nodeid": "ae716826-025b-11eb-be06-f875a44e0e11",
                    "ontologyclass": "http://www.w3.org/2000/01/rdf-schema#Literal",
                    "parentproperty": "http://www.cidoc-crm.org/cidoc-crm/P3_has_note",
                    "sortorder": 0
                },
                {
                    "config": {
                        "rdmCollection": "1e63c514-eb9d-48d3-94b5-35e060e5f368"
                    },
                    "datatype": "concept",
                    "description": null,
                    "exportable": false,
                    "fieldname": null,
                    "graph_id": "ae71416c-025b-11eb-9eec-f875a44e0e11",
                    "is_collector": false,
                    "isrequired": false,
                    "issearchable": true,
                    "istopnode": false,
                    "name": "Additional Note Metatype",
                    "nodegroup_id": "ae71416d-025b-11eb-ba9b-f875a44e0e11",
                    "nodeid": "ae716825-025b-11eb-ba04-f875a44e0e11",
                    "ontologyclass": "http://www.cidoc-crm.org/cidoc-crm/E55_Type",
                    "parentproperty": "http://www.cidoc-crm.org/cidoc-crm/P2_has_type",
                    "sortorder": 0
                },
                {
                    "config": {
                        "rdmCollection": "0ff39ed3-cc95-4c60-9321-6d4e65fb1f2d"
                    },
                    "datatype": "concept",
                    "description": null,
                    "exportable": false,
                    "fieldname": null,
                    "graph_id": "ae71416c-025b-11eb-9eec-f875a44e0e11",
                    "is_collector": false,
                    "isrequired": false,
                    "issearchable": true,
                    "istopnode": false,
                    "name": "Additional Note Type",
                    "nodegroup_id": "ae71416d-025b-11eb-ba9b-f875a44e0e11",
                    "nodeid": "ae716827-025b-11eb-8fcc-f875a44e0e11",
                    "ontologyclass": "http://www.cidoc-crm.org/cidoc-crm/E55_Type",
                    "parentproperty": "http://www.cidoc-crm.org/cidoc-crm/P2_has_type",
                    "sortorder": 0
                }
            ],
            "ontology_id": "e6e8db47-2ccf-11e6-927e-b8f6b115d7dd",
            "relatable_resource_model_ids": [],
            "resource_2_resource_constraints": [],
            "root": {
                "config": {},
                "datatype": "semantic",
                "description": null,
                "exportable": false,
                "fieldname": "",
                "graph_id": "ae71416c-025b-11eb-9eec-f875a44e0e11",
                "is_collector": true,
                "isrequired": false,
                "issearchable": true,
                "istopnode": true,
                "name": "Additional Notes",
                "nodegroup_id": "ae71416d-025b-11eb-ba9b-f875a44e0e11",
                "nodeid": "ae71416d-025b-11eb-ba9b-f875a44e0e11",
                "ontologyclass": "http://www.cidoc-crm.org/cidoc-crm/E33_Linguistic_Object",
                "sortorder": 0
            },
            "slug": null,
            "subtitle": "Used to record any additional notes associated with a resource. ",
            "template_id": "50000000-0000-0000-0000-000000000004",
            "version": ""
        }
    ]
}