{
    "graph": [
        {
            "author": "",
            "cards": [
                {
                    "active": true,
                    "cardid": "5dedc7c3-993a-11ea-844d-f875a44e0e11",
                    "component_id": "f05e4d3a-53c1-11e8-b0ea-784f435179ea",
                    "config": null,
                    "constraints": [
                        {
                            "card_id": "5dedc7c3-993a-11ea-844d-f875a44e0e11",
                            "constraintid": "140f816b-ffdc-4f3a-b5fb-51c25302ca34",
                            "nodes": [],
                            "uniquetoallinstances": false
                        }
                    ],
                    "cssclass": null,
                    "description": "",
                    "graph_id": "5dedc7c0-993a-11ea-bc4e-f875a44e0e11",
                    "helpenabled": true,
                    "helptext": "<p><strong>Full Address</strong></p>\n\n<p>Where it is convenient, this can be used to record the full address. This can be used to aid migration from legacy systems with less sophisticated recording practice</p>\n\n<p><strong>Address Parts</strong></p>\n\n<p>To better represent the complexity of addresses each constituent part has been modelled.</p>\n\n<p><strong>Building Name</strong></p>\n\n<p>Use to record the actual name of a building where known.</p>\n\n<p><strong>Building Number</strong></p>\n\n<p>Use to record the number(s) assigned to a building. This may be a single number (eg. 45) or a range separated by a &#39;-&#39;&nbsp;(eg. 13-21).</p>\n\n<p><strong>Building Number Sub-Street</strong></p>\n\n<p>&nbsp;</p>\n",
                    "helptitle": "Addresses",
                    "instructions": "Used to record the postal address of a resource.",
                    "is_editable": true,
                    "name": "Addresses",
                    "nodegroup_id": "5dedc7c1-993a-11ea-af2f-f875a44e0e11",
                    "sortorder": 5,
                    "visible": true
                }
            ],
            "cards_x_nodes_x_widgets": [
                {
                    "card_id": "5dedc7c3-993a-11ea-844d-f875a44e0e11",
                    "config": {
                        "defaultValue": "6bdffb5e-9f5b-44f7-a3a6-11cf81219fd8",
                        "label": "Street Metatype",
                        "options": [],
                        "placeholder": "Select an option"
                    },
                    "id": "5dedef29-993a-11ea-bc6b-f875a44e0e11",
                    "label": "Street Metatype",
                    "node_id": "5dedef07-993a-11ea-8542-f875a44e0e11",
                    "sortorder": 17,
                    "visible": false,
                    "widget_id": "10000000-0000-0000-0000-000000000002"
                },
                {
                    "card_id": "5dedc7c3-993a-11ea-844d-f875a44e0e11",
                    "config": {
                        "defaultValue": "326b5f21-b744-41a1-a009-e60adb9de95c",
                        "label": "Town or City Type",
                        "options": [],
                        "placeholder": "Select an option"
                    },
                    "id": "5dedef13-993a-11ea-901d-f875a44e0e11",
                    "label": "Town or City Type",
                    "node_id": "5dedef04-993a-11ea-96c3-f875a44e0e11",
                    "sortorder": 19,
                    "visible": false,
                    "widget_id": "10000000-0000-0000-0000-000000000002"
                },
                {
                    "card_id": "5dedc7c3-993a-11ea-844d-f875a44e0e11",
                    "config": {
                        "defaultValue": "",
                        "label": "Locality",
                        "maxLength": null,
                        "placeholder": "Enter text",
                        "width": "100%"
                    },
                    "id": "5dedef08-993a-11ea-aadc-f875a44e0e11",
                    "label": "Locality",
                    "node_id": "5dedc7d3-993a-11ea-954f-f875a44e0e11",
                    "sortorder": 21,
                    "visible": true,
                    "widget_id": "10000000-0000-0000-0000-000000000001"
                },
                {
                    "card_id": "5dedc7c3-993a-11ea-844d-f875a44e0e11",
                    "config": {
                        "defaultValue": "",
                        "label": "Postcode",
                        "maxLength": null,
                        "placeholder": "Enter text",
                        "width": "100%"
                    },
                    "id": "5dedef15-993a-11ea-981b-f875a44e0e11",
                    "label": "Postcode",
                    "node_id": "5dedc7c6-993a-11ea-bc6f-f875a44e0e11",
                    "sortorder": 27,
                    "visible": true,
                    "widget_id": "10000000-0000-0000-0000-000000000001"
                },
                {
                    "card_id": "5dedc7c3-993a-11ea-844d-f875a44e0e11",
                    "config": {
                        "defaultValue": "3ccd7de2-49c9-44d1-99cd-47cc83fa583e",
                        "label": "Full Address Type",
                        "options": [],
                        "placeholder": "Select an option"
                    },
                    "id": "5dedef25-993a-11ea-86e0-f875a44e0e11",
                    "label": "Full Address Type",
                    "node_id": "5dedeeff-993a-11ea-b885-f875a44e0e11",
                    "sortorder": 1,
                    "visible": false,
                    "widget_id": "10000000-0000-0000-0000-000000000002"
                },
                {
                    "card_id": "5dedc7c3-993a-11ea-844d-f875a44e0e11",
                    "config": {
                        "defaultValue": "6bdffb5e-9f5b-44f7-a3a6-11cf81219fd8",
                        "label": "Full Address Metatype",
                        "options": [],
                        "placeholder": "Select an option"
                    },
                    "id": "5dedef28-993a-11ea-88fd-f875a44e0e11",
                    "label": "Full Address Metatype",
                    "node_id": "5dedc7c7-993a-11ea-a32f-f875a44e0e11",
                    "sortorder": 2,
                    "visible": false,
                    "widget_id": "10000000-0000-0000-0000-000000000002"
                },
                {
                    "card_id": "5dedc7c3-993a-11ea-844d-f875a44e0e11",
                    "config": {
                        "defaultValue": "",
                        "label": "Building Number",
                        "maxLength": null,
                        "placeholder": "Enter text",
                        "width": "100%"
                    },
                    "id": "5dedef26-993a-11ea-ae07-f875a44e0e11",
                    "label": "Building Number",
                    "node_id": "5dedeef3-993a-11ea-9f13-f875a44e0e11",
                    "sortorder": 6,
                    "visible": true,
                    "widget_id": "10000000-0000-0000-0000-000000000001"
                },
                {
                    "card_id": "5dedc7c3-993a-11ea-844d-f875a44e0e11",
                    "config": {
                        "defaultValue": "78b7f967-9831-42ea-b744-1737c5cb2ebc",
                        "label": "Sub-Street Type",
                        "options": [],
                        "placeholder": "Select an option"
                    },
                    "id": "5dedef27-993a-11ea-9167-f875a44e0e11",
                    "label": "Sub-Street Type",
                    "node_id": "5dedc7cc-993a-11ea-9e7f-f875a44e0e11",
                    "sortorder": 13,
                    "visible": false,
                    "widget_id": "10000000-0000-0000-0000-000000000002"
                },
                {
                    "card_id": "5dedc7c3-993a-11ea-844d-f875a44e0e11",
                    "config": {
                        "defaultValue": "",
                        "label": "Town or City",
                        "maxLength": null,
                        "placeholder": "Enter text",
                        "width": "100%"
                    },
                    "id": "5dedef16-993a-11ea-83d7-f875a44e0e11",
                    "label": "Town or City",
                    "node_id": "5dedef05-993a-11ea-a9ce-f875a44e0e11",
                    "sortorder": 18,
                    "visible": true,
                    "widget_id": "10000000-0000-0000-0000-000000000001"
                },
                {
                    "card_id": "5dedc7c3-993a-11ea-844d-f875a44e0e11",
                    "config": {
                        "defaultValue": "8a37a140-0be2-44bc-aa64-74c1f3f3b372",
                        "label": "Locality Type",
                        "options": [],
                        "placeholder": "Select an option"
                    },
                    "id": "5dedef0d-993a-11ea-bf22-f875a44e0e11",
                    "label": "Locality Type",
                    "node_id": "5dedc7c4-993a-11ea-beb4-f875a44e0e11",
                    "sortorder": 22,
                    "visible": false,
                    "widget_id": "10000000-0000-0000-0000-000000000002"
                },
                {
                    "card_id": "5dedc7c3-993a-11ea-844d-f875a44e0e11",
                    "config": {
                        "defaultValue": "6bdffb5e-9f5b-44f7-a3a6-11cf81219fd8",
                        "label": "Locality Metatype",
                        "options": [],
                        "placeholder": "Select an option"
                    },
                    "id": "5dedef0e-993a-11ea-ae86-f875a44e0e11",
                    "label": "Locality Metatype",
                    "node_id": "5dedc7c8-993a-11ea-9542-f875a44e0e11",
                    "sortorder": 23,
                    "visible": false,
                    "widget_id": "10000000-0000-0000-0000-000000000002"
                },
                {
                    "card_id": "5dedc7c3-993a-11ea-844d-f875a44e0e11",
                    "config": {
                        "defaultValue": "6bdffb5e-9f5b-44f7-a3a6-11cf81219fd8",
                        "label": "County Metatype",
                        "options": [],
                        "placeholder": "Select an option"
                    },
                    "id": "5dedef1f-993a-11ea-973d-f875a44e0e11",
                    "label": "County Metatype",
                    "node_id": "5dedc7cd-993a-11ea-b685-f875a44e0e11",
                    "sortorder": 26,
                    "visible": false,
                    "widget_id": "10000000-0000-0000-0000-000000000002"
                },
                {
                    "card_id": "5dedc7c3-993a-11ea-844d-f875a44e0e11",
                    "config": {
                        "defaultValue": "34260e17-20ef-4cc4-b512-1ebcc6a55f1e",
                        "label": "Postcode Type",
                        "options": [],
                        "placeholder": "Select an option"
                    },
                    "id": "5dedef17-993a-11ea-a84b-f875a44e0e11",
                    "label": "Postcode Type",
                    "node_id": "5dedc7d1-993a-11ea-bf72-f875a44e0e11",
                    "sortorder": 28,
                    "visible": false,
                    "widget_id": "10000000-0000-0000-0000-000000000002"
                },
                {
                    "card_id": "5dedc7c3-993a-11ea-844d-f875a44e0e11",
                    "config": {
                        "defaultValue": "6bdffb5e-9f5b-44f7-a3a6-11cf81219fd8",
                        "label": "Postcode Metatype",
                        "options": [],
                        "placeholder": "Select an option"
                    },
                    "id": "5dedef0f-993a-11ea-8599-f875a44e0e11",
                    "label": "Postcode Metatype",
                    "node_id": "5dedeef7-993a-11ea-9ad8-f875a44e0e11",
                    "sortorder": 29,
                    "visible": false,
                    "widget_id": "10000000-0000-0000-0000-000000000002"
                },
                {
                    "card_id": "5dedc7c3-993a-11ea-844d-f875a44e0e11",
                    "config": {
                        "defaultValue": null,
                        "label": "Address Status",
                        "options": [],
                        "placeholder": "Select an option"
                    },
                    "id": "5dedef1a-993a-11ea-a780-f875a44e0e11",
                    "label": "Address Status",
                    "node_id": "5dedef01-993a-11ea-8736-f875a44e0e11",
                    "sortorder": 30,
                    "visible": true,
                    "widget_id": "10000000-0000-0000-0000-000000000002"
                },
                {
                    "card_id": "5dedc7c3-993a-11ea-844d-f875a44e0e11",
                    "config": {
                        "defaultValue": "67b76fd1-4906-4055-b493-711c93fc0996",
                        "label": "Address Status Metatype",
                        "options": [],
                        "placeholder": "Select an option"
                    },
                    "id": "5dedef10-993a-11ea-9c2b-f875a44e0e11",
                    "label": "Address Status Metatype",
                    "node_id": "5dedeefa-993a-11ea-9ff2-f875a44e0e11",
                    "sortorder": 31,
                    "visible": false,
                    "widget_id": "10000000-0000-0000-0000-000000000002"
                },
                {
                    "card_id": "5dedc7c3-993a-11ea-844d-f875a44e0e11",
                    "config": {
                        "defaultValue": "",
                        "label": "Address Currency",
                        "options": [],
                        "placeholder": "Select an option"
                    },
                    "id": "5dedef14-993a-11ea-a0d1-f875a44e0e11",
                    "label": "Address Currency",
                    "node_id": "5dedef02-993a-11ea-8419-f875a44e0e11",
                    "sortorder": 32,
                    "visible": true,
                    "widget_id": "10000000-0000-0000-0000-000000000002"
                },
                {
                    "card_id": "5dedc7c3-993a-11ea-844d-f875a44e0e11",
                    "config": {
                        "defaultValue": "6bdffb5e-9f5b-44f7-a3a6-11cf81219fd8",
                        "label": "Building Number Sub-Street Metatype",
                        "options": [],
                        "placeholder": "Select an option"
                    },
                    "id": "5dedef0b-993a-11ea-a16d-f875a44e0e11",
                    "label": "Building Number Sub-Street Metatype",
                    "node_id": "5dedc7c9-993a-11ea-b3fc-f875a44e0e11",
                    "sortorder": 11,
                    "visible": false,
                    "widget_id": "10000000-0000-0000-0000-000000000002"
                },
                {
                    "card_id": "5dedc7c3-993a-11ea-844d-f875a44e0e11",
                    "config": {
                        "defaultValue": "2103d23d-2b68-4bfb-ad23-2689f060e357",
                        "label": "Street Type",
                        "options": [],
                        "placeholder": "Select an option"
                    },
                    "id": "5dedef0c-993a-11ea-ad55-f875a44e0e11",
                    "label": "Street Type",
                    "node_id": "5dedc7cf-993a-11ea-9502-f875a44e0e11",
                    "sortorder": 16,
                    "visible": false,
                    "widget_id": "10000000-0000-0000-0000-000000000002"
                },
                {
                    "card_id": "5dedc7c3-993a-11ea-844d-f875a44e0e11",
                    "config": {
                        "defaultValue": "f27c88b2-d8e3-46f7-b730-ceae86161447",
                        "label": "Building Number Type",
                        "options": [],
                        "placeholder": "Select an option"
                    },
                    "id": "5dedef18-993a-11ea-99dd-f875a44e0e11",
                    "label": "Building Number Type",
                    "node_id": "5dedc7d2-993a-11ea-a090-f875a44e0e11",
                    "sortorder": 7,
                    "visible": false,
                    "widget_id": "10000000-0000-0000-0000-000000000002"
                },
                {
                    "card_id": "5dedc7c3-993a-11ea-844d-f875a44e0e11",
                    "config": {
                        "defaultValue": "",
                        "label": "Sub-Street",
                        "maxLength": null,
                        "placeholder": "Enter text",
                        "width": "100%"
                    },
                    "id": "5dedef19-993a-11ea-bce0-f875a44e0e11",
                    "label": "Sub-Street",
                    "node_id": "5dedc7c5-993a-11ea-ae0d-f875a44e0e11",
                    "sortorder": 12,
                    "visible": true,
                    "widget_id": "10000000-0000-0000-0000-000000000001"
                },
                {
                    "card_id": "5dedc7c3-993a-11ea-844d-f875a44e0e11",
                    "config": {
                        "defaultValue": "6bdffb5e-9f5b-44f7-a3a6-11cf81219fd8",
                        "label": "Town or City Metatype",
                        "options": [],
                        "placeholder": "Select an option"
                    },
                    "id": "5dedef12-993a-11ea-81bf-f875a44e0e11",
                    "label": "Town or City Metatype",
                    "node_id": "5dedc7ca-993a-11ea-a93d-f875a44e0e11",
                    "sortorder": 20,
                    "visible": false,
                    "widget_id": "10000000-0000-0000-0000-000000000002"
                },
                {
                    "card_id": "5dedc7c3-993a-11ea-844d-f875a44e0e11",
                    "config": {
                        "defaultValue": "2d5e7f32-ee8d-4ae5-b660-3b7eeb9604eb",
                        "label": "Building Number Sub-Street Type",
                        "options": [],
                        "placeholder": "Select an option"
                    },
                    "id": "5dedef1d-993a-11ea-897e-f875a44e0e11",
                    "label": "Building Number Sub-Street Type",
                    "node_id": "5dedc7d4-993a-11ea-b694-f875a44e0e11",
                    "sortorder": 10,
                    "visible": false,
                    "widget_id": "10000000-0000-0000-0000-000000000002"
                },
                {
                    "card_id": "5dedc7c3-993a-11ea-844d-f875a44e0e11",
                    "config": {
                        "defaultValue": "",
                        "label": "Street",
                        "maxLength": null,
                        "placeholder": "Enter text",
                        "width": "100%"
                    },
                    "id": "5dedef1e-993a-11ea-8250-f875a44e0e11",
                    "label": "Street",
                    "node_id": "5dedc7d0-993a-11ea-86a7-f875a44e0e11",
                    "sortorder": 15,
                    "visible": true,
                    "widget_id": "10000000-0000-0000-0000-000000000001"
                },
                {
                    "card_id": "5dedc7c3-993a-11ea-844d-f875a44e0e11",
                    "config": {
                        "defaultValue": "6bdffb5e-9f5b-44f7-a3a6-11cf81219fd8",
                        "label": "Sub-Street Metatype",
                        "options": [],
                        "placeholder": "Select an option"
                    },
                    "id": "5dedef20-993a-11ea-810f-f875a44e0e11",
                    "label": "Sub-Street Metatype",
                    "node_id": "5dedeefc-993a-11ea-ac5a-f875a44e0e11",
                    "sortorder": 14,
                    "visible": false,
                    "widget_id": "10000000-0000-0000-0000-000000000002"
                },
                {
                    "card_id": "5dedc7c3-993a-11ea-844d-f875a44e0e11",
                    "config": {
                        "defaultValue": "",
                        "label": "County ",
                        "maxLength": null,
                        "placeholder": "Enter text",
                        "width": "100%"
                    },
                    "id": "5dedef21-993a-11ea-862c-f875a44e0e11",
                    "label": "County ",
                    "node_id": "5dedeefe-993a-11ea-b05d-f875a44e0e11",
                    "sortorder": 24,
                    "visible": true,
                    "widget_id": "10000000-0000-0000-0000-000000000001"
                },
                {
                    "card_id": "5dedc7c3-993a-11ea-844d-f875a44e0e11",
                    "config": {
                        "defaultValue": "",
                        "label": "Building Name",
                        "maxLength": null,
                        "placeholder": "Enter text",
                        "width": "100%"
                    },
                    "id": "5dedef1b-993a-11ea-ae9f-f875a44e0e11",
                    "label": "Building Name",
                    "node_id": "5dedc7d5-993a-11ea-bbb3-f875a44e0e11",
                    "sortorder": 3,
                    "visible": true,
                    "widget_id": "10000000-0000-0000-0000-000000000001"
                },
                {
                    "card_id": "5dedc7c3-993a-11ea-844d-f875a44e0e11",
                    "config": {
                        "defaultValue": "6b77c7ee-1b64-4a0d-a870-e554e59f2eb6",
                        "label": "Building Name Type",
                        "options": [],
                        "placeholder": "Select an option"
                    },
                    "id": "5dedef1c-993a-11ea-aa99-f875a44e0e11",
                    "label": "Building Name Type",
                    "node_id": "5dedeef5-993a-11ea-9f6f-f875a44e0e11",
                    "sortorder": 4,
                    "visible": false,
                    "widget_id": "10000000-0000-0000-0000-000000000002"
                },
                {
                    "card_id": "5dedc7c3-993a-11ea-844d-f875a44e0e11",
                    "config": {
                        "defaultValue": "98355a3e-6f84-45ae-9281-8aa7e20d47f5",
                        "label": "County Type",
                        "options": [],
                        "placeholder": "Select an option"
                    },
                    "id": "5dedef22-993a-11ea-ae2c-f875a44e0e11",
                    "label": "County Type",
                    "node_id": "5dedc7cb-993a-11ea-9075-f875a44e0e11",
                    "sortorder": 25,
                    "visible": false,
                    "widget_id": "10000000-0000-0000-0000-000000000002"
                },
                {
                    "card_id": "5dedc7c3-993a-11ea-844d-f875a44e0e11",
                    "config": {
                        "defaultValue": "",
                        "label": "Building Number Sub-Street",
                        "maxLength": null,
                        "placeholder": "Enter text",
                        "width": "100%"
                    },
                    "id": "5dedef23-993a-11ea-ada6-f875a44e0e11",
                    "label": "Building Number Sub-Street",
                    "node_id": "5dedc7ce-993a-11ea-9e56-f875a44e0e11",
                    "sortorder": 9,
                    "visible": true,
                    "widget_id": "10000000-0000-0000-0000-000000000001"
                },
                {
                    "card_id": "5dedc7c3-993a-11ea-844d-f875a44e0e11",
                    "config": {
                        "defaultValue": "",
                        "label": "Full Address",
                        "maxLength": null,
                        "placeholder": "Enter text",
                        "width": "100%"
                    },
                    "id": "5dedef24-993a-11ea-8c59-f875a44e0e11",
                    "label": "Full Address",
                    "node_id": "5dedeef6-993a-11ea-8c20-f875a44e0e11",
                    "sortorder": 0,
                    "visible": true,
                    "widget_id": "10000000-0000-0000-0000-000000000001"
                },
                {
                    "card_id": "5dedc7c3-993a-11ea-844d-f875a44e0e11",
                    "config": {
                        "defaultValue": "6bdffb5e-9f5b-44f7-a3a6-11cf81219fd8",
                        "label": "Building Name Metatype",
                        "options": [],
                        "placeholder": "Select an option"
                    },
                    "id": "5dedef0a-993a-11ea-b1da-f875a44e0e11",
                    "label": "Building Name Metatype",
                    "node_id": "5dedeef4-993a-11ea-bf54-f875a44e0e11",
                    "sortorder": 5,
                    "visible": false,
                    "widget_id": "10000000-0000-0000-0000-000000000002"
                },
                {
                    "card_id": "5dedc7c3-993a-11ea-844d-f875a44e0e11",
                    "config": {
                        "defaultValue": "6bdffb5e-9f5b-44f7-a3a6-11cf81219fd8",
                        "label": "Building Number Metatype",
                        "options": [],
                        "placeholder": "Select an option"
                    },
                    "id": "5dedef09-993a-11ea-900e-f875a44e0e11",
                    "label": "Building Number Metatype",
                    "node_id": "5dedeefb-993a-11ea-8e95-f875a44e0e11",
                    "sortorder": 8,
                    "visible": false,
                    "widget_id": "10000000-0000-0000-0000-000000000002"
                },
                {
                    "card_id": "5dedc7c3-993a-11ea-844d-f875a44e0e11",
                    "config": {
                        "defaultValue": "5a88136a-bf3a-4b48-a830-a7f42000dd24",
                        "label": "Address Currency Metatype",
                        "options": [],
                        "placeholder": "Select an option"
                    },
                    "id": "5dedef11-993a-11ea-a8ee-f875a44e0e11",
                    "label": "Address Currency Metatype",
                    "node_id": "5dedeef8-993a-11ea-83d7-f875a44e0e11",
                    "sortorder": 33,
                    "visible": false,
                    "widget_id": "10000000-0000-0000-0000-000000000002"
                }
            ],
            "color": null,
            "config": {},
            "deploymentdate": null,
            "deploymentfile": null,
            "description": "",
            "edges": [
                {
                    "description": null,
                    "domainnode_id": "5dedc7c1-993a-11ea-af2f-f875a44e0e11",
                    "edgeid": "5deed953-993a-11ea-986c-f875a44e0e11",
                    "graph_id": "5dedc7c0-993a-11ea-bc4e-f875a44e0e11",
                    "name": null,
                    "ontologyproperty": "http://www.cidoc-crm.org/cidoc-crm/P106_is_composed_of",
                    "rangenode_id": "5dedef06-993a-11ea-80ef-f875a44e0e11"
                },
                {
                    "description": null,
                    "domainnode_id": "5dedc7cf-993a-11ea-9502-f875a44e0e11",
                    "edgeid": "5deed955-993a-11ea-b7bf-f875a44e0e11",
                    "graph_id": "5dedc7c0-993a-11ea-bc4e-f875a44e0e11",
                    "name": null,
                    "ontologyproperty": "http://www.cidoc-crm.org/cidoc-crm/P2_has_type",
                    "rangenode_id": "5dedef07-993a-11ea-8542-f875a44e0e11"
                },
                {
                    "description": null,
                    "domainnode_id": "5dedef02-993a-11ea-8419-f875a44e0e11",
                    "edgeid": "5deed956-993a-11ea-bf74-f875a44e0e11",
                    "graph_id": "5dedc7c0-993a-11ea-bc4e-f875a44e0e11",
                    "name": null,
                    "ontologyproperty": "http://www.cidoc-crm.org/cidoc-crm/P2_has_type",
                    "rangenode_id": "5dedeef8-993a-11ea-83d7-f875a44e0e11"
                },
                {
                    "description": null,
                    "domainnode_id": "5dedc7c1-993a-11ea-af2f-f875a44e0e11",
                    "edgeid": "5deed957-993a-11ea-a18c-f875a44e0e11",
                    "graph_id": "5dedc7c0-993a-11ea-bc4e-f875a44e0e11",
                    "name": null,
                    "ontologyproperty": "http://www.cidoc-crm.org/cidoc-crm/P3_has_note",
                    "rangenode_id": "5dedeef6-993a-11ea-8c20-f875a44e0e11"
                },
                {
                    "description": null,
                    "domainnode_id": "5dedef01-993a-11ea-8736-f875a44e0e11",
                    "edgeid": "5deed958-993a-11ea-8f17-f875a44e0e11",
                    "graph_id": "5dedc7c0-993a-11ea-bc4e-f875a44e0e11",
                    "name": null,
                    "ontologyproperty": "http://www.cidoc-crm.org/cidoc-crm/P2_has_type",
                    "rangenode_id": "5dedeefa-993a-11ea-9ff2-f875a44e0e11"
                },
                {
                    "description": null,
                    "domainnode_id": "5dedc7d2-993a-11ea-a090-f875a44e0e11",
                    "edgeid": "5deed959-993a-11ea-a4f1-f875a44e0e11",
                    "graph_id": "5dedc7c0-993a-11ea-bc4e-f875a44e0e11",
                    "name": null,
                    "ontologyproperty": "http://www.cidoc-crm.org/cidoc-crm/P2_has_type",
                    "rangenode_id": "5dedeefb-993a-11ea-8e95-f875a44e0e11"
                },
                {
                    "description": null,
                    "domainnode_id": "5dedc7d6-993a-11ea-8045-f875a44e0e11",
                    "edgeid": "5deed96a-993a-11ea-b8a6-f875a44e0e11",
                    "graph_id": "5dedc7c0-993a-11ea-bc4e-f875a44e0e11",
                    "name": null,
                    "ontologyproperty": "http://www.cidoc-crm.org/cidoc-crm/P2_has_type",
                    "rangenode_id": "5dedc7d4-993a-11ea-b694-f875a44e0e11"
                },
                {
                    "description": null,
                    "domainnode_id": "5dedef00-993a-11ea-a731-f875a44e0e11",
                    "edgeid": "5deed96b-993a-11ea-b8db-f875a44e0e11",
                    "graph_id": "5dedc7c0-993a-11ea-bc4e-f875a44e0e11",
                    "name": null,
                    "ontologyproperty": "http://www.cidoc-crm.org/cidoc-crm/P3_has_note",
                    "rangenode_id": "5dedc7d5-993a-11ea-bbb3-f875a44e0e11"
                },
                {
                    "description": null,
                    "domainnode_id": "5dedef00-993a-11ea-a731-f875a44e0e11",
                    "edgeid": "5deed96c-993a-11ea-959c-f875a44e0e11",
                    "graph_id": "5dedc7c0-993a-11ea-bc4e-f875a44e0e11",
                    "name": null,
                    "ontologyproperty": "http://www.cidoc-crm.org/cidoc-crm/P2_has_type",
                    "rangenode_id": "5dedeef5-993a-11ea-9f6f-f875a44e0e11"
                },
                {
                    "description": null,
                    "domainnode_id": "5dedc7c1-993a-11ea-af2f-f875a44e0e11",
                    "edgeid": "5deed96d-993a-11ea-85cf-f875a44e0e11",
                    "graph_id": "5dedc7c0-993a-11ea-bc4e-f875a44e0e11",
                    "name": null,
                    "ontologyproperty": "http://www.cidoc-crm.org/cidoc-crm/P106_is_composed_of",
                    "rangenode_id": "5dedef00-993a-11ea-a731-f875a44e0e11"
                },
                {
                    "description": null,
                    "domainnode_id": "5dedc7c1-993a-11ea-af2f-f875a44e0e11",
                    "edgeid": "5deed96e-993a-11ea-9294-f875a44e0e11",
                    "graph_id": "5dedc7c0-993a-11ea-bc4e-f875a44e0e11",
                    "name": null,
                    "ontologyproperty": "http://www.cidoc-crm.org/cidoc-crm/P106_is_composed_of",
                    "rangenode_id": "5dedeef2-993a-11ea-8a93-f875a44e0e11"
                },
                {
                    "description": null,
                    "domainnode_id": "5dedeef9-993a-11ea-bf70-f875a44e0e11",
                    "edgeid": "5deed976-993a-11ea-b088-f875a44e0e11",
                    "graph_id": "5dedc7c0-993a-11ea-bc4e-f875a44e0e11",
                    "name": null,
                    "ontologyproperty": "http://www.cidoc-crm.org/cidoc-crm/P2_has_type",
                    "rangenode_id": "5dedef04-993a-11ea-96c3-f875a44e0e11"
                },
                {
                    "description": null,
                    "domainnode_id": "5dedc7c1-993a-11ea-af2f-f875a44e0e11",
                    "edgeid": "5deed977-993a-11ea-90da-f875a44e0e11",
                    "graph_id": "5dedc7c0-993a-11ea-bc4e-f875a44e0e11",
                    "name": null,
                    "ontologyproperty": "http://www.cidoc-crm.org/cidoc-crm/P106_is_composed_of",
                    "rangenode_id": "5dedef03-993a-11ea-a2f4-f875a44e0e11"
                },
                {
                    "description": null,
                    "domainnode_id": "5dedeeff-993a-11ea-b885-f875a44e0e11",
                    "edgeid": "5deed978-993a-11ea-a9c7-f875a44e0e11",
                    "graph_id": "5dedc7c0-993a-11ea-bc4e-f875a44e0e11",
                    "name": null,
                    "ontologyproperty": "http://www.cidoc-crm.org/cidoc-crm/P2_has_type",
                    "rangenode_id": "5dedc7c7-993a-11ea-a32f-f875a44e0e11"
                },
                {
                    "description": null,
                    "domainnode_id": "5dedc7c4-993a-11ea-beb4-f875a44e0e11",
                    "edgeid": "5deed979-993a-11ea-8412-f875a44e0e11",
                    "graph_id": "5dedc7c0-993a-11ea-bc4e-f875a44e0e11",
                    "name": null,
                    "ontologyproperty": "http://www.cidoc-crm.org/cidoc-crm/P2_has_type",
                    "rangenode_id": "5dedc7c8-993a-11ea-9542-f875a44e0e11"
                },
                {
                    "description": null,
                    "domainnode_id": "5dedc7d4-993a-11ea-b694-f875a44e0e11",
                    "edgeid": "5deed97a-993a-11ea-80c4-f875a44e0e11",
                    "graph_id": "5dedc7c0-993a-11ea-bc4e-f875a44e0e11",
                    "name": null,
                    "ontologyproperty": "http://www.cidoc-crm.org/cidoc-crm/P2_has_type",
                    "rangenode_id": "5dedc7c9-993a-11ea-b3fc-f875a44e0e11"
                },
                {
                    "description": null,
                    "domainnode_id": "5dedef04-993a-11ea-96c3-f875a44e0e11",
                    "edgeid": "5deed97b-993a-11ea-95c5-f875a44e0e11",
                    "graph_id": "5dedc7c0-993a-11ea-bc4e-f875a44e0e11",
                    "name": null,
                    "ontologyproperty": "http://www.cidoc-crm.org/cidoc-crm/P2_has_type",
                    "rangenode_id": "5dedc7ca-993a-11ea-a93d-f875a44e0e11"
                },
                {
                    "description": null,
                    "domainnode_id": "5dedc7d1-993a-11ea-bf72-f875a44e0e11",
                    "edgeid": "5deed97c-993a-11ea-81f8-f875a44e0e11",
                    "graph_id": "5dedc7c0-993a-11ea-bc4e-f875a44e0e11",
                    "name": null,
                    "ontologyproperty": "http://www.cidoc-crm.org/cidoc-crm/P2_has_type",
                    "rangenode_id": "5dedeef7-993a-11ea-9ad8-f875a44e0e11"
                },
                {
                    "description": null,
                    "domainnode_id": "5dedeef0-993a-11ea-9b73-f875a44e0e11",
                    "edgeid": "5deed952-993a-11ea-9e05-f875a44e0e11",
                    "graph_id": "5dedc7c0-993a-11ea-bc4e-f875a44e0e11",
                    "name": null,
                    "ontologyproperty": "http://www.cidoc-crm.org/cidoc-crm/P3_has_note",
                    "rangenode_id": "5dedc7c6-993a-11ea-bc6f-f875a44e0e11"
                },
                {
                    "description": null,
                    "domainnode_id": "5dedeef5-993a-11ea-9f6f-f875a44e0e11",
                    "edgeid": "5deed954-993a-11ea-8f10-f875a44e0e11",
                    "graph_id": "5dedc7c0-993a-11ea-bc4e-f875a44e0e11",
                    "name": null,
                    "ontologyproperty": "http://www.cidoc-crm.org/cidoc-crm/P2_has_type",
                    "rangenode_id": "5dedeef4-993a-11ea-bf54-f875a44e0e11"
                },
                {
                    "description": null,
                    "domainnode_id": "5dedc7c1-993a-11ea-af2f-f875a44e0e11",
                    "edgeid": "5deed972-993a-11ea-a26e-f875a44e0e11",
                    "graph_id": "5dedc7c0-993a-11ea-bc4e-f875a44e0e11",
                    "name": null,
                    "ontologyproperty": "http://www.cidoc-crm.org/cidoc-crm/P106_is_composed_of",
                    "rangenode_id": "5dedeef9-993a-11ea-bf70-f875a44e0e11"
                },
                {
                    "description": null,
                    "domainnode_id": "5dedef03-993a-11ea-a2f4-f875a44e0e11",
                    "edgeid": "5deed973-993a-11ea-a2aa-f875a44e0e11",
                    "graph_id": "5dedc7c0-993a-11ea-bc4e-f875a44e0e11",
                    "name": null,
                    "ontologyproperty": "http://www.cidoc-crm.org/cidoc-crm/P3_has_note",
                    "rangenode_id": "5dedc7d3-993a-11ea-954f-f875a44e0e11"
                },
                {
                    "description": null,
                    "domainnode_id": "5dedc7c1-993a-11ea-af2f-f875a44e0e11",
                    "edgeid": "5deed974-993a-11ea-bf22-f875a44e0e11",
                    "graph_id": "5dedc7c0-993a-11ea-bc4e-f875a44e0e11",
                    "name": null,
                    "ontologyproperty": "http://www.cidoc-crm.org/cidoc-crm/P106_is_composed_of",
                    "rangenode_id": "5dedc7d6-993a-11ea-8045-f875a44e0e11"
                },
                {
                    "description": null,
                    "domainnode_id": "5dedc7cb-993a-11ea-9075-f875a44e0e11",
                    "edgeid": "5deed975-993a-11ea-add2-f875a44e0e11",
                    "graph_id": "5dedc7c0-993a-11ea-bc4e-f875a44e0e11",
                    "name": null,
                    "ontologyproperty": "http://www.cidoc-crm.org/cidoc-crm/P2_has_type",
                    "rangenode_id": "5dedc7cd-993a-11ea-b685-f875a44e0e11"
                },
                {
                    "description": null,
                    "domainnode_id": "5dedeef1-993a-11ea-85f6-f875a44e0e11",
                    "edgeid": "5deed95a-993a-11ea-a10b-f875a44e0e11",
                    "graph_id": "5dedc7c0-993a-11ea-bc4e-f875a44e0e11",
                    "name": null,
                    "ontologyproperty": "http://www.cidoc-crm.org/cidoc-crm/P3_has_note",
                    "rangenode_id": "5dedeef3-993a-11ea-9f13-f875a44e0e11"
                },
                {
                    "description": null,
                    "domainnode_id": "5dedeef2-993a-11ea-8a93-f875a44e0e11",
                    "edgeid": "5deed95b-993a-11ea-ab21-f875a44e0e11",
                    "graph_id": "5dedc7c0-993a-11ea-bc4e-f875a44e0e11",
                    "name": null,
                    "ontologyproperty": "http://www.cidoc-crm.org/cidoc-crm/P3_has_note",
                    "rangenode_id": "5dedc7c5-993a-11ea-ae0d-f875a44e0e11"
                },
                {
                    "description": null,
                    "domainnode_id": "5dedc7c1-993a-11ea-af2f-f875a44e0e11",
                    "edgeid": "5deed95c-993a-11ea-a32d-f875a44e0e11",
                    "graph_id": "5dedc7c0-993a-11ea-bc4e-f875a44e0e11",
                    "name": null,
                    "ontologyproperty": "http://www.cidoc-crm.org/cidoc-crm/P2_has_type",
                    "rangenode_id": "5dedef01-993a-11ea-8736-f875a44e0e11"
                },
                {
                    "description": null,
                    "domainnode_id": "5dedc7cc-993a-11ea-9e7f-f875a44e0e11",
                    "edgeid": "5deed95d-993a-11ea-819f-f875a44e0e11",
                    "graph_id": "5dedc7c0-993a-11ea-bc4e-f875a44e0e11",
                    "name": null,
                    "ontologyproperty": "http://www.cidoc-crm.org/cidoc-crm/P2_has_type",
                    "rangenode_id": "5dedeefc-993a-11ea-ac5a-f875a44e0e11"
                },
                {
                    "description": null,
                    "domainnode_id": "5dedc7c1-993a-11ea-af2f-f875a44e0e11",
                    "edgeid": "5deed95e-993a-11ea-8975-f875a44e0e11",
                    "graph_id": "5dedc7c0-993a-11ea-bc4e-f875a44e0e11",
                    "name": null,
                    "ontologyproperty": "http://www.cidoc-crm.org/cidoc-crm/P106_is_composed_of",
                    "rangenode_id": "5dedeefd-993a-11ea-95c6-f875a44e0e11"
                },
                {
                    "description": null,
                    "domainnode_id": "5dedeefd-993a-11ea-95c6-f875a44e0e11",
                    "edgeid": "5deed95f-993a-11ea-81f3-f875a44e0e11",
                    "graph_id": "5dedc7c0-993a-11ea-bc4e-f875a44e0e11",
                    "name": null,
                    "ontologyproperty": "http://www.cidoc-crm.org/cidoc-crm/P3_has_note",
                    "rangenode_id": "5dedeefe-993a-11ea-b05d-f875a44e0e11"
                },
                {
                    "description": null,
                    "domainnode_id": "5dedeefd-993a-11ea-95c6-f875a44e0e11",
                    "edgeid": "5deed960-993a-11ea-bcf3-f875a44e0e11",
                    "graph_id": "5dedc7c0-993a-11ea-bc4e-f875a44e0e11",
                    "name": null,
                    "ontologyproperty": "http://www.cidoc-crm.org/cidoc-crm/P2_has_type",
                    "rangenode_id": "5dedc7cb-993a-11ea-9075-f875a44e0e11"
                },
                {
                    "description": null,
                    "domainnode_id": "5dedeef1-993a-11ea-85f6-f875a44e0e11",
                    "edgeid": "5deed961-993a-11ea-a94f-f875a44e0e11",
                    "graph_id": "5dedc7c0-993a-11ea-bc4e-f875a44e0e11",
                    "name": null,
                    "ontologyproperty": "http://www.cidoc-crm.org/cidoc-crm/P2_has_type",
                    "rangenode_id": "5dedc7d2-993a-11ea-a090-f875a44e0e11"
                },
                {
                    "description": null,
                    "domainnode_id": "5dedc7c1-993a-11ea-af2f-f875a44e0e11",
                    "edgeid": "5deed962-993a-11ea-9c10-f875a44e0e11",
                    "graph_id": "5dedc7c0-993a-11ea-bc4e-f875a44e0e11",
                    "name": null,
                    "ontologyproperty": "http://www.cidoc-crm.org/cidoc-crm/P2_has_type",
                    "rangenode_id": "5dedef02-993a-11ea-8419-f875a44e0e11"
                },
                {
                    "description": null,
                    "domainnode_id": "5dedc7c1-993a-11ea-af2f-f875a44e0e11",
                    "edgeid": "5deed963-993a-11ea-898c-f875a44e0e11",
                    "graph_id": "5dedc7c0-993a-11ea-bc4e-f875a44e0e11",
                    "name": null,
                    "ontologyproperty": "http://www.cidoc-crm.org/cidoc-crm/P106_is_composed_of",
                    "rangenode_id": "5dedeef1-993a-11ea-85f6-f875a44e0e11"
                },
                {
                    "description": null,
                    "domainnode_id": "5dedef03-993a-11ea-a2f4-f875a44e0e11",
                    "edgeid": "5deed964-993a-11ea-83f7-f875a44e0e11",
                    "graph_id": "5dedc7c0-993a-11ea-bc4e-f875a44e0e11",
                    "name": null,
                    "ontologyproperty": "http://www.cidoc-crm.org/cidoc-crm/P2_has_type",
                    "rangenode_id": "5dedc7c4-993a-11ea-beb4-f875a44e0e11"
                },
                {
                    "description": null,
                    "domainnode_id": "5dedeef9-993a-11ea-bf70-f875a44e0e11",
                    "edgeid": "5deed965-993a-11ea-8b60-f875a44e0e11",
                    "graph_id": "5dedc7c0-993a-11ea-bc4e-f875a44e0e11",
                    "name": null,
                    "ontologyproperty": "http://www.cidoc-crm.org/cidoc-crm/P3_has_note",
                    "rangenode_id": "5dedef05-993a-11ea-a9ce-f875a44e0e11"
                },
                {
                    "description": null,
                    "domainnode_id": "5dedc7d6-993a-11ea-8045-f875a44e0e11",
                    "edgeid": "5deed966-993a-11ea-9e06-f875a44e0e11",
                    "graph_id": "5dedc7c0-993a-11ea-bc4e-f875a44e0e11",
                    "name": null,
                    "ontologyproperty": "http://www.cidoc-crm.org/cidoc-crm/P3_has_note",
                    "rangenode_id": "5dedc7ce-993a-11ea-9e56-f875a44e0e11"
                },
                {
                    "description": null,
                    "domainnode_id": "5dedc7c1-993a-11ea-af2f-f875a44e0e11",
                    "edgeid": "5deed967-993a-11ea-a105-f875a44e0e11",
                    "graph_id": "5dedc7c0-993a-11ea-bc4e-f875a44e0e11",
                    "name": null,
                    "ontologyproperty": "http://www.cidoc-crm.org/cidoc-crm/P2_has_type",
                    "rangenode_id": "5dedeeff-993a-11ea-b885-f875a44e0e11"
                },
                {
                    "description": null,
                    "domainnode_id": "5dedef06-993a-11ea-80ef-f875a44e0e11",
                    "edgeid": "5deed968-993a-11ea-a145-f875a44e0e11",
                    "graph_id": "5dedc7c0-993a-11ea-bc4e-f875a44e0e11",
                    "name": null,
                    "ontologyproperty": "http://www.cidoc-crm.org/cidoc-crm/P3_has_note",
                    "rangenode_id": "5dedc7d0-993a-11ea-86a7-f875a44e0e11"
                },
                {
                    "description": null,
                    "domainnode_id": "5dedef06-993a-11ea-80ef-f875a44e0e11",
                    "edgeid": "5deed969-993a-11ea-90a6-f875a44e0e11",
                    "graph_id": "5dedc7c0-993a-11ea-bc4e-f875a44e0e11",
                    "name": null,
                    "ontologyproperty": "http://www.cidoc-crm.org/cidoc-crm/P2_has_type",
                    "rangenode_id": "5dedc7cf-993a-11ea-9502-f875a44e0e11"
                },
                {
                    "description": null,
                    "domainnode_id": "5dedeef2-993a-11ea-8a93-f875a44e0e11",
                    "edgeid": "5deed96f-993a-11ea-8299-f875a44e0e11",
                    "graph_id": "5dedc7c0-993a-11ea-bc4e-f875a44e0e11",
                    "name": null,
                    "ontologyproperty": "http://www.cidoc-crm.org/cidoc-crm/P2_has_type",
                    "rangenode_id": "5dedc7cc-993a-11ea-9e7f-f875a44e0e11"
                },
                {
                    "description": null,
                    "domainnode_id": "5dedeef0-993a-11ea-9b73-f875a44e0e11",
                    "edgeid": "5deed970-993a-11ea-8a72-f875a44e0e11",
                    "graph_id": "5dedc7c0-993a-11ea-bc4e-f875a44e0e11",
                    "name": null,
                    "ontologyproperty": "http://www.cidoc-crm.org/cidoc-crm/P2_has_type",
                    "rangenode_id": "5dedc7d1-993a-11ea-bf72-f875a44e0e11"
                },
                {
                    "description": null,
                    "domainnode_id": "5dedc7c1-993a-11ea-af2f-f875a44e0e11",
                    "edgeid": "5deed971-993a-11ea-9e48-f875a44e0e11",
                    "graph_id": "5dedc7c0-993a-11ea-bc4e-f875a44e0e11",
                    "name": null,
                    "ontologyproperty": "http://www.cidoc-crm.org/cidoc-crm/P106_is_composed_of",
                    "rangenode_id": "5dedeef0-993a-11ea-9b73-f875a44e0e11"
                }
            ],
            "functions_x_graphs": [],
            "graphid": "5dedc7c0-993a-11ea-bc4e-f875a44e0e11",
            "iconclass": "fa fa-map-marker",
            "is_editable": true,
            "isactive": true,
            "isresource": false,
            "jsonldcontext": null,
            "name": "Addresses",
            "nodegroups": [
                {
                    "cardinality": "n",
                    "legacygroupid": null,
                    "nodegroupid": "5dedc7c1-993a-11ea-af2f-f875a44e0e11",
                    "parentnodegroup_id": null
                }
            ],
            "nodes": [
                {
                    "config": null,
                    "datatype": "string",
                    "description": null,
                    "exportable": false,
                    "fieldname": null,
                    "graph_id": "5dedc7c0-993a-11ea-bc4e-f875a44e0e11",
                    "is_collector": false,
                    "isrequired": false,
                    "issearchable": true,
                    "istopnode": false,
                    "name": "Full Address",
                    "nodegroup_id": "5dedc7c1-993a-11ea-af2f-f875a44e0e11",
                    "nodeid": "5dedeef6-993a-11ea-8c20-f875a44e0e11",
                    "ontologyclass": "http://www.w3.org/2000/01/rdf-schema#Literal",
                    "parentproperty": "http://www.cidoc-crm.org/cidoc-crm/P3_has_note",
                    "sortorder": 0
                },
                {
                    "config": {
                        "rdmCollection": "02458080-9b7a-4a02-b298-f7ea61f60dbb"
                    },
                    "datatype": "concept",
                    "description": null,
                    "exportable": false,
                    "fieldname": null,
                    "graph_id": "5dedc7c0-993a-11ea-bc4e-f875a44e0e11",
                    "is_collector": false,
                    "isrequired": false,
                    "issearchable": true,
                    "istopnode": false,
                    "name": "Locality Type",
                    "nodegroup_id": "5dedc7c1-993a-11ea-af2f-f875a44e0e11",
                    "nodeid": "5dedc7c4-993a-11ea-beb4-f875a44e0e11",
                    "ontologyclass": "http://www.cidoc-crm.org/cidoc-crm/E55_Type",
                    "parentproperty": "http://www.cidoc-crm.org/cidoc-crm/P2_has_type",
                    "sortorder": 0
                },
                {
                    "config": {
                        "rdmCollection": "1e63c514-eb9d-48d3-94b5-35e060e5f368"
                    },
                    "datatype": "concept",
                    "description": null,
                    "exportable": false,
                    "fieldname": null,
                    "graph_id": "5dedc7c0-993a-11ea-bc4e-f875a44e0e11",
                    "is_collector": false,
                    "isrequired": false,
                    "issearchable": true,
                    "istopnode": false,
                    "name": "Full Address Metatype",
                    "nodegroup_id": "5dedc7c1-993a-11ea-af2f-f875a44e0e11",
                    "nodeid": "5dedc7c7-993a-11ea-a32f-f875a44e0e11",
                    "ontologyclass": "http://www.cidoc-crm.org/cidoc-crm/E55_Type",
                    "parentproperty": "http://www.cidoc-crm.org/cidoc-crm/P2_has_type",
                    "sortorder": 0
                },
                {
                    "config": {
                        "rdmCollection": "02458080-9b7a-4a02-b298-f7ea61f60dbb"
                    },
                    "datatype": "concept",
                    "description": null,
                    "exportable": false,
                    "fieldname": null,
                    "graph_id": "5dedc7c0-993a-11ea-bc4e-f875a44e0e11",
                    "is_collector": false,
                    "isrequired": false,
                    "issearchable": true,
                    "istopnode": false,
                    "name": "Building Number Type",
                    "nodegroup_id": "5dedc7c1-993a-11ea-af2f-f875a44e0e11",
                    "nodeid": "5dedc7d2-993a-11ea-a090-f875a44e0e11",
                    "ontologyclass": "http://www.cidoc-crm.org/cidoc-crm/E55_Type",
                    "parentproperty": "http://www.cidoc-crm.org/cidoc-crm/P2_has_type",
                    "sortorder": 0
                },
                {
                    "config": {
                        "rdmCollection": "02458080-9b7a-4a02-b298-f7ea61f60dbb"
                    },
                    "datatype": "concept",
                    "description": null,
                    "exportable": false,
                    "fieldname": null,
                    "graph_id": "5dedc7c0-993a-11ea-bc4e-f875a44e0e11",
                    "is_collector": false,
                    "isrequired": false,
                    "issearchable": true,
                    "istopnode": false,
                    "name": "Building Number Sub-Street Type",
                    "nodegroup_id": "5dedc7c1-993a-11ea-af2f-f875a44e0e11",
                    "nodeid": "5dedc7d4-993a-11ea-b694-f875a44e0e11",
                    "ontologyclass": "http://www.cidoc-crm.org/cidoc-crm/E55_Type",
                    "parentproperty": "http://www.cidoc-crm.org/cidoc-crm/P2_has_type",
                    "sortorder": 0
                },
                {
                    "config": null,
                    "datatype": "string",
                    "description": null,
                    "exportable": false,
                    "fieldname": null,
                    "graph_id": "5dedc7c0-993a-11ea-bc4e-f875a44e0e11",
                    "is_collector": false,
                    "isrequired": false,
                    "issearchable": true,
                    "istopnode": false,
                    "name": "Building Number Sub-Street Value",
                    "nodegroup_id": "5dedc7c1-993a-11ea-af2f-f875a44e0e11",
                    "nodeid": "5dedc7ce-993a-11ea-9e56-f875a44e0e11",
                    "ontologyclass": "http://www.w3.org/2000/01/rdf-schema#Literal",
                    "parentproperty": "http://www.cidoc-crm.org/cidoc-crm/P3_has_note",
                    "sortorder": 0
                },
                {
                    "config": null,
                    "datatype": "semantic",
                    "description": null,
                    "exportable": false,
                    "fieldname": null,
                    "graph_id": "5dedc7c0-993a-11ea-bc4e-f875a44e0e11",
                    "is_collector": false,
                    "isrequired": false,
                    "issearchable": true,
                    "istopnode": false,
                    "name": "Town or City",
                    "nodegroup_id": "5dedc7c1-993a-11ea-af2f-f875a44e0e11",
                    "nodeid": "5dedeef9-993a-11ea-bf70-f875a44e0e11",
                    "ontologyclass": "http://www.cidoc-crm.org/cidoc-crm/E41_Appellation",
                    "parentproperty": "http://www.cidoc-crm.org/cidoc-crm/P106_is_composed_of",
                    "sortorder": 0
                },
                {
                    "config": null,
                    "datatype": "string",
                    "description": null,
                    "exportable": false,
                    "fieldname": null,
                    "graph_id": "5dedc7c0-993a-11ea-bc4e-f875a44e0e11",
                    "is_collector": false,
                    "isrequired": false,
                    "issearchable": true,
                    "istopnode": false,
                    "name": "Town or City Value",
                    "nodegroup_id": "5dedc7c1-993a-11ea-af2f-f875a44e0e11",
                    "nodeid": "5dedef05-993a-11ea-a9ce-f875a44e0e11",
                    "ontologyclass": "http://www.w3.org/2000/01/rdf-schema#Literal",
                    "parentproperty": "http://www.cidoc-crm.org/cidoc-crm/P3_has_note",
                    "sortorder": 0
                },
                {
                    "config": null,
                    "datatype": "semantic",
                    "description": null,
                    "exportable": false,
                    "fieldname": null,
                    "graph_id": "5dedc7c0-993a-11ea-bc4e-f875a44e0e11",
                    "is_collector": false,
                    "isrequired": false,
                    "issearchable": true,
                    "istopnode": false,
                    "name": "Postcode",
                    "nodegroup_id": "5dedc7c1-993a-11ea-af2f-f875a44e0e11",
                    "nodeid": "5dedeef0-993a-11ea-9b73-f875a44e0e11",
                    "ontologyclass": "http://www.cidoc-crm.org/cidoc-crm/E41_Appellation",
                    "parentproperty": "http://www.cidoc-crm.org/cidoc-crm/P106_is_composed_of",
                    "sortorder": 0
                },
                {
                    "config": null,
                    "datatype": "string",
                    "description": null,
                    "exportable": false,
                    "fieldname": null,
                    "graph_id": "5dedc7c0-993a-11ea-bc4e-f875a44e0e11",
                    "is_collector": false,
                    "isrequired": false,
                    "issearchable": true,
                    "istopnode": false,
                    "name": "Postcode Value",
                    "nodegroup_id": "5dedc7c1-993a-11ea-af2f-f875a44e0e11",
                    "nodeid": "5dedc7c6-993a-11ea-bc6f-f875a44e0e11",
                    "ontologyclass": "http://www.w3.org/2000/01/rdf-schema#Literal",
                    "parentproperty": "http://www.cidoc-crm.org/cidoc-crm/P3_has_note",
                    "sortorder": 0
                },
                {
                    "config": null,
                    "datatype": "semantic",
                    "description": null,
                    "exportable": false,
                    "fieldname": null,
                    "graph_id": "5dedc7c0-993a-11ea-bc4e-f875a44e0e11",
                    "is_collector": false,
                    "isrequired": false,
                    "issearchable": true,
                    "istopnode": false,
                    "name": "Sub-Street ",
                    "nodegroup_id": "5dedc7c1-993a-11ea-af2f-f875a44e0e11",
                    "nodeid": "5dedeef2-993a-11ea-8a93-f875a44e0e11",
                    "ontologyclass": "http://www.cidoc-crm.org/cidoc-crm/E41_Appellation",
                    "parentproperty": "http://www.cidoc-crm.org/cidoc-crm/P106_is_composed_of",
                    "sortorder": 0
                },
                {
                    "config": null,
                    "datatype": "string",
                    "description": null,
                    "exportable": false,
                    "fieldname": null,
                    "graph_id": "5dedc7c0-993a-11ea-bc4e-f875a44e0e11",
                    "is_collector": false,
                    "isrequired": false,
                    "issearchable": true,
                    "istopnode": false,
                    "name": "Sub-Street Value",
                    "nodegroup_id": "5dedc7c1-993a-11ea-af2f-f875a44e0e11",
                    "nodeid": "5dedc7c5-993a-11ea-ae0d-f875a44e0e11",
                    "ontologyclass": "http://www.w3.org/2000/01/rdf-schema#Literal",
                    "parentproperty": "http://www.cidoc-crm.org/cidoc-crm/P3_has_note",
                    "sortorder": 0
                },
                {
                    "config": null,
                    "datatype": "semantic",
                    "description": null,
                    "exportable": false,
                    "fieldname": null,
                    "graph_id": "5dedc7c0-993a-11ea-bc4e-f875a44e0e11",
                    "is_collector": false,
                    "isrequired": false,
                    "issearchable": true,
                    "istopnode": false,
                    "name": "Building Name",
                    "nodegroup_id": "5dedc7c1-993a-11ea-af2f-f875a44e0e11",
                    "nodeid": "5dedef00-993a-11ea-a731-f875a44e0e11",
                    "ontologyclass": "http://www.cidoc-crm.org/cidoc-crm/E41_Appellation",
                    "parentproperty": "http://www.cidoc-crm.org/cidoc-crm/P106_is_composed_of",
                    "sortorder": 0
                },
                {
                    "config": null,
                    "datatype": "string",
                    "description": null,
                    "exportable": false,
                    "fieldname": null,
                    "graph_id": "5dedc7c0-993a-11ea-bc4e-f875a44e0e11",
                    "is_collector": false,
                    "isrequired": false,
                    "issearchable": true,
                    "istopnode": false,
                    "name": "Building Name Value",
                    "nodegroup_id": "5dedc7c1-993a-11ea-af2f-f875a44e0e11",
                    "nodeid": "5dedc7d5-993a-11ea-bbb3-f875a44e0e11",
                    "ontologyclass": "http://www.w3.org/2000/01/rdf-schema#Literal",
                    "parentproperty": "http://www.cidoc-crm.org/cidoc-crm/P3_has_note",
                    "sortorder": 0
                },
                {
                    "config": null,
                    "datatype": "semantic",
                    "description": null,
                    "exportable": false,
                    "fieldname": null,
                    "graph_id": "5dedc7c0-993a-11ea-bc4e-f875a44e0e11",
                    "is_collector": false,
                    "isrequired": false,
                    "issearchable": true,
                    "istopnode": false,
                    "name": "Building Number",
                    "nodegroup_id": "5dedc7c1-993a-11ea-af2f-f875a44e0e11",
                    "nodeid": "5dedeef1-993a-11ea-85f6-f875a44e0e11",
                    "ontologyclass": "http://www.cidoc-crm.org/cidoc-crm/E41_Appellation",
                    "parentproperty": "http://www.cidoc-crm.org/cidoc-crm/P106_is_composed_of",
                    "sortorder": 0
                },
                {
                    "config": null,
                    "datatype": "string",
                    "description": null,
                    "exportable": false,
                    "fieldname": null,
                    "graph_id": "5dedc7c0-993a-11ea-bc4e-f875a44e0e11",
                    "is_collector": false,
                    "isrequired": false,
                    "issearchable": true,
                    "istopnode": false,
                    "name": "Building Number Value",
                    "nodegroup_id": "5dedc7c1-993a-11ea-af2f-f875a44e0e11",
                    "nodeid": "5dedeef3-993a-11ea-9f13-f875a44e0e11",
                    "ontologyclass": "http://www.w3.org/2000/01/rdf-schema#Literal",
                    "parentproperty": "http://www.cidoc-crm.org/cidoc-crm/P3_has_note",
                    "sortorder": 0
                },
                {
                    "config": null,
                    "datatype": "semantic",
                    "description": null,
                    "exportable": false,
                    "fieldname": null,
                    "graph_id": "5dedc7c0-993a-11ea-bc4e-f875a44e0e11",
                    "is_collector": false,
                    "isrequired": false,
                    "issearchable": true,
                    "istopnode": false,
                    "name": "Street",
                    "nodegroup_id": "5dedc7c1-993a-11ea-af2f-f875a44e0e11",
                    "nodeid": "5dedef06-993a-11ea-80ef-f875a44e0e11",
                    "ontologyclass": "http://www.cidoc-crm.org/cidoc-crm/E41_Appellation",
                    "parentproperty": "http://www.cidoc-crm.org/cidoc-crm/P106_is_composed_of",
                    "sortorder": 0
                },
                {
                    "config": null,
                    "datatype": "string",
                    "description": null,
                    "exportable": false,
                    "fieldname": null,
                    "graph_id": "5dedc7c0-993a-11ea-bc4e-f875a44e0e11",
                    "is_collector": false,
                    "isrequired": false,
                    "issearchable": true,
                    "istopnode": false,
                    "name": "Street Value",
                    "nodegroup_id": "5dedc7c1-993a-11ea-af2f-f875a44e0e11",
                    "nodeid": "5dedc7d0-993a-11ea-86a7-f875a44e0e11",
                    "ontologyclass": "http://www.w3.org/2000/01/rdf-schema#Literal",
                    "parentproperty": "http://www.cidoc-crm.org/cidoc-crm/P3_has_note",
                    "sortorder": 0
                },
                {
                    "config": {
                        "rdmCollection": "1e63c514-eb9d-48d3-94b5-35e060e5f368"
                    },
                    "datatype": "concept",
                    "description": null,
                    "exportable": false,
                    "fieldname": null,
                    "graph_id": "5dedc7c0-993a-11ea-bc4e-f875a44e0e11",
                    "is_collector": false,
                    "isrequired": false,
                    "issearchable": true,
                    "istopnode": false,
                    "name": "Locality Metatype",
                    "nodegroup_id": "5dedc7c1-993a-11ea-af2f-f875a44e0e11",
                    "nodeid": "5dedc7c8-993a-11ea-9542-f875a44e0e11",
                    "ontologyclass": "http://www.cidoc-crm.org/cidoc-crm/E55_Type",
                    "parentproperty": "http://www.cidoc-crm.org/cidoc-crm/P2_has_type",
                    "sortorder": 0
                },
                {
                    "config": {
                        "rdmCollection": "1e63c514-eb9d-48d3-94b5-35e060e5f368"
                    },
                    "datatype": "concept",
                    "description": null,
                    "exportable": false,
                    "fieldname": null,
                    "graph_id": "5dedc7c0-993a-11ea-bc4e-f875a44e0e11",
                    "is_collector": false,
                    "isrequired": false,
                    "issearchable": true,
                    "istopnode": false,
                    "name": "Building Number Sub-Street Metatype",
                    "nodegroup_id": "5dedc7c1-993a-11ea-af2f-f875a44e0e11",
                    "nodeid": "5dedc7c9-993a-11ea-b3fc-f875a44e0e11",
                    "ontologyclass": "http://www.cidoc-crm.org/cidoc-crm/E55_Type",
                    "parentproperty": "http://www.cidoc-crm.org/cidoc-crm/P2_has_type",
                    "sortorder": 0
                },
                {
                    "config": {
                        "rdmCollection": "1e63c514-eb9d-48d3-94b5-35e060e5f368"
                    },
                    "datatype": "concept",
                    "description": null,
                    "exportable": false,
                    "fieldname": null,
                    "graph_id": "5dedc7c0-993a-11ea-bc4e-f875a44e0e11",
                    "is_collector": false,
                    "isrequired": false,
                    "issearchable": true,
                    "istopnode": false,
                    "name": "Town or City Metatype",
                    "nodegroup_id": "5dedc7c1-993a-11ea-af2f-f875a44e0e11",
                    "nodeid": "5dedc7ca-993a-11ea-a93d-f875a44e0e11",
                    "ontologyclass": "http://www.cidoc-crm.org/cidoc-crm/E55_Type",
                    "parentproperty": "http://www.cidoc-crm.org/cidoc-crm/P2_has_type",
                    "sortorder": 0
                },
                {
                    "config": {
                        "rdmCollection": "02458080-9b7a-4a02-b298-f7ea61f60dbb"
                    },
                    "datatype": "concept",
                    "description": null,
                    "exportable": false,
                    "fieldname": null,
                    "graph_id": "5dedc7c0-993a-11ea-bc4e-f875a44e0e11",
                    "is_collector": false,
                    "isrequired": false,
                    "issearchable": true,
                    "istopnode": false,
                    "name": "County Type",
                    "nodegroup_id": "5dedc7c1-993a-11ea-af2f-f875a44e0e11",
                    "nodeid": "5dedc7cb-993a-11ea-9075-f875a44e0e11",
                    "ontologyclass": "http://www.cidoc-crm.org/cidoc-crm/E55_Type",
                    "parentproperty": "http://www.cidoc-crm.org/cidoc-crm/P2_has_type",
                    "sortorder": 0
                },
                {
                    "config": {
                        "rdmCollection": "02458080-9b7a-4a02-b298-f7ea61f60dbb"
                    },
                    "datatype": "concept",
                    "description": null,
                    "exportable": false,
                    "fieldname": null,
                    "graph_id": "5dedc7c0-993a-11ea-bc4e-f875a44e0e11",
                    "is_collector": false,
                    "isrequired": false,
                    "issearchable": true,
                    "istopnode": false,
                    "name": "Sub-Street Type",
                    "nodegroup_id": "5dedc7c1-993a-11ea-af2f-f875a44e0e11",
                    "nodeid": "5dedc7cc-993a-11ea-9e7f-f875a44e0e11",
                    "ontologyclass": "http://www.cidoc-crm.org/cidoc-crm/E55_Type",
                    "parentproperty": "http://www.cidoc-crm.org/cidoc-crm/P2_has_type",
                    "sortorder": 0
                },
                {
                    "config": {
                        "rdmCollection": "1e63c514-eb9d-48d3-94b5-35e060e5f368"
                    },
                    "datatype": "concept",
                    "description": null,
                    "exportable": false,
                    "fieldname": null,
                    "graph_id": "5dedc7c0-993a-11ea-bc4e-f875a44e0e11",
                    "is_collector": false,
                    "isrequired": false,
                    "issearchable": true,
                    "istopnode": false,
                    "name": "County Metatype",
                    "nodegroup_id": "5dedc7c1-993a-11ea-af2f-f875a44e0e11",
                    "nodeid": "5dedc7cd-993a-11ea-b685-f875a44e0e11",
                    "ontologyclass": "http://www.cidoc-crm.org/cidoc-crm/E55_Type",
                    "parentproperty": "http://www.cidoc-crm.org/cidoc-crm/P2_has_type",
                    "sortorder": 0
                },
                {
                    "config": {
                        "rdmCollection": "1e63c514-eb9d-48d3-94b5-35e060e5f368"
                    },
                    "datatype": "concept",
                    "description": null,
                    "exportable": false,
                    "fieldname": null,
                    "graph_id": "5dedc7c0-993a-11ea-bc4e-f875a44e0e11",
                    "is_collector": false,
                    "isrequired": false,
                    "issearchable": true,
                    "istopnode": false,
                    "name": "Building Name Metatype",
                    "nodegroup_id": "5dedc7c1-993a-11ea-af2f-f875a44e0e11",
                    "nodeid": "5dedeef4-993a-11ea-bf54-f875a44e0e11",
                    "ontologyclass": "http://www.cidoc-crm.org/cidoc-crm/E55_Type",
                    "parentproperty": "http://www.cidoc-crm.org/cidoc-crm/P2_has_type",
                    "sortorder": 0
                },
                {
                    "config": {
                        "rdmCollection": "02458080-9b7a-4a02-b298-f7ea61f60dbb"
                    },
                    "datatype": "concept",
                    "description": null,
                    "exportable": false,
                    "fieldname": null,
                    "graph_id": "5dedc7c0-993a-11ea-bc4e-f875a44e0e11",
                    "is_collector": false,
                    "isrequired": false,
                    "issearchable": true,
                    "istopnode": false,
                    "name": "Building Name Type",
                    "nodegroup_id": "5dedc7c1-993a-11ea-af2f-f875a44e0e11",
                    "nodeid": "5dedeef5-993a-11ea-9f6f-f875a44e0e11",
                    "ontologyclass": "http://www.cidoc-crm.org/cidoc-crm/E55_Type",
                    "parentproperty": "http://www.cidoc-crm.org/cidoc-crm/P2_has_type",
                    "sortorder": 0
                },
                {
                    "config": {
                        "rdmCollection": "1e63c514-eb9d-48d3-94b5-35e060e5f368"
                    },
                    "datatype": "concept",
                    "description": null,
                    "exportable": false,
                    "fieldname": null,
                    "graph_id": "5dedc7c0-993a-11ea-bc4e-f875a44e0e11",
                    "is_collector": false,
                    "isrequired": false,
                    "issearchable": true,
                    "istopnode": false,
                    "name": "Postcode Metatype",
                    "nodegroup_id": "5dedc7c1-993a-11ea-af2f-f875a44e0e11",
                    "nodeid": "5dedeef7-993a-11ea-9ad8-f875a44e0e11",
                    "ontologyclass": "http://www.cidoc-crm.org/cidoc-crm/E55_Type",
                    "parentproperty": "http://www.cidoc-crm.org/cidoc-crm/P2_has_type",
                    "sortorder": 0
                },
                {
                    "config": {
                        "rdmCollection": "1e63c514-eb9d-48d3-94b5-35e060e5f368"
                    },
                    "datatype": "concept",
                    "description": null,
                    "exportable": false,
                    "fieldname": null,
                    "graph_id": "5dedc7c0-993a-11ea-bc4e-f875a44e0e11",
                    "is_collector": false,
                    "isrequired": false,
                    "issearchable": true,
                    "istopnode": false,
                    "name": "Address Currency Metatype",
                    "nodegroup_id": "5dedc7c1-993a-11ea-af2f-f875a44e0e11",
                    "nodeid": "5dedeef8-993a-11ea-83d7-f875a44e0e11",
                    "ontologyclass": "http://www.cidoc-crm.org/cidoc-crm/E55_Type",
                    "parentproperty": "http://www.cidoc-crm.org/cidoc-crm/P2_has_type",
                    "sortorder": 0
                },
                {
                    "config": {
                        "rdmCollection": "1e63c514-eb9d-48d3-94b5-35e060e5f368"
                    },
                    "datatype": "concept",
                    "description": null,
                    "exportable": false,
                    "fieldname": null,
                    "graph_id": "5dedc7c0-993a-11ea-bc4e-f875a44e0e11",
                    "is_collector": false,
                    "isrequired": false,
                    "issearchable": true,
                    "istopnode": false,
                    "name": "Address Status Metatype",
                    "nodegroup_id": "5dedc7c1-993a-11ea-af2f-f875a44e0e11",
                    "nodeid": "5dedeefa-993a-11ea-9ff2-f875a44e0e11",
                    "ontologyclass": "http://www.cidoc-crm.org/cidoc-crm/E55_Type",
                    "parentproperty": "http://www.cidoc-crm.org/cidoc-crm/P2_has_type",
                    "sortorder": 0
                },
                {
                    "config": {
                        "rdmCollection": "1e63c514-eb9d-48d3-94b5-35e060e5f368"
                    },
                    "datatype": "concept",
                    "description": null,
                    "exportable": false,
                    "fieldname": null,
                    "graph_id": "5dedc7c0-993a-11ea-bc4e-f875a44e0e11",
                    "is_collector": false,
                    "isrequired": false,
                    "issearchable": true,
                    "istopnode": false,
                    "name": "Building Number Metatype",
                    "nodegroup_id": "5dedc7c1-993a-11ea-af2f-f875a44e0e11",
                    "nodeid": "5dedeefb-993a-11ea-8e95-f875a44e0e11",
                    "ontologyclass": "http://www.cidoc-crm.org/cidoc-crm/E55_Type",
                    "parentproperty": "http://www.cidoc-crm.org/cidoc-crm/P2_has_type",
                    "sortorder": 0
                },
                {
                    "config": {
                        "rdmCollection": "1e63c514-eb9d-48d3-94b5-35e060e5f368"
                    },
                    "datatype": "concept",
                    "description": null,
                    "exportable": false,
                    "fieldname": null,
                    "graph_id": "5dedc7c0-993a-11ea-bc4e-f875a44e0e11",
                    "is_collector": false,
                    "isrequired": false,
                    "issearchable": true,
                    "istopnode": false,
                    "name": "Sub-Street Metatype",
                    "nodegroup_id": "5dedc7c1-993a-11ea-af2f-f875a44e0e11",
                    "nodeid": "5dedeefc-993a-11ea-ac5a-f875a44e0e11",
                    "ontologyclass": "http://www.cidoc-crm.org/cidoc-crm/E55_Type",
                    "parentproperty": "http://www.cidoc-crm.org/cidoc-crm/P2_has_type",
                    "sortorder": 0
                },
                {
                    "config": null,
                    "datatype": "semantic",
                    "description": null,
                    "exportable": false,
                    "fieldname": null,
                    "graph_id": "5dedc7c0-993a-11ea-bc4e-f875a44e0e11",
                    "is_collector": false,
                    "isrequired": false,
                    "issearchable": true,
                    "istopnode": false,
                    "name": "County",
                    "nodegroup_id": "5dedc7c1-993a-11ea-af2f-f875a44e0e11",
                    "nodeid": "5dedeefd-993a-11ea-95c6-f875a44e0e11",
                    "ontologyclass": "http://www.cidoc-crm.org/cidoc-crm/E41_Appellation",
                    "parentproperty": "http://www.cidoc-crm.org/cidoc-crm/P106_is_composed_of",
                    "sortorder": 0
                },
                {
                    "config": {
                        "rdmCollection": "02458080-9b7a-4a02-b298-f7ea61f60dbb"
                    },
                    "datatype": "concept",
                    "description": null,
                    "exportable": false,
                    "fieldname": null,
                    "graph_id": "5dedc7c0-993a-11ea-bc4e-f875a44e0e11",
                    "is_collector": false,
                    "isrequired": false,
                    "issearchable": true,
                    "istopnode": false,
                    "name": "Full Address Type",
                    "nodegroup_id": "5dedc7c1-993a-11ea-af2f-f875a44e0e11",
                    "nodeid": "5dedeeff-993a-11ea-b885-f875a44e0e11",
                    "ontologyclass": "http://www.cidoc-crm.org/cidoc-crm/E55_Type",
                    "parentproperty": "http://www.cidoc-crm.org/cidoc-crm/P2_has_type",
                    "sortorder": 0
                },
                {
                    "config": {
                        "rdmCollection": "46d6c3b3-fa78-48c0-8668-28362a608c70"
                    },
                    "datatype": "concept",
                    "description": null,
                    "exportable": false,
                    "fieldname": null,
                    "graph_id": "5dedc7c0-993a-11ea-bc4e-f875a44e0e11",
                    "is_collector": false,
                    "isrequired": false,
                    "issearchable": true,
                    "istopnode": false,
                    "name": "Address Status",
                    "nodegroup_id": "5dedc7c1-993a-11ea-af2f-f875a44e0e11",
                    "nodeid": "5dedef01-993a-11ea-8736-f875a44e0e11",
                    "ontologyclass": "http://www.cidoc-crm.org/cidoc-crm/E55_Type",
                    "parentproperty": "http://www.cidoc-crm.org/cidoc-crm/P2_has_type",
                    "sortorder": 0
                },
                {
                    "config": {
                        "rdmCollection": "a346ee99-67f6-44cd-87f7-b564ce32cdf3"
                    },
                    "datatype": "concept",
                    "description": null,
                    "exportable": false,
                    "fieldname": null,
                    "graph_id": "5dedc7c0-993a-11ea-bc4e-f875a44e0e11",
                    "is_collector": false,
                    "isrequired": false,
                    "issearchable": true,
                    "istopnode": false,
                    "name": "Address Currency",
                    "nodegroup_id": "5dedc7c1-993a-11ea-af2f-f875a44e0e11",
                    "nodeid": "5dedef02-993a-11ea-8419-f875a44e0e11",
                    "ontologyclass": "http://www.cidoc-crm.org/cidoc-crm/E55_Type",
                    "parentproperty": "http://www.cidoc-crm.org/cidoc-crm/P2_has_type",
                    "sortorder": 0
                },
                {
                    "config": {
                        "rdmCollection": "02458080-9b7a-4a02-b298-f7ea61f60dbb"
                    },
                    "datatype": "concept",
                    "description": null,
                    "exportable": false,
                    "fieldname": null,
                    "graph_id": "5dedc7c0-993a-11ea-bc4e-f875a44e0e11",
                    "is_collector": false,
                    "isrequired": false,
                    "issearchable": true,
                    "istopnode": false,
                    "name": "Town or City Type",
                    "nodegroup_id": "5dedc7c1-993a-11ea-af2f-f875a44e0e11",
                    "nodeid": "5dedef04-993a-11ea-96c3-f875a44e0e11",
                    "ontologyclass": "http://www.cidoc-crm.org/cidoc-crm/E55_Type",
                    "parentproperty": "http://www.cidoc-crm.org/cidoc-crm/P2_has_type",
                    "sortorder": 0
                },
                {
                    "config": {
                        "rdmCollection": "1e63c514-eb9d-48d3-94b5-35e060e5f368"
                    },
                    "datatype": "concept",
                    "description": null,
                    "exportable": false,
                    "fieldname": null,
                    "graph_id": "5dedc7c0-993a-11ea-bc4e-f875a44e0e11",
                    "is_collector": false,
                    "isrequired": false,
                    "issearchable": true,
                    "istopnode": false,
                    "name": "Street Metatype",
                    "nodegroup_id": "5dedc7c1-993a-11ea-af2f-f875a44e0e11",
                    "nodeid": "5dedef07-993a-11ea-8542-f875a44e0e11",
                    "ontologyclass": "http://www.cidoc-crm.org/cidoc-crm/E55_Type",
                    "parentproperty": "http://www.cidoc-crm.org/cidoc-crm/P2_has_type",
                    "sortorder": 0
                },
                {
                    "config": {
                        "rdmCollection": "02458080-9b7a-4a02-b298-f7ea61f60dbb"
                    },
                    "datatype": "concept",
                    "description": null,
                    "exportable": false,
                    "fieldname": null,
                    "graph_id": "5dedc7c0-993a-11ea-bc4e-f875a44e0e11",
                    "is_collector": false,
                    "isrequired": false,
                    "issearchable": true,
                    "istopnode": false,
                    "name": "Street Type",
                    "nodegroup_id": "5dedc7c1-993a-11ea-af2f-f875a44e0e11",
                    "nodeid": "5dedc7cf-993a-11ea-9502-f875a44e0e11",
                    "ontologyclass": "http://www.cidoc-crm.org/cidoc-crm/E55_Type",
                    "parentproperty": "http://www.cidoc-crm.org/cidoc-crm/P2_has_type",
                    "sortorder": 0
                },
                {
                    "config": {
                        "rdmCollection": "02458080-9b7a-4a02-b298-f7ea61f60dbb"
                    },
                    "datatype": "concept",
                    "description": null,
                    "exportable": false,
                    "fieldname": null,
                    "graph_id": "5dedc7c0-993a-11ea-bc4e-f875a44e0e11",
                    "is_collector": false,
                    "isrequired": false,
                    "issearchable": true,
                    "istopnode": false,
                    "name": "Postcode Type",
                    "nodegroup_id": "5dedc7c1-993a-11ea-af2f-f875a44e0e11",
                    "nodeid": "5dedc7d1-993a-11ea-bf72-f875a44e0e11",
                    "ontologyclass": "http://www.cidoc-crm.org/cidoc-crm/E55_Type",
                    "parentproperty": "http://www.cidoc-crm.org/cidoc-crm/P2_has_type",
                    "sortorder": 0
                },
                {
                    "config": null,
                    "datatype": "semantic",
                    "description": null,
                    "exportable": false,
                    "fieldname": null,
                    "graph_id": "5dedc7c0-993a-11ea-bc4e-f875a44e0e11",
                    "is_collector": false,
                    "isrequired": false,
                    "issearchable": true,
                    "istopnode": false,
                    "name": "Locality",
                    "nodegroup_id": "5dedc7c1-993a-11ea-af2f-f875a44e0e11",
                    "nodeid": "5dedef03-993a-11ea-a2f4-f875a44e0e11",
                    "ontologyclass": "http://www.cidoc-crm.org/cidoc-crm/E41_Appellation",
                    "parentproperty": "http://www.cidoc-crm.org/cidoc-crm/P106_is_composed_of",
                    "sortorder": 0
                },
                {
                    "config": null,
                    "datatype": "string",
                    "description": null,
                    "exportable": false,
                    "fieldname": null,
                    "graph_id": "5dedc7c0-993a-11ea-bc4e-f875a44e0e11",
                    "is_collector": false,
                    "isrequired": false,
                    "issearchable": true,
                    "istopnode": false,
                    "name": "Locality Value",
                    "nodegroup_id": "5dedc7c1-993a-11ea-af2f-f875a44e0e11",
                    "nodeid": "5dedc7d3-993a-11ea-954f-f875a44e0e11",
                    "ontologyclass": "http://www.w3.org/2000/01/rdf-schema#Literal",
                    "parentproperty": "http://www.cidoc-crm.org/cidoc-crm/P3_has_note",
                    "sortorder": 0
                },
                {
                    "config": {},
                    "datatype": "semantic",
                    "description": null,
                    "exportable": false,
                    "fieldname": null,
                    "graph_id": "5dedc7c0-993a-11ea-bc4e-f875a44e0e11",
                    "is_collector": true,
                    "isrequired": false,
                    "issearchable": true,
                    "istopnode": true,
                    "name": "Addresses",
                    "nodegroup_id": "5dedc7c1-993a-11ea-af2f-f875a44e0e11",
                    "nodeid": "5dedc7c1-993a-11ea-af2f-f875a44e0e11",
                    "ontologyclass": "http://www.cidoc-crm.org/cidoc-crm/E41_Appellation",
                    "parentproperty": "",
                    "sortorder": 0
                },
                {
                    "config": null,
                    "datatype": "semantic",
                    "description": null,
                    "exportable": false,
                    "fieldname": null,
                    "graph_id": "5dedc7c0-993a-11ea-bc4e-f875a44e0e11",
                    "is_collector": false,
                    "isrequired": false,
                    "issearchable": true,
                    "istopnode": false,
                    "name": "Building Number Sub-Street",
                    "nodegroup_id": "5dedc7c1-993a-11ea-af2f-f875a44e0e11",
                    "nodeid": "5dedc7d6-993a-11ea-8045-f875a44e0e11",
                    "ontologyclass": "http://www.cidoc-crm.org/cidoc-crm/E41_Appellation",
                    "parentproperty": "http://www.cidoc-crm.org/cidoc-crm/P106_is_composed_of",
                    "sortorder": 0
                },
                {
                    "config": null,
                    "datatype": "string",
                    "description": null,
                    "exportable": false,
                    "fieldname": null,
                    "graph_id": "5dedc7c0-993a-11ea-bc4e-f875a44e0e11",
                    "is_collector": false,
                    "isrequired": false,
                    "issearchable": true,
                    "istopnode": false,
                    "name": "County Value",
                    "nodegroup_id": "5dedc7c1-993a-11ea-af2f-f875a44e0e11",
                    "nodeid": "5dedeefe-993a-11ea-b05d-f875a44e0e11",
                    "ontologyclass": "http://www.w3.org/2000/01/rdf-schema#Literal",
                    "parentproperty": "http://www.cidoc-crm.org/cidoc-crm/P3_has_note",
                    "sortorder": 0
                }
            ],
            "ontology_id": "e6e8db47-2ccf-11e6-927e-b8f6b115d7dd",
            "relatable_resource_model_ids": [],
            "resource_2_resource_constraints": [],
            "root": {
                "config": {},
                "datatype": "semantic",
                "description": null,
                "exportable": false,
                "fieldname": null,
                "graph_id": "5dedc7c0-993a-11ea-bc4e-f875a44e0e11",
                "is_collector": true,
                "isrequired": false,
                "issearchable": true,
                "istopnode": true,
                "name": "Addresses",
                "nodegroup_id": "5dedc7c1-993a-11ea-af2f-f875a44e0e11",
                "nodeid": "5dedc7c1-993a-11ea-af2f-f875a44e0e11",
                "ontologyclass": "http://www.cidoc-crm.org/cidoc-crm/E41_Appellation",
                "sortorder": 0
            },
            "slug": null,
            "subtitle": "Used to record the postal address of a resource.",
            "template_id": "50000000-0000-0000-0000-000000000001",
            "version": ""
        }
    ]
}