{
    "graph": [
        {
            "author": " ",
            "cards": [
                {
                    "active": true,
                    "cardid": "37c2a233-5539-11e9-a952-000d3ab1e588",
                    "component_id": "f05e4d3a-53c1-11e8-b0ea-784f435179ea",
                    "config": null,
                    "constraints": [
                        {
                            "card_id": "37c2a233-5539-11e9-a952-000d3ab1e588",
                            "constraintid": "20fcafb6-7ccd-4ae9-944b-a246839b6f78",
                            "nodes": [],
                            "uniquetoallinstances": false
                        }
                    ],
                    "cssclass": null,
                    "description": "",
                    "graph_id": "37c2a230-5539-11e9-89ef-000d3ab1e588",
                    "helpenabled": false,
                    "helptext": null,
                    "helptitle": null,
                    "instructions": "Details of the specific citation relating a source to an Asset",
                    "is_editable": true,
                    "name": "Aerial Photograph Source",
                    "nodegroup_id": "37c2a231-5539-11e9-a01e-000d3ab1e588",
                    "sortorder": null,
                    "visible": true
                }
            ],
            "cards_x_nodes_x_widgets": [
                {
                    "card_id": "37c2a233-5539-11e9-a952-000d3ab1e588",
                    "config": {
                        "label": "Source",
                        "placeholder": "Select the Bibliographic Source from the library. If the source doesn't exist create a new bibliographic source."
                    },
                    "id": "37c2a239-5539-11e9-ae92-000d3ab1e588",
                    "label": "Source",
                    "node_id": "37c2a235-5539-11e9-ac8d-000d3ab1e588",
                    "sortorder": 0,
                    "visible": true,
                    "widget_id": "10000000-0000-0000-0000-000000000005"
                },
                {
                    "card_id": "37c2a233-5539-11e9-a952-000d3ab1e588",
                    "config": {
                        "defaultValue": "",
                        "label": "Film Number",
                        "maxLength": null,
                        "placeholder": "Enter the number of the Film Roll associated with the Aerial Photograph",
                        "width": "100%"
                    },
                    "id": "37c2a23a-5539-11e9-8a2b-000d3ab1e588",
                    "label": "Film Number",
                    "node_id": "37c2a237-5539-11e9-a3d5-000d3ab1e588",
                    "sortorder": 5,
                    "visible": true,
                    "widget_id": "10000000-0000-0000-0000-000000000001"
                },
                {
                    "card_id": "37c2a233-5539-11e9-a952-000d3ab1e588",
                    "config": {
                        "defaultValue": "",
                        "label": "Frame Number",
                        "maxLength": null,
                        "placeholder": "Enter the number of the Frame associated with the Aerial Photograph",
                        "width": "100%"
                    },
                    "id": "37c2a23b-5539-11e9-b53e-000d3ab1e588",
                    "label": "Frame Number",
                    "node_id": "37c2a236-5539-11e9-a8e0-000d3ab1e588",
                    "sortorder": 3,
                    "visible": true,
                    "widget_id": "10000000-0000-0000-0000-000000000001"
                },
                {
                    "card_id": "37c2a233-5539-11e9-a952-000d3ab1e588",
                    "config": {
                        "defaultValue": "",
                        "label": "Source Number",
                        "maxLength": null,
                        "placeholder": "Enter text",
                        "width": "100%"
                    },
                    "id": "37c2a23d-5539-11e9-8cd7-000d3ab1e588",
                    "label": "Source Number",
                    "node_id": "37c2a238-5539-11e9-a640-000d3ab1e588",
                    "sortorder": 1,
                    "visible": true,
                    "widget_id": "10000000-0000-0000-0000-000000000001"
                },
                {
                    "card_id": "37c2a233-5539-11e9-a952-000d3ab1e588",
                    "config": {
                        "label": "Aerial Photograph",
                        "placeholder": null
                    },
                    "id": "f6e91dad-27f4-11eb-af72-f875a44e0e11",
                    "label": "Aerial Photograph",
                    "node_id": "37c2a231-5539-11e9-a01e-000d3ab1e588",
                    "sortorder": 0,
                    "visible": true,
                    "widget_id": "31f3728c-7613-11e7-a139-784f435179ea"
                },
                {
                    "card_id": "37c2a233-5539-11e9-a952-000d3ab1e588",
                    "config": {
                        "defaultValue": "",
                        "label": "Frame No.",
                        "maxLength": null,
                        "placeholder": "Enter text",
                        "width": "100%"
                    },
                    "id": "f6eacb77-27f4-11eb-90c9-f875a44e0e11",
                    "label": "Frame No.",
                    "node_id": "693cfdee-27f4-11eb-932d-f875a44e0e11",
                    "sortorder": 7,
                    "visible": true,
                    "widget_id": "10000000-0000-0000-0000-000000000001"
                },
                {
                    "card_id": "37c2a233-5539-11e9-a952-000d3ab1e588",
                    "config": {
                        "defaultValue": "",
                        "label": "Frame Number Type",
                        "options": [],
                        "placeholder": "Select an option"
                    },
                    "id": "f6ec5203-27f4-11eb-be1f-f875a44e0e11",
                    "label": "Frame Number Type",
                    "node_id": "81831983-27f4-11eb-99c3-f875a44e0e11",
                    "sortorder": 8,
                    "visible": false,
                    "widget_id": "10000000-0000-0000-0000-000000000002"
                },
                {
                    "card_id": "37c2a233-5539-11e9-a952-000d3ab1e588",
                    "config": {
                        "defaultValue": "a0e096e2-f5ae-4579-950d-3040714713b4",
                        "label": "Frame Number Metatype",
                        "options": [],
                        "placeholder": "Select an option"
                    },
                    "id": "f6edb1b5-27f4-11eb-8dcd-f875a44e0e11",
                    "label": "Frame Number Metatype",
                    "node_id": "81831986-27f4-11eb-a672-f875a44e0e11",
                    "sortorder": 9,
                    "visible": false,
                    "widget_id": "10000000-0000-0000-0000-000000000002"
                },
                {
                    "card_id": "37c2a233-5539-11e9-a952-000d3ab1e588",
                    "config": {
                        "defaultValue": "",
                        "label": "Film No.",
                        "maxLength": null,
                        "placeholder": "Enter text",
                        "width": "100%"
                    },
                    "id": "06c42a4b-28b8-11eb-be49-f875a44e0e11",
                    "label": "Film No.",
                    "node_id": "6454f5e8-27f6-11eb-bc0a-f875a44e0e11",
                    "sortorder": 4,
                    "visible": true,
                    "widget_id": "10000000-0000-0000-0000-000000000001"
                },
                {
                    "card_id": "37c2a233-5539-11e9-a952-000d3ab1e588",
                    "config": {
                        "defaultValue": "a0e096e2-f5ae-4579-950d-3040714713b4",
                        "label": "Film Number Metatype",
                        "options": [],
                        "placeholder": "Select an option"
                    },
                    "id": "06c5d7d1-28b8-11eb-a696-f875a44e0e11",
                    "label": "Film Number Metatype",
                    "node_id": "7d3deee0-27f6-11eb-88c2-f875a44e0e11",
                    "sortorder": 6,
                    "visible": false,
                    "widget_id": "10000000-0000-0000-0000-000000000002"
                },
                {
                    "card_id": "37c2a233-5539-11e9-a952-000d3ab1e588",
                    "config": {
                        "defaultValue": "",
                        "label": "Display Date",
                        "maxLength": null,
                        "placeholder": "Enter text",
                        "width": "100%"
                    },
                    "id": "06c7376d-28b8-11eb-a8d2-f875a44e0e11",
                    "label": "Display Date",
                    "node_id": "caa76409-28b7-11eb-8259-f875a44e0e11",
                    "sortorder": 12,
                    "visible": false,
                    "widget_id": "10000000-0000-0000-0000-000000000001"
                },
                {
                    "card_id": "37c2a233-5539-11e9-a952-000d3ab1e588",
                    "config": {
                        "defaultValue": "a0e096e2-f5ae-4579-950d-3040714713b4",
                        "label": "AP Source Number Metatype",
                        "options": [],
                        "placeholder": "Select an option"
                    },
                    "id": "06c89747-28b8-11eb-bce5-f875a44e0e11",
                    "label": "AP Source Number Metatype",
                    "node_id": "56718696-28b7-11eb-8edd-f875a44e0e11",
                    "sortorder": 3,
                    "visible": false,
                    "widget_id": "10000000-0000-0000-0000-000000000002"
                },
                {
                    "card_id": "37c2a233-5539-11e9-a952-000d3ab1e588",
                    "config": {
                        "defaultValue": "59a0c936-3f60-44f9-9e37-67b6ed0f4fa4",
                        "label": "Date Qualifier Metatype",
                        "options": [],
                        "placeholder": "Select an option"
                    },
                    "id": "06ca1f2d-28b8-11eb-bd7d-f875a44e0e11",
                    "label": "Date Qualifier Metatype",
                    "node_id": "caa7640a-28b7-11eb-8c8d-f875a44e0e11",
                    "sortorder": 14,
                    "visible": false,
                    "widget_id": "10000000-0000-0000-0000-000000000002"
                },
                {
                    "card_id": "37c2a233-5539-11e9-a952-000d3ab1e588",
                    "config": {
                        "defaultValue": "0493601e-3491-40a7-a651-6fd8d9dbdce5",
                        "label": "Date Qualifier",
                        "options": [],
                        "placeholder": "Select an option"
                    },
                    "id": "06cb57bb-28b8-11eb-bbf4-f875a44e0e11",
                    "label": "Date Qualifier",
                    "node_id": "caa7640b-28b7-11eb-abb4-f875a44e0e11",
                    "sortorder": 13,
                    "visible": false,
                    "widget_id": "10000000-0000-0000-0000-000000000002"
                },
                {
                    "card_id": "37c2a233-5539-11e9-a952-000d3ab1e588",
                    "config": {
                        "dateFormat": "YYYY-MM-DD",
                        "defaultValue": null,
                        "label": "Date Taken",
                        "maxDate": null,
                        "minDate": null,
                        "placeholder": "Enter date",
                        "viewMode": "days"
                    },
                    "id": "06ccde86-28b8-11eb-8d74-f875a44e0e11",
                    "label": "Date Taken",
                    "node_id": "caa7640c-28b7-11eb-bc7f-f875a44e0e11",
                    "sortorder": 10,
                    "visible": true,
                    "widget_id": "10000000-0000-0000-0000-000000000004"
                },
                {
                    "card_id": "37c2a233-5539-11e9-a952-000d3ab1e588",
                    "config": {
                        "dateFormat": "YYYY-MM-DD",
                        "defaultValue": null,
                        "label": "End Date",
                        "maxDate": null,
                        "minDate": null,
                        "placeholder": "Enter date",
                        "viewMode": "days"
                    },
                    "id": "06ce64f1-28b8-11eb-ac19-f875a44e0e11",
                    "label": "End Date",
                    "node_id": "caa7640d-28b7-11eb-9f61-f875a44e0e11",
                    "sortorder": 11,
                    "visible": false,
                    "widget_id": "10000000-0000-0000-0000-000000000004"
                },
                {
                    "card_id": "37c2a233-5539-11e9-a952-000d3ab1e588",
                    "config": {
                        "defaultValue": "b43da813-8fdf-4648-9a91-e8864e6b92d8",
                        "label": "AP Source Number Type",
                        "options": [],
                        "placeholder": "Select an option"
                    },
                    "id": "06cf9dd5-28b8-11eb-aa7f-f875a44e0e11",
                    "label": "AP Source Number Type",
                    "node_id": "56718693-28b7-11eb-ad91-f875a44e0e11",
                    "sortorder": 2,
                    "visible": false,
                    "widget_id": "10000000-0000-0000-0000-000000000002"
                },
                {
                    "card_id": "37c2a233-5539-11e9-a952-000d3ab1e588",
                    "config": {
                        "defaultValue": "b6cce3bd-703d-48e4-98b0-92bee5d632ba",
                        "label": "Film Number Type",
                        "options": [],
                        "placeholder": "Select an option"
                    },
                    "id": "06d0fd35-28b8-11eb-acf6-f875a44e0e11",
                    "label": "Film Number Type",
                    "node_id": "7d3deedd-27f6-11eb-bfda-f875a44e0e11",
                    "sortorder": 5,
                    "visible": false,
                    "widget_id": "10000000-0000-0000-0000-000000000002"
                }
            ],
            "color": null,
            "config": {},
            "deploymentdate": null,
            "deploymentfile": null,
            "description": "",
            "edges": [
                {
                    "description": null,
                    "domainnode_id": "37c2a238-5539-11e9-a640-000d3ab1e588",
                    "edgeid": "37c2a241-5539-11e9-8a1b-000d3ab1e588",
                    "graph_id": "37c2a230-5539-11e9-89ef-000d3ab1e588",
                    "name": null,
                    "ontologyproperty": "http://www.cidoc-crm.org/cidoc-crm/P3_has_note",
                    "rangenode_id": "37c2a235-5539-11e9-ac8d-000d3ab1e588"
                },
                {
                    "description": null,
                    "domainnode_id": "37c2a231-5539-11e9-a01e-000d3ab1e588",
                    "edgeid": "37c2a242-5539-11e9-b092-000d3ab1e588",
                    "graph_id": "37c2a230-5539-11e9-89ef-000d3ab1e588",
                    "name": null,
                    "ontologyproperty": "http://www.cidoc-crm.org/cidoc-crm/P1_is_identified_by",
                    "rangenode_id": "37c2a236-5539-11e9-a8e0-000d3ab1e588"
                },
                {
                    "description": null,
                    "domainnode_id": "37c2a231-5539-11e9-a01e-000d3ab1e588",
                    "edgeid": "37c2a23f-5539-11e9-8d55-000d3ab1e588",
                    "graph_id": "37c2a230-5539-11e9-89ef-000d3ab1e588",
                    "name": null,
                    "ontologyproperty": "http://www.cidoc-crm.org/cidoc-crm/P1_is_identified_by",
                    "rangenode_id": "37c2a237-5539-11e9-a3d5-000d3ab1e588"
                },
                {
                    "description": null,
                    "domainnode_id": "37c2a231-5539-11e9-a01e-000d3ab1e588",
                    "edgeid": "37c2a240-5539-11e9-926c-000d3ab1e588",
                    "graph_id": "37c2a230-5539-11e9-89ef-000d3ab1e588",
                    "name": null,
                    "ontologyproperty": "http://www.cidoc-crm.org/cidoc-crm/P165_incorporates",
                    "rangenode_id": "37c2a238-5539-11e9-a640-000d3ab1e588"
                },
                {
                    "description": null,
                    "domainnode_id": "37c2a236-5539-11e9-a8e0-000d3ab1e588",
                    "edgeid": "693cfdef-27f4-11eb-981a-f875a44e0e11",
                    "graph_id": "37c2a230-5539-11e9-89ef-000d3ab1e588",
                    "name": null,
                    "ontologyproperty": "http://www.cidoc-crm.org/cidoc-crm/P3_has_note",
                    "rangenode_id": "693cfdee-27f4-11eb-932d-f875a44e0e11"
                },
                {
                    "description": null,
                    "domainnode_id": "81831983-27f4-11eb-99c3-f875a44e0e11",
                    "edgeid": "81831987-27f4-11eb-846a-f875a44e0e11",
                    "graph_id": "37c2a230-5539-11e9-89ef-000d3ab1e588",
                    "name": null,
                    "ontologyproperty": "http://www.cidoc-crm.org/cidoc-crm/P2_has_type",
                    "rangenode_id": "81831986-27f4-11eb-a672-f875a44e0e11"
                },
                {
                    "description": null,
                    "domainnode_id": "37c2a236-5539-11e9-a8e0-000d3ab1e588",
                    "edgeid": "81831988-27f4-11eb-92e3-f875a44e0e11",
                    "graph_id": "37c2a230-5539-11e9-89ef-000d3ab1e588",
                    "name": null,
                    "ontologyproperty": "http://www.cidoc-crm.org/cidoc-crm/P137_exemplifies",
                    "rangenode_id": "81831983-27f4-11eb-99c3-f875a44e0e11"
                },
                {
                    "description": null,
                    "domainnode_id": "37c2a237-5539-11e9-a3d5-000d3ab1e588",
                    "edgeid": "64551ce8-27f6-11eb-b6c1-f875a44e0e11",
                    "graph_id": "37c2a230-5539-11e9-89ef-000d3ab1e588",
                    "name": null,
                    "ontologyproperty": "http://www.cidoc-crm.org/cidoc-crm/P3_has_note",
                    "rangenode_id": "6454f5e8-27f6-11eb-bc0a-f875a44e0e11"
                },
                {
                    "description": null,
                    "domainnode_id": "7d3deedd-27f6-11eb-bfda-f875a44e0e11",
                    "edgeid": "7d3e15d0-27f6-11eb-8931-f875a44e0e11",
                    "graph_id": "37c2a230-5539-11e9-89ef-000d3ab1e588",
                    "name": null,
                    "ontologyproperty": "http://www.cidoc-crm.org/cidoc-crm/P2_has_type",
                    "rangenode_id": "7d3deee0-27f6-11eb-88c2-f875a44e0e11"
                },
                {
                    "description": null,
                    "domainnode_id": "37c2a237-5539-11e9-a3d5-000d3ab1e588",
                    "edgeid": "7d3e15d1-27f6-11eb-b9ef-f875a44e0e11",
                    "graph_id": "37c2a230-5539-11e9-89ef-000d3ab1e588",
                    "name": null,
                    "ontologyproperty": "http://www.cidoc-crm.org/cidoc-crm/P137_exemplifies",
                    "rangenode_id": "7d3deedd-27f6-11eb-bfda-f875a44e0e11"
                },
                {
                    "description": null,
                    "domainnode_id": "56718693-28b7-11eb-ad91-f875a44e0e11",
                    "edgeid": "56718697-28b7-11eb-a180-f875a44e0e11",
                    "graph_id": "37c2a230-5539-11e9-89ef-000d3ab1e588",
                    "name": null,
                    "ontologyproperty": "http://www.cidoc-crm.org/cidoc-crm/P2_has_type",
                    "rangenode_id": "56718696-28b7-11eb-8edd-f875a44e0e11"
                },
                {
                    "description": null,
                    "domainnode_id": "37c2a238-5539-11e9-a640-000d3ab1e588",
                    "edgeid": "56718698-28b7-11eb-8831-f875a44e0e11",
                    "graph_id": "37c2a230-5539-11e9-89ef-000d3ab1e588",
                    "name": null,
                    "ontologyproperty": "http://www.cidoc-crm.org/cidoc-crm/P2_has_type",
                    "rangenode_id": "56718693-28b7-11eb-ad91-f875a44e0e11"
                },
                {
                    "description": null,
                    "domainnode_id": "37c2a231-5539-11e9-a01e-000d3ab1e588",
                    "edgeid": "9345ac9b-28b7-11eb-b960-f875a44e0e11",
                    "graph_id": "37c2a230-5539-11e9-89ef-000d3ab1e588",
                    "name": null,
                    "ontologyproperty": "http://www.cidoc-crm.org/cidoc-crm/P92i_was_brought_into_existence_by",
                    "rangenode_id": "9345ac9a-28b7-11eb-97d7-f875a44e0e11"
                },
                {
                    "description": null,
                    "domainnode_id": "caa76406-28b7-11eb-9d57-f875a44e0e11",
                    "edgeid": "caa76413-28b7-11eb-bafa-f875a44e0e11",
                    "graph_id": "37c2a230-5539-11e9-89ef-000d3ab1e588",
                    "name": null,
                    "ontologyproperty": "http://www.cidoc-crm.org/cidoc-crm/P82a_begin_of_the_begin",
                    "rangenode_id": "caa7640c-28b7-11eb-bc7f-f875a44e0e11"
                },
                {
                    "description": null,
                    "domainnode_id": "caa76406-28b7-11eb-9d57-f875a44e0e11",
                    "edgeid": "caa76414-28b7-11eb-80cd-f875a44e0e11",
                    "graph_id": "37c2a230-5539-11e9-89ef-000d3ab1e588",
                    "name": null,
                    "ontologyproperty": "http://www.cidoc-crm.org/cidoc-crm/P82b_end_of_the_end",
                    "rangenode_id": "caa7640d-28b7-11eb-9f61-f875a44e0e11"
                },
                {
                    "description": null,
                    "domainnode_id": "caa76406-28b7-11eb-9d57-f875a44e0e11",
                    "edgeid": "caa76415-28b7-11eb-864f-f875a44e0e11",
                    "graph_id": "37c2a230-5539-11e9-89ef-000d3ab1e588",
                    "name": null,
                    "ontologyproperty": "http://www.cidoc-crm.org/cidoc-crm/P2_has_type",
                    "rangenode_id": "caa7640b-28b7-11eb-abb4-f875a44e0e11"
                },
                {
                    "description": null,
                    "domainnode_id": "caa76406-28b7-11eb-9d57-f875a44e0e11",
                    "edgeid": "caa76416-28b7-11eb-a483-f875a44e0e11",
                    "graph_id": "37c2a230-5539-11e9-89ef-000d3ab1e588",
                    "name": null,
                    "ontologyproperty": "http://www.cidoc-crm.org/cidoc-crm/P3_has_note",
                    "rangenode_id": "caa76409-28b7-11eb-8259-f875a44e0e11"
                },
                {
                    "description": null,
                    "domainnode_id": "caa7640b-28b7-11eb-abb4-f875a44e0e11",
                    "edgeid": "caa76417-28b7-11eb-8a2d-f875a44e0e11",
                    "graph_id": "37c2a230-5539-11e9-89ef-000d3ab1e588",
                    "name": null,
                    "ontologyproperty": "http://www.cidoc-crm.org/cidoc-crm/P2_has_type",
                    "rangenode_id": "caa7640a-28b7-11eb-8c8d-f875a44e0e11"
                },
                {
                    "description": null,
                    "domainnode_id": "9345ac9a-28b7-11eb-97d7-f875a44e0e11",
                    "edgeid": "caa76418-28b7-11eb-8892-f875a44e0e11",
                    "graph_id": "37c2a230-5539-11e9-89ef-000d3ab1e588",
                    "name": null,
                    "ontologyproperty": "http://www.cidoc-crm.org/cidoc-crm/P17_was_motivated_by",
                    "rangenode_id": "caa76406-28b7-11eb-9d57-f875a44e0e11"
                }
            ],
            "functions_x_graphs": [],
            "graphid": "37c2a230-5539-11e9-89ef-000d3ab1e588",
            "iconclass": "fa fa-book",
            "is_editable": true,
            "isactive": true,
            "isresource": false,
            "jsonldcontext": null,
            "name": "Aerial Photograph Source",
            "nodegroups": [
                {
                    "cardinality": "n",
                    "legacygroupid": null,
                    "nodegroupid": "37c2a231-5539-11e9-a01e-000d3ab1e588",
                    "parentnodegroup_id": null
                }
            ],
            "nodes": [
                {
                    "config": null,
                    "datatype": "semantic",
                    "description": null,
                    "exportable": false,
                    "fieldname": "",
                    "graph_id": "37c2a230-5539-11e9-89ef-000d3ab1e588",
                    "is_collector": false,
                    "isrequired": false,
                    "issearchable": true,
                    "istopnode": false,
                    "name": "Film Number",
                    "nodegroup_id": "37c2a231-5539-11e9-a01e-000d3ab1e588",
                    "nodeid": "37c2a237-5539-11e9-a3d5-000d3ab1e588",
                    "ontologyclass": "http://www.cidoc-crm.org/cidoc-crm/E42_Identifier",
                    "parentproperty": "http://www.cidoc-crm.org/cidoc-crm/P1_is_identified_by",
                    "sortorder": 0
                },
                {
                    "config": null,
                    "datatype": "string",
                    "description": null,
                    "exportable": false,
                    "fieldname": "",
                    "graph_id": "37c2a230-5539-11e9-89ef-000d3ab1e588",
                    "is_collector": false,
                    "isrequired": false,
                    "issearchable": true,
                    "istopnode": false,
                    "name": "AP Source Number",
                    "nodegroup_id": "37c2a231-5539-11e9-a01e-000d3ab1e588",
                    "nodeid": "37c2a238-5539-11e9-a640-000d3ab1e588",
                    "ontologyclass": "http://www.cidoc-crm.org/cidoc-crm/E42_Identifier",
                    "parentproperty": "http://www.cidoc-crm.org/cidoc-crm/P165_incorporates",
                    "sortorder": 0
                },
                {
                    "config": null,
                    "datatype": "semantic",
                    "description": null,
                    "exportable": false,
                    "fieldname": "",
                    "graph_id": "37c2a230-5539-11e9-89ef-000d3ab1e588",
                    "is_collector": false,
                    "isrequired": false,
                    "issearchable": true,
                    "istopnode": false,
                    "name": "Frame Number",
                    "nodegroup_id": "37c2a231-5539-11e9-a01e-000d3ab1e588",
                    "nodeid": "37c2a236-5539-11e9-a8e0-000d3ab1e588",
                    "ontologyclass": "http://www.cidoc-crm.org/cidoc-crm/E42_Identifier",
                    "parentproperty": "http://www.cidoc-crm.org/cidoc-crm/P1_is_identified_by",
                    "sortorder": 0
                },
                {
                    "config": null,
                    "datatype": "semantic",
                    "description": null,
                    "exportable": false,
                    "fieldname": "",
                    "graph_id": "37c2a230-5539-11e9-89ef-000d3ab1e588",
                    "is_collector": false,
                    "isrequired": false,
                    "issearchable": true,
                    "istopnode": false,
                    "name": "AP Source Number Value",
                    "nodegroup_id": "37c2a231-5539-11e9-a01e-000d3ab1e588",
                    "nodeid": "37c2a235-5539-11e9-ac8d-000d3ab1e588",
                    "ontologyclass": "http://www.w3.org/2000/01/rdf-schema#Literal",
                    "parentproperty": "http://www.cidoc-crm.org/cidoc-crm/P3_has_note",
                    "sortorder": 0
                },
                {
                    "config": {
                        "rdmCollection": "1e63c514-eb9d-48d3-94b5-35e060e5f368"
                    },
                    "datatype": "concept",
                    "description": null,
                    "exportable": false,
                    "fieldname": null,
                    "graph_id": "37c2a230-5539-11e9-89ef-000d3ab1e588",
                    "is_collector": false,
                    "isrequired": false,
                    "issearchable": true,
                    "istopnode": false,
                    "name": "Film Number Metatype",
                    "nodegroup_id": "37c2a231-5539-11e9-a01e-000d3ab1e588",
                    "nodeid": "7d3deee0-27f6-11eb-88c2-f875a44e0e11",
                    "ontologyclass": "http://www.cidoc-crm.org/cidoc-crm/E55_Type",
                    "parentproperty": "http://www.cidoc-crm.org/cidoc-crm/P2_has_type",
                    "sortorder": 0
                },
                {
                    "config": null,
                    "datatype": "semantic",
                    "description": null,
                    "exportable": false,
                    "fieldname": null,
                    "graph_id": "37c2a230-5539-11e9-89ef-000d3ab1e588",
                    "is_collector": false,
                    "isrequired": false,
                    "issearchable": true,
                    "istopnode": false,
                    "name": "Photograph Creation",
                    "nodegroup_id": "37c2a231-5539-11e9-a01e-000d3ab1e588",
                    "nodeid": "9345ac9a-28b7-11eb-97d7-f875a44e0e11",
                    "ontologyclass": "http://www.cidoc-crm.org/cidoc-crm/E65_Creation",
                    "parentproperty": "http://www.cidoc-crm.org/cidoc-crm/P92i_was_brought_into_existence_by",
                    "sortorder": 0
                },
                {
                    "config": null,
                    "datatype": "string",
                    "description": null,
                    "exportable": false,
                    "fieldname": null,
                    "graph_id": "37c2a230-5539-11e9-89ef-000d3ab1e588",
                    "is_collector": false,
                    "isrequired": false,
                    "issearchable": true,
                    "istopnode": false,
                    "name": "Frame No.",
                    "nodegroup_id": "37c2a231-5539-11e9-a01e-000d3ab1e588",
                    "nodeid": "693cfdee-27f4-11eb-932d-f875a44e0e11",
                    "ontologyclass": "http://www.w3.org/2000/01/rdf-schema#Literal",
                    "parentproperty": "http://www.cidoc-crm.org/cidoc-crm/P3_has_note",
                    "sortorder": 0
                },
                {
                    "config": {
                        "rdmCollection": "1e63c514-eb9d-48d3-94b5-35e060e5f368"
                    },
                    "datatype": "concept",
                    "description": null,
                    "exportable": false,
                    "fieldname": null,
                    "graph_id": "37c2a230-5539-11e9-89ef-000d3ab1e588",
                    "is_collector": false,
                    "isrequired": false,
                    "issearchable": true,
                    "istopnode": false,
                    "name": "Frame Number Metatype",
                    "nodegroup_id": "37c2a231-5539-11e9-a01e-000d3ab1e588",
                    "nodeid": "81831986-27f4-11eb-a672-f875a44e0e11",
                    "ontologyclass": "http://www.cidoc-crm.org/cidoc-crm/E55_Type",
                    "parentproperty": "http://www.cidoc-crm.org/cidoc-crm/P2_has_type",
                    "sortorder": 0
                },
                {
                    "config": {
                        "rdmCollection": "3e545767-c46c-4fe7-8754-c24528ba0842"
                    },
                    "datatype": "concept",
                    "description": "Allows a concept collection to be typed. Useful for data sharing.",
                    "exportable": false,
                    "fieldname": null,
                    "graph_id": "37c2a230-5539-11e9-89ef-000d3ab1e588",
                    "is_collector": false,
                    "isrequired": false,
                    "issearchable": true,
                    "istopnode": false,
                    "name": "Frame Number Type",
                    "nodegroup_id": "37c2a231-5539-11e9-a01e-000d3ab1e588",
                    "nodeid": "81831983-27f4-11eb-99c3-f875a44e0e11",
                    "ontologyclass": "http://www.cidoc-crm.org/cidoc-crm/E55_Type",
                    "parentproperty": "http://www.cidoc-crm.org/cidoc-crm/P137_exemplifies",
                    "sortorder": 0
                },
                {
                    "config": null,
                    "datatype": "string",
                    "description": null,
                    "exportable": false,
                    "fieldname": null,
                    "graph_id": "37c2a230-5539-11e9-89ef-000d3ab1e588",
                    "is_collector": false,
                    "isrequired": false,
                    "issearchable": true,
                    "istopnode": false,
                    "name": "Film No.",
                    "nodegroup_id": "37c2a231-5539-11e9-a01e-000d3ab1e588",
                    "nodeid": "6454f5e8-27f6-11eb-bc0a-f875a44e0e11",
                    "ontologyclass": "http://www.w3.org/2000/01/rdf-schema#Literal",
                    "parentproperty": "http://www.cidoc-crm.org/cidoc-crm/P3_has_note",
                    "sortorder": 0
                },
                {
                    "config": {
                        "graphs": [
                            {
                                "graphid": "b07cfa6f-894d-11ea-82aa-f875a44e0e11",
                                "name": "Archive_Source"
                            }
                        ]
                    },
                    "datatype": "resource-instance",
                    "description": "",
                    "exportable": false,
                    "fieldname": "",
                    "graph_id": "37c2a230-5539-11e9-89ef-000d3ab1e588",
                    "is_collector": true,
                    "isrequired": false,
                    "issearchable": true,
                    "istopnode": true,
                    "name": "Aerial Photograph Source",
                    "nodegroup_id": "37c2a231-5539-11e9-a01e-000d3ab1e588",
                    "nodeid": "37c2a231-5539-11e9-a01e-000d3ab1e588",
                    "ontologyclass": "http://www.cidoc-crm.org/cidoc-crm/E73_Information_Object",
                    "parentproperty": "",
                    "sortorder": 0
                },
                {
                    "config": null,
                    "datatype": "string",
                    "description": null,
                    "exportable": false,
                    "fieldname": null,
                    "graph_id": "37c2a230-5539-11e9-89ef-000d3ab1e588",
                    "is_collector": false,
                    "isrequired": false,
                    "issearchable": true,
                    "istopnode": false,
                    "name": "Display Date",
                    "nodegroup_id": "37c2a231-5539-11e9-a01e-000d3ab1e588",
                    "nodeid": "caa76409-28b7-11eb-8259-f875a44e0e11",
                    "ontologyclass": "http://www.w3.org/2000/01/rdf-schema#Literal",
                    "parentproperty": "http://www.cidoc-crm.org/cidoc-crm/P3_has_note",
                    "sortorder": 0
                },
                {
                    "config": {
                        "rdmCollection": "1e63c514-eb9d-48d3-94b5-35e060e5f368"
                    },
                    "datatype": "concept",
                    "description": null,
                    "exportable": false,
                    "fieldname": null,
                    "graph_id": "37c2a230-5539-11e9-89ef-000d3ab1e588",
                    "is_collector": false,
                    "isrequired": false,
                    "issearchable": true,
                    "istopnode": false,
                    "name": "AP Source Number Metatype",
                    "nodegroup_id": "37c2a231-5539-11e9-a01e-000d3ab1e588",
                    "nodeid": "56718696-28b7-11eb-8edd-f875a44e0e11",
                    "ontologyclass": "http://www.cidoc-crm.org/cidoc-crm/E55_Type",
                    "parentproperty": "http://www.cidoc-crm.org/cidoc-crm/P2_has_type",
                    "sortorder": 0
                },
                {
                    "config": {
                        "rdmCollection": "1e63c514-eb9d-48d3-94b5-35e060e5f368"
                    },
                    "datatype": "concept",
                    "description": null,
                    "exportable": false,
                    "fieldname": null,
                    "graph_id": "37c2a230-5539-11e9-89ef-000d3ab1e588",
                    "is_collector": false,
                    "isrequired": false,
                    "issearchable": true,
                    "istopnode": false,
                    "name": "Date Qualifier Metatype",
                    "nodegroup_id": "37c2a231-5539-11e9-a01e-000d3ab1e588",
                    "nodeid": "caa7640a-28b7-11eb-8c8d-f875a44e0e11",
                    "ontologyclass": "http://www.cidoc-crm.org/cidoc-crm/E55_Type",
                    "parentproperty": "http://www.cidoc-crm.org/cidoc-crm/P2_has_type",
                    "sortorder": 0
                },
                {
                    "config": {
                        "rdmCollection": "366686d6-deb0-4245-81a3-f94d791a388c"
                    },
                    "datatype": "concept",
                    "description": null,
                    "exportable": false,
                    "fieldname": null,
                    "graph_id": "37c2a230-5539-11e9-89ef-000d3ab1e588",
                    "is_collector": false,
                    "isrequired": false,
                    "issearchable": true,
                    "istopnode": false,
                    "name": "Date Qualifier",
                    "nodegroup_id": "37c2a231-5539-11e9-a01e-000d3ab1e588",
                    "nodeid": "caa7640b-28b7-11eb-abb4-f875a44e0e11",
                    "ontologyclass": "http://www.cidoc-crm.org/cidoc-crm/E55_Type",
                    "parentproperty": "http://www.cidoc-crm.org/cidoc-crm/P2_has_type",
                    "sortorder": 1
                },
                {
                    "config": {
                        "dateFormat": "YYYY-MM-DD"
                    },
                    "datatype": "date",
                    "description": null,
                    "exportable": false,
                    "fieldname": null,
                    "graph_id": "37c2a230-5539-11e9-89ef-000d3ab1e588",
                    "is_collector": false,
                    "isrequired": false,
                    "issearchable": true,
                    "istopnode": false,
                    "name": "Start Date",
                    "nodegroup_id": "37c2a231-5539-11e9-a01e-000d3ab1e588",
                    "nodeid": "caa7640c-28b7-11eb-bc7f-f875a44e0e11",
                    "ontologyclass": "http://www.cidoc-crm.org/cidoc-crm/E61_Time_Primitive",
                    "parentproperty": "http://www.cidoc-crm.org/cidoc-crm/P82a_begin_of_the_begin",
                    "sortorder": 2
                },
                {
                    "config": {
                        "dateFormat": "YYYY-MM-DD"
                    },
                    "datatype": "date",
                    "description": null,
                    "exportable": false,
                    "fieldname": null,
                    "graph_id": "37c2a230-5539-11e9-89ef-000d3ab1e588",
                    "is_collector": false,
                    "isrequired": false,
                    "issearchable": true,
                    "istopnode": false,
                    "name": "End Date",
                    "nodegroup_id": "37c2a231-5539-11e9-a01e-000d3ab1e588",
                    "nodeid": "caa7640d-28b7-11eb-9f61-f875a44e0e11",
                    "ontologyclass": "http://www.cidoc-crm.org/cidoc-crm/E61_Time_Primitive",
                    "parentproperty": "http://www.cidoc-crm.org/cidoc-crm/P82b_end_of_the_end",
                    "sortorder": 3
                },
                {
                    "config": {
                        "rdmCollection": "3e545767-c46c-4fe7-8754-c24528ba0842"
                    },
                    "datatype": "concept",
                    "description": "Allows a concept collection to be typed. Useful for data sharing.",
                    "exportable": false,
                    "fieldname": null,
                    "graph_id": "37c2a230-5539-11e9-89ef-000d3ab1e588",
                    "is_collector": false,
                    "isrequired": false,
                    "issearchable": true,
                    "istopnode": false,
                    "name": "AP Source Number Type",
                    "nodegroup_id": "37c2a231-5539-11e9-a01e-000d3ab1e588",
                    "nodeid": "56718693-28b7-11eb-ad91-f875a44e0e11",
                    "ontologyclass": "http://www.cidoc-crm.org/cidoc-crm/E55_Type",
                    "parentproperty": "http://www.cidoc-crm.org/cidoc-crm/P2_has_type",
                    "sortorder": 0
                },
                {
                    "config": {
                        "rdmCollection": "3e545767-c46c-4fe7-8754-c24528ba0842"
                    },
                    "datatype": "concept",
                    "description": "Allows a concept collection to be typed. Useful for data sharing.",
                    "exportable": false,
                    "fieldname": null,
                    "graph_id": "37c2a230-5539-11e9-89ef-000d3ab1e588",
                    "is_collector": false,
                    "isrequired": false,
                    "issearchable": true,
                    "istopnode": false,
                    "name": "Film Number Type",
                    "nodegroup_id": "37c2a231-5539-11e9-a01e-000d3ab1e588",
                    "nodeid": "7d3deedd-27f6-11eb-bfda-f875a44e0e11",
                    "ontologyclass": "http://www.cidoc-crm.org/cidoc-crm/E55_Type",
                    "parentproperty": "http://www.cidoc-crm.org/cidoc-crm/P137_exemplifies",
                    "sortorder": 0
                },
                {
                    "config": null,
                    "datatype": "semantic",
                    "description": "",
                    "exportable": false,
                    "fieldname": null,
                    "graph_id": "37c2a230-5539-11e9-89ef-000d3ab1e588",
                    "is_collector": false,
                    "isrequired": false,
                    "issearchable": true,
                    "istopnode": false,
                    "name": "Timespan (date)",
                    "nodegroup_id": "37c2a231-5539-11e9-a01e-000d3ab1e588",
                    "nodeid": "caa76406-28b7-11eb-9d57-f875a44e0e11",
                    "ontologyclass": "http://www.cidoc-crm.org/cidoc-crm/E52_Time-Span",
                    "parentproperty": "http://www.cidoc-crm.org/cidoc-crm/P17_was_motivated_by",
                    "sortorder": 0
                }
            ],
            "ontology_id": "e6e8db47-2ccf-11e6-927e-b8f6b115d7dd",
            "relatable_resource_model_ids": [],
            "resource_2_resource_constraints": [],
            "root": {
                "config": {
                    "graphs": [
                        {
                            "graphid": "b07cfa6f-894d-11ea-82aa-f875a44e0e11",
                            "name": "Archive_Source"
                        }
                    ]
                },
                "datatype": "resource-instance",
                "description": "",
                "exportable": false,
                "fieldname": "",
                "graph_id": "37c2a230-5539-11e9-89ef-000d3ab1e588",
                "is_collector": true,
                "isrequired": false,
                "issearchable": true,
                "istopnode": true,
                "name": "Aerial Photograph Source",
                "nodegroup_id": "37c2a231-5539-11e9-a01e-000d3ab1e588",
                "nodeid": "37c2a231-5539-11e9-a01e-000d3ab1e588",
                "ontologyclass": "http://www.cidoc-crm.org/cidoc-crm/E73_Information_Object",
                "sortorder": 0
            },
            "slug": null,
            "subtitle": "Used to describe the specific reference between a source and an Asset",
            "template_id": "50000000-0000-0000-0000-000000000001",
            "version": ""
        }
    ]
}