{
    "graph": [
        {
            "author": "",
            "cards": [
                {
                    "active": true,
                    "cardid": "37ad98b1-7021-11ea-8c24-287fcf6a5e72",
                    "component_id": "f05e4d3a-53c1-11e8-b0ea-784f435179ea",
                    "config": {
                        "displayAsTable": true
                    },
                    "constraints": [
                        {
                            "card_id": "37ad98b1-7021-11ea-8c24-287fcf6a5e72",
                            "constraintid": "aed73e76-26bf-4727-ad6a-ebdf4e6037ff",
                            "nodes": [],
                            "uniquetoallinstances": false
                        }
                    ],
                    "cssclass": null,
                    "description": "",
                    "graph_id": "37ad98ae-7021-11ea-973c-287fcf6a5e72",
                    "helpenabled": false,
                    "helptext": null,
                    "helptitle": null,
                    "instructions": null,
                    "is_editable": true,
                    "name": "Application Area References",
                    "nodegroup_id": "37ad98af-7021-11ea-95ba-287fcf6a5e72",
                    "sortorder": 11,
                    "visible": true
                }
            ],
            "cards_x_nodes_x_widgets": [
                {
                    "card_id": "37ad98b1-7021-11ea-8c24-287fcf6a5e72",
                    "config": {
                        "defaultValue": "",
                        "label": "Reference Number",
                        "maxLength": null,
                        "placeholder": "Enter text",
                        "width": "100%"
                    },
                    "id": "37ad98b4-7021-11ea-a0c3-287fcf6a5e72",
                    "label": "Reference Number",
                    "node_id": "37ad98b2-7021-11ea-a2f3-287fcf6a5e72",
                    "sortorder": 0,
                    "visible": true,
                    "widget_id": "10000000-0000-0000-0000-000000000001"
                },
                {
                    "card_id": "37ad98b1-7021-11ea-8c24-287fcf6a5e72",
                    "config": {
                        "defaultValue": "",
                        "label": "Reference Number Type",
                        "options": [],
                        "placeholder": "Select an option"
                    },
                    "id": "37ad98b5-7021-11ea-baba-287fcf6a5e72",
                    "label": "Reference Number Type",
                    "node_id": "37ad98b3-7021-11ea-94b7-287fcf6a5e72",
                    "sortorder": 1,
                    "visible": true,
                    "widget_id": "10000000-0000-0000-0000-000000000002"
                },
                {
                    "card_id": "37ad98b1-7021-11ea-8c24-287fcf6a5e72",
                    "config": {
                        "defaultValue": "7346be23-bff6-42dc-91d0-7c5182aa0031",
                        "label": "Reference Number Metatype",
                        "options": [],
                        "placeholder": "Select an option"
                    },
                    "id": "2a7da383-28b9-11eb-aaad-f875a44e0e11",
                    "label": "Reference Number Metatype",
                    "node_id": "940dca88-28b8-11eb-baac-f875a44e0e11",
                    "sortorder": 2,
                    "visible": false,
                    "widget_id": "10000000-0000-0000-0000-000000000002"
                }
            ],
            "color": "rgba(127,99,184,0.67)",
            "config": {
                "activeTabIndex": 0,
                "tabs": [
                    {
                        "header_component": "report-header-map",
                        "icon": "fa fa-tags",
                        "name": "Application Area Summary Report",
                        "nodegroup_ids": [
                            "c5f909b5-53c7-11e9-a3ac-dca90488358a",
                            "9f187b71-9cbb-11e9-9fd3-00224800b26d",
                            "5fea7890-9cbb-11e9-ae86-00224800b26d",
                            "aae8bd81-a30e-11e9-bee8-00224800b26d",
                            "e611c61f-9cbc-11e9-929d-00224800b26d",
                            "e19fe3a1-6d22-11e9-98bf-dca90488358a",
                            "ecd5b950-a30e-11e9-82bc-00224800b26d",
                            "e8d95e5f-a30e-11e9-aee4-00224800b26d"
                        ]
                    },
                    {
                        "icon": "fa fa-link",
                        "name": "Relationships",
                        "nodegroup_ids": [
                            "138478e1-6d23-11e9-808c-dca90488358a",
                            "ad364dc1-9cbd-11e9-acd9-00224800b26d",
                            "c80b3dd0-9cbe-11e9-8d5c-00224800b26d",
                            "a1fe65e1-9cd2-11e9-be55-00224800b26d",
                            "09cb95f5-53d8-11e9-aa83-dca90488358a"
                        ]
                    }
                ],
                "zoom": 11.259165409548052
            },
            "deploymentdate": null,
            "deploymentfile": null,
            "description": "",
            "edges": [
                {
                    "description": null,
                    "domainnode_id": "37ad98af-7021-11ea-95ba-287fcf6a5e72",
                    "edgeid": "37ad98b6-7021-11ea-a332-287fcf6a5e72",
                    "graph_id": "37ad98ae-7021-11ea-973c-287fcf6a5e72",
                    "name": null,
                    "ontologyproperty": "http://www.cidoc-crm.org/cidoc-crm/P2_has_type",
                    "rangenode_id": "37ad98b3-7021-11ea-94b7-287fcf6a5e72"
                },
                {
                    "description": null,
                    "domainnode_id": "37ad98af-7021-11ea-95ba-287fcf6a5e72",
                    "edgeid": "37ad98b7-7021-11ea-ac2a-287fcf6a5e72",
                    "graph_id": "37ad98ae-7021-11ea-973c-287fcf6a5e72",
                    "name": null,
                    "ontologyproperty": "http://www.cidoc-crm.org/cidoc-crm/P3_has_note",
                    "rangenode_id": "37ad98b2-7021-11ea-a2f3-287fcf6a5e72"
                },
                {
                    "description": null,
                    "domainnode_id": "37ad98b3-7021-11ea-94b7-287fcf6a5e72",
                    "edgeid": "940df186-28b8-11eb-9e41-f875a44e0e11",
                    "graph_id": "37ad98ae-7021-11ea-973c-287fcf6a5e72",
                    "name": null,
                    "ontologyproperty": "http://www.cidoc-crm.org/cidoc-crm/P2_has_type",
                    "rangenode_id": "940dca88-28b8-11eb-baac-f875a44e0e11"
                }
            ],
            "functions_x_graphs": [],
            "graphid": "37ad98ae-7021-11ea-973c-287fcf6a5e72",
            "iconclass": "fa fa-square-o",
            "is_editable": true,
            "isactive": true,
            "isresource": false,
            "jsonldcontext": null,
            "name": "Application Area References",
            "nodegroups": [
                {
                    "cardinality": "n",
                    "legacygroupid": null,
                    "nodegroupid": "37ad98af-7021-11ea-95ba-287fcf6a5e72",
                    "parentnodegroup_id": null
                }
            ],
            "nodes": [
                {
                    "config": null,
                    "datatype": "string",
                    "description": null,
                    "exportable": false,
                    "fieldname": "",
                    "graph_id": "37ad98ae-7021-11ea-973c-287fcf6a5e72",
                    "is_collector": false,
                    "isrequired": true,
                    "issearchable": true,
                    "istopnode": false,
                    "name": "Reference Number",
                    "nodegroup_id": "37ad98af-7021-11ea-95ba-287fcf6a5e72",
                    "nodeid": "37ad98b2-7021-11ea-a2f3-287fcf6a5e72",
                    "ontologyclass": "http://www.w3.org/2000/01/rdf-schema#Literal",
                    "parentproperty": "http://www.cidoc-crm.org/cidoc-crm/P3_has_note",
                    "sortorder": 0
                },
                {
                    "config": {
                        "options": [],
                        "rdmCollection": "c223718d-cdc1-4c5f-997b-7d67018e27f7"
                    },
                    "datatype": "concept",
                    "description": null,
                    "exportable": false,
                    "fieldname": "",
                    "graph_id": "37ad98ae-7021-11ea-973c-287fcf6a5e72",
                    "is_collector": false,
                    "isrequired": false,
                    "issearchable": true,
                    "istopnode": false,
                    "name": "Reference Number Type",
                    "nodegroup_id": "37ad98af-7021-11ea-95ba-287fcf6a5e72",
                    "nodeid": "37ad98b3-7021-11ea-94b7-287fcf6a5e72",
                    "ontologyclass": "http://www.cidoc-crm.org/cidoc-crm/E55_Type",
                    "parentproperty": "http://www.cidoc-crm.org/cidoc-crm/P2_has_type",
                    "sortorder": 0
                },
                {
                    "config": null,
                    "datatype": "semantic",
                    "description": null,
                    "exportable": false,
                    "fieldname": "",
                    "graph_id": "37ad98ae-7021-11ea-973c-287fcf6a5e72",
                    "is_collector": true,
                    "isrequired": false,
                    "issearchable": true,
                    "istopnode": true,
                    "name": "Application Area References",
                    "nodegroup_id": "37ad98af-7021-11ea-95ba-287fcf6a5e72",
                    "nodeid": "37ad98af-7021-11ea-95ba-287fcf6a5e72",
                    "ontologyclass": "http://www.cidoc-crm.org/cidoc-crm/E42_Identifier",
                    "parentproperty": "",
                    "sortorder": 0
                },
                {
                    "config": {
                        "rdmCollection": "1e63c514-eb9d-48d3-94b5-35e060e5f368"
                    },
                    "datatype": "concept",
                    "description": null,
                    "exportable": false,
                    "fieldname": null,
                    "graph_id": "37ad98ae-7021-11ea-973c-287fcf6a5e72",
                    "is_collector": false,
                    "isrequired": false,
                    "issearchable": true,
                    "istopnode": false,
                    "name": "Reference Number Metatype",
                    "nodegroup_id": "37ad98af-7021-11ea-95ba-287fcf6a5e72",
                    "nodeid": "940dca88-28b8-11eb-baac-f875a44e0e11",
                    "ontologyclass": "http://www.cidoc-crm.org/cidoc-crm/E55_Type",
                    "parentproperty": "http://www.cidoc-crm.org/cidoc-crm/P2_has_type",
                    "sortorder": 0
                }
            ],
            "ontology_id": "e6e8db47-2ccf-11e6-927e-b8f6b115d7dd",
            "relatable_resource_model_ids": [],
            "resource_2_resource_constraints": [],
            "root": {
                "config": null,
                "datatype": "semantic",
                "description": null,
                "exportable": false,
                "fieldname": "",
                "graph_id": "37ad98ae-7021-11ea-973c-287fcf6a5e72",
                "is_collector": true,
                "isrequired": false,
                "issearchable": true,
                "istopnode": true,
                "name": "Application Area References",
                "nodegroup_id": "37ad98af-7021-11ea-95ba-287fcf6a5e72",
                "nodeid": "37ad98af-7021-11ea-95ba-287fcf6a5e72",
                "ontologyclass": "http://www.cidoc-crm.org/cidoc-crm/E42_Identifier",
                "sortorder": 0
            },
            "slug": null,
            "subtitle": "",
            "template_id": "50000000-0000-0000-0000-000000000004",
            "version": ""
        }
    ]
}