{
    "graph": [
        {
            "author": "",
            "cards": [
                {
                    "active": true,
                    "cardid": "3ef7295d-9b69-11ea-a9ec-f875a44e0e11",
                    "component_id": "f05e4d3a-53c1-11e8-b0ea-784f435179ea",
                    "config": null,
                    "constraints": [],
                    "cssclass": null,
                    "description": "",
                    "graph_id": "3ef7295a-9b69-11ea-a303-f875a44e0e11",
                    "helpenabled": false,
                    "helptext": null,
                    "helptitle": null,
                    "instructions": null,
                    "is_editable": true,
                    "name": "Archive Source Creation",
                    "nodegroup_id": "3ef7295b-9b69-11ea-ae7a-f875a44e0e11",
                    "sortorder": 5,
                    "visible": true
                }
            ],
            "cards_x_nodes_x_widgets": [
                {
                    "card_id": "3ef7295d-9b69-11ea-a9ec-f875a44e0e11",
                    "config": {
                        "defaultValue": "865e63c7-1ba8-4dd5-9fa5-a90fc4faa718",
                        "label": "Contribution Type",
                        "options": [],
                        "placeholder": "Select an option"
                    },
                    "id": "3ef7509e-9b69-11ea-88df-f875a44e0e11",
                    "label": "Contribution Type",
                    "node_id": "3ef7508f-9b69-11ea-9a9f-f875a44e0e11",
                    "sortorder": 16,
                    "visible": false,
                    "widget_id": "10000000-0000-0000-0000-000000000002"
                },
                {
                    "card_id": "3ef7295d-9b69-11ea-a9ec-f875a44e0e11",
                    "config": {
                        "defaultValue": "a0e096e2-f5ae-4579-950d-3040714713b4",
                        "label": "Editor Name Metatype",
                        "options": [],
                        "placeholder": "Select an option"
                    },
                    "id": "3ef7509f-9b69-11ea-9fa1-f875a44e0e11",
                    "label": "Editor Name Metatype",
                    "node_id": "3ef75095-9b69-11ea-aa8b-f875a44e0e11",
                    "sortorder": 10,
                    "visible": false,
                    "widget_id": "10000000-0000-0000-0000-000000000002"
                },
                {
                    "card_id": "3ef7295d-9b69-11ea-a9ec-f875a44e0e11",
                    "config": {
                        "defaultValue": "a0e096e2-f5ae-4579-950d-3040714713b4",
                        "label": "Author Name Metatype",
                        "options": [],
                        "placeholder": "Select an option"
                    },
                    "id": "3ef750a1-9b69-11ea-b098-f875a44e0e11",
                    "label": "Author Name Metatype",
                    "node_id": "3ef72963-9b69-11ea-b8d4-f875a44e0e11",
                    "sortorder": 5,
                    "visible": false,
                    "widget_id": "10000000-0000-0000-0000-000000000002"
                },
                {
                    "card_id": "3ef7295d-9b69-11ea-a9ec-f875a44e0e11",
                    "config": {
                        "label": "Editor",
                        "placeholder": ""
                    },
                    "id": "3ef750af-9b69-11ea-9ecb-f875a44e0e11",
                    "label": "Editor",
                    "node_id": "3ef7509b-9b69-11ea-a0e8-f875a44e0e11",
                    "sortorder": 4,
                    "visible": true,
                    "widget_id": "31f3728c-7613-11e7-a139-784f435179ea"
                },
                {
                    "card_id": "3ef7295d-9b69-11ea-a9ec-f875a44e0e11",
                    "config": {
                        "defaultValue": "2aab4259-2381-4987-907a-fa461dfc0adc",
                        "label": "Authorship Type",
                        "options": [],
                        "placeholder": "Select an option"
                    },
                    "id": "3ef750a9-9b69-11ea-b85e-f875a44e0e11",
                    "label": "Authorship Type",
                    "node_id": "3ef75099-9b69-11ea-99ba-f875a44e0e11",
                    "sortorder": 6,
                    "visible": false,
                    "widget_id": "10000000-0000-0000-0000-000000000002"
                },
                {
                    "card_id": "3ef7295d-9b69-11ea-a9ec-f875a44e0e11",
                    "config": {
                        "defaultValue": "e5739feb-21d0-430a-968f-caadd8e4ccf7",
                        "label": "Author Name Type",
                        "options": [],
                        "placeholder": "Select an option"
                    },
                    "id": "3ef750a0-9b69-11ea-b3fb-f875a44e0e11",
                    "label": "Author Name Type",
                    "node_id": "3ef72962-9b69-11ea-9a2b-f875a44e0e11",
                    "sortorder": 4,
                    "visible": false,
                    "widget_id": "10000000-0000-0000-0000-000000000002"
                },
                {
                    "card_id": "3ef7295d-9b69-11ea-a9ec-f875a44e0e11",
                    "config": {
                        "defaultValue": "b81d4b16-0633-4d7a-b4b2-5c2d3e2e782e",
                        "label": "Contribution Metatype",
                        "options": [],
                        "placeholder": "Select an option"
                    },
                    "id": "3ef750a2-9b69-11ea-a38c-f875a44e0e11",
                    "label": "Contribution Metatype",
                    "node_id": "3ef75096-9b69-11ea-92c5-f875a44e0e11",
                    "sortorder": 17,
                    "visible": false,
                    "widget_id": "10000000-0000-0000-0000-000000000002"
                },
                {
                    "card_id": "3ef7295d-9b69-11ea-a9ec-f875a44e0e11",
                    "config": {
                        "label": "Contributor",
                        "placeholder": ""
                    },
                    "id": "3ef750a3-9b69-11ea-b1d9-f875a44e0e11",
                    "label": "Contributor",
                    "node_id": "3ef75090-9b69-11ea-b459-f875a44e0e11",
                    "sortorder": 3,
                    "visible": true,
                    "widget_id": "31f3728c-7613-11e7-a139-784f435179ea"
                },
                {
                    "card_id": "3ef7295d-9b69-11ea-a9ec-f875a44e0e11",
                    "config": {
                        "defaultValue": "",
                        "label": "Author Name",
                        "maxLength": null,
                        "placeholder": "Enter text",
                        "width": "100%"
                    },
                    "id": "3ef750a4-9b69-11ea-affc-f875a44e0e11",
                    "label": "Author Name",
                    "node_id": "3ef75098-9b69-11ea-8b6f-f875a44e0e11",
                    "sortorder": 3,
                    "visible": true,
                    "widget_id": "10000000-0000-0000-0000-000000000001"
                },
                {
                    "card_id": "3ef7295d-9b69-11ea-a9ec-f875a44e0e11",
                    "config": {
                        "defaultValue": "e5739feb-21d0-430a-968f-caadd8e4ccf7",
                        "label": "Contributor Name Type",
                        "options": [],
                        "placeholder": "Select an option"
                    },
                    "id": "3ef750a5-9b69-11ea-a490-f875a44e0e11",
                    "label": "Contributor Name Type",
                    "node_id": "3ef7508d-9b69-11ea-bc89-f875a44e0e11",
                    "sortorder": 14,
                    "visible": false,
                    "widget_id": "10000000-0000-0000-0000-000000000002"
                },
                {
                    "card_id": "3ef7295d-9b69-11ea-a9ec-f875a44e0e11",
                    "config": {
                        "defaultValue": "a0e096e2-f5ae-4579-950d-3040714713b4",
                        "label": "Contributor Name Metatype",
                        "options": [],
                        "placeholder": "Select an option"
                    },
                    "id": "3ef750a6-9b69-11ea-b24d-f875a44e0e11",
                    "label": "Contributor Name Metatype",
                    "node_id": "3ef7509a-9b69-11ea-abf3-f875a44e0e11",
                    "sortorder": 15,
                    "visible": false,
                    "widget_id": "10000000-0000-0000-0000-000000000002"
                },
                {
                    "card_id": "3ef7295d-9b69-11ea-a9ec-f875a44e0e11",
                    "config": {
                        "defaultValue": "",
                        "label": "Statement of Responsibility",
                        "maxLength": null,
                        "placeholder": "Enter text",
                        "width": "100%"
                    },
                    "id": "3ef750a7-9b69-11ea-8804-f875a44e0e11",
                    "label": "Statement of Responsibility",
                    "node_id": "3ef72961-9b69-11ea-b34a-f875a44e0e11",
                    "sortorder": 0,
                    "visible": true,
                    "widget_id": "10000000-0000-0000-0000-000000000001"
                },
                {
                    "card_id": "3ef7295d-9b69-11ea-a9ec-f875a44e0e11",
                    "config": {
                        "defaultValue": "35508b82-062a-469f-830a-6040c5e5eb8c",
                        "label": "Statement of Responsibility Type",
                        "options": [],
                        "placeholder": "Select an option"
                    },
                    "id": "3ef750a8-9b69-11ea-86dd-f875a44e0e11",
                    "label": "Statement of Responsibility Type",
                    "node_id": "3ef7295e-9b69-11ea-bed7-f875a44e0e11",
                    "sortorder": 1,
                    "visible": false,
                    "widget_id": "10000000-0000-0000-0000-000000000002"
                },
                {
                    "card_id": "3ef7295d-9b69-11ea-a9ec-f875a44e0e11",
                    "config": {
                        "defaultValue": "b81d4b16-0633-4d7a-b4b2-5c2d3e2e782e",
                        "label": "Authorship Metatype",
                        "options": [],
                        "placeholder": "Select an option"
                    },
                    "id": "3ef750aa-9b69-11ea-8158-f875a44e0e11",
                    "label": "Authorship Metatype",
                    "node_id": "3ef7509d-9b69-11ea-aaf4-f875a44e0e11",
                    "sortorder": 7,
                    "visible": false,
                    "widget_id": "10000000-0000-0000-0000-000000000002"
                },
                {
                    "card_id": "3ef7295d-9b69-11ea-a9ec-f875a44e0e11",
                    "config": {
                        "defaultValue": "8ad2ca80-238f-4b6d-b6d4-1040298bd2b0",
                        "label": "Editorship Type",
                        "options": [],
                        "placeholder": "Select an option"
                    },
                    "id": "3ef750ab-9b69-11ea-bbe2-f875a44e0e11",
                    "label": "Editorship Type",
                    "node_id": "3ef75097-9b69-11ea-a24d-f875a44e0e11",
                    "sortorder": 11,
                    "visible": false,
                    "widget_id": "10000000-0000-0000-0000-000000000002"
                },
                {
                    "card_id": "3ef7295d-9b69-11ea-a9ec-f875a44e0e11",
                    "config": {
                        "defaultValue": "b81d4b16-0633-4d7a-b4b2-5c2d3e2e782e",
                        "label": "Editorship Metatype",
                        "options": [],
                        "placeholder": "Select an option"
                    },
                    "id": "3ef750ac-9b69-11ea-aa01-f875a44e0e11",
                    "label": "Editorship Metatype",
                    "node_id": "3ef75091-9b69-11ea-9edb-f875a44e0e11",
                    "sortorder": 12,
                    "visible": false,
                    "widget_id": "10000000-0000-0000-0000-000000000002"
                },
                {
                    "card_id": "3ef7295d-9b69-11ea-a9ec-f875a44e0e11",
                    "config": {
                        "defaultValue": "",
                        "label": "Editor Name",
                        "maxLength": null,
                        "placeholder": "Enter text",
                        "width": "100%"
                    },
                    "id": "3ef750ad-9b69-11ea-afe7-f875a44e0e11",
                    "label": "Editor Name",
                    "node_id": "3ef75093-9b69-11ea-b7b3-f875a44e0e11",
                    "sortorder": 8,
                    "visible": true,
                    "widget_id": "10000000-0000-0000-0000-000000000001"
                },
                {
                    "card_id": "3ef7295d-9b69-11ea-a9ec-f875a44e0e11",
                    "config": {
                        "defaultValue": "e5739feb-21d0-430a-968f-caadd8e4ccf7",
                        "label": "Editor Name Type",
                        "options": [],
                        "placeholder": "Select an option"
                    },
                    "id": "3ef750ae-9b69-11ea-a830-f875a44e0e11",
                    "label": "Editor Name Type",
                    "node_id": "3ef72966-9b69-11ea-a7bd-f875a44e0e11",
                    "sortorder": 9,
                    "visible": false,
                    "widget_id": "10000000-0000-0000-0000-000000000002"
                },
                {
                    "card_id": "3ef7295d-9b69-11ea-a9ec-f875a44e0e11",
                    "config": {
                        "defaultValue": "6fbe3775-e51d-4f90-af53-5695dd204c9a",
                        "label": "Statement of Responsibility Metatype",
                        "options": [],
                        "placeholder": "Select an option"
                    },
                    "id": "3ef750b0-9b69-11ea-8900-f875a44e0e11",
                    "label": "Statement of Responsibility Metatype",
                    "node_id": "3ef7295f-9b69-11ea-abec-f875a44e0e11",
                    "sortorder": 2,
                    "visible": false,
                    "widget_id": "10000000-0000-0000-0000-000000000002"
                },
                {
                    "card_id": "3ef7295d-9b69-11ea-a9ec-f875a44e0e11",
                    "config": {
                        "defaultValue": "",
                        "label": "Contributor Name",
                        "maxLength": null,
                        "placeholder": "Enter text",
                        "width": "100%"
                    },
                    "id": "3ef750b1-9b69-11ea-9c90-f875a44e0e11",
                    "label": "Contributor Name",
                    "node_id": "3ef7508e-9b69-11ea-8cab-f875a44e0e11",
                    "sortorder": 13,
                    "visible": true,
                    "widget_id": "10000000-0000-0000-0000-000000000001"
                }
            ],
            "color": null,
            "config": {},
            "deploymentdate": null,
            "deploymentfile": null,
            "description": "",
            "edges": [
                {
                    "description": null,
                    "domainnode_id": "3ef72960-9b69-11ea-97da-f875a44e0e11",
                    "edgeid": "3ef79e6e-9b69-11ea-8122-f875a44e0e11",
                    "graph_id": "3ef7295a-9b69-11ea-a303-f875a44e0e11",
                    "name": null,
                    "ontologyproperty": "http://www.cidoc-crm.org/cidoc-crm/P3_has_note",
                    "rangenode_id": "3ef72961-9b69-11ea-b34a-f875a44e0e11"
                },
                {
                    "description": null,
                    "domainnode_id": "3ef75099-9b69-11ea-99ba-f875a44e0e11",
                    "edgeid": "3ef79e6f-9b69-11ea-a23d-f875a44e0e11",
                    "graph_id": "3ef7295a-9b69-11ea-a303-f875a44e0e11",
                    "name": null,
                    "ontologyproperty": "http://www.cidoc-crm.org/cidoc-crm/P2_has_type",
                    "rangenode_id": "3ef7509d-9b69-11ea-aaf4-f875a44e0e11"
                },
                {
                    "description": null,
                    "domainnode_id": "3ef75097-9b69-11ea-a24d-f875a44e0e11",
                    "edgeid": "3ef79e70-9b69-11ea-982d-f875a44e0e11",
                    "graph_id": "3ef7295a-9b69-11ea-a303-f875a44e0e11",
                    "name": null,
                    "ontologyproperty": "http://www.cidoc-crm.org/cidoc-crm/P2_has_type",
                    "rangenode_id": "3ef75091-9b69-11ea-9edb-f875a44e0e11"
                },
                {
                    "description": null,
                    "domainnode_id": "3ef7508f-9b69-11ea-9a9f-f875a44e0e11",
                    "edgeid": "3ef79e71-9b69-11ea-b2df-f875a44e0e11",
                    "graph_id": "3ef7295a-9b69-11ea-a303-f875a44e0e11",
                    "name": null,
                    "ontologyproperty": "http://www.cidoc-crm.org/cidoc-crm/P2_has_type",
                    "rangenode_id": "3ef75096-9b69-11ea-92c5-f875a44e0e11"
                },
                {
                    "description": null,
                    "domainnode_id": "3ef75090-9b69-11ea-b459-f875a44e0e11",
                    "edgeid": "3ef79e72-9b69-11ea-b051-f875a44e0e11",
                    "graph_id": "3ef7295a-9b69-11ea-a303-f875a44e0e11",
                    "name": null,
                    "ontologyproperty": "http://www.cidoc-crm.org/cidoc-crm/P2_has_type",
                    "rangenode_id": "3ef7508f-9b69-11ea-9a9f-f875a44e0e11"
                },
                {
                    "description": null,
                    "domainnode_id": "3ef72964-9b69-11ea-a53e-f875a44e0e11",
                    "edgeid": "3ef7c57e-9b69-11ea-b931-f875a44e0e11",
                    "graph_id": "3ef7295a-9b69-11ea-a303-f875a44e0e11",
                    "name": null,
                    "ontologyproperty": "http://www.cidoc-crm.org/cidoc-crm/P2_has_type",
                    "rangenode_id": "3ef7508d-9b69-11ea-bc89-f875a44e0e11"
                },
                {
                    "description": null,
                    "domainnode_id": "3ef75090-9b69-11ea-b459-f875a44e0e11",
                    "edgeid": "3ef7c57f-9b69-11ea-8336-f875a44e0e11",
                    "graph_id": "3ef7295a-9b69-11ea-a303-f875a44e0e11",
                    "name": null,
                    "ontologyproperty": "http://www.cidoc-crm.org/cidoc-crm/P14_carried_out_by",
                    "rangenode_id": "3ef72967-9b69-11ea-a4a6-f875a44e0e11"
                },
                {
                    "description": null,
                    "domainnode_id": "3ef72964-9b69-11ea-a53e-f875a44e0e11",
                    "edgeid": "3ef7c580-9b69-11ea-bacf-f875a44e0e11",
                    "graph_id": "3ef7295a-9b69-11ea-a303-f875a44e0e11",
                    "name": null,
                    "ontologyproperty": "http://www.cidoc-crm.org/cidoc-crm/P3_has_note",
                    "rangenode_id": "3ef7508e-9b69-11ea-8cab-f875a44e0e11"
                },
                {
                    "description": null,
                    "domainnode_id": "3ef7508d-9b69-11ea-bc89-f875a44e0e11",
                    "edgeid": "3ef7c581-9b69-11ea-818d-f875a44e0e11",
                    "graph_id": "3ef7295a-9b69-11ea-a303-f875a44e0e11",
                    "name": null,
                    "ontologyproperty": "http://www.cidoc-crm.org/cidoc-crm/P2_has_type",
                    "rangenode_id": "3ef7509a-9b69-11ea-abf3-f875a44e0e11"
                },
                {
                    "description": null,
                    "domainnode_id": "3ef72967-9b69-11ea-a4a6-f875a44e0e11",
                    "edgeid": "3ef7c582-9b69-11ea-b4be-f875a44e0e11",
                    "graph_id": "3ef7295a-9b69-11ea-a303-f875a44e0e11",
                    "name": null,
                    "ontologyproperty": "http://www.cidoc-crm.org/cidoc-crm/P1_is_identified_by",
                    "rangenode_id": "3ef72964-9b69-11ea-a53e-f875a44e0e11"
                },
                {
                    "description": null,
                    "domainnode_id": "3ef75092-9b69-11ea-9a1b-f875a44e0e11",
                    "edgeid": "3ef7c583-9b69-11ea-ad23-f875a44e0e11",
                    "graph_id": "3ef7295a-9b69-11ea-a303-f875a44e0e11",
                    "name": null,
                    "ontologyproperty": "http://www.cidoc-crm.org/cidoc-crm/P3_has_note",
                    "rangenode_id": "3ef75093-9b69-11ea-b7b3-f875a44e0e11"
                },
                {
                    "description": null,
                    "domainnode_id": "3ef72966-9b69-11ea-a7bd-f875a44e0e11",
                    "edgeid": "3ef7c584-9b69-11ea-a26b-f875a44e0e11",
                    "graph_id": "3ef7295a-9b69-11ea-a303-f875a44e0e11",
                    "name": null,
                    "ontologyproperty": "http://www.cidoc-crm.org/cidoc-crm/P2_has_type",
                    "rangenode_id": "3ef75095-9b69-11ea-aa8b-f875a44e0e11"
                },
                {
                    "description": null,
                    "domainnode_id": "3ef72962-9b69-11ea-9a2b-f875a44e0e11",
                    "edgeid": "3ef7c585-9b69-11ea-a813-f875a44e0e11",
                    "graph_id": "3ef7295a-9b69-11ea-a303-f875a44e0e11",
                    "name": null,
                    "ontologyproperty": "http://www.cidoc-crm.org/cidoc-crm/P2_has_type",
                    "rangenode_id": "3ef72963-9b69-11ea-b8d4-f875a44e0e11"
                },
                {
                    "description": null,
                    "domainnode_id": "3ef7295b-9b69-11ea-ae7a-f875a44e0e11",
                    "edgeid": "3ef7c586-9b69-11ea-a32a-f875a44e0e11",
                    "graph_id": "3ef7295a-9b69-11ea-a303-f875a44e0e11",
                    "name": null,
                    "ontologyproperty": "http://www.cidoc-crm.org/cidoc-crm/P9_consists_of",
                    "rangenode_id": "3ef7509c-9b69-11ea-9277-f875a44e0e11"
                },
                {
                    "description": null,
                    "domainnode_id": "3ef7509c-9b69-11ea-9277-f875a44e0e11",
                    "edgeid": "3ef7c587-9b69-11ea-b471-f875a44e0e11",
                    "graph_id": "3ef7295a-9b69-11ea-a303-f875a44e0e11",
                    "name": null,
                    "ontologyproperty": "http://www.cidoc-crm.org/cidoc-crm/P2_has_type",
                    "rangenode_id": "3ef75099-9b69-11ea-99ba-f875a44e0e11"
                },
                {
                    "description": null,
                    "domainnode_id": "3ef7509b-9b69-11ea-a0e8-f875a44e0e11",
                    "edgeid": "3ef7c588-9b69-11ea-8088-f875a44e0e11",
                    "graph_id": "3ef7295a-9b69-11ea-a303-f875a44e0e11",
                    "name": null,
                    "ontologyproperty": "http://www.cidoc-crm.org/cidoc-crm/P14_carried_out_by",
                    "rangenode_id": "3ef72965-9b69-11ea-8ef8-f875a44e0e11"
                },
                {
                    "description": null,
                    "domainnode_id": "3ef72960-9b69-11ea-97da-f875a44e0e11",
                    "edgeid": "3ef7c589-9b69-11ea-a0f7-f875a44e0e11",
                    "graph_id": "3ef7295a-9b69-11ea-a303-f875a44e0e11",
                    "name": null,
                    "ontologyproperty": "http://www.cidoc-crm.org/cidoc-crm/P2_has_type",
                    "rangenode_id": "3ef7295e-9b69-11ea-bed7-f875a44e0e11"
                },
                {
                    "description": null,
                    "domainnode_id": "3ef7295e-9b69-11ea-bed7-f875a44e0e11",
                    "edgeid": "3ef7c58a-9b69-11ea-ab05-f875a44e0e11",
                    "graph_id": "3ef7295a-9b69-11ea-a303-f875a44e0e11",
                    "name": null,
                    "ontologyproperty": "http://www.cidoc-crm.org/cidoc-crm/P2_has_type",
                    "rangenode_id": "3ef7295f-9b69-11ea-abec-f875a44e0e11"
                },
                {
                    "description": null,
                    "domainnode_id": "3ef7295b-9b69-11ea-ae7a-f875a44e0e11",
                    "edgeid": "3ef7c58b-9b69-11ea-8170-f875a44e0e11",
                    "graph_id": "3ef7295a-9b69-11ea-a303-f875a44e0e11",
                    "name": null,
                    "ontologyproperty": "http://www.cidoc-crm.org/cidoc-crm/P129i_is_subject_of",
                    "rangenode_id": "3ef72960-9b69-11ea-97da-f875a44e0e11"
                },
                {
                    "description": null,
                    "domainnode_id": "3ef7509b-9b69-11ea-a0e8-f875a44e0e11",
                    "edgeid": "3ef7c58c-9b69-11ea-9822-f875a44e0e11",
                    "graph_id": "3ef7295a-9b69-11ea-a303-f875a44e0e11",
                    "name": null,
                    "ontologyproperty": "http://www.cidoc-crm.org/cidoc-crm/P2_has_type",
                    "rangenode_id": "3ef75097-9b69-11ea-a24d-f875a44e0e11"
                },
                {
                    "description": null,
                    "domainnode_id": "3ef7295b-9b69-11ea-ae7a-f875a44e0e11",
                    "edgeid": "3ef7c58d-9b69-11ea-94db-f875a44e0e11",
                    "graph_id": "3ef7295a-9b69-11ea-a303-f875a44e0e11",
                    "name": null,
                    "ontologyproperty": "http://www.cidoc-crm.org/cidoc-crm/P9_consists_of",
                    "rangenode_id": "3ef75090-9b69-11ea-b459-f875a44e0e11"
                },
                {
                    "description": null,
                    "domainnode_id": "3ef7295b-9b69-11ea-ae7a-f875a44e0e11",
                    "edgeid": "3ef7c58e-9b69-11ea-99ff-f875a44e0e11",
                    "graph_id": "3ef7295a-9b69-11ea-a303-f875a44e0e11",
                    "name": null,
                    "ontologyproperty": "http://www.cidoc-crm.org/cidoc-crm/P9_consists_of",
                    "rangenode_id": "3ef7509b-9b69-11ea-a0e8-f875a44e0e11"
                },
                {
                    "description": null,
                    "domainnode_id": "3ef75092-9b69-11ea-9a1b-f875a44e0e11",
                    "edgeid": "3ef7c58f-9b69-11ea-86a1-f875a44e0e11",
                    "graph_id": "3ef7295a-9b69-11ea-a303-f875a44e0e11",
                    "name": null,
                    "ontologyproperty": "http://www.cidoc-crm.org/cidoc-crm/P2_has_type",
                    "rangenode_id": "3ef72966-9b69-11ea-a7bd-f875a44e0e11"
                },
                {
                    "description": null,
                    "domainnode_id": "3ef72965-9b69-11ea-8ef8-f875a44e0e11",
                    "edgeid": "3ef7c590-9b69-11ea-825a-f875a44e0e11",
                    "graph_id": "3ef7295a-9b69-11ea-a303-f875a44e0e11",
                    "name": null,
                    "ontologyproperty": "http://www.cidoc-crm.org/cidoc-crm/P1_is_identified_by",
                    "rangenode_id": "3ef75092-9b69-11ea-9a1b-f875a44e0e11"
                },
                {
                    "description": null,
                    "domainnode_id": "3ef7509c-9b69-11ea-9277-f875a44e0e11",
                    "edgeid": "3ef7c591-9b69-11ea-b223-f875a44e0e11",
                    "graph_id": "3ef7295a-9b69-11ea-a303-f875a44e0e11",
                    "name": null,
                    "ontologyproperty": "http://www.cidoc-crm.org/cidoc-crm/P14_carried_out_by",
                    "rangenode_id": "3ef75094-9b69-11ea-9339-f875a44e0e11"
                },
                {
                    "description": null,
                    "domainnode_id": "3ef7508c-9b69-11ea-ab87-f875a44e0e11",
                    "edgeid": "3ef7c592-9b69-11ea-a34b-f875a44e0e11",
                    "graph_id": "3ef7295a-9b69-11ea-a303-f875a44e0e11",
                    "name": null,
                    "ontologyproperty": "http://www.cidoc-crm.org/cidoc-crm/P2_has_type",
                    "rangenode_id": "3ef72962-9b69-11ea-9a2b-f875a44e0e11"
                },
                {
                    "description": null,
                    "domainnode_id": "3ef7508c-9b69-11ea-ab87-f875a44e0e11",
                    "edgeid": "3ef7c593-9b69-11ea-a3fa-f875a44e0e11",
                    "graph_id": "3ef7295a-9b69-11ea-a303-f875a44e0e11",
                    "name": null,
                    "ontologyproperty": "http://www.cidoc-crm.org/cidoc-crm/P3_has_note",
                    "rangenode_id": "3ef75098-9b69-11ea-8b6f-f875a44e0e11"
                },
                {
                    "description": null,
                    "domainnode_id": "3ef75094-9b69-11ea-9339-f875a44e0e11",
                    "edgeid": "3ef7c594-9b69-11ea-b14d-f875a44e0e11",
                    "graph_id": "3ef7295a-9b69-11ea-a303-f875a44e0e11",
                    "name": null,
                    "ontologyproperty": "http://www.cidoc-crm.org/cidoc-crm/P1_is_identified_by",
                    "rangenode_id": "3ef7508c-9b69-11ea-ab87-f875a44e0e11"
                }
            ],
            "functions_x_graphs": [],
            "graphid": "3ef7295a-9b69-11ea-a303-f875a44e0e11",
            "iconclass": "fa fa-pencil",
            "is_editable": true,
            "isactive": true,
            "isresource": false,
            "jsonldcontext": null,
            "name": "Archive Source Creation",
            "nodegroups": [
                {
                    "cardinality": "n",
                    "legacygroupid": null,
                    "nodegroupid": "3ef7295b-9b69-11ea-ae7a-f875a44e0e11",
                    "parentnodegroup_id": null
                }
            ],
            "nodes": [
                {
                    "config": null,
                    "datatype": "semantic",
                    "description": "Represents a single node in a graph",
                    "exportable": false,
                    "fieldname": "",
                    "graph_id": "3ef7295a-9b69-11ea-a303-f875a44e0e11",
                    "is_collector": false,
                    "isrequired": false,
                    "issearchable": true,
                    "istopnode": false,
                    "name": "Editorship",
                    "nodegroup_id": "3ef7295b-9b69-11ea-ae7a-f875a44e0e11",
                    "nodeid": "3ef7509b-9b69-11ea-a0e8-f875a44e0e11",
                    "ontologyclass": "http://www.cidoc-crm.org/cidoc-crm/E65_Creation",
                    "parentproperty": "http://www.cidoc-crm.org/cidoc-crm/P9_consists_of",
                    "sortorder": 0
                },
                {
                    "config": {
                        "rdmCollection": "3e545767-c46c-4fe7-8754-c24528ba0842"
                    },
                    "datatype": "concept",
                    "description": null,
                    "exportable": false,
                    "fieldname": null,
                    "graph_id": "3ef7295a-9b69-11ea-a303-f875a44e0e11",
                    "is_collector": false,
                    "isrequired": false,
                    "issearchable": true,
                    "istopnode": false,
                    "name": "Author Name Type",
                    "nodegroup_id": "3ef7295b-9b69-11ea-ae7a-f875a44e0e11",
                    "nodeid": "3ef72962-9b69-11ea-9a2b-f875a44e0e11",
                    "ontologyclass": "http://www.cidoc-crm.org/cidoc-crm/E55_Type",
                    "parentproperty": "http://www.cidoc-crm.org/cidoc-crm/P2_has_type",
                    "sortorder": 0
                },
                {
                    "config": {
                        "rdmCollection": "1e63c514-eb9d-48d3-94b5-35e060e5f368"
                    },
                    "datatype": "concept",
                    "description": null,
                    "exportable": false,
                    "fieldname": null,
                    "graph_id": "3ef7295a-9b69-11ea-a303-f875a44e0e11",
                    "is_collector": false,
                    "isrequired": false,
                    "issearchable": true,
                    "istopnode": false,
                    "name": "Author Name Metatype",
                    "nodegroup_id": "3ef7295b-9b69-11ea-ae7a-f875a44e0e11",
                    "nodeid": "3ef72963-9b69-11ea-b8d4-f875a44e0e11",
                    "ontologyclass": "http://www.cidoc-crm.org/cidoc-crm/E55_Type",
                    "parentproperty": "http://www.cidoc-crm.org/cidoc-crm/P2_has_type",
                    "sortorder": 0
                },
                {
                    "config": null,
                    "datatype": "semantic",
                    "description": "",
                    "exportable": false,
                    "fieldname": "",
                    "graph_id": "3ef7295a-9b69-11ea-a303-f875a44e0e11",
                    "is_collector": false,
                    "isrequired": false,
                    "issearchable": true,
                    "istopnode": false,
                    "name": "Contributor Names",
                    "nodegroup_id": "3ef7295b-9b69-11ea-ae7a-f875a44e0e11",
                    "nodeid": "3ef72964-9b69-11ea-a53e-f875a44e0e11",
                    "ontologyclass": "http://www.cidoc-crm.org/cidoc-crm/E41_Appellation",
                    "parentproperty": "http://www.cidoc-crm.org/cidoc-crm/P1_is_identified_by",
                    "sortorder": 0
                },
                {
                    "config": null,
                    "datatype": "semantic",
                    "description": null,
                    "exportable": false,
                    "fieldname": null,
                    "graph_id": "3ef7295a-9b69-11ea-a303-f875a44e0e11",
                    "is_collector": false,
                    "isrequired": false,
                    "issearchable": true,
                    "istopnode": false,
                    "name": "Editor",
                    "nodegroup_id": "3ef7295b-9b69-11ea-ae7a-f875a44e0e11",
                    "nodeid": "3ef72965-9b69-11ea-8ef8-f875a44e0e11",
                    "ontologyclass": "http://www.cidoc-crm.org/cidoc-crm/E39_Actor",
                    "parentproperty": "http://www.cidoc-crm.org/cidoc-crm/P14_carried_out_by",
                    "sortorder": 0
                },
                {
                    "config": {
                        "rdmCollection": "3e545767-c46c-4fe7-8754-c24528ba0842"
                    },
                    "datatype": "concept",
                    "description": null,
                    "exportable": false,
                    "fieldname": null,
                    "graph_id": "3ef7295a-9b69-11ea-a303-f875a44e0e11",
                    "is_collector": false,
                    "isrequired": false,
                    "issearchable": true,
                    "istopnode": false,
                    "name": "Editor Name Type",
                    "nodegroup_id": "3ef7295b-9b69-11ea-ae7a-f875a44e0e11",
                    "nodeid": "3ef72966-9b69-11ea-a7bd-f875a44e0e11",
                    "ontologyclass": "http://www.cidoc-crm.org/cidoc-crm/E55_Type",
                    "parentproperty": "http://www.cidoc-crm.org/cidoc-crm/P2_has_type",
                    "sortorder": 0
                },
                {
                    "config": null,
                    "datatype": "semantic",
                    "description": null,
                    "exportable": false,
                    "fieldname": null,
                    "graph_id": "3ef7295a-9b69-11ea-a303-f875a44e0e11",
                    "is_collector": false,
                    "isrequired": false,
                    "issearchable": true,
                    "istopnode": false,
                    "name": "Contributors",
                    "nodegroup_id": "3ef7295b-9b69-11ea-ae7a-f875a44e0e11",
                    "nodeid": "3ef72967-9b69-11ea-a4a6-f875a44e0e11",
                    "ontologyclass": "http://www.cidoc-crm.org/cidoc-crm/E39_Actor",
                    "parentproperty": "http://www.cidoc-crm.org/cidoc-crm/P14_carried_out_by",
                    "sortorder": 0
                },
                {
                    "config": null,
                    "datatype": "semantic",
                    "description": "",
                    "exportable": false,
                    "fieldname": "",
                    "graph_id": "3ef7295a-9b69-11ea-a303-f875a44e0e11",
                    "is_collector": false,
                    "isrequired": false,
                    "issearchable": true,
                    "istopnode": false,
                    "name": "Author Names",
                    "nodegroup_id": "3ef7295b-9b69-11ea-ae7a-f875a44e0e11",
                    "nodeid": "3ef7508c-9b69-11ea-ab87-f875a44e0e11",
                    "ontologyclass": "http://www.cidoc-crm.org/cidoc-crm/E41_Appellation",
                    "parentproperty": "http://www.cidoc-crm.org/cidoc-crm/P1_is_identified_by",
                    "sortorder": 0
                },
                {
                    "config": {
                        "rdmCollection": "3e545767-c46c-4fe7-8754-c24528ba0842"
                    },
                    "datatype": "concept",
                    "description": null,
                    "exportable": false,
                    "fieldname": null,
                    "graph_id": "3ef7295a-9b69-11ea-a303-f875a44e0e11",
                    "is_collector": false,
                    "isrequired": false,
                    "issearchable": true,
                    "istopnode": false,
                    "name": "Contributor Name Type",
                    "nodegroup_id": "3ef7295b-9b69-11ea-ae7a-f875a44e0e11",
                    "nodeid": "3ef7508d-9b69-11ea-bc89-f875a44e0e11",
                    "ontologyclass": "http://www.cidoc-crm.org/cidoc-crm/E55_Type",
                    "parentproperty": "http://www.cidoc-crm.org/cidoc-crm/P2_has_type",
                    "sortorder": 0
                },
                {
                    "config": null,
                    "datatype": "string",
                    "description": null,
                    "exportable": false,
                    "fieldname": null,
                    "graph_id": "3ef7295a-9b69-11ea-a303-f875a44e0e11",
                    "is_collector": false,
                    "isrequired": false,
                    "issearchable": true,
                    "istopnode": false,
                    "name": "Contributor Name",
                    "nodegroup_id": "3ef7295b-9b69-11ea-ae7a-f875a44e0e11",
                    "nodeid": "3ef7508e-9b69-11ea-8cab-f875a44e0e11",
                    "ontologyclass": "http://www.w3.org/2000/01/rdf-schema#Literal",
                    "parentproperty": "http://www.cidoc-crm.org/cidoc-crm/P3_has_note",
                    "sortorder": 0
                },
                {
                    "config": {
                        "rdmCollection": "0cdf5418-d21b-4d01-9760-8edad86ac4f0"
                    },
                    "datatype": "concept",
                    "description": "",
                    "exportable": false,
                    "fieldname": null,
                    "graph_id": "3ef7295a-9b69-11ea-a303-f875a44e0e11",
                    "is_collector": false,
                    "isrequired": false,
                    "issearchable": true,
                    "istopnode": false,
                    "name": "Contribution Type",
                    "nodegroup_id": "3ef7295b-9b69-11ea-ae7a-f875a44e0e11",
                    "nodeid": "3ef7508f-9b69-11ea-9a9f-f875a44e0e11",
                    "ontologyclass": "http://www.cidoc-crm.org/cidoc-crm/E55_Type",
                    "parentproperty": "http://www.cidoc-crm.org/cidoc-crm/P2_has_type",
                    "sortorder": 0
                },
                {
                    "config": null,
                    "datatype": "semantic",
                    "description": "Represents a single node in a graph",
                    "exportable": false,
                    "fieldname": "",
                    "graph_id": "3ef7295a-9b69-11ea-a303-f875a44e0e11",
                    "is_collector": false,
                    "isrequired": false,
                    "issearchable": true,
                    "istopnode": false,
                    "name": "Contribution",
                    "nodegroup_id": "3ef7295b-9b69-11ea-ae7a-f875a44e0e11",
                    "nodeid": "3ef75090-9b69-11ea-b459-f875a44e0e11",
                    "ontologyclass": "http://www.cidoc-crm.org/cidoc-crm/E65_Creation",
                    "parentproperty": "http://www.cidoc-crm.org/cidoc-crm/P9_consists_of",
                    "sortorder": 0
                },
                {
                    "config": {
                        "rdmCollection": "1e63c514-eb9d-48d3-94b5-35e060e5f368"
                    },
                    "datatype": "concept",
                    "description": null,
                    "exportable": false,
                    "fieldname": null,
                    "graph_id": "3ef7295a-9b69-11ea-a303-f875a44e0e11",
                    "is_collector": false,
                    "isrequired": false,
                    "issearchable": true,
                    "istopnode": false,
                    "name": "Editorship Metatype",
                    "nodegroup_id": "3ef7295b-9b69-11ea-ae7a-f875a44e0e11",
                    "nodeid": "3ef75091-9b69-11ea-9edb-f875a44e0e11",
                    "ontologyclass": "http://www.cidoc-crm.org/cidoc-crm/E55_Type",
                    "parentproperty": "http://www.cidoc-crm.org/cidoc-crm/P2_has_type",
                    "sortorder": 0
                },
                {
                    "config": null,
                    "datatype": "semantic",
                    "description": "",
                    "exportable": false,
                    "fieldname": "",
                    "graph_id": "3ef7295a-9b69-11ea-a303-f875a44e0e11",
                    "is_collector": false,
                    "isrequired": false,
                    "issearchable": true,
                    "istopnode": false,
                    "name": "Editor Names",
                    "nodegroup_id": "3ef7295b-9b69-11ea-ae7a-f875a44e0e11",
                    "nodeid": "3ef75092-9b69-11ea-9a1b-f875a44e0e11",
                    "ontologyclass": "http://www.cidoc-crm.org/cidoc-crm/E41_Appellation",
                    "parentproperty": "http://www.cidoc-crm.org/cidoc-crm/P1_is_identified_by",
                    "sortorder": 0
                },
                {
                    "config": null,
                    "datatype": "string",
                    "description": null,
                    "exportable": false,
                    "fieldname": null,
                    "graph_id": "3ef7295a-9b69-11ea-a303-f875a44e0e11",
                    "is_collector": false,
                    "isrequired": false,
                    "issearchable": true,
                    "istopnode": false,
                    "name": "Editor Name",
                    "nodegroup_id": "3ef7295b-9b69-11ea-ae7a-f875a44e0e11",
                    "nodeid": "3ef75093-9b69-11ea-b7b3-f875a44e0e11",
                    "ontologyclass": "http://www.w3.org/2000/01/rdf-schema#Literal",
                    "parentproperty": "http://www.cidoc-crm.org/cidoc-crm/P3_has_note",
                    "sortorder": 0
                },
                {
                    "config": null,
                    "datatype": "semantic",
                    "description": null,
                    "exportable": false,
                    "fieldname": null,
                    "graph_id": "3ef7295a-9b69-11ea-a303-f875a44e0e11",
                    "is_collector": false,
                    "isrequired": false,
                    "issearchable": true,
                    "istopnode": false,
                    "name": "Author",
                    "nodegroup_id": "3ef7295b-9b69-11ea-ae7a-f875a44e0e11",
                    "nodeid": "3ef75094-9b69-11ea-9339-f875a44e0e11",
                    "ontologyclass": "http://www.cidoc-crm.org/cidoc-crm/E39_Actor",
                    "parentproperty": "http://www.cidoc-crm.org/cidoc-crm/P14_carried_out_by",
                    "sortorder": 0
                },
                {
                    "config": {
                        "rdmCollection": "1e63c514-eb9d-48d3-94b5-35e060e5f368"
                    },
                    "datatype": "concept",
                    "description": null,
                    "exportable": false,
                    "fieldname": null,
                    "graph_id": "3ef7295a-9b69-11ea-a303-f875a44e0e11",
                    "is_collector": false,
                    "isrequired": false,
                    "issearchable": true,
                    "istopnode": false,
                    "name": "Editor Name Metatype",
                    "nodegroup_id": "3ef7295b-9b69-11ea-ae7a-f875a44e0e11",
                    "nodeid": "3ef75095-9b69-11ea-aa8b-f875a44e0e11",
                    "ontologyclass": "http://www.cidoc-crm.org/cidoc-crm/E55_Type",
                    "parentproperty": "http://www.cidoc-crm.org/cidoc-crm/P2_has_type",
                    "sortorder": 0
                },
                {
                    "config": {
                        "rdmCollection": "1e63c514-eb9d-48d3-94b5-35e060e5f368"
                    },
                    "datatype": "concept",
                    "description": null,
                    "exportable": false,
                    "fieldname": null,
                    "graph_id": "3ef7295a-9b69-11ea-a303-f875a44e0e11",
                    "is_collector": false,
                    "isrequired": false,
                    "issearchable": true,
                    "istopnode": false,
                    "name": "Contribution Metatype",
                    "nodegroup_id": "3ef7295b-9b69-11ea-ae7a-f875a44e0e11",
                    "nodeid": "3ef75096-9b69-11ea-92c5-f875a44e0e11",
                    "ontologyclass": "http://www.cidoc-crm.org/cidoc-crm/E55_Type",
                    "parentproperty": "http://www.cidoc-crm.org/cidoc-crm/P2_has_type",
                    "sortorder": 0
                },
                {
                    "config": {
                        "rdmCollection": "0cdf5418-d21b-4d01-9760-8edad86ac4f0"
                    },
                    "datatype": "concept",
                    "description": "",
                    "exportable": false,
                    "fieldname": null,
                    "graph_id": "3ef7295a-9b69-11ea-a303-f875a44e0e11",
                    "is_collector": false,
                    "isrequired": false,
                    "issearchable": true,
                    "istopnode": false,
                    "name": "Editorship Type",
                    "nodegroup_id": "3ef7295b-9b69-11ea-ae7a-f875a44e0e11",
                    "nodeid": "3ef75097-9b69-11ea-a24d-f875a44e0e11",
                    "ontologyclass": "http://www.cidoc-crm.org/cidoc-crm/E55_Type",
                    "parentproperty": "http://www.cidoc-crm.org/cidoc-crm/P2_has_type",
                    "sortorder": 0
                },
                {
                    "config": null,
                    "datatype": "string",
                    "description": null,
                    "exportable": false,
                    "fieldname": null,
                    "graph_id": "3ef7295a-9b69-11ea-a303-f875a44e0e11",
                    "is_collector": false,
                    "isrequired": false,
                    "issearchable": true,
                    "istopnode": false,
                    "name": "Author Name",
                    "nodegroup_id": "3ef7295b-9b69-11ea-ae7a-f875a44e0e11",
                    "nodeid": "3ef75098-9b69-11ea-8b6f-f875a44e0e11",
                    "ontologyclass": "http://www.w3.org/2000/01/rdf-schema#Literal",
                    "parentproperty": "http://www.cidoc-crm.org/cidoc-crm/P3_has_note",
                    "sortorder": 0
                },
                {
                    "config": {
                        "rdmCollection": "0cdf5418-d21b-4d01-9760-8edad86ac4f0"
                    },
                    "datatype": "concept",
                    "description": null,
                    "exportable": false,
                    "fieldname": null,
                    "graph_id": "3ef7295a-9b69-11ea-a303-f875a44e0e11",
                    "is_collector": false,
                    "isrequired": false,
                    "issearchable": true,
                    "istopnode": false,
                    "name": "Authorship Type",
                    "nodegroup_id": "3ef7295b-9b69-11ea-ae7a-f875a44e0e11",
                    "nodeid": "3ef75099-9b69-11ea-99ba-f875a44e0e11",
                    "ontologyclass": "http://www.cidoc-crm.org/cidoc-crm/E55_Type",
                    "parentproperty": "http://www.cidoc-crm.org/cidoc-crm/P2_has_type",
                    "sortorder": 0
                },
                {
                    "config": {
                        "rdmCollection": "1e63c514-eb9d-48d3-94b5-35e060e5f368"
                    },
                    "datatype": "concept",
                    "description": null,
                    "exportable": false,
                    "fieldname": null,
                    "graph_id": "3ef7295a-9b69-11ea-a303-f875a44e0e11",
                    "is_collector": false,
                    "isrequired": false,
                    "issearchable": true,
                    "istopnode": false,
                    "name": "Contributor Name Metatype",
                    "nodegroup_id": "3ef7295b-9b69-11ea-ae7a-f875a44e0e11",
                    "nodeid": "3ef7509a-9b69-11ea-abf3-f875a44e0e11",
                    "ontologyclass": "http://www.cidoc-crm.org/cidoc-crm/E55_Type",
                    "parentproperty": "http://www.cidoc-crm.org/cidoc-crm/P2_has_type",
                    "sortorder": 0
                },
                {
                    "config": null,
                    "datatype": "semantic",
                    "description": null,
                    "exportable": false,
                    "fieldname": null,
                    "graph_id": "3ef7295a-9b69-11ea-a303-f875a44e0e11",
                    "is_collector": false,
                    "isrequired": false,
                    "issearchable": true,
                    "istopnode": false,
                    "name": "Authorship",
                    "nodegroup_id": "3ef7295b-9b69-11ea-ae7a-f875a44e0e11",
                    "nodeid": "3ef7509c-9b69-11ea-9277-f875a44e0e11",
                    "ontologyclass": "http://www.cidoc-crm.org/cidoc-crm/E65_Creation",
                    "parentproperty": "http://www.cidoc-crm.org/cidoc-crm/P9_consists_of",
                    "sortorder": 0
                },
                {
                    "config": {
                        "rdmCollection": "1e63c514-eb9d-48d3-94b5-35e060e5f368"
                    },
                    "datatype": "concept",
                    "description": null,
                    "exportable": false,
                    "fieldname": null,
                    "graph_id": "3ef7295a-9b69-11ea-a303-f875a44e0e11",
                    "is_collector": false,
                    "isrequired": false,
                    "issearchable": true,
                    "istopnode": false,
                    "name": "Authorship Metatype",
                    "nodegroup_id": "3ef7295b-9b69-11ea-ae7a-f875a44e0e11",
                    "nodeid": "3ef7509d-9b69-11ea-aaf4-f875a44e0e11",
                    "ontologyclass": "http://www.cidoc-crm.org/cidoc-crm/E55_Type",
                    "parentproperty": "http://www.cidoc-crm.org/cidoc-crm/P2_has_type",
                    "sortorder": 0
                },
                {
                    "config": {
                        "fillColor": "rgba(233,112,111,0.8)"
                    },
                    "datatype": "semantic",
                    "description": "",
                    "exportable": false,
                    "fieldname": "",
                    "graph_id": "3ef7295a-9b69-11ea-a303-f875a44e0e11",
                    "is_collector": true,
                    "isrequired": false,
                    "issearchable": true,
                    "istopnode": true,
                    "name": "Archive Source Creation",
                    "nodegroup_id": "3ef7295b-9b69-11ea-ae7a-f875a44e0e11",
                    "nodeid": "3ef7295b-9b69-11ea-ae7a-f875a44e0e11",
                    "ontologyclass": "http://www.cidoc-crm.org/cidoc-crm/E12_Production",
                    "parentproperty": "",
                    "sortorder": 0
                },
                {
                    "config": {
                        "rdmCollection": "0ff39ed3-cc95-4c60-9321-6d4e65fb1f2d"
                    },
                    "datatype": "concept",
                    "description": null,
                    "exportable": false,
                    "fieldname": null,
                    "graph_id": "3ef7295a-9b69-11ea-a303-f875a44e0e11",
                    "is_collector": false,
                    "isrequired": false,
                    "issearchable": true,
                    "istopnode": false,
                    "name": "Statement of Responsibility Type",
                    "nodegroup_id": "3ef7295b-9b69-11ea-ae7a-f875a44e0e11",
                    "nodeid": "3ef7295e-9b69-11ea-bed7-f875a44e0e11",
                    "ontologyclass": "http://www.cidoc-crm.org/cidoc-crm/E55_Type",
                    "parentproperty": "http://www.cidoc-crm.org/cidoc-crm/P2_has_type",
                    "sortorder": 0
                },
                {
                    "config": {
                        "rdmCollection": "1e63c514-eb9d-48d3-94b5-35e060e5f368"
                    },
                    "datatype": "concept",
                    "description": null,
                    "exportable": false,
                    "fieldname": null,
                    "graph_id": "3ef7295a-9b69-11ea-a303-f875a44e0e11",
                    "is_collector": false,
                    "isrequired": false,
                    "issearchable": true,
                    "istopnode": false,
                    "name": "Statement of Responsibility Metatype",
                    "nodegroup_id": "3ef7295b-9b69-11ea-ae7a-f875a44e0e11",
                    "nodeid": "3ef7295f-9b69-11ea-abec-f875a44e0e11",
                    "ontologyclass": "http://www.cidoc-crm.org/cidoc-crm/E55_Type",
                    "parentproperty": "http://www.cidoc-crm.org/cidoc-crm/P2_has_type",
                    "sortorder": 0
                },
                {
                    "config": null,
                    "datatype": "semantic",
                    "description": null,
                    "exportable": false,
                    "fieldname": null,
                    "graph_id": "3ef7295a-9b69-11ea-a303-f875a44e0e11",
                    "is_collector": false,
                    "isrequired": false,
                    "issearchable": true,
                    "istopnode": false,
                    "name": "Creation Statement of Responsibility",
                    "nodegroup_id": "3ef7295b-9b69-11ea-ae7a-f875a44e0e11",
                    "nodeid": "3ef72960-9b69-11ea-97da-f875a44e0e11",
                    "ontologyclass": "http://www.cidoc-crm.org/cidoc-crm/E33_Linguistic_Object",
                    "parentproperty": "http://www.cidoc-crm.org/cidoc-crm/P129i_is_subject_of",
                    "sortorder": 0
                },
                {
                    "config": null,
                    "datatype": "string",
                    "description": null,
                    "exportable": false,
                    "fieldname": null,
                    "graph_id": "3ef7295a-9b69-11ea-a303-f875a44e0e11",
                    "is_collector": false,
                    "isrequired": false,
                    "issearchable": true,
                    "istopnode": false,
                    "name": "Statement of Responsibility",
                    "nodegroup_id": "3ef7295b-9b69-11ea-ae7a-f875a44e0e11",
                    "nodeid": "3ef72961-9b69-11ea-b34a-f875a44e0e11",
                    "ontologyclass": "http://www.w3.org/2000/01/rdf-schema#Literal",
                    "parentproperty": "http://www.cidoc-crm.org/cidoc-crm/P3_has_note",
                    "sortorder": 0
                }
            ],
            "ontology_id": "e6e8db47-2ccf-11e6-927e-b8f6b115d7dd",
            "relatable_resource_model_ids": [],
            "resource_2_resource_constraints": [],
            "root": {
                "config": {
                    "fillColor": "rgba(233,112,111,0.8)"
                },
                "datatype": "semantic",
                "description": "",
                "exportable": false,
                "fieldname": "",
                "graph_id": "3ef7295a-9b69-11ea-a303-f875a44e0e11",
                "is_collector": true,
                "isrequired": false,
                "issearchable": true,
                "istopnode": true,
                "name": "Archive Source Creation",
                "nodegroup_id": "3ef7295b-9b69-11ea-ae7a-f875a44e0e11",
                "nodeid": "3ef7295b-9b69-11ea-ae7a-f875a44e0e11",
                "ontologyclass": "http://www.cidoc-crm.org/cidoc-crm/E12_Production",
                "sortorder": 0
            },
            "slug": null,
            "subtitle": "",
            "template_id": "50000000-0000-0000-0000-000000000001",
            "version": ""
        }
    ]
}