{
    "graph": [
        {
            "author": "",
            "cards": [
                {
                    "active": true,
                    "cardid": "52a4a171-9931-11ea-ba4a-f875a44e0e11",
                    "component_id": "f05e4d3a-53c1-11e8-b0ea-784f435179ea",
                    "config": null,
                    "constraints": [
                        {
                            "card_id": "52a4a171-9931-11ea-ba4a-f875a44e0e11",
                            "constraintid": "ed94416a-1a30-4954-835d-6719f02fe72c",
                            "nodes": [],
                            "uniquetoallinstances": false
                        }
                    ],
                    "cssclass": null,
                    "description": "",
                    "graph_id": "52a4a16e-9931-11ea-81cd-f875a44e0e11",
                    "helpenabled": false,
                    "helptext": null,
                    "helptitle": null,
                    "instructions": "Use to record details of Archive Items which relate to or reference the activity, eg. historic photographs of excavations.",
                    "is_editable": true,
                    "name": "Associated Archive Objects",
                    "nodegroup_id": "52a4a16f-9931-11ea-b17b-f875a44e0e11",
                    "sortorder": 14,
                    "visible": true
                }
            ],
            "cards_x_nodes_x_widgets": [
                {
                    "card_id": "52a4a171-9931-11ea-ba4a-f875a44e0e11",
                    "config": {
                        "defaultValue": "",
                        "label": "Archive Object Reference",
                        "maxLength": null,
                        "placeholder": "Enter text",
                        "width": "100%"
                    },
                    "id": "52a4a179-9931-11ea-a580-f875a44e0e11",
                    "label": "Archive Object Reference",
                    "node_id": "52a4a173-9931-11ea-a268-f875a44e0e11",
                    "sortorder": 3,
                    "visible": true,
                    "widget_id": "10000000-0000-0000-0000-000000000001"
                },
                {
                    "card_id": "52a4a171-9931-11ea-ba4a-f875a44e0e11",
                    "config": {
                        "defaultValue": "44e9801c-deee-4d6f-b737-657b356a2b89",
                        "label": "Archive Object Title Type",
                        "options": [],
                        "placeholder": "Select an option"
                    },
                    "id": "52a4a17a-9931-11ea-8b3b-f875a44e0e11",
                    "label": "Archive Object Title Type",
                    "node_id": "52a4a175-9931-11ea-b008-f875a44e0e11",
                    "sortorder": 1,
                    "visible": false,
                    "widget_id": "10000000-0000-0000-0000-000000000002"
                },
                {
                    "card_id": "52a4a171-9931-11ea-ba4a-f875a44e0e11",
                    "config": {
                        "defaultValue": "8143c8e3-dc87-46fa-b672-d9a4a9b6303d",
                        "label": "Archive Object Reference Type",
                        "options": [],
                        "placeholder": "Select an option"
                    },
                    "id": "52a4a17b-9931-11ea-9b2b-f875a44e0e11",
                    "label": "Archive Object Reference Type",
                    "node_id": "52a4a178-9931-11ea-8fa1-f875a44e0e11",
                    "sortorder": 4,
                    "visible": false,
                    "widget_id": "10000000-0000-0000-0000-000000000002"
                },
                {
                    "card_id": "52a4a171-9931-11ea-ba4a-f875a44e0e11",
                    "config": {
                        "defaultValue": "",
                        "label": "Archive Object Title",
                        "maxLength": null,
                        "placeholder": "Enter text",
                        "width": "100%"
                    },
                    "id": "52a4a17c-9931-11ea-b4eb-f875a44e0e11",
                    "label": "Archive Object Title",
                    "node_id": "52a4a172-9931-11ea-9d09-f875a44e0e11",
                    "sortorder": 0,
                    "visible": true,
                    "widget_id": "10000000-0000-0000-0000-000000000001"
                },
                {
                    "card_id": "52a4a171-9931-11ea-ba4a-f875a44e0e11",
                    "config": {
                        "defaultValue": null,
                        "label": "Achive Object Title",
                        "maxLength": null,
                        "placeholder": "Enter text",
                        "width": "100%"
                    },
                    "id": "52a4a17d-9931-11ea-8f76-f875a44e0e11",
                    "label": "Achive Object Title",
                    "node_id": "52a4a174-9931-11ea-8c7d-f875a44e0e11",
                    "sortorder": 0,
                    "visible": true,
                    "widget_id": "10000000-0000-0000-0000-000000000001"
                },
                {
                    "card_id": "52a4a171-9931-11ea-ba4a-f875a44e0e11",
                    "config": {
                        "defaultValue": null,
                        "label": "Archive Object Reference Number",
                        "maxLength": null,
                        "placeholder": "Enter text",
                        "width": "100%"
                    },
                    "id": "52a4a17e-9931-11ea-940d-f875a44e0e11",
                    "label": "Archive Object Reference Number",
                    "node_id": "52a4a176-9931-11ea-a462-f875a44e0e11",
                    "sortorder": 1,
                    "visible": true,
                    "widget_id": "10000000-0000-0000-0000-000000000001"
                },
                {
                    "card_id": "52a4a171-9931-11ea-ba4a-f875a44e0e11",
                    "config": {
                        "defaultValue": null,
                        "label": "Archive Holder",
                        "placeholder": "Select an option"
                    },
                    "id": "52a4a17f-9931-11ea-a3de-f875a44e0e11",
                    "label": "Archive Holder",
                    "node_id": "52a4a177-9931-11ea-a3dc-f875a44e0e11",
                    "sortorder": 6,
                    "visible": true,
                    "widget_id": "ff3c400a-76ec-11e7-a793-784f435179ea"
                },
                {
                    "card_id": "52a4a171-9931-11ea-ba4a-f875a44e0e11",
                    "config": {
                        "defaultValue": "7346be23-bff6-42dc-91d0-7c5182aa0031",
                        "label": "Archive Object Reference Metatype",
                        "options": [],
                        "placeholder": "Select an option"
                    },
                    "id": "e1db6229-9f60-11ea-9e4a-f875a44e0e11",
                    "label": "Archive Object Reference Metatype",
                    "node_id": "59de7134-9f60-11ea-a627-f875a44e0e11",
                    "sortorder": 5,
                    "visible": false,
                    "widget_id": "10000000-0000-0000-0000-000000000002"
                },
                {
                    "card_id": "52a4a171-9931-11ea-ba4a-f875a44e0e11",
                    "config": {
                        "defaultValue": "a0e096e2-f5ae-4579-950d-3040714713b4",
                        "label": "Archive Object Title Metatype",
                        "options": [],
                        "placeholder": "Select an option"
                    },
                    "id": "e1ddfa3a-9f60-11ea-9c17-f875a44e0e11",
                    "label": "Archive Object Title Metatype",
                    "node_id": "79ceb9ca-9f60-11ea-8088-f875a44e0e11",
                    "sortorder": 2,
                    "visible": false,
                    "widget_id": "10000000-0000-0000-0000-000000000002"
                }
            ],
            "color": null,
            "config": {
                "basemap": "streets",
                "bearing": 0,
                "centerX": -1.5983286851933372,
                "centerY": 53.155430248627454,
                "featureColor": "rgba(0,41,255,1)",
                "featureEditingDisabled": true,
                "featureLineWidth": 1,
                "featurePointSize": 3,
                "geocodePlaceholder": "Search",
                "geocodeProvider": "10000000-0000-0000-0000-010000000000",
                "geocoderVisible": true,
                "geometryTypes": [
                    {
                        "id": "Point",
                        "text": "Point"
                    },
                    {
                        "id": "Line",
                        "text": "Line"
                    },
                    {
                        "id": "Polygon",
                        "text": "Polygon"
                    }
                ],
                "mapControlsHidden": false,
                "maxZoom": 20,
                "minZoom": 0,
                "overlayConfigs": [],
                "overlayOpacity": 0,
                "pitch": 0,
                "zoom": 5
            },
            "deploymentdate": null,
            "deploymentfile": null,
            "description": "",
            "edges": [
                {
                    "description": null,
                    "domainnode_id": "52a4a174-9931-11ea-8c7d-f875a44e0e11",
                    "edgeid": "52a4a183-9931-11ea-9da1-f875a44e0e11",
                    "graph_id": "52a4a16e-9931-11ea-81cd-f875a44e0e11",
                    "name": null,
                    "ontologyproperty": "http://www.cidoc-crm.org/cidoc-crm/P3_has_note",
                    "rangenode_id": "52a4a172-9931-11ea-9d09-f875a44e0e11"
                },
                {
                    "description": null,
                    "domainnode_id": "52a4a174-9931-11ea-8c7d-f875a44e0e11",
                    "edgeid": "52a4a184-9931-11ea-a28d-f875a44e0e11",
                    "graph_id": "52a4a16e-9931-11ea-81cd-f875a44e0e11",
                    "name": null,
                    "ontologyproperty": "http://www.cidoc-crm.org/cidoc-crm/P2_has_type",
                    "rangenode_id": "52a4a175-9931-11ea-b008-f875a44e0e11"
                },
                {
                    "description": null,
                    "domainnode_id": "52a4a176-9931-11ea-a462-f875a44e0e11",
                    "edgeid": "52a4a185-9931-11ea-a178-f875a44e0e11",
                    "graph_id": "52a4a16e-9931-11ea-81cd-f875a44e0e11",
                    "name": null,
                    "ontologyproperty": "http://www.cidoc-crm.org/cidoc-crm/P3_has_note",
                    "rangenode_id": "52a4a173-9931-11ea-a268-f875a44e0e11"
                },
                {
                    "description": null,
                    "domainnode_id": "52a4a16f-9931-11ea-b17b-f875a44e0e11",
                    "edgeid": "52a4a186-9931-11ea-9033-f875a44e0e11",
                    "graph_id": "52a4a16e-9931-11ea-81cd-f875a44e0e11",
                    "name": null,
                    "ontologyproperty": "http://www.cidoc-crm.org/cidoc-crm/P49_has_former_or_current_keeper",
                    "rangenode_id": "52a4a177-9931-11ea-a3dc-f875a44e0e11"
                },
                {
                    "description": null,
                    "domainnode_id": "52a4a178-9931-11ea-8fa1-f875a44e0e11",
                    "edgeid": "59de7135-9f60-11ea-82d8-f875a44e0e11",
                    "graph_id": "52a4a16e-9931-11ea-81cd-f875a44e0e11",
                    "name": null,
                    "ontologyproperty": "http://www.cidoc-crm.org/cidoc-crm/P2_has_type",
                    "rangenode_id": "59de7134-9f60-11ea-a627-f875a44e0e11"
                },
                {
                    "description": null,
                    "domainnode_id": "52a4a175-9931-11ea-b008-f875a44e0e11",
                    "edgeid": "79ceb9cb-9f60-11ea-99f4-f875a44e0e11",
                    "graph_id": "52a4a16e-9931-11ea-81cd-f875a44e0e11",
                    "name": null,
                    "ontologyproperty": "http://www.cidoc-crm.org/cidoc-crm/P2_has_type",
                    "rangenode_id": "79ceb9ca-9f60-11ea-8088-f875a44e0e11"
                },
                {
                    "description": null,
                    "domainnode_id": "52a4a176-9931-11ea-a462-f875a44e0e11",
                    "edgeid": "52a4a180-9931-11ea-a196-f875a44e0e11",
                    "graph_id": "52a4a16e-9931-11ea-81cd-f875a44e0e11",
                    "name": null,
                    "ontologyproperty": "http://www.cidoc-crm.org/cidoc-crm/P2_has_type",
                    "rangenode_id": "52a4a178-9931-11ea-8fa1-f875a44e0e11"
                },
                {
                    "description": null,
                    "domainnode_id": "52a4a16f-9931-11ea-b17b-f875a44e0e11",
                    "edgeid": "52a4a181-9931-11ea-ae2f-f875a44e0e11",
                    "graph_id": "52a4a16e-9931-11ea-81cd-f875a44e0e11",
                    "name": null,
                    "ontologyproperty": "http://www.cidoc-crm.org/cidoc-crm/P1_is_identified_by",
                    "rangenode_id": "52a4a174-9931-11ea-8c7d-f875a44e0e11"
                },
                {
                    "description": null,
                    "domainnode_id": "52a4a16f-9931-11ea-b17b-f875a44e0e11",
                    "edgeid": "52a4a182-9931-11ea-9cfc-f875a44e0e11",
                    "graph_id": "52a4a16e-9931-11ea-81cd-f875a44e0e11",
                    "name": null,
                    "ontologyproperty": "http://www.cidoc-crm.org/cidoc-crm/P1_is_identified_by",
                    "rangenode_id": "52a4a176-9931-11ea-a462-f875a44e0e11"
                }
            ],
            "functions_x_graphs": [],
            "graphid": "52a4a16e-9931-11ea-81cd-f875a44e0e11",
            "iconclass": "fa fa-archive",
            "is_editable": true,
            "isactive": true,
            "isresource": false,
            "jsonldcontext": null,
            "name": "Associated Archive Objects",
            "nodegroups": [
                {
                    "cardinality": "n",
                    "legacygroupid": null,
                    "nodegroupid": "52a4a16f-9931-11ea-b17b-f875a44e0e11",
                    "parentnodegroup_id": null
                }
            ],
            "nodes": [
                {
                    "config": {
                        "rdmCollection": "1e63c514-eb9d-48d3-94b5-35e060e5f368"
                    },
                    "datatype": "concept",
                    "description": null,
                    "exportable": false,
                    "fieldname": null,
                    "graph_id": "52a4a16e-9931-11ea-81cd-f875a44e0e11",
                    "is_collector": false,
                    "isrequired": false,
                    "issearchable": true,
                    "istopnode": false,
                    "name": "Archive Object Reference Metatype",
                    "nodegroup_id": "52a4a16f-9931-11ea-b17b-f875a44e0e11",
                    "nodeid": "59de7134-9f60-11ea-a627-f875a44e0e11",
                    "ontologyclass": "http://www.cidoc-crm.org/cidoc-crm/E55_Type",
                    "parentproperty": "http://www.cidoc-crm.org/cidoc-crm/P2_has_type",
                    "sortorder": 0
                },
                {
                    "config": {
                        "rdmCollection": "1e63c514-eb9d-48d3-94b5-35e060e5f368"
                    },
                    "datatype": "concept",
                    "description": null,
                    "exportable": false,
                    "fieldname": null,
                    "graph_id": "52a4a16e-9931-11ea-81cd-f875a44e0e11",
                    "is_collector": false,
                    "isrequired": false,
                    "issearchable": true,
                    "istopnode": false,
                    "name": "Archive Object Title Metatype",
                    "nodegroup_id": "52a4a16f-9931-11ea-b17b-f875a44e0e11",
                    "nodeid": "79ceb9ca-9f60-11ea-8088-f875a44e0e11",
                    "ontologyclass": "http://www.cidoc-crm.org/cidoc-crm/E55_Type",
                    "parentproperty": "http://www.cidoc-crm.org/cidoc-crm/P2_has_type",
                    "sortorder": 0
                },
                {
                    "config": {
                        "rdmCollection": "3e545767-c46c-4fe7-8754-c24528ba0842"
                    },
                    "datatype": "concept",
                    "description": null,
                    "exportable": false,
                    "fieldname": null,
                    "graph_id": "52a4a16e-9931-11ea-81cd-f875a44e0e11",
                    "is_collector": false,
                    "isrequired": false,
                    "issearchable": true,
                    "istopnode": false,
                    "name": "Archive Object Title Type",
                    "nodegroup_id": "52a4a16f-9931-11ea-b17b-f875a44e0e11",
                    "nodeid": "52a4a175-9931-11ea-b008-f875a44e0e11",
                    "ontologyclass": "http://www.cidoc-crm.org/cidoc-crm/E55_Type",
                    "parentproperty": "http://www.cidoc-crm.org/cidoc-crm/P2_has_type",
                    "sortorder": 0
                },
                {
                    "config": {
                        "rdmCollection": "c223718d-cdc1-4c5f-997b-7d67018e27f7"
                    },
                    "datatype": "concept",
                    "description": null,
                    "exportable": false,
                    "fieldname": null,
                    "graph_id": "52a4a16e-9931-11ea-81cd-f875a44e0e11",
                    "is_collector": false,
                    "isrequired": false,
                    "issearchable": true,
                    "istopnode": false,
                    "name": "Archive Object Reference Type",
                    "nodegroup_id": "52a4a16f-9931-11ea-b17b-f875a44e0e11",
                    "nodeid": "52a4a178-9931-11ea-8fa1-f875a44e0e11",
                    "ontologyclass": "http://www.cidoc-crm.org/cidoc-crm/E55_Type",
                    "parentproperty": "http://www.cidoc-crm.org/cidoc-crm/P2_has_type",
                    "sortorder": 0
                },
                {
                    "config": {},
                    "datatype": "semantic",
                    "description": null,
                    "exportable": false,
                    "fieldname": "",
                    "graph_id": "52a4a16e-9931-11ea-81cd-f875a44e0e11",
                    "is_collector": true,
                    "isrequired": false,
                    "issearchable": true,
                    "istopnode": true,
                    "name": "Associated Archive Objects",
                    "nodegroup_id": "52a4a16f-9931-11ea-b17b-f875a44e0e11",
                    "nodeid": "52a4a16f-9931-11ea-b17b-f875a44e0e11",
                    "ontologyclass": "http://www.cidoc-crm.org/cidoc-crm/E24_Physical_Human-Made_Thing",
                    "parentproperty": "",
                    "sortorder": 0
                },
                {
                    "config": null,
                    "datatype": "string",
                    "description": null,
                    "exportable": false,
                    "fieldname": null,
                    "graph_id": "52a4a16e-9931-11ea-81cd-f875a44e0e11",
                    "is_collector": false,
                    "isrequired": false,
                    "issearchable": true,
                    "istopnode": false,
                    "name": "Archive Object Reference",
                    "nodegroup_id": "52a4a16f-9931-11ea-b17b-f875a44e0e11",
                    "nodeid": "52a4a173-9931-11ea-a268-f875a44e0e11",
                    "ontologyclass": "http://www.w3.org/2000/01/rdf-schema#Literal",
                    "parentproperty": "http://www.cidoc-crm.org/cidoc-crm/P3_has_note",
                    "sortorder": 0
                },
                {
                    "config": null,
                    "datatype": "semantic",
                    "description": null,
                    "exportable": false,
                    "fieldname": "",
                    "graph_id": "52a4a16e-9931-11ea-81cd-f875a44e0e11",
                    "is_collector": false,
                    "isrequired": false,
                    "issearchable": true,
                    "istopnode": false,
                    "name": "Archive Object Titles",
                    "nodegroup_id": "52a4a16f-9931-11ea-b17b-f875a44e0e11",
                    "nodeid": "52a4a174-9931-11ea-8c7d-f875a44e0e11",
                    "ontologyclass": "http://www.cidoc-crm.org/cidoc-crm/E41_Appellation",
                    "parentproperty": "http://www.cidoc-crm.org/cidoc-crm/P1_is_identified_by",
                    "sortorder": 0
                },
                {
                    "config": null,
                    "datatype": "string",
                    "description": null,
                    "exportable": false,
                    "fieldname": null,
                    "graph_id": "52a4a16e-9931-11ea-81cd-f875a44e0e11",
                    "is_collector": false,
                    "isrequired": false,
                    "issearchable": true,
                    "istopnode": false,
                    "name": "Archive Object Title",
                    "nodegroup_id": "52a4a16f-9931-11ea-b17b-f875a44e0e11",
                    "nodeid": "52a4a172-9931-11ea-9d09-f875a44e0e11",
                    "ontologyclass": "http://www.w3.org/2000/01/rdf-schema#Literal",
                    "parentproperty": "http://www.cidoc-crm.org/cidoc-crm/P3_has_note",
                    "sortorder": 0
                },
                {
                    "config": {
                        "graphid": [
                            "d4a88461-5463-11e9-90d9-000d3ab1e588",
                            "22477f01-1a44-11e9-b0a9-000d3ab1e588"
                        ],
                        "graphs": [
                            {
                                "graphid": "d4a88461-5463-11e9-90d9-000d3ab1e588",
                                "name": "Organization"
                            },
                            {
                                "graphid": "22477f01-1a44-11e9-b0a9-000d3ab1e588",
                                "name": "Person"
                            }
                        ]
                    },
                    "datatype": "resource-instance-list",
                    "description": null,
                    "exportable": false,
                    "fieldname": "",
                    "graph_id": "52a4a16e-9931-11ea-81cd-f875a44e0e11",
                    "is_collector": false,
                    "isrequired": false,
                    "issearchable": true,
                    "istopnode": false,
                    "name": "Archive Holder",
                    "nodegroup_id": "52a4a16f-9931-11ea-b17b-f875a44e0e11",
                    "nodeid": "52a4a177-9931-11ea-a3dc-f875a44e0e11",
                    "ontologyclass": "http://www.cidoc-crm.org/cidoc-crm/E39_Actor",
                    "parentproperty": "http://www.cidoc-crm.org/cidoc-crm/P49_has_former_or_current_keeper",
                    "sortorder": 0
                },
                {
                    "config": null,
                    "datatype": "semantic",
                    "description": null,
                    "exportable": false,
                    "fieldname": "",
                    "graph_id": "52a4a16e-9931-11ea-81cd-f875a44e0e11",
                    "is_collector": false,
                    "isrequired": false,
                    "issearchable": true,
                    "istopnode": false,
                    "name": "Archive Object References",
                    "nodegroup_id": "52a4a16f-9931-11ea-b17b-f875a44e0e11",
                    "nodeid": "52a4a176-9931-11ea-a462-f875a44e0e11",
                    "ontologyclass": "http://www.cidoc-crm.org/cidoc-crm/E42_Identifier",
                    "parentproperty": "http://www.cidoc-crm.org/cidoc-crm/P1_is_identified_by",
                    "sortorder": 0
                }
            ],
            "ontology_id": "e6e8db47-2ccf-11e6-927e-b8f6b115d7dd",
            "relatable_resource_model_ids": [],
            "resource_2_resource_constraints": [],
            "root": {
                "config": {},
                "datatype": "semantic",
                "description": null,
                "exportable": false,
                "fieldname": "",
                "graph_id": "52a4a16e-9931-11ea-81cd-f875a44e0e11",
                "is_collector": true,
                "isrequired": false,
                "issearchable": true,
                "istopnode": true,
                "name": "Associated Archive Objects",
                "nodegroup_id": "52a4a16f-9931-11ea-b17b-f875a44e0e11",
                "nodeid": "52a4a16f-9931-11ea-b17b-f875a44e0e11",
                "ontologyclass": "http://www.cidoc-crm.org/cidoc-crm/E24_Physical_Human-Made_Thing",
                "sortorder": 0
            },
            "slug": null,
            "subtitle": "Used to record the details of specific, named Archive Objects associated with a resource.",
            "template_id": "50000000-0000-0000-0000-000000000002",
            "version": ""
        }
    ]
}