{
    "graph": [
        {
            "author": "",
            "cards": [
                {
                    "active": true,
                    "cardid": "00231837-51c1-11eb-a963-f875a44e0e11",
                    "component_id": "f05e4d3a-53c1-11e8-b0ea-784f435179ea",
                    "config": null,
                    "constraints": [
                        {
                            "card_id": "00231837-51c1-11eb-a963-f875a44e0e11",
                            "constraintid": "ee56ac0f-51f4-4f48-9371-0590fa0edba8",
                            "nodes": [],
                            "uniquetoallinstances": false
                        }
                    ],
                    "cssclass": null,
                    "description": "",
                    "graph_id": "00231834-51c1-11eb-84cf-f875a44e0e11",
                    "helpenabled": false,
                    "helptext": null,
                    "helptitle": null,
                    "instructions": null,
                    "is_editable": true,
                    "name": "Associated Archives",
                    "nodegroup_id": "00231835-51c1-11eb-bf5b-f875a44e0e11",
                    "sortorder": 19,
                    "visible": true
                }
            ],
            "cards_x_nodes_x_widgets": [
                {
                    "card_id": "00231837-51c1-11eb-a963-f875a44e0e11",
                    "config": {
                        "label": "Archive Holder",
                        "placeholder": ""
                    },
                    "id": "00240363-51c1-11eb-97a1-f875a44e0e11",
                    "label": "Archive Holder",
                    "node_id": "00233fe6-51c1-11eb-961d-f875a44e0e11",
                    "sortorder": 6,
                    "visible": true,
                    "widget_id": "ff3c400a-76ec-11e7-a793-784f435179ea"
                },
                {
                    "card_id": "00231837-51c1-11eb-a963-f875a44e0e11",
                    "config": {
                        "defaultValue": "8143c8e3-dc87-46fa-b672-d9a4a9b6303d",
                        "label": "Archive Object Reference Type",
                        "options": [],
                        "placeholder": "Select an option"
                    },
                    "id": "00240366-51c1-11eb-9f2d-f875a44e0e11",
                    "label": "Archive Object Reference Type",
                    "node_id": "0023183e-51c1-11eb-8000-f875a44e0e11",
                    "sortorder": 4,
                    "visible": false,
                    "widget_id": "10000000-0000-0000-0000-000000000002"
                },
                {
                    "card_id": "00231837-51c1-11eb-a963-f875a44e0e11",
                    "config": {
                        "defaultValue": "a0e096e2-f5ae-4579-950d-3040714713b4",
                        "label": "Archive Object Title Metatype",
                        "options": [],
                        "placeholder": "Select an option"
                    },
                    "id": "00240360-51c1-11eb-96ca-f875a44e0e11",
                    "label": "Archive Object Title Metatype",
                    "node_id": "0023183d-51c1-11eb-a5c6-f875a44e0e11",
                    "sortorder": 2,
                    "visible": false,
                    "widget_id": "10000000-0000-0000-0000-000000000002"
                },
                {
                    "card_id": "00231837-51c1-11eb-a963-f875a44e0e11",
                    "config": {
                        "defaultValue": "a0e096e2-f5ae-4579-950d-3040714713b4",
                        "label": "Archive Object Reference Metatype",
                        "options": [],
                        "placeholder": "Select an option"
                    },
                    "id": "00240361-51c1-11eb-b6f2-f875a44e0e11",
                    "label": "Archive Object Reference Metatype",
                    "node_id": "0024035f-51c1-11eb-bbfc-f875a44e0e11",
                    "sortorder": 5,
                    "visible": false,
                    "widget_id": "10000000-0000-0000-0000-000000000002"
                },
                {
                    "card_id": "00231837-51c1-11eb-a963-f875a44e0e11",
                    "config": {
                        "defaultValue": "44e9801c-deee-4d6f-b737-657b356a2b89",
                        "label": "Archive Object Title Type",
                        "options": [],
                        "placeholder": "Select an option"
                    },
                    "id": "00240362-51c1-11eb-9471-f875a44e0e11",
                    "label": "Archive Object Title Type",
                    "node_id": "0023183b-51c1-11eb-a91d-f875a44e0e11",
                    "sortorder": 1,
                    "visible": false,
                    "widget_id": "10000000-0000-0000-0000-000000000002"
                },
                {
                    "card_id": "00231837-51c1-11eb-a963-f875a44e0e11",
                    "config": {
                        "defaultValue": "",
                        "label": "Archive Object Reference",
                        "maxLength": null,
                        "placeholder": "Enter text",
                        "width": "100%"
                    },
                    "id": "00240364-51c1-11eb-98ac-f875a44e0e11",
                    "label": "Archive Object Reference",
                    "node_id": "0024035e-51c1-11eb-a290-f875a44e0e11",
                    "sortorder": 3,
                    "visible": true,
                    "widget_id": "10000000-0000-0000-0000-000000000001"
                },
                {
                    "card_id": "00231837-51c1-11eb-a963-f875a44e0e11",
                    "config": {
                        "defaultValue": "",
                        "label": "Archive Object Title",
                        "maxLength": null,
                        "placeholder": "Enter text",
                        "width": "100%"
                    },
                    "id": "00240365-51c1-11eb-93ac-f875a44e0e11",
                    "label": "Archive Object Title",
                    "node_id": "0023183c-51c1-11eb-8a55-f875a44e0e11",
                    "sortorder": 0,
                    "visible": true,
                    "widget_id": "10000000-0000-0000-0000-000000000001"
                },
                {
                    "card_id": "00231837-51c1-11eb-a963-f875a44e0e11",
                    "config": {
                        "defaultValue": "",
                        "label": "Asssociation Type",
                        "options": [],
                        "placeholder": "Select an option"
                    },
                    "id": "4dc311f1-51c2-11eb-abf2-f875a44e0e11",
                    "label": "Asssociation Type",
                    "node_id": "17d18ea8-51c2-11eb-b48d-f875a44e0e11",
                    "sortorder": 7,
                    "visible": true,
                    "widget_id": "10000000-0000-0000-0000-000000000002"
                },
                {
                    "card_id": "00231837-51c1-11eb-a963-f875a44e0e11",
                    "config": {
                        "defaultValue": "d3b75e3a-638e-490e-8d1b-bbb5c504ce94",
                        "label": "Association Metatype",
                        "options": [],
                        "placeholder": "Select an option"
                    },
                    "id": "4dc64659-51c2-11eb-b474-f875a44e0e11",
                    "label": "Association Metatype",
                    "node_id": "30465174-51c2-11eb-9ed3-f875a44e0e11",
                    "sortorder": 8,
                    "visible": false,
                    "widget_id": "10000000-0000-0000-0000-000000000002"
                }
            ],
            "color": "rgba(33,59,134,1)",
            "config": {
                "basemap": "streets",
                "bearing": 0,
                "defaultValue": "",
                "defaultValueType": 0,
                "featureColor": "#FF0000",
                "featureEditingDisabled": true,
                "featureLineWidth": 1,
                "featurePointSize": 3,
                "geocodePlaceholder": "Search",
                "geocodeProvider": "10000000-0000-0000-0000-010000000000",
                "geocoderVisible": true,
                "mapControlsHidden": false,
                "maxZoom": 20,
                "minZoom": 0,
                "overlayConfigs": [],
                "overlayOpacity": 0,
                "pitch": 0,
                "zoom": 4.908319487490616
            },
            "deploymentdate": null,
            "deploymentfile": null,
            "description": "",
            "edges": [
                {
                    "description": null,
                    "domainnode_id": "00231839-51c1-11eb-b47d-f875a44e0e11",
                    "edgeid": "00242a46-51c1-11eb-aa62-f875a44e0e11",
                    "graph_id": "00231834-51c1-11eb-84cf-f875a44e0e11",
                    "name": null,
                    "ontologyproperty": "http://www.cidoc-crm.org/cidoc-crm/P2_has_type",
                    "rangenode_id": "0023183e-51c1-11eb-8000-f875a44e0e11"
                },
                {
                    "description": null,
                    "domainnode_id": "0023183b-51c1-11eb-a91d-f875a44e0e11",
                    "edgeid": "00242a47-51c1-11eb-a648-f875a44e0e11",
                    "graph_id": "00231834-51c1-11eb-84cf-f875a44e0e11",
                    "name": null,
                    "ontologyproperty": "http://www.cidoc-crm.org/cidoc-crm/P2_has_type",
                    "rangenode_id": "0023183d-51c1-11eb-a5c6-f875a44e0e11"
                },
                {
                    "description": null,
                    "domainnode_id": "00231838-51c1-11eb-9857-f875a44e0e11",
                    "edgeid": "00242a48-51c1-11eb-b5c2-f875a44e0e11",
                    "graph_id": "00231834-51c1-11eb-84cf-f875a44e0e11",
                    "name": null,
                    "ontologyproperty": "http://www.cidoc-crm.org/cidoc-crm/P1_is_identified_by",
                    "rangenode_id": "0023183a-51c1-11eb-a34c-f875a44e0e11"
                },
                {
                    "description": null,
                    "domainnode_id": "00231838-51c1-11eb-9857-f875a44e0e11",
                    "edgeid": "00242a49-51c1-11eb-808b-f875a44e0e11",
                    "graph_id": "00231834-51c1-11eb-84cf-f875a44e0e11",
                    "name": null,
                    "ontologyproperty": "http://www.cidoc-crm.org/cidoc-crm/P1_is_identified_by",
                    "rangenode_id": "00231839-51c1-11eb-b47d-f875a44e0e11"
                },
                {
                    "description": null,
                    "domainnode_id": "0023183a-51c1-11eb-a34c-f875a44e0e11",
                    "edgeid": "00242a4a-51c1-11eb-a38d-f875a44e0e11",
                    "graph_id": "00231834-51c1-11eb-84cf-f875a44e0e11",
                    "name": null,
                    "ontologyproperty": "http://www.cidoc-crm.org/cidoc-crm/P3_has_note",
                    "rangenode_id": "0023183c-51c1-11eb-8a55-f875a44e0e11"
                },
                {
                    "description": null,
                    "domainnode_id": "0023183a-51c1-11eb-a34c-f875a44e0e11",
                    "edgeid": "00242a4b-51c1-11eb-8d89-f875a44e0e11",
                    "graph_id": "00231834-51c1-11eb-84cf-f875a44e0e11",
                    "name": null,
                    "ontologyproperty": "http://www.cidoc-crm.org/cidoc-crm/P2_has_type",
                    "rangenode_id": "0023183b-51c1-11eb-a91d-f875a44e0e11"
                },
                {
                    "description": null,
                    "domainnode_id": "00231839-51c1-11eb-b47d-f875a44e0e11",
                    "edgeid": "00242a4c-51c1-11eb-a2a5-f875a44e0e11",
                    "graph_id": "00231834-51c1-11eb-84cf-f875a44e0e11",
                    "name": null,
                    "ontologyproperty": "http://www.cidoc-crm.org/cidoc-crm/P3_has_note",
                    "rangenode_id": "0024035e-51c1-11eb-a290-f875a44e0e11"
                },
                {
                    "description": null,
                    "domainnode_id": "0023183e-51c1-11eb-8000-f875a44e0e11",
                    "edgeid": "0024514c-51c1-11eb-b5cb-f875a44e0e11",
                    "graph_id": "00231834-51c1-11eb-84cf-f875a44e0e11",
                    "name": null,
                    "ontologyproperty": "http://www.cidoc-crm.org/cidoc-crm/P2_has_type",
                    "rangenode_id": "0024035f-51c1-11eb-bbfc-f875a44e0e11"
                },
                {
                    "description": null,
                    "domainnode_id": "00231835-51c1-11eb-bf5b-f875a44e0e11",
                    "edgeid": "17d18ea9-51c2-11eb-8e1e-f875a44e0e11",
                    "graph_id": "00231834-51c1-11eb-84cf-f875a44e0e11",
                    "name": null,
                    "ontologyproperty": "http://www.cidoc-crm.org/cidoc-crm/P2_has_type",
                    "rangenode_id": "17d18ea8-51c2-11eb-b48d-f875a44e0e11"
                },
                {
                    "description": null,
                    "domainnode_id": "00231838-51c1-11eb-9857-f875a44e0e11",
                    "edgeid": "00242a4d-51c1-11eb-ba3a-f875a44e0e11",
                    "graph_id": "00231834-51c1-11eb-84cf-f875a44e0e11",
                    "name": null,
                    "ontologyproperty": "http://www.cidoc-crm.org/cidoc-crm/P49_has_former_or_current_keeper",
                    "rangenode_id": "00233fe6-51c1-11eb-961d-f875a44e0e11"
                },
                {
                    "description": null,
                    "domainnode_id": "00231835-51c1-11eb-bf5b-f875a44e0e11",
                    "edgeid": "00242a4e-51c1-11eb-b32e-f875a44e0e11",
                    "graph_id": "00231834-51c1-11eb-84cf-f875a44e0e11",
                    "name": null,
                    "ontologyproperty": "http://www.cidoc-crm.org/cidoc-crm/P16_used_specific_object",
                    "rangenode_id": "00231838-51c1-11eb-9857-f875a44e0e11"
                },
                {
                    "description": null,
                    "domainnode_id": "17d18ea8-51c2-11eb-b48d-f875a44e0e11",
                    "edgeid": "304677ba-51c2-11eb-935a-f875a44e0e11",
                    "graph_id": "00231834-51c1-11eb-84cf-f875a44e0e11",
                    "name": null,
                    "ontologyproperty": "http://www.cidoc-crm.org/cidoc-crm/P2_has_type",
                    "rangenode_id": "30465174-51c2-11eb-9ed3-f875a44e0e11"
                }
            ],
            "functions_x_graphs": [],
            "graphid": "00231834-51c1-11eb-84cf-f875a44e0e11",
            "iconclass": "fa fa-archive",
            "is_editable": true,
            "isactive": true,
            "isresource": false,
            "jsonldcontext": null,
            "name": "Associated Archives",
            "nodegroups": [
                {
                    "cardinality": "n",
                    "legacygroupid": null,
                    "nodegroupid": "00231835-51c1-11eb-bf5b-f875a44e0e11",
                    "parentnodegroup_id": null
                }
            ],
            "nodes": [
                {
                    "config": null,
                    "datatype": "semantic",
                    "description": "",
                    "exportable": false,
                    "fieldname": "",
                    "graph_id": "00231834-51c1-11eb-84cf-f875a44e0e11",
                    "is_collector": false,
                    "isrequired": false,
                    "issearchable": true,
                    "istopnode": false,
                    "name": "Associated Archive Objects",
                    "nodegroup_id": "00231835-51c1-11eb-bf5b-f875a44e0e11",
                    "nodeid": "00231838-51c1-11eb-9857-f875a44e0e11",
                    "ontologyclass": "http://www.cidoc-crm.org/cidoc-crm/E24_Physical_Human-Made_Thing",
                    "parentproperty": "http://www.cidoc-crm.org/cidoc-crm/P16_used_specific_object",
                    "sortorder": 0
                },
                {
                    "config": {
                        "rdmCollection": "3e545767-c46c-4fe7-8754-c24528ba0842"
                    },
                    "datatype": "concept",
                    "description": null,
                    "exportable": false,
                    "fieldname": null,
                    "graph_id": "00231834-51c1-11eb-84cf-f875a44e0e11",
                    "is_collector": false,
                    "isrequired": false,
                    "issearchable": true,
                    "istopnode": false,
                    "name": "Archive Object Title Type",
                    "nodegroup_id": "00231835-51c1-11eb-bf5b-f875a44e0e11",
                    "nodeid": "0023183b-51c1-11eb-a91d-f875a44e0e11",
                    "ontologyclass": "http://www.cidoc-crm.org/cidoc-crm/E55_Type",
                    "parentproperty": "http://www.cidoc-crm.org/cidoc-crm/P2_has_type",
                    "sortorder": 0
                },
                {
                    "config": null,
                    "datatype": "string",
                    "description": null,
                    "exportable": false,
                    "fieldname": null,
                    "graph_id": "00231834-51c1-11eb-84cf-f875a44e0e11",
                    "is_collector": false,
                    "isrequired": false,
                    "issearchable": true,
                    "istopnode": false,
                    "name": "Archive Object Title",
                    "nodegroup_id": "00231835-51c1-11eb-bf5b-f875a44e0e11",
                    "nodeid": "0023183c-51c1-11eb-8a55-f875a44e0e11",
                    "ontologyclass": "http://www.w3.org/2000/01/rdf-schema#Literal",
                    "parentproperty": "http://www.cidoc-crm.org/cidoc-crm/P3_has_note",
                    "sortorder": 0
                },
                {
                    "config": {
                        "rdmCollection": "1e63c514-eb9d-48d3-94b5-35e060e5f368"
                    },
                    "datatype": "concept",
                    "description": null,
                    "exportable": false,
                    "fieldname": null,
                    "graph_id": "00231834-51c1-11eb-84cf-f875a44e0e11",
                    "is_collector": false,
                    "isrequired": false,
                    "issearchable": true,
                    "istopnode": false,
                    "name": "Archive Object Title Metatype",
                    "nodegroup_id": "00231835-51c1-11eb-bf5b-f875a44e0e11",
                    "nodeid": "0023183d-51c1-11eb-a5c6-f875a44e0e11",
                    "ontologyclass": "http://www.cidoc-crm.org/cidoc-crm/E55_Type",
                    "parentproperty": "http://www.cidoc-crm.org/cidoc-crm/P2_has_type",
                    "sortorder": 0
                },
                {
                    "config": {
                        "rdmCollection": "c223718d-cdc1-4c5f-997b-7d67018e27f7"
                    },
                    "datatype": "concept",
                    "description": null,
                    "exportable": false,
                    "fieldname": null,
                    "graph_id": "00231834-51c1-11eb-84cf-f875a44e0e11",
                    "is_collector": false,
                    "isrequired": false,
                    "issearchable": true,
                    "istopnode": false,
                    "name": "Archive Object Reference Type",
                    "nodegroup_id": "00231835-51c1-11eb-bf5b-f875a44e0e11",
                    "nodeid": "0023183e-51c1-11eb-8000-f875a44e0e11",
                    "ontologyclass": "http://www.cidoc-crm.org/cidoc-crm/E55_Type",
                    "parentproperty": "http://www.cidoc-crm.org/cidoc-crm/P2_has_type",
                    "sortorder": 0
                },
                {
                    "config": {
                        "graphid": [
                            "d4a88461-5463-11e9-90d9-000d3ab1e588",
                            "22477f01-1a44-11e9-b0a9-000d3ab1e588"
                        ],
                        "graphs": [
                            {
                                "graphid": "d4a88461-5463-11e9-90d9-000d3ab1e588",
                                "name": "Organization"
                            },
                            {
                                "graphid": "22477f01-1a44-11e9-b0a9-000d3ab1e588",
                                "name": "Person"
                            }
                        ]
                    },
                    "datatype": "resource-instance-list",
                    "description": null,
                    "exportable": false,
                    "fieldname": "",
                    "graph_id": "00231834-51c1-11eb-84cf-f875a44e0e11",
                    "is_collector": false,
                    "isrequired": false,
                    "issearchable": true,
                    "istopnode": false,
                    "name": "Archive Holder",
                    "nodegroup_id": "00231835-51c1-11eb-bf5b-f875a44e0e11",
                    "nodeid": "00233fe6-51c1-11eb-961d-f875a44e0e11",
                    "ontologyclass": "http://www.cidoc-crm.org/cidoc-crm/E39_Actor",
                    "parentproperty": "http://www.cidoc-crm.org/cidoc-crm/P49_has_former_or_current_keeper",
                    "sortorder": 0
                },
                {
                    "config": null,
                    "datatype": "string",
                    "description": null,
                    "exportable": false,
                    "fieldname": null,
                    "graph_id": "00231834-51c1-11eb-84cf-f875a44e0e11",
                    "is_collector": false,
                    "isrequired": false,
                    "issearchable": true,
                    "istopnode": false,
                    "name": "Archive Object Reference",
                    "nodegroup_id": "00231835-51c1-11eb-bf5b-f875a44e0e11",
                    "nodeid": "0024035e-51c1-11eb-a290-f875a44e0e11",
                    "ontologyclass": "http://www.w3.org/2000/01/rdf-schema#Literal",
                    "parentproperty": "http://www.cidoc-crm.org/cidoc-crm/P3_has_note",
                    "sortorder": 0
                },
                {
                    "config": {
                        "rdmCollection": "1e63c514-eb9d-48d3-94b5-35e060e5f368"
                    },
                    "datatype": "concept",
                    "description": null,
                    "exportable": false,
                    "fieldname": null,
                    "graph_id": "00231834-51c1-11eb-84cf-f875a44e0e11",
                    "is_collector": false,
                    "isrequired": false,
                    "issearchable": true,
                    "istopnode": false,
                    "name": "Archive Object Reference Metatype",
                    "nodegroup_id": "00231835-51c1-11eb-bf5b-f875a44e0e11",
                    "nodeid": "0024035f-51c1-11eb-bbfc-f875a44e0e11",
                    "ontologyclass": "http://www.cidoc-crm.org/cidoc-crm/E55_Type",
                    "parentproperty": "http://www.cidoc-crm.org/cidoc-crm/P2_has_type",
                    "sortorder": 0
                },
                {
                    "config": {},
                    "datatype": "semantic",
                    "description": null,
                    "exportable": false,
                    "fieldname": null,
                    "graph_id": "00231834-51c1-11eb-84cf-f875a44e0e11",
                    "is_collector": true,
                    "isrequired": false,
                    "issearchable": true,
                    "istopnode": true,
                    "name": "Associated Archives",
                    "nodegroup_id": "00231835-51c1-11eb-bf5b-f875a44e0e11",
                    "nodeid": "00231835-51c1-11eb-bf5b-f875a44e0e11",
                    "ontologyclass": "http://www.cidoc-crm.org/cidoc-crm/E7_Activity",
                    "parentproperty": "",
                    "sortorder": 0
                },
                {
                    "config": null,
                    "datatype": "semantic",
                    "description": null,
                    "exportable": false,
                    "fieldname": "",
                    "graph_id": "00231834-51c1-11eb-84cf-f875a44e0e11",
                    "is_collector": false,
                    "isrequired": false,
                    "issearchable": true,
                    "istopnode": false,
                    "name": "Archive Object References",
                    "nodegroup_id": "00231835-51c1-11eb-bf5b-f875a44e0e11",
                    "nodeid": "00231839-51c1-11eb-b47d-f875a44e0e11",
                    "ontologyclass": "http://www.cidoc-crm.org/cidoc-crm/E42_Identifier",
                    "parentproperty": "http://www.cidoc-crm.org/cidoc-crm/P1_is_identified_by",
                    "sortorder": 0
                },
                {
                    "config": null,
                    "datatype": "semantic",
                    "description": null,
                    "exportable": false,
                    "fieldname": "",
                    "graph_id": "00231834-51c1-11eb-84cf-f875a44e0e11",
                    "is_collector": false,
                    "isrequired": false,
                    "issearchable": true,
                    "istopnode": false,
                    "name": "Archive Object Titles",
                    "nodegroup_id": "00231835-51c1-11eb-bf5b-f875a44e0e11",
                    "nodeid": "0023183a-51c1-11eb-a34c-f875a44e0e11",
                    "ontologyclass": "http://www.cidoc-crm.org/cidoc-crm/E41_Appellation",
                    "parentproperty": "http://www.cidoc-crm.org/cidoc-crm/P1_is_identified_by",
                    "sortorder": 0
                },
                {
                    "config": {
                        "rdmCollection": "93362f59-3658-47d8-8781-253fcf06374e"
                    },
                    "datatype": "concept",
                    "description": null,
                    "exportable": false,
                    "fieldname": null,
                    "graph_id": "00231834-51c1-11eb-84cf-f875a44e0e11",
                    "is_collector": false,
                    "isrequired": false,
                    "issearchable": true,
                    "istopnode": false,
                    "name": "Asssociation Type",
                    "nodegroup_id": "00231835-51c1-11eb-bf5b-f875a44e0e11",
                    "nodeid": "17d18ea8-51c2-11eb-b48d-f875a44e0e11",
                    "ontologyclass": "http://www.cidoc-crm.org/cidoc-crm/E55_Type",
                    "parentproperty": "http://www.cidoc-crm.org/cidoc-crm/P2_has_type",
                    "sortorder": 0
                },
                {
                    "config": {
                        "rdmCollection": "1e63c514-eb9d-48d3-94b5-35e060e5f368"
                    },
                    "datatype": "concept",
                    "description": null,
                    "exportable": false,
                    "fieldname": null,
                    "graph_id": "00231834-51c1-11eb-84cf-f875a44e0e11",
                    "is_collector": false,
                    "isrequired": false,
                    "issearchable": true,
                    "istopnode": false,
                    "name": "Association Metatype",
                    "nodegroup_id": "00231835-51c1-11eb-bf5b-f875a44e0e11",
                    "nodeid": "30465174-51c2-11eb-9ed3-f875a44e0e11",
                    "ontologyclass": "http://www.cidoc-crm.org/cidoc-crm/E55_Type",
                    "parentproperty": "http://www.cidoc-crm.org/cidoc-crm/P2_has_type",
                    "sortorder": 0
                }
            ],
            "ontology_id": "e6e8db47-2ccf-11e6-927e-b8f6b115d7dd",
            "relatable_resource_model_ids": [],
            "resource_2_resource_constraints": [],
            "root": {
                "config": {},
                "datatype": "semantic",
                "description": null,
                "exportable": false,
                "fieldname": null,
                "graph_id": "00231834-51c1-11eb-84cf-f875a44e0e11",
                "is_collector": true,
                "isrequired": false,
                "issearchable": true,
                "istopnode": true,
                "name": "Associated Archives",
                "nodegroup_id": "00231835-51c1-11eb-bf5b-f875a44e0e11",
                "nodeid": "00231835-51c1-11eb-bf5b-f875a44e0e11",
                "ontologyclass": "http://www.cidoc-crm.org/cidoc-crm/E7_Activity",
                "sortorder": 0
            },
            "slug": null,
            "subtitle": "",
            "template_id": "50000000-0000-0000-0000-000000000001",
            "version": ""
        }
    ]
}