{
    "graph": [
        {
            "author": "",
            "cards": [
                {
                    "active": true,
                    "cardid": "9f374ba7-04c6-11eb-a85f-f875a44e0e11",
                    "component_id": "f05e4d3a-53c1-11e8-b0ea-784f435179ea",
                    "config": null,
                    "constraints": [
                        {
                            "card_id": "9f374ba7-04c6-11eb-a85f-f875a44e0e11",
                            "constraintid": "53059983-b24f-450d-b348-baea58af997f",
                            "nodes": [],
                            "uniquetoallinstances": false
                        }
                    ],
                    "cssclass": null,
                    "description": "",
                    "graph_id": "9f363a6e-04c6-11eb-8274-f875a44e0e11",
                    "helpenabled": false,
                    "helptext": null,
                    "helptitle": null,
                    "instructions": null,
                    "is_editable": true,
                    "name": "Associated Heritage Assets, Areas and Artefacts",
                    "nodegroup_id": "9f36616e-04c6-11eb-9650-f875a44e0e11",
                    "sortorder": 14,
                    "visible": true
                }
            ],
            "cards_x_nodes_x_widgets": [
                {
                    "card_id": "9f374ba7-04c6-11eb-a85f-f875a44e0e11",
                    "config": {
                        "defaultValue": "",
                        "label": "Association Type",
                        "options": [],
                        "placeholder": "Select an option"
                    },
                    "id": "9f374bac-04c6-11eb-9cbb-f875a44e0e11",
                    "label": "Association Type",
                    "node_id": "9f374ba8-04c6-11eb-b801-f875a44e0e11",
                    "sortorder": 1,
                    "visible": true,
                    "widget_id": "10000000-0000-0000-0000-000000000002"
                },
                {
                    "card_id": "9f374ba7-04c6-11eb-a85f-f875a44e0e11",
                    "config": {
                        "defaultValue": "d3b75e3a-638e-490e-8d1b-bbb5c504ce94",
                        "label": "Association Metatype",
                        "options": [],
                        "placeholder": "Select an option"
                    },
                    "id": "9f374bad-04c6-11eb-8aad-f875a44e0e11",
                    "label": "Association Metatype",
                    "node_id": "9f374ba9-04c6-11eb-a6ca-f875a44e0e11",
                    "sortorder": 2,
                    "visible": false,
                    "widget_id": "10000000-0000-0000-0000-000000000002"
                },
                {
                    "card_id": "9f374ba7-04c6-11eb-a85f-f875a44e0e11",
                    "config": {
                        "label": "Heritage Asset or Area",
                        "placeholder": ""
                    },
                    "id": "9f374bab-04c6-11eb-8016-f875a44e0e11",
                    "label": "Heritage Asset or Area",
                    "node_id": "9f374baa-04c6-11eb-b040-f875a44e0e11",
                    "sortorder": 0,
                    "visible": true,
                    "widget_id": "ff3c400a-76ec-11e7-a793-784f435179ea"
                }
            ],
            "color": null,
            "config": {
                "basemap": "Light Streets",
                "bearing": 0,
                "centerX": "-0.5386290125902633",
                "centerY": "53.22925936111753",
                "defaultValue": "",
                "defaultValueType": 0,
                "featureColor": "rgba(119,156,16,0.67)",
                "featureEditingDisabled": true,
                "featureLineWidth": 1,
                "featurePointSize": 6,
                "geocodePlaceholder": "Search",
                "geocodeProvider": "10000000-0000-0000-0000-010000000000",
                "geocoderVisible": true,
                "geometryTypes": [
                    {
                        "id": "Point",
                        "text": "Point"
                    },
                    {
                        "id": "Line",
                        "text": "Line"
                    },
                    {
                        "id": "Polygon",
                        "text": "Polygon"
                    }
                ],
                "mapControlsHidden": false,
                "maxZoom": "18",
                "minZoom": 0,
                "overlayConfigs": [],
                "overlayOpacity": 0,
                "pitch": 0,
                "zoom": "12.25666880448824"
            },
            "deploymentdate": null,
            "deploymentfile": null,
            "description": "",
            "edges": [
                {
                    "description": null,
                    "domainnode_id": "9f36616e-04c6-11eb-9650-f875a44e0e11",
                    "edgeid": "9f3772d4-04c6-11eb-ae27-f875a44e0e11",
                    "graph_id": "9f363a6e-04c6-11eb-8274-f875a44e0e11",
                    "name": null,
                    "ontologyproperty": "http://www.cidoc-crm.org/cidoc-crm/P140_assigned_attribute_to",
                    "rangenode_id": "9f374baa-04c6-11eb-b040-f875a44e0e11"
                },
                {
                    "description": null,
                    "domainnode_id": "9f36616e-04c6-11eb-9650-f875a44e0e11",
                    "edgeid": "9f3772d5-04c6-11eb-a922-f875a44e0e11",
                    "graph_id": "9f363a6e-04c6-11eb-8274-f875a44e0e11",
                    "name": null,
                    "ontologyproperty": "http://www.cidoc-crm.org/cidoc-crm/P2_has_type",
                    "rangenode_id": "9f374ba8-04c6-11eb-b801-f875a44e0e11"
                },
                {
                    "description": null,
                    "domainnode_id": "9f374ba8-04c6-11eb-b801-f875a44e0e11",
                    "edgeid": "9f3772d6-04c6-11eb-bade-f875a44e0e11",
                    "graph_id": "9f363a6e-04c6-11eb-8274-f875a44e0e11",
                    "name": null,
                    "ontologyproperty": "http://www.cidoc-crm.org/cidoc-crm/P2_has_type",
                    "rangenode_id": "9f374ba9-04c6-11eb-a6ca-f875a44e0e11"
                }
            ],
            "functions_x_graphs": [],
            "graphid": "9f363a6e-04c6-11eb-8274-f875a44e0e11",
            "iconclass": "fa fa-bank",
            "is_editable": true,
            "isactive": true,
            "isresource": false,
            "jsonldcontext": null,
            "name": "Associated Heritage Assets, Areas and Artefacts",
            "nodegroups": [
                {
                    "cardinality": "1",
                    "legacygroupid": null,
                    "nodegroupid": "9f36616e-04c6-11eb-9650-f875a44e0e11",
                    "parentnodegroup_id": null
                }
            ],
            "nodes": [
                {
                    "config": {
                        "rdmCollection": "93362f59-3658-47d8-8781-253fcf06374e"
                    },
                    "datatype": "concept",
                    "description": "",
                    "exportable": false,
                    "fieldname": null,
                    "graph_id": "9f363a6e-04c6-11eb-8274-f875a44e0e11",
                    "is_collector": false,
                    "isrequired": false,
                    "issearchable": true,
                    "istopnode": false,
                    "name": "Association Type",
                    "nodegroup_id": "9f36616e-04c6-11eb-9650-f875a44e0e11",
                    "nodeid": "9f374ba8-04c6-11eb-b801-f875a44e0e11",
                    "ontologyclass": "http://www.cidoc-crm.org/cidoc-crm/E55_Type",
                    "parentproperty": "http://www.cidoc-crm.org/cidoc-crm/P2_has_type",
                    "sortorder": 0
                },
                {
                    "config": {
                        "rdmCollection": "1e63c514-eb9d-48d3-94b5-35e060e5f368"
                    },
                    "datatype": "concept",
                    "description": null,
                    "exportable": false,
                    "fieldname": null,
                    "graph_id": "9f363a6e-04c6-11eb-8274-f875a44e0e11",
                    "is_collector": false,
                    "isrequired": false,
                    "issearchable": true,
                    "istopnode": false,
                    "name": "Association Metatype",
                    "nodegroup_id": "9f36616e-04c6-11eb-9650-f875a44e0e11",
                    "nodeid": "9f374ba9-04c6-11eb-a6ca-f875a44e0e11",
                    "ontologyclass": "http://www.cidoc-crm.org/cidoc-crm/E55_Type",
                    "parentproperty": "http://www.cidoc-crm.org/cidoc-crm/P2_has_type",
                    "sortorder": 0
                },
                {
                    "config": {},
                    "datatype": "semantic",
                    "description": null,
                    "exportable": false,
                    "fieldname": null,
                    "graph_id": "9f363a6e-04c6-11eb-8274-f875a44e0e11",
                    "is_collector": true,
                    "isrequired": false,
                    "issearchable": true,
                    "istopnode": true,
                    "name": "Associated Heritage Assets, Areas and Artefacts",
                    "nodegroup_id": "9f36616e-04c6-11eb-9650-f875a44e0e11",
                    "nodeid": "9f36616e-04c6-11eb-9650-f875a44e0e11",
                    "ontologyclass": "http://www.cidoc-crm.org/cidoc-crm/E13_Attribute_Assignment",
                    "parentproperty": "",
                    "sortorder": 0
                },
                {
                    "config": {
                        "graphs": [
                            {
                                "graphid": "343cc20c-2c5a-11e8-90fa-0242ac120005",
                                "name": "Artefact"
                            },
                            {
                                "graphid": "076f9381-7b00-11e9-8d6b-80000b44d1d9",
                                "name": "Heritage Asset"
                            },
                            {
                                "graphid": "979aaf0b-7042-11ea-9674-287fcf6a5e72",
                                "inverseOntologyProperty": "http://www.cidoc-crm.org/cidoc-crm/P53i_is_former_or_current_location_of",
                                "name": "Heritage Area",
                                "ontologyProperty": "http://www.cidoc-crm.org/cidoc-crm/P53_has_former_or_current_location"
                            }
                        ]
                    },
                    "datatype": "resource-instance-list",
                    "description": null,
                    "exportable": false,
                    "fieldname": null,
                    "graph_id": "9f363a6e-04c6-11eb-8274-f875a44e0e11",
                    "is_collector": false,
                    "isrequired": false,
                    "issearchable": true,
                    "istopnode": false,
                    "name": "Heritage Asset, Area or Artefact",
                    "nodegroup_id": "9f36616e-04c6-11eb-9650-f875a44e0e11",
                    "nodeid": "9f374baa-04c6-11eb-b040-f875a44e0e11",
                    "ontologyclass": "http://www.cidoc-crm.org/cidoc-crm/E18_Physical_Thing",
                    "parentproperty": "http://www.cidoc-crm.org/cidoc-crm/P140_assigned_attribute_to",
                    "sortorder": 0
                }
            ],
            "ontology_id": "e6e8db47-2ccf-11e6-927e-b8f6b115d7dd",
            "relatable_resource_model_ids": [],
            "resource_2_resource_constraints": [],
            "root": {
                "config": {},
                "datatype": "semantic",
                "description": null,
                "exportable": false,
                "fieldname": null,
                "graph_id": "9f363a6e-04c6-11eb-8274-f875a44e0e11",
                "is_collector": true,
                "isrequired": false,
                "issearchable": true,
                "istopnode": true,
                "name": "Associated Heritage Assets, Areas and Artefacts",
                "nodegroup_id": "9f36616e-04c6-11eb-9650-f875a44e0e11",
                "nodeid": "9f36616e-04c6-11eb-9650-f875a44e0e11",
                "ontologyclass": "http://www.cidoc-crm.org/cidoc-crm/E13_Attribute_Assignment",
                "sortorder": 0
            },
            "slug": null,
            "subtitle": "",
            "template_id": "50000000-0000-0000-0000-000000000002",
            "version": ""
        }
    ]
}