{
    "graph": [
        {
            "author": "",
            "cards": [
                {
                    "active": true,
                    "cardid": "6719df55-a0e8-11ea-be7a-f875a44e0e11",
                    "component_id": "f05e4d3a-53c1-11e8-b0ea-784f435179ea",
                    "config": null,
                    "constraints": [],
                    "cssclass": null,
                    "description": "",
                    "graph_id": "6719b83e-a0e8-11ea-8173-f875a44e0e11",
                    "helpenabled": false,
                    "helptext": null,
                    "helptitle": null,
                    "instructions": null,
                    "is_editable": true,
                    "name": "Associated Activities",
                    "nodegroup_id": "6719b83f-a0e8-11ea-94e4-f875a44e0e11",
                    "sortorder": 14,
                    "visible": true
                }
            ],
            "cards_x_nodes_x_widgets": [
                {
                    "card_id": "6719df55-a0e8-11ea-be7a-f875a44e0e11",
                    "config": {
                        "label": "Activity",
                        "placeholder": ""
                    },
                    "id": "6719df56-a0e8-11ea-a539-f875a44e0e11",
                    "label": "Activity",
                    "node_id": "6719b83f-a0e8-11ea-94e4-f875a44e0e11",
                    "sortorder": null,
                    "visible": true,
                    "widget_id": "ff3c400a-76ec-11e7-a793-784f435179ea"
                }
            ],
            "color": null,
            "config": {
                "basemap": "streets",
                "bearing": 0,
                "centerX": -1.5983286851933372,
                "centerY": 53.155430248627454,
                "featureColor": "rgba(0,41,255,1)",
                "featureEditingDisabled": true,
                "featureLineWidth": 1,
                "featurePointSize": 3,
                "geocodePlaceholder": "Search",
                "geocodeProvider": "10000000-0000-0000-0000-010000000000",
                "geocoderVisible": true,
                "geometryTypes": [
                    {
                        "id": "Point",
                        "text": "Point"
                    },
                    {
                        "id": "Line",
                        "text": "Line"
                    },
                    {
                        "id": "Polygon",
                        "text": "Polygon"
                    }
                ],
                "mapControlsHidden": false,
                "maxZoom": 20,
                "minZoom": 0,
                "overlayConfigs": [],
                "overlayOpacity": 0,
                "pitch": 0,
                "zoom": 5
            },
            "deploymentdate": null,
            "deploymentfile": null,
            "description": "",
            "edges": [],
            "functions_x_graphs": [],
            "graphid": "6719b83e-a0e8-11ea-8173-f875a44e0e11",
            "iconclass": "fa fa-cogs",
            "is_editable": true,
            "isactive": true,
            "isresource": false,
            "jsonldcontext": null,
            "name": "Associated Activities",
            "nodegroups": [
                {
                    "cardinality": "n",
                    "legacygroupid": null,
                    "nodegroupid": "6719b83f-a0e8-11ea-94e4-f875a44e0e11",
                    "parentnodegroup_id": null
                }
            ],
            "nodes": [
                {
                    "config": {
                        "graphid": [
                            "b9e0701e-5463-11e9-b5f5-000d3ab1e588"
                        ],
                        "graphs": [
                            {
                                "graphid": "b9e0701e-5463-11e9-b5f5-000d3ab1e588",
                                "name": "Activity"
                            }
                        ]
                    },
                    "datatype": "resource-instance-list",
                    "description": "",
                    "exportable": false,
                    "fieldname": "",
                    "graph_id": "6719b83e-a0e8-11ea-8173-f875a44e0e11",
                    "is_collector": true,
                    "isrequired": false,
                    "issearchable": true,
                    "istopnode": true,
                    "name": "Associated Activities",
                    "nodegroup_id": "6719b83f-a0e8-11ea-94e4-f875a44e0e11",
                    "nodeid": "6719b83f-a0e8-11ea-94e4-f875a44e0e11",
                    "ontologyclass": "http://www.cidoc-crm.org/cidoc-crm/E7_Activity",
                    "parentproperty": "",
                    "sortorder": 0
                }
            ],
            "ontology_id": "e6e8db47-2ccf-11e6-927e-b8f6b115d7dd",
            "relatable_resource_model_ids": [],
            "resource_2_resource_constraints": [],
            "root": {
                "config": {
                    "graphid": [
                        "b9e0701e-5463-11e9-b5f5-000d3ab1e588"
                    ],
                    "graphs": [
                        {
                            "graphid": "b9e0701e-5463-11e9-b5f5-000d3ab1e588",
                            "name": "Activity"
                        }
                    ]
                },
                "datatype": "resource-instance-list",
                "description": "",
                "exportable": false,
                "fieldname": "",
                "graph_id": "6719b83e-a0e8-11ea-8173-f875a44e0e11",
                "is_collector": true,
                "isrequired": false,
                "issearchable": true,
                "istopnode": true,
                "name": "Associated Activities",
                "nodegroup_id": "6719b83f-a0e8-11ea-94e4-f875a44e0e11",
                "nodeid": "6719b83f-a0e8-11ea-94e4-f875a44e0e11",
                "ontologyclass": "http://www.cidoc-crm.org/cidoc-crm/E7_Activity",
                "sortorder": 0
            },
            "slug": null,
            "subtitle": "",
            "template_id": "50000000-0000-0000-0000-000000000002",
            "version": ""
        }
    ]
}