{
    "graph": [
        {
            "author": "",
            "cards": [
                {
                    "active": true,
                    "cardid": "80af9af7-51ab-11eb-a16b-f875a44e0e11",
                    "component_id": "f05e4d3a-53c1-11e8-b0ea-784f435179ea",
                    "config": null,
                    "constraints": [],
                    "cssclass": null,
                    "description": "",
                    "graph_id": "80af9af4-51ab-11eb-b3f9-f875a44e0e11",
                    "helpenabled": false,
                    "helptext": null,
                    "helptitle": null,
                    "instructions": null,
                    "is_editable": true,
                    "name": "Associated Consultations",
                    "nodegroup_id": "80af9af5-51ab-11eb-83d7-f875a44e0e11",
                    "sortorder": 13,
                    "visible": true
                }
            ],
            "cards_x_nodes_x_widgets": [
                {
                    "card_id": "80af9af7-51ab-11eb-a16b-f875a44e0e11",
                    "config": {
                        "label": "Consultation",
                        "placeholder": ""
                    },
                    "id": "80af9af8-51ab-11eb-abdb-f875a44e0e11",
                    "label": "Consultation",
                    "node_id": "80af9af5-51ab-11eb-83d7-f875a44e0e11",
                    "sortorder": 0,
                    "visible": true,
                    "widget_id": "31f3728c-7613-11e7-a139-784f435179ea"
                }
            ],
            "color": "rgba(204,112,109,1)",
            "config": {
                "basemap": "streets",
                "bearing": 0,
                "centerX": -1.5983286851933372,
                "centerY": 53.155430248627454,
                "featureColor": "rgba(0,41,255,1)",
                "featureEditingDisabled": true,
                "featureLineWidth": 1,
                "featurePointSize": 3,
                "geocodePlaceholder": "Search",
                "geocodeProvider": "10000000-0000-0000-0000-010000000000",
                "geocoderVisible": true,
                "geometryTypes": [
                    {
                        "id": "Point",
                        "text": "Point"
                    },
                    {
                        "id": "Line",
                        "text": "Line"
                    },
                    {
                        "id": "Polygon",
                        "text": "Polygon"
                    }
                ],
                "mapControlsHidden": false,
                "maxZoom": 20,
                "minZoom": 0,
                "overlayConfigs": [],
                "overlayOpacity": 0,
                "pitch": 0,
                "zoom": "5"
            },
            "deploymentdate": null,
            "deploymentfile": null,
            "description": "",
            "edges": [],
            "functions_x_graphs": [],
            "graphid": "80af9af4-51ab-11eb-b3f9-f875a44e0e11",
            "iconclass": "fa fa-cogs",
            "is_editable": true,
            "isactive": true,
            "isresource": false,
            "jsonldcontext": null,
            "name": "Associated Consultations",
            "nodegroups": [
                {
                    "cardinality": "n",
                    "legacygroupid": null,
                    "nodegroupid": "80af9af5-51ab-11eb-83d7-f875a44e0e11",
                    "parentnodegroup_id": null
                }
            ],
            "nodes": [
                {
                    "config": {
                        "graphid": [
                            "8d41e49e-a250-11e9-9eab-00224800b26d"
                        ],
                        "graphs": [
                            {
                                "graphid": "8d41e49e-a250-11e9-9eab-00224800b26d",
                                "name": "Consultation"
                            }
                        ]
                    },
                    "datatype": "resource-instance",
                    "description": null,
                    "exportable": true,
                    "fieldname": "Assoc_Cons",
                    "graph_id": "80af9af4-51ab-11eb-b3f9-f875a44e0e11",
                    "is_collector": true,
                    "isrequired": false,
                    "issearchable": true,
                    "istopnode": true,
                    "name": "Associated Consultations",
                    "nodegroup_id": "80af9af5-51ab-11eb-83d7-f875a44e0e11",
                    "nodeid": "80af9af5-51ab-11eb-83d7-f875a44e0e11",
                    "ontologyclass": "http://www.cidoc-crm.org/cidoc-crm/E7_Activity",
                    "parentproperty": "",
                    "sortorder": 0
                }
            ],
            "ontology_id": "e6e8db47-2ccf-11e6-927e-b8f6b115d7dd",
            "relatable_resource_model_ids": [],
            "resource_2_resource_constraints": [],
            "root": {
                "config": {
                    "graphid": [
                        "8d41e49e-a250-11e9-9eab-00224800b26d"
                    ],
                    "graphs": [
                        {
                            "graphid": "8d41e49e-a250-11e9-9eab-00224800b26d",
                            "name": "Consultation"
                        }
                    ]
                },
                "datatype": "resource-instance",
                "description": null,
                "exportable": true,
                "fieldname": "Assoc_Cons",
                "graph_id": "80af9af4-51ab-11eb-b3f9-f875a44e0e11",
                "is_collector": true,
                "isrequired": false,
                "issearchable": true,
                "istopnode": true,
                "name": "Associated Consultations",
                "nodegroup_id": "80af9af5-51ab-11eb-83d7-f875a44e0e11",
                "nodeid": "80af9af5-51ab-11eb-83d7-f875a44e0e11",
                "ontologyclass": "http://www.cidoc-crm.org/cidoc-crm/E7_Activity",
                "sortorder": 0
            },
            "slug": null,
            "subtitle": "",
            "template_id": "50000000-0000-0000-0000-000000000002",
            "version": ""
        }
    ]
}