{
    "graph": [
        {
            "author": "",
            "cards": [
                {
                    "active": true,
                    "cardid": "62c8f465-1809-11e9-a18d-000d3ab1e588",
                    "component_id": "f05e4d3a-53c1-11e8-b0ea-784f435179ea",
                    "config": null,
                    "constraints": [],
                    "cssclass": null,
                    "description": "",
                    "graph_id": "62c8f462-1809-11e9-8552-000d3ab1e588",
                    "helpenabled": false,
                    "helptext": null,
                    "helptitle": null,
                    "instructions": "Set the default search results behavior",
                    "is_editable": true,
                    "name": "BASIC_SEARCH_SETTINGS",
                    "nodegroup_id": "62c8f463-1809-11e9-8262-000d3ab1e588",
                    "sortorder": null,
                    "visible": true
                }
            ],
            "cards_x_nodes_x_widgets": [
                {
                    "card_id": "62c8f465-1809-11e9-a18d-000d3ab1e588",
                    "config": {
                        "defaultValue": "",
                        "format": "",
                        "label": "Number of search hints per dropdown",
                        "max": "",
                        "min": "",
                        "placeholder": "Enter number",
                        "precision": "",
                        "prefix": "",
                        "step": "",
                        "suffix": "",
                        "width": "100%"
                    },
                    "id": "62c8f469-1809-11e9-a6ab-000d3ab1e588",
                    "label": "Number of search hints per dropdown",
                    "node_id": "62c8f467-1809-11e9-a37b-000d3ab1e588",
                    "sortorder": 1,
                    "visible": true,
                    "widget_id": "10000000-0000-0000-0000-000000000008"
                },
                {
                    "card_id": "62c8f465-1809-11e9-a18d-000d3ab1e588",
                    "config": {
                        "defaultValue": "",
                        "format": "",
                        "label": "Number of search results per page",
                        "max": "",
                        "min": "",
                        "placeholder": "Enter number",
                        "precision": "",
                        "prefix": "",
                        "step": "",
                        "suffix": "",
                        "width": "100%"
                    },
                    "id": "62c8f46a-1809-11e9-941f-000d3ab1e588",
                    "label": "Number of search results per page",
                    "node_id": "62c8f468-1809-11e9-80fc-000d3ab1e588",
                    "sortorder": 0,
                    "visible": true,
                    "widget_id": "10000000-0000-0000-0000-000000000008"
                },
                {
                    "card_id": "62c8f465-1809-11e9-a18d-000d3ab1e588",
                    "config": {
                        "defaultValue": "",
                        "format": "",
                        "label": "Max number of search results to export",
                        "max": "",
                        "min": "",
                        "placeholder": "Enter number",
                        "precision": "",
                        "prefix": "",
                        "step": "",
                        "suffix": "",
                        "width": "100%"
                    },
                    "id": "62c8f46b-1809-11e9-b7ff-000d3ab1e588",
                    "label": "Max number of search results to export",
                    "node_id": "62c8f466-1809-11e9-a507-000d3ab1e588",
                    "sortorder": 2,
                    "visible": true,
                    "widget_id": "10000000-0000-0000-0000-000000000008"
                }
            ],
            "color": null,
            "config": {},
            "deploymentdate": null,
            "deploymentfile": null,
            "description": "",
            "edges": [
                {
                    "description": null,
                    "domainnode_id": "62c8f463-1809-11e9-8262-000d3ab1e588",
                    "edgeid": "62c8f46c-1809-11e9-8b56-000d3ab1e588",
                    "graph_id": "62c8f462-1809-11e9-8552-000d3ab1e588",
                    "name": null,
                    "ontologyproperty": null,
                    "rangenode_id": "62c8f468-1809-11e9-80fc-000d3ab1e588"
                },
                {
                    "description": null,
                    "domainnode_id": "62c8f463-1809-11e9-8262-000d3ab1e588",
                    "edgeid": "62c8f46d-1809-11e9-9d7a-000d3ab1e588",
                    "graph_id": "62c8f462-1809-11e9-8552-000d3ab1e588",
                    "name": null,
                    "ontologyproperty": null,
                    "rangenode_id": "62c8f467-1809-11e9-a37b-000d3ab1e588"
                },
                {
                    "description": null,
                    "domainnode_id": "62c8f463-1809-11e9-8262-000d3ab1e588",
                    "edgeid": "62c8f46e-1809-11e9-a406-000d3ab1e588",
                    "graph_id": "62c8f462-1809-11e9-8552-000d3ab1e588",
                    "name": null,
                    "ontologyproperty": null,
                    "rangenode_id": "62c8f466-1809-11e9-a507-000d3ab1e588"
                }
            ],
            "functions_x_graphs": [],
            "graphid": "62c8f462-1809-11e9-8552-000d3ab1e588",
            "iconclass": "fa fa-sliders",
            "is_editable": true,
            "isactive": true,
            "isresource": false,
            "jsonldcontext": null,
            "name": "BASIC_SEARCH_SETTINGS",
            "nodegroups": [
                {
                    "cardinality": "1",
                    "legacygroupid": null,
                    "nodegroupid": "62c8f463-1809-11e9-8262-000d3ab1e588",
                    "parentnodegroup_id": null
                }
            ],
            "nodes": [
                {
                    "config": null,
                    "datatype": "semantic",
                    "description": "",
                    "exportable": false,
                    "fieldname": "",
                    "graph_id": "62c8f462-1809-11e9-8552-000d3ab1e588",
                    "is_collector": true,
                    "isrequired": false,
                    "issearchable": true,
                    "istopnode": true,
                    "name": "BASIC_SEARCH_SETTINGS",
                    "nodegroup_id": "62c8f463-1809-11e9-8262-000d3ab1e588",
                    "nodeid": "62c8f463-1809-11e9-8262-000d3ab1e588",
                    "ontologyclass": null,
                    "parentproperty": "",
                    "sortorder": 0
                },
                {
                    "config": null,
                    "datatype": "number",
                    "description": "Represents a single node in a graph",
                    "exportable": false,
                    "fieldname": "",
                    "graph_id": "62c8f462-1809-11e9-8552-000d3ab1e588",
                    "is_collector": false,
                    "isrequired": false,
                    "issearchable": false,
                    "istopnode": false,
                    "name": "SEARCH_EXPORT_ITEMS_PER_PAGE",
                    "nodegroup_id": "62c8f463-1809-11e9-8262-000d3ab1e588",
                    "nodeid": "62c8f466-1809-11e9-a507-000d3ab1e588",
                    "ontologyclass": null,
                    "parentproperty": null,
                    "sortorder": 0
                },
                {
                    "config": null,
                    "datatype": "number",
                    "description": "Represents a single node in a graph",
                    "exportable": false,
                    "fieldname": "",
                    "graph_id": "62c8f462-1809-11e9-8552-000d3ab1e588",
                    "is_collector": false,
                    "isrequired": false,
                    "issearchable": false,
                    "istopnode": false,
                    "name": "SEARCH_DROPDOWN_LENGTH",
                    "nodegroup_id": "62c8f463-1809-11e9-8262-000d3ab1e588",
                    "nodeid": "62c8f467-1809-11e9-a37b-000d3ab1e588",
                    "ontologyclass": null,
                    "parentproperty": null,
                    "sortorder": 0
                },
                {
                    "config": null,
                    "datatype": "number",
                    "description": "Represents a single node in a graph",
                    "exportable": false,
                    "fieldname": "",
                    "graph_id": "62c8f462-1809-11e9-8552-000d3ab1e588",
                    "is_collector": false,
                    "isrequired": false,
                    "issearchable": false,
                    "istopnode": false,
                    "name": "SEARCH_ITEMS_PER_PAGE",
                    "nodegroup_id": "62c8f463-1809-11e9-8262-000d3ab1e588",
                    "nodeid": "62c8f468-1809-11e9-80fc-000d3ab1e588",
                    "ontologyclass": null,
                    "parentproperty": null,
                    "sortorder": 0
                }
            ],
            "ontology_id": null,
            "relatable_resource_model_ids": [],
            "resource_2_resource_constraints": [],
            "root": {
                "config": null,
                "datatype": "semantic",
                "description": "",
                "exportable": false,
                "fieldname": "",
                "graph_id": "62c8f462-1809-11e9-8552-000d3ab1e588",
                "is_collector": true,
                "isrequired": false,
                "issearchable": true,
                "istopnode": true,
                "name": "BASIC_SEARCH_SETTINGS",
                "nodegroup_id": "62c8f463-1809-11e9-8262-000d3ab1e588",
                "nodeid": "62c8f463-1809-11e9-8262-000d3ab1e588",
                "ontologyclass": null,
                "sortorder": 0
            },
            "slug": null,
            "subtitle": "",
            "template_id": "50000000-0000-0000-0000-000000000001",
            "version": ""
        }
    ]
}