{
    "graph": [
        {
            "author": "",
            "cards": [
                {
                    "active": true,
                    "cardid": "ef38c181-9924-11ea-bd04-f875a44e0e11",
                    "component_id": "f05e4d3a-53c1-11e8-b0ea-784f435179ea",
                    "config": null,
                    "constraints": [
                        {
                            "card_id": "ef38c181-9924-11ea-bd04-f875a44e0e11",
                            "constraintid": "81ae8490-1b0b-4860-ba1d-21b4de72e90b",
                            "nodes": [],
                            "uniquetoallinstances": false
                        }
                    ],
                    "cssclass": null,
                    "description": "",
                    "graph_id": "ef38c17e-9924-11ea-a5ee-f875a44e0e11",
                    "helpenabled": false,
                    "helptext": null,
                    "helptitle": null,
                    "instructions": null,
                    "is_editable": true,
                    "name": "Bibliographic Source Citation",
                    "nodegroup_id": "ef38c17f-9924-11ea-9abc-f875a44e0e11",
                    "sortorder": 5,
                    "visible": true
                }
            ],
            "cards_x_nodes_x_widgets": [
                {
                    "card_id": "ef38c181-9924-11ea-bd04-f875a44e0e11",
                    "config": {
                        "defaultValue": null,
                        "label": "Plate(s)",
                        "maxLength": null,
                        "placeholder": "Enter text",
                        "width": "100%"
                    },
                    "id": "ef38c19e-9924-11ea-9588-f875a44e0e11",
                    "label": "Plate(s)",
                    "node_id": "ef38c193-9924-11ea-ad1f-f875a44e0e11",
                    "sortorder": 10,
                    "visible": true,
                    "widget_id": "10000000-0000-0000-0000-000000000001"
                },
                {
                    "card_id": "ef38c181-9924-11ea-bd04-f875a44e0e11",
                    "config": {
                        "defaultValue": "51796e90-9ef1-44ec-a967-81b077983768",
                        "label": "Source Number Type",
                        "options": [],
                        "placeholder": "Select an option"
                    },
                    "id": "ef38c198-9924-11ea-aff6-f875a44e0e11",
                    "label": "Source Number Type",
                    "node_id": "ef38c184-9924-11ea-bdc4-f875a44e0e11",
                    "sortorder": 2,
                    "visible": false,
                    "widget_id": "10000000-0000-0000-0000-000000000002"
                },
                {
                    "card_id": "ef38c181-9924-11ea-bd04-f875a44e0e11",
                    "config": {
                        "defaultValue": "",
                        "label": "Figs.",
                        "maxLength": null,
                        "placeholder": "Enter text",
                        "width": "100%"
                    },
                    "id": "ef38c199-9924-11ea-9dcd-f875a44e0e11",
                    "label": "Figs.",
                    "node_id": "ef38c190-9924-11ea-8a1d-f875a44e0e11",
                    "sortorder": 7,
                    "visible": true,
                    "widget_id": "10000000-0000-0000-0000-000000000001"
                },
                {
                    "card_id": "ef38c181-9924-11ea-bd04-f875a44e0e11",
                    "config": {
                        "label": "Bibliographic Source",
                        "placeholder": ""
                    },
                    "id": "ef38c19d-9924-11ea-9556-f875a44e0e11",
                    "label": "Bibliographic Source",
                    "node_id": "ef38c17f-9924-11ea-9abc-f875a44e0e11",
                    "sortorder": 0,
                    "visible": true,
                    "widget_id": "31f3728c-7613-11e7-a139-784f435179ea"
                },
                {
                    "card_id": "ef38c181-9924-11ea-bd04-f875a44e0e11",
                    "config": {
                        "defaultValue": "",
                        "label": "Source Number",
                        "maxLength": null,
                        "placeholder": "Enter text",
                        "width": "100%"
                    },
                    "id": "ef38c197-9924-11ea-ae43-f875a44e0e11",
                    "label": "Source Number",
                    "node_id": "ef38c183-9924-11ea-b77a-f875a44e0e11",
                    "sortorder": 1,
                    "visible": true,
                    "widget_id": "10000000-0000-0000-0000-000000000001"
                },
                {
                    "card_id": "ef38c181-9924-11ea-bd04-f875a44e0e11",
                    "config": {
                        "defaultValue": "",
                        "label": "Page(s)",
                        "maxLength": null,
                        "placeholder": "Enter text",
                        "width": "100%"
                    },
                    "id": "ef38c19f-9924-11ea-818b-f875a44e0e11",
                    "label": "Page(s)",
                    "node_id": "ef38c18b-9924-11ea-9656-f875a44e0e11",
                    "sortorder": 4,
                    "visible": true,
                    "widget_id": "10000000-0000-0000-0000-000000000001"
                },
                {
                    "card_id": "ef38c181-9924-11ea-bd04-f875a44e0e11",
                    "config": {
                        "defaultValue": "",
                        "label": "Comment",
                        "maxLength": null,
                        "placeholder": "Enter text",
                        "width": "100%"
                    },
                    "id": "ef38c1a0-9924-11ea-b603-f875a44e0e11",
                    "label": "Comment",
                    "node_id": "ef38c186-9924-11ea-86f3-f875a44e0e11",
                    "sortorder": 13,
                    "visible": true,
                    "widget_id": "10000000-0000-0000-0000-000000000001"
                },
                {
                    "card_id": "ef38c181-9924-11ea-bd04-f875a44e0e11",
                    "config": {
                        "defaultValue": "bdb339b0-0f97-43f7-859b-3a03f6e60ea1",
                        "label": "Figures Type",
                        "options": [],
                        "placeholder": "Select an option"
                    },
                    "id": "ef38c1a1-9924-11ea-9649-f875a44e0e11",
                    "label": "Figures Type",
                    "node_id": "ef38c191-9924-11ea-beda-f875a44e0e11",
                    "sortorder": 8,
                    "visible": false,
                    "widget_id": "10000000-0000-0000-0000-000000000002"
                },
                {
                    "card_id": "ef38c181-9924-11ea-bd04-f875a44e0e11",
                    "config": {
                        "defaultValue": "6fbe3775-e51d-4f90-af53-5695dd204c9a",
                        "label": "Source Comment Metatype",
                        "options": [],
                        "placeholder": "Select an option"
                    },
                    "id": "ef38c1a2-9924-11ea-9fa9-f875a44e0e11",
                    "label": "Source Comment Metatype",
                    "node_id": "ef38c187-9924-11ea-b8bc-f875a44e0e11",
                    "sortorder": 15,
                    "visible": false,
                    "widget_id": "10000000-0000-0000-0000-000000000002"
                },
                {
                    "card_id": "ef38c181-9924-11ea-bd04-f875a44e0e11",
                    "config": {
                        "defaultValue": "f8062103-0421-41ec-a1c6-2927ea4414dc",
                        "label": "Plates Type",
                        "options": [],
                        "placeholder": "Select an option"
                    },
                    "id": "ef38c19a-9924-11ea-a0eb-f875a44e0e11",
                    "label": "Plates Type",
                    "node_id": "ef38c194-9924-11ea-98f7-f875a44e0e11",
                    "sortorder": 11,
                    "visible": false,
                    "widget_id": "10000000-0000-0000-0000-000000000002"
                },
                {
                    "card_id": "ef38c181-9924-11ea-bd04-f875a44e0e11",
                    "config": {
                        "defaultValue": "daa4cddc-8636-4842-b836-eb2e10aabe18",
                        "label": "Source Comment Type",
                        "options": [],
                        "placeholder": "Select an option"
                    },
                    "id": "ef38c19b-9924-11ea-bbcb-f875a44e0e11",
                    "label": "Source Comment Type",
                    "node_id": "ef38c18e-9924-11ea-be7e-f875a44e0e11",
                    "sortorder": 14,
                    "visible": false,
                    "widget_id": "10000000-0000-0000-0000-000000000002"
                },
                {
                    "card_id": "ef38c181-9924-11ea-bd04-f875a44e0e11",
                    "config": {
                        "defaultValue": "5e878125-f49a-438e-9256-10d36a39d4a9",
                        "label": "Pages Type",
                        "options": [],
                        "placeholder": "Select an option"
                    },
                    "id": "ef38c19c-9924-11ea-96ae-f875a44e0e11",
                    "label": "Pages Type",
                    "node_id": "ef38c18c-9924-11ea-ab4a-f875a44e0e11",
                    "sortorder": 5,
                    "visible": false,
                    "widget_id": "10000000-0000-0000-0000-000000000002"
                },
                {
                    "card_id": "ef38c181-9924-11ea-bd04-f875a44e0e11",
                    "config": {
                        "defaultValue": "9d51623c-3994-4074-9ed9-2abf04330ae6",
                        "label": "Plates metatype",
                        "options": [],
                        "placeholder": "Select an option"
                    },
                    "id": "ef38c1a4-9924-11ea-a6c7-f875a44e0e11",
                    "label": "Plates metatype",
                    "node_id": "ef38c189-9924-11ea-ad5f-f875a44e0e11",
                    "sortorder": 12,
                    "visible": false,
                    "widget_id": "10000000-0000-0000-0000-000000000002"
                },
                {
                    "card_id": "ef38c181-9924-11ea-bd04-f875a44e0e11",
                    "config": {
                        "defaultValue": "9d51623c-3994-4074-9ed9-2abf04330ae6",
                        "label": "Figures Metatype",
                        "options": [],
                        "placeholder": "Select an option"
                    },
                    "id": "ef38c1a5-9924-11ea-9773-f875a44e0e11",
                    "label": "Figures Metatype",
                    "node_id": "ef38c195-9924-11ea-bb26-f875a44e0e11",
                    "sortorder": 9,
                    "visible": false,
                    "widget_id": "10000000-0000-0000-0000-000000000002"
                },
                {
                    "card_id": "ef38c181-9924-11ea-bd04-f875a44e0e11",
                    "config": {
                        "defaultValue": "9d51623c-3994-4074-9ed9-2abf04330ae6",
                        "label": "Pages Metatype",
                        "options": [],
                        "placeholder": "Select an option"
                    },
                    "id": "ef38c1a3-9924-11ea-9e26-f875a44e0e11",
                    "label": "Pages Metatype",
                    "node_id": "ef38c188-9924-11ea-8720-f875a44e0e11",
                    "sortorder": 6,
                    "visible": false,
                    "widget_id": "10000000-0000-0000-0000-000000000002"
                },
                {
                    "card_id": "ef38c181-9924-11ea-bd04-f875a44e0e11",
                    "config": {
                        "defaultValue": "a0e096e2-f5ae-4579-950d-3040714713b4",
                        "label": "Source Number Metatype",
                        "options": [],
                        "placeholder": "Select an option"
                    },
                    "id": "ef38c196-9924-11ea-8554-f875a44e0e11",
                    "label": "Source Number Metatype",
                    "node_id": "ef38c182-9924-11ea-81da-f875a44e0e11",
                    "sortorder": 3,
                    "visible": false,
                    "widget_id": "10000000-0000-0000-0000-000000000002"
                }
            ],
            "color": null,
            "config": {},
            "deploymentdate": null,
            "deploymentfile": null,
            "description": "",
            "edges": [
                {
                    "description": null,
                    "domainnode_id": "ef38c185-9924-11ea-800c-f875a44e0e11",
                    "edgeid": "ef390fa6-9924-11ea-93bf-f875a44e0e11",
                    "graph_id": "ef38c17e-9924-11ea-a5ee-f875a44e0e11",
                    "name": null,
                    "ontologyproperty": "http://www.cidoc-crm.org/cidoc-crm/P3_has_note",
                    "rangenode_id": "ef38c183-9924-11ea-b77a-f875a44e0e11"
                },
                {
                    "description": null,
                    "domainnode_id": "ef38c185-9924-11ea-800c-f875a44e0e11",
                    "edgeid": "ef390fa7-9924-11ea-9f88-f875a44e0e11",
                    "graph_id": "ef38c17e-9924-11ea-a5ee-f875a44e0e11",
                    "name": null,
                    "ontologyproperty": "http://www.cidoc-crm.org/cidoc-crm/P2_has_type",
                    "rangenode_id": "ef38c184-9924-11ea-bdc4-f875a44e0e11"
                },
                {
                    "description": null,
                    "domainnode_id": "ef38c184-9924-11ea-bdc4-f875a44e0e11",
                    "edgeid": "ef390fa8-9924-11ea-bd39-f875a44e0e11",
                    "graph_id": "ef38c17e-9924-11ea-a5ee-f875a44e0e11",
                    "name": null,
                    "ontologyproperty": "http://www.cidoc-crm.org/cidoc-crm/P2_has_type",
                    "rangenode_id": "ef38c182-9924-11ea-81da-f875a44e0e11"
                },
                {
                    "description": null,
                    "domainnode_id": "ef38c17f-9924-11ea-9abc-f875a44e0e11",
                    "edgeid": "ef390fa9-9924-11ea-9853-f875a44e0e11",
                    "graph_id": "ef38c17e-9924-11ea-a5ee-f875a44e0e11",
                    "name": null,
                    "ontologyproperty": "http://www.cidoc-crm.org/cidoc-crm/P1_is_identified_by",
                    "rangenode_id": "ef38c185-9924-11ea-800c-f875a44e0e11"
                },
                {
                    "description": null,
                    "domainnode_id": "ef38c18d-9924-11ea-969a-f875a44e0e11",
                    "edgeid": "ef390faa-9924-11ea-9f02-f875a44e0e11",
                    "graph_id": "ef38c17e-9924-11ea-a5ee-f875a44e0e11",
                    "name": null,
                    "ontologyproperty": "http://www.cidoc-crm.org/cidoc-crm/P2_has_type",
                    "rangenode_id": "ef38c18e-9924-11ea-be7e-f875a44e0e11"
                },
                {
                    "description": null,
                    "domainnode_id": "ef38c18d-9924-11ea-969a-f875a44e0e11",
                    "edgeid": "ef390fab-9924-11ea-945a-f875a44e0e11",
                    "graph_id": "ef38c17e-9924-11ea-a5ee-f875a44e0e11",
                    "name": null,
                    "ontologyproperty": "http://www.cidoc-crm.org/cidoc-crm/P3_has_note",
                    "rangenode_id": "ef38c186-9924-11ea-86f3-f875a44e0e11"
                },
                {
                    "description": null,
                    "domainnode_id": "ef38c18f-9924-11ea-9272-f875a44e0e11",
                    "edgeid": "ef390fac-9924-11ea-b1c2-f875a44e0e11",
                    "graph_id": "ef38c17e-9924-11ea-a5ee-f875a44e0e11",
                    "name": null,
                    "ontologyproperty": "http://www.cidoc-crm.org/cidoc-crm/P3_has_note",
                    "rangenode_id": "ef38c190-9924-11ea-8a1d-f875a44e0e11"
                },
                {
                    "description": null,
                    "domainnode_id": "ef38c17f-9924-11ea-9abc-f875a44e0e11",
                    "edgeid": "ef390fad-9924-11ea-9dd6-f875a44e0e11",
                    "graph_id": "ef38c17e-9924-11ea-a5ee-f875a44e0e11",
                    "name": null,
                    "ontologyproperty": "http://www.cidoc-crm.org/cidoc-crm/P106_is_composed_of",
                    "rangenode_id": "ef38c18f-9924-11ea-9272-f875a44e0e11"
                },
                {
                    "description": null,
                    "domainnode_id": "ef38c18f-9924-11ea-9272-f875a44e0e11",
                    "edgeid": "ef390fae-9924-11ea-b44d-f875a44e0e11",
                    "graph_id": "ef38c17e-9924-11ea-a5ee-f875a44e0e11",
                    "name": null,
                    "ontologyproperty": "http://www.cidoc-crm.org/cidoc-crm/P2_has_type",
                    "rangenode_id": "ef38c191-9924-11ea-beda-f875a44e0e11"
                },
                {
                    "description": null,
                    "domainnode_id": "ef38c17f-9924-11ea-9abc-f875a44e0e11",
                    "edgeid": "ef390faf-9924-11ea-bbda-f875a44e0e11",
                    "graph_id": "ef38c17e-9924-11ea-a5ee-f875a44e0e11",
                    "name": null,
                    "ontologyproperty": "http://www.cidoc-crm.org/cidoc-crm/P106_is_composed_of",
                    "rangenode_id": "ef38c192-9924-11ea-9890-f875a44e0e11"
                },
                {
                    "description": null,
                    "domainnode_id": "ef38c192-9924-11ea-9890-f875a44e0e11",
                    "edgeid": "ef390fb0-9924-11ea-a428-f875a44e0e11",
                    "graph_id": "ef38c17e-9924-11ea-a5ee-f875a44e0e11",
                    "name": null,
                    "ontologyproperty": "http://www.cidoc-crm.org/cidoc-crm/P3_has_note",
                    "rangenode_id": "ef38c193-9924-11ea-ad1f-f875a44e0e11"
                },
                {
                    "description": null,
                    "domainnode_id": "ef38c192-9924-11ea-9890-f875a44e0e11",
                    "edgeid": "ef390fb1-9924-11ea-bba7-f875a44e0e11",
                    "graph_id": "ef38c17e-9924-11ea-a5ee-f875a44e0e11",
                    "name": null,
                    "ontologyproperty": "http://www.cidoc-crm.org/cidoc-crm/P2_has_type",
                    "rangenode_id": "ef38c194-9924-11ea-98f7-f875a44e0e11"
                },
                {
                    "description": null,
                    "domainnode_id": "ef38c17f-9924-11ea-9abc-f875a44e0e11",
                    "edgeid": "ef390fb2-9924-11ea-9474-f875a44e0e11",
                    "graph_id": "ef38c17e-9924-11ea-a5ee-f875a44e0e11",
                    "name": null,
                    "ontologyproperty": "http://www.cidoc-crm.org/cidoc-crm/P106_is_composed_of",
                    "rangenode_id": "ef38c18a-9924-11ea-9a65-f875a44e0e11"
                },
                {
                    "description": null,
                    "domainnode_id": "ef38c17f-9924-11ea-9abc-f875a44e0e11",
                    "edgeid": "ef390fb3-9924-11ea-9a91-f875a44e0e11",
                    "graph_id": "ef38c17e-9924-11ea-a5ee-f875a44e0e11",
                    "name": null,
                    "ontologyproperty": "http://www.cidoc-crm.org/cidoc-crm/P129i_is_subject_of",
                    "rangenode_id": "ef38c18d-9924-11ea-969a-f875a44e0e11"
                },
                {
                    "description": null,
                    "domainnode_id": "ef38c18e-9924-11ea-be7e-f875a44e0e11",
                    "edgeid": "ef390fb4-9924-11ea-8fa0-f875a44e0e11",
                    "graph_id": "ef38c17e-9924-11ea-a5ee-f875a44e0e11",
                    "name": null,
                    "ontologyproperty": "http://www.cidoc-crm.org/cidoc-crm/P2_has_type",
                    "rangenode_id": "ef38c187-9924-11ea-b8bc-f875a44e0e11"
                },
                {
                    "description": null,
                    "domainnode_id": "ef38c18c-9924-11ea-ab4a-f875a44e0e11",
                    "edgeid": "ef390fb5-9924-11ea-8a17-f875a44e0e11",
                    "graph_id": "ef38c17e-9924-11ea-a5ee-f875a44e0e11",
                    "name": null,
                    "ontologyproperty": "http://www.cidoc-crm.org/cidoc-crm/P2_has_type",
                    "rangenode_id": "ef38c188-9924-11ea-8720-f875a44e0e11"
                },
                {
                    "description": null,
                    "domainnode_id": "ef38c194-9924-11ea-98f7-f875a44e0e11",
                    "edgeid": "ef390fb6-9924-11ea-b0d3-f875a44e0e11",
                    "graph_id": "ef38c17e-9924-11ea-a5ee-f875a44e0e11",
                    "name": null,
                    "ontologyproperty": "http://www.cidoc-crm.org/cidoc-crm/P2_has_type",
                    "rangenode_id": "ef38c189-9924-11ea-ad5f-f875a44e0e11"
                },
                {
                    "description": null,
                    "domainnode_id": "ef38c191-9924-11ea-beda-f875a44e0e11",
                    "edgeid": "ef390fb7-9924-11ea-88ad-f875a44e0e11",
                    "graph_id": "ef38c17e-9924-11ea-a5ee-f875a44e0e11",
                    "name": null,
                    "ontologyproperty": "http://www.cidoc-crm.org/cidoc-crm/P2_has_type",
                    "rangenode_id": "ef38c195-9924-11ea-bb26-f875a44e0e11"
                },
                {
                    "description": null,
                    "domainnode_id": "ef38c18a-9924-11ea-9a65-f875a44e0e11",
                    "edgeid": "ef390fb8-9924-11ea-b8fd-f875a44e0e11",
                    "graph_id": "ef38c17e-9924-11ea-a5ee-f875a44e0e11",
                    "name": null,
                    "ontologyproperty": "http://www.cidoc-crm.org/cidoc-crm/P3_has_note",
                    "rangenode_id": "ef38c18b-9924-11ea-9656-f875a44e0e11"
                },
                {
                    "description": null,
                    "domainnode_id": "ef38c18a-9924-11ea-9a65-f875a44e0e11",
                    "edgeid": "ef390fb9-9924-11ea-bbd9-f875a44e0e11",
                    "graph_id": "ef38c17e-9924-11ea-a5ee-f875a44e0e11",
                    "name": null,
                    "ontologyproperty": "http://www.cidoc-crm.org/cidoc-crm/P2_has_type",
                    "rangenode_id": "ef38c18c-9924-11ea-ab4a-f875a44e0e11"
                }
            ],
            "functions_x_graphs": [],
            "graphid": "ef38c17e-9924-11ea-a5ee-f875a44e0e11",
            "iconclass": "fa fa-book",
            "is_editable": true,
            "isactive": true,
            "isresource": false,
            "jsonldcontext": null,
            "name": "Bibliographic Source Citation",
            "nodegroups": [
                {
                    "cardinality": "n",
                    "legacygroupid": null,
                    "nodegroupid": "ef38c17f-9924-11ea-9abc-f875a44e0e11",
                    "parentnodegroup_id": null
                }
            ],
            "nodes": [
                {
                    "config": {
                        "rdmCollection": "1e63c514-eb9d-48d3-94b5-35e060e5f368"
                    },
                    "datatype": "concept",
                    "description": null,
                    "exportable": false,
                    "fieldname": null,
                    "graph_id": "ef38c17e-9924-11ea-a5ee-f875a44e0e11",
                    "is_collector": false,
                    "isrequired": false,
                    "issearchable": true,
                    "istopnode": false,
                    "name": "Pages Metatype",
                    "nodegroup_id": "ef38c17f-9924-11ea-9abc-f875a44e0e11",
                    "nodeid": "ef38c188-9924-11ea-8720-f875a44e0e11",
                    "ontologyclass": "http://www.cidoc-crm.org/cidoc-crm/E55_Type",
                    "parentproperty": "http://www.cidoc-crm.org/cidoc-crm/P2_has_type",
                    "sortorder": 0
                },
                {
                    "config": {
                        "rdmCollection": "1e63c514-eb9d-48d3-94b5-35e060e5f368"
                    },
                    "datatype": "concept",
                    "description": null,
                    "exportable": false,
                    "fieldname": null,
                    "graph_id": "ef38c17e-9924-11ea-a5ee-f875a44e0e11",
                    "is_collector": false,
                    "isrequired": false,
                    "issearchable": true,
                    "istopnode": false,
                    "name": "Source Number Metatype",
                    "nodegroup_id": "ef38c17f-9924-11ea-9abc-f875a44e0e11",
                    "nodeid": "ef38c182-9924-11ea-81da-f875a44e0e11",
                    "ontologyclass": "http://www.cidoc-crm.org/cidoc-crm/E55_Type",
                    "parentproperty": "http://www.cidoc-crm.org/cidoc-crm/P2_has_type",
                    "sortorder": 0
                },
                {
                    "config": null,
                    "datatype": "semantic",
                    "description": null,
                    "exportable": false,
                    "fieldname": null,
                    "graph_id": "ef38c17e-9924-11ea-a5ee-f875a44e0e11",
                    "is_collector": false,
                    "isrequired": false,
                    "issearchable": true,
                    "istopnode": false,
                    "name": "Plates",
                    "nodegroup_id": "ef38c17f-9924-11ea-9abc-f875a44e0e11",
                    "nodeid": "ef38c192-9924-11ea-9890-f875a44e0e11",
                    "ontologyclass": "http://www.cidoc-crm.org/cidoc-crm/E73_Information_Object",
                    "parentproperty": "http://www.cidoc-crm.org/cidoc-crm/P106_is_composed_of",
                    "sortorder": 0
                },
                {
                    "config": {
                        "rdmCollection": "3e545767-c46c-4fe7-8754-c24528ba0842"
                    },
                    "datatype": "concept",
                    "description": null,
                    "exportable": false,
                    "fieldname": null,
                    "graph_id": "ef38c17e-9924-11ea-a5ee-f875a44e0e11",
                    "is_collector": false,
                    "isrequired": false,
                    "issearchable": true,
                    "istopnode": false,
                    "name": "Source Number Type",
                    "nodegroup_id": "ef38c17f-9924-11ea-9abc-f875a44e0e11",
                    "nodeid": "ef38c184-9924-11ea-bdc4-f875a44e0e11",
                    "ontologyclass": "http://www.cidoc-crm.org/cidoc-crm/E55_Type",
                    "parentproperty": "http://www.cidoc-crm.org/cidoc-crm/P2_has_type",
                    "sortorder": 0
                },
                {
                    "config": null,
                    "datatype": "string",
                    "description": null,
                    "exportable": false,
                    "fieldname": null,
                    "graph_id": "ef38c17e-9924-11ea-a5ee-f875a44e0e11",
                    "is_collector": false,
                    "isrequired": false,
                    "issearchable": true,
                    "istopnode": false,
                    "name": "Comment",
                    "nodegroup_id": "ef38c17f-9924-11ea-9abc-f875a44e0e11",
                    "nodeid": "ef38c186-9924-11ea-86f3-f875a44e0e11",
                    "ontologyclass": "http://www.w3.org/2000/01/rdf-schema#Literal",
                    "parentproperty": "http://www.cidoc-crm.org/cidoc-crm/P3_has_note",
                    "sortorder": 0
                },
                {
                    "config": {
                        "rdmCollection": "1e63c514-eb9d-48d3-94b5-35e060e5f368"
                    },
                    "datatype": "concept",
                    "description": null,
                    "exportable": false,
                    "fieldname": null,
                    "graph_id": "ef38c17e-9924-11ea-a5ee-f875a44e0e11",
                    "is_collector": false,
                    "isrequired": false,
                    "issearchable": true,
                    "istopnode": false,
                    "name": "Source Comment Metatype",
                    "nodegroup_id": "ef38c17f-9924-11ea-9abc-f875a44e0e11",
                    "nodeid": "ef38c187-9924-11ea-b8bc-f875a44e0e11",
                    "ontologyclass": "http://www.cidoc-crm.org/cidoc-crm/E55_Type",
                    "parentproperty": "http://www.cidoc-crm.org/cidoc-crm/P2_has_type",
                    "sortorder": 0
                },
                {
                    "config": {
                        "rdmCollection": "1e63c514-eb9d-48d3-94b5-35e060e5f368"
                    },
                    "datatype": "concept",
                    "description": null,
                    "exportable": false,
                    "fieldname": null,
                    "graph_id": "ef38c17e-9924-11ea-a5ee-f875a44e0e11",
                    "is_collector": false,
                    "isrequired": false,
                    "issearchable": true,
                    "istopnode": false,
                    "name": "Plates metatype",
                    "nodegroup_id": "ef38c17f-9924-11ea-9abc-f875a44e0e11",
                    "nodeid": "ef38c189-9924-11ea-ad5f-f875a44e0e11",
                    "ontologyclass": "http://www.cidoc-crm.org/cidoc-crm/E55_Type",
                    "parentproperty": "http://www.cidoc-crm.org/cidoc-crm/P2_has_type",
                    "sortorder": 0
                },
                {
                    "config": null,
                    "datatype": "semantic",
                    "description": null,
                    "exportable": false,
                    "fieldname": null,
                    "graph_id": "ef38c17e-9924-11ea-a5ee-f875a44e0e11",
                    "is_collector": false,
                    "isrequired": false,
                    "issearchable": true,
                    "istopnode": false,
                    "name": "Pages",
                    "nodegroup_id": "ef38c17f-9924-11ea-9abc-f875a44e0e11",
                    "nodeid": "ef38c18a-9924-11ea-9a65-f875a44e0e11",
                    "ontologyclass": "http://www.cidoc-crm.org/cidoc-crm/E73_Information_Object",
                    "parentproperty": "http://www.cidoc-crm.org/cidoc-crm/P106_is_composed_of",
                    "sortorder": 0
                },
                {
                    "config": null,
                    "datatype": "string",
                    "description": null,
                    "exportable": false,
                    "fieldname": null,
                    "graph_id": "ef38c17e-9924-11ea-a5ee-f875a44e0e11",
                    "is_collector": false,
                    "isrequired": false,
                    "issearchable": true,
                    "istopnode": false,
                    "name": "Page(s)",
                    "nodegroup_id": "ef38c17f-9924-11ea-9abc-f875a44e0e11",
                    "nodeid": "ef38c18b-9924-11ea-9656-f875a44e0e11",
                    "ontologyclass": "http://www.w3.org/2000/01/rdf-schema#Literal",
                    "parentproperty": "http://www.cidoc-crm.org/cidoc-crm/P3_has_note",
                    "sortorder": 0
                },
                {
                    "config": {
                        "rdmCollection": "3efb92ea-ae58-42a3-8374-db3653c36c9f"
                    },
                    "datatype": "concept",
                    "description": null,
                    "exportable": false,
                    "fieldname": null,
                    "graph_id": "ef38c17e-9924-11ea-a5ee-f875a44e0e11",
                    "is_collector": false,
                    "isrequired": false,
                    "issearchable": true,
                    "istopnode": false,
                    "name": "Pages Type",
                    "nodegroup_id": "ef38c17f-9924-11ea-9abc-f875a44e0e11",
                    "nodeid": "ef38c18c-9924-11ea-ab4a-f875a44e0e11",
                    "ontologyclass": "http://www.cidoc-crm.org/cidoc-crm/E55_Type",
                    "parentproperty": "http://www.cidoc-crm.org/cidoc-crm/P2_has_type",
                    "sortorder": 0
                },
                {
                    "config": null,
                    "datatype": "semantic",
                    "description": null,
                    "exportable": false,
                    "fieldname": null,
                    "graph_id": "ef38c17e-9924-11ea-a5ee-f875a44e0e11",
                    "is_collector": false,
                    "isrequired": false,
                    "issearchable": true,
                    "istopnode": false,
                    "name": "Source Comment",
                    "nodegroup_id": "ef38c17f-9924-11ea-9abc-f875a44e0e11",
                    "nodeid": "ef38c18d-9924-11ea-969a-f875a44e0e11",
                    "ontologyclass": "http://www.cidoc-crm.org/cidoc-crm/E33_Linguistic_Object",
                    "parentproperty": "http://www.cidoc-crm.org/cidoc-crm/P129i_is_subject_of",
                    "sortorder": 0
                },
                {
                    "config": {
                        "activateMax": false,
                        "maxFileSize": null,
                        "maxFiles": 1,
                        "rdmCollection": "0ff39ed3-cc95-4c60-9321-6d4e65fb1f2d"
                    },
                    "datatype": "concept",
                    "description": null,
                    "exportable": false,
                    "fieldname": null,
                    "graph_id": "ef38c17e-9924-11ea-a5ee-f875a44e0e11",
                    "is_collector": false,
                    "isrequired": false,
                    "issearchable": true,
                    "istopnode": false,
                    "name": "Source Comment Type",
                    "nodegroup_id": "ef38c17f-9924-11ea-9abc-f875a44e0e11",
                    "nodeid": "ef38c18e-9924-11ea-be7e-f875a44e0e11",
                    "ontologyclass": "http://www.cidoc-crm.org/cidoc-crm/E55_Type",
                    "parentproperty": "http://www.cidoc-crm.org/cidoc-crm/P2_has_type",
                    "sortorder": 0
                },
                {
                    "config": null,
                    "datatype": "semantic",
                    "description": null,
                    "exportable": false,
                    "fieldname": null,
                    "graph_id": "ef38c17e-9924-11ea-a5ee-f875a44e0e11",
                    "is_collector": false,
                    "isrequired": false,
                    "issearchable": true,
                    "istopnode": false,
                    "name": "Figures",
                    "nodegroup_id": "ef38c17f-9924-11ea-9abc-f875a44e0e11",
                    "nodeid": "ef38c18f-9924-11ea-9272-f875a44e0e11",
                    "ontologyclass": "http://www.cidoc-crm.org/cidoc-crm/E73_Information_Object",
                    "parentproperty": "http://www.cidoc-crm.org/cidoc-crm/P106_is_composed_of",
                    "sortorder": 0
                },
                {
                    "config": null,
                    "datatype": "string",
                    "description": null,
                    "exportable": false,
                    "fieldname": null,
                    "graph_id": "ef38c17e-9924-11ea-a5ee-f875a44e0e11",
                    "is_collector": false,
                    "isrequired": false,
                    "issearchable": true,
                    "istopnode": false,
                    "name": "Figs.",
                    "nodegroup_id": "ef38c17f-9924-11ea-9abc-f875a44e0e11",
                    "nodeid": "ef38c190-9924-11ea-8a1d-f875a44e0e11",
                    "ontologyclass": "http://www.w3.org/2000/01/rdf-schema#Literal",
                    "parentproperty": "http://www.cidoc-crm.org/cidoc-crm/P3_has_note",
                    "sortorder": 0
                },
                {
                    "config": {
                        "rdmCollection": "3efb92ea-ae58-42a3-8374-db3653c36c9f"
                    },
                    "datatype": "concept",
                    "description": null,
                    "exportable": false,
                    "fieldname": null,
                    "graph_id": "ef38c17e-9924-11ea-a5ee-f875a44e0e11",
                    "is_collector": false,
                    "isrequired": false,
                    "issearchable": true,
                    "istopnode": false,
                    "name": "Figures Type",
                    "nodegroup_id": "ef38c17f-9924-11ea-9abc-f875a44e0e11",
                    "nodeid": "ef38c191-9924-11ea-beda-f875a44e0e11",
                    "ontologyclass": "http://www.cidoc-crm.org/cidoc-crm/E55_Type",
                    "parentproperty": "http://www.cidoc-crm.org/cidoc-crm/P2_has_type",
                    "sortorder": 0
                },
                {
                    "config": {
                        "rdmCollection": "3efb92ea-ae58-42a3-8374-db3653c36c9f"
                    },
                    "datatype": "concept",
                    "description": null,
                    "exportable": false,
                    "fieldname": null,
                    "graph_id": "ef38c17e-9924-11ea-a5ee-f875a44e0e11",
                    "is_collector": false,
                    "isrequired": false,
                    "issearchable": true,
                    "istopnode": false,
                    "name": "Plates Type",
                    "nodegroup_id": "ef38c17f-9924-11ea-9abc-f875a44e0e11",
                    "nodeid": "ef38c194-9924-11ea-98f7-f875a44e0e11",
                    "ontologyclass": "http://www.cidoc-crm.org/cidoc-crm/E55_Type",
                    "parentproperty": "http://www.cidoc-crm.org/cidoc-crm/P2_has_type",
                    "sortorder": 0
                },
                {
                    "config": {
                        "rdmCollection": "1e63c514-eb9d-48d3-94b5-35e060e5f368"
                    },
                    "datatype": "concept",
                    "description": null,
                    "exportable": false,
                    "fieldname": null,
                    "graph_id": "ef38c17e-9924-11ea-a5ee-f875a44e0e11",
                    "is_collector": false,
                    "isrequired": false,
                    "issearchable": true,
                    "istopnode": false,
                    "name": "Figures Metatype",
                    "nodegroup_id": "ef38c17f-9924-11ea-9abc-f875a44e0e11",
                    "nodeid": "ef38c195-9924-11ea-bb26-f875a44e0e11",
                    "ontologyclass": "http://www.cidoc-crm.org/cidoc-crm/E55_Type",
                    "parentproperty": "http://www.cidoc-crm.org/cidoc-crm/P2_has_type",
                    "sortorder": 0
                },
                {
                    "config": null,
                    "datatype": "string",
                    "description": null,
                    "exportable": false,
                    "fieldname": null,
                    "graph_id": "ef38c17e-9924-11ea-a5ee-f875a44e0e11",
                    "is_collector": false,
                    "isrequired": false,
                    "issearchable": true,
                    "istopnode": false,
                    "name": "Plate(s)",
                    "nodegroup_id": "ef38c17f-9924-11ea-9abc-f875a44e0e11",
                    "nodeid": "ef38c193-9924-11ea-ad1f-f875a44e0e11",
                    "ontologyclass": "http://www.w3.org/2000/01/rdf-schema#Literal",
                    "parentproperty": "http://www.cidoc-crm.org/cidoc-crm/P3_has_note",
                    "sortorder": 0
                },
                {
                    "config": null,
                    "datatype": "semantic",
                    "description": null,
                    "exportable": false,
                    "fieldname": null,
                    "graph_id": "ef38c17e-9924-11ea-a5ee-f875a44e0e11",
                    "is_collector": false,
                    "isrequired": false,
                    "issearchable": true,
                    "istopnode": false,
                    "name": "Source Number",
                    "nodegroup_id": "ef38c17f-9924-11ea-9abc-f875a44e0e11",
                    "nodeid": "ef38c185-9924-11ea-800c-f875a44e0e11",
                    "ontologyclass": "http://www.cidoc-crm.org/cidoc-crm/E42_Identifier",
                    "parentproperty": "http://www.cidoc-crm.org/cidoc-crm/P1_is_identified_by",
                    "sortorder": 0
                },
                {
                    "config": null,
                    "datatype": "string",
                    "description": null,
                    "exportable": false,
                    "fieldname": null,
                    "graph_id": "ef38c17e-9924-11ea-a5ee-f875a44e0e11",
                    "is_collector": false,
                    "isrequired": false,
                    "issearchable": true,
                    "istopnode": false,
                    "name": "Source Number Value",
                    "nodegroup_id": "ef38c17f-9924-11ea-9abc-f875a44e0e11",
                    "nodeid": "ef38c183-9924-11ea-b77a-f875a44e0e11",
                    "ontologyclass": "http://www.w3.org/2000/01/rdf-schema#Literal",
                    "parentproperty": "http://www.cidoc-crm.org/cidoc-crm/P3_has_note",
                    "sortorder": 0
                },
                {
                    "config": {
                        "graphid": [
                            "24d7b54f-5464-11e9-a86b-000d3ab1e588"
                        ],
                        "graphs": [
                            {
                                "graphid": "24d7b54f-5464-11e9-a86b-000d3ab1e588",
                                "name": "Bibliographic_Source"
                            }
                        ]
                    },
                    "datatype": "resource-instance",
                    "description": null,
                    "exportable": false,
                    "fieldname": null,
                    "graph_id": "ef38c17e-9924-11ea-a5ee-f875a44e0e11",
                    "is_collector": true,
                    "isrequired": false,
                    "issearchable": true,
                    "istopnode": true,
                    "name": "Bibliographic Source Citation",
                    "nodegroup_id": "ef38c17f-9924-11ea-9abc-f875a44e0e11",
                    "nodeid": "ef38c17f-9924-11ea-9abc-f875a44e0e11",
                    "ontologyclass": "http://www.cidoc-crm.org/cidoc-crm/E73_Information_Object",
                    "parentproperty": "",
                    "sortorder": 0
                }
            ],
            "ontology_id": "e6e8db47-2ccf-11e6-927e-b8f6b115d7dd",
            "relatable_resource_model_ids": [],
            "resource_2_resource_constraints": [],
            "root": {
                "config": {
                    "graphid": [
                        "24d7b54f-5464-11e9-a86b-000d3ab1e588"
                    ],
                    "graphs": [
                        {
                            "graphid": "24d7b54f-5464-11e9-a86b-000d3ab1e588",
                            "name": "Bibliographic_Source"
                        }
                    ]
                },
                "datatype": "resource-instance",
                "description": null,
                "exportable": false,
                "fieldname": null,
                "graph_id": "ef38c17e-9924-11ea-a5ee-f875a44e0e11",
                "is_collector": true,
                "isrequired": false,
                "issearchable": true,
                "istopnode": true,
                "name": "Bibliographic Source Citation",
                "nodegroup_id": "ef38c17f-9924-11ea-9abc-f875a44e0e11",
                "nodeid": "ef38c17f-9924-11ea-9abc-f875a44e0e11",
                "ontologyclass": "http://www.cidoc-crm.org/cidoc-crm/E73_Information_Object",
                "sortorder": 0
            },
            "slug": null,
            "subtitle": "",
            "template_id": "50000000-0000-0000-0000-000000000001",
            "version": ""
        }
    ]
}