{
    "graph": [
        {
            "author": "",
            "cards": [
                {
                    "active": true,
                    "cardid": "1a00ebb7-992e-11ea-b6af-f875a44e0e11",
                    "component_id": "f05e4d3a-53c1-11e8-b0ea-784f435179ea",
                    "config": null,
                    "constraints": [],
                    "cssclass": null,
                    "description": "",
                    "graph_id": "1a00ebb4-992e-11ea-9af5-f875a44e0e11",
                    "helpenabled": false,
                    "helptext": null,
                    "helptitle": null,
                    "instructions": null,
                    "is_editable": true,
                    "name": "Bibliographic Source Creation",
                    "nodegroup_id": "1a00ebb5-992e-11ea-b279-f875a44e0e11",
                    "sortorder": 5,
                    "visible": true
                }
            ],
            "cards_x_nodes_x_widgets": [
                {
                    "card_id": "1a00ebb7-992e-11ea-b6af-f875a44e0e11",
                    "config": {
                        "defaultValue": "e5739feb-21d0-430a-968f-caadd8e4ccf7",
                        "label": "Contributor Name Type",
                        "options": [],
                        "placeholder": "Select an option"
                    },
                    "id": "1a0112ac-992e-11ea-ae13-f875a44e0e11",
                    "label": "Contributor Name Type",
                    "node_id": "1a00ebb9-992e-11ea-97b3-f875a44e0e11",
                    "sortorder": 14,
                    "visible": false,
                    "widget_id": "10000000-0000-0000-0000-000000000002"
                },
                {
                    "card_id": "1a00ebb7-992e-11ea-b6af-f875a44e0e11",
                    "config": {
                        "defaultValue": "a0e096e2-f5ae-4579-950d-3040714713b4",
                        "label": "Contributor Name Metatype",
                        "options": [],
                        "placeholder": "Select an option"
                    },
                    "id": "1a0112ad-992e-11ea-ac39-f875a44e0e11",
                    "label": "Contributor Name Metatype",
                    "node_id": "1a0112a1-992e-11ea-ab62-f875a44e0e11",
                    "sortorder": 15,
                    "visible": false,
                    "widget_id": "10000000-0000-0000-0000-000000000002"
                },
                {
                    "card_id": "1a00ebb7-992e-11ea-b6af-f875a44e0e11",
                    "config": {
                        "defaultValue": "",
                        "label": "Statement of Responsibility",
                        "maxLength": null,
                        "placeholder": "Enter text",
                        "width": "100%"
                    },
                    "id": "1a0112ae-992e-11ea-b10a-f875a44e0e11",
                    "label": "Statement of Responsibility",
                    "node_id": "1a00ebbf-992e-11ea-94a5-f875a44e0e11",
                    "sortorder": 0,
                    "visible": true,
                    "widget_id": "10000000-0000-0000-0000-000000000001"
                },
                {
                    "card_id": "1a00ebb7-992e-11ea-b6af-f875a44e0e11",
                    "config": {
                        "defaultValue": "35508b82-062a-469f-830a-6040c5e5eb8c",
                        "label": "Statement of Responsibility Type",
                        "options": [],
                        "placeholder": "Select an option"
                    },
                    "id": "1a0112af-992e-11ea-a5c9-f875a44e0e11",
                    "label": "Statement of Responsibility Type",
                    "node_id": "1a00ebbc-992e-11ea-9e63-f875a44e0e11",
                    "sortorder": 1,
                    "visible": false,
                    "widget_id": "10000000-0000-0000-0000-000000000002"
                },
                {
                    "card_id": "1a00ebb7-992e-11ea-b6af-f875a44e0e11",
                    "config": {
                        "defaultValue": "6fbe3775-e51d-4f90-af53-5695dd204c9a",
                        "label": "Statement of Responsibility Metatype",
                        "options": [],
                        "placeholder": "Select an option"
                    },
                    "id": "1a0112b0-992e-11ea-a9d7-f875a44e0e11",
                    "label": "Statement of Responsibility Metatype",
                    "node_id": "1a00ebbd-992e-11ea-a953-f875a44e0e11",
                    "sortorder": 2,
                    "visible": false,
                    "widget_id": "10000000-0000-0000-0000-000000000002"
                },
                {
                    "card_id": "1a00ebb7-992e-11ea-b6af-f875a44e0e11",
                    "config": {
                        "defaultValue": "",
                        "label": "Contributor Name",
                        "maxLength": null,
                        "placeholder": "Enter text",
                        "width": "100%"
                    },
                    "id": "1a0112b1-992e-11ea-a16c-f875a44e0e11",
                    "label": "Contributor Name",
                    "node_id": "1a00ebba-992e-11ea-802c-f875a44e0e11",
                    "sortorder": 13,
                    "visible": true,
                    "widget_id": "10000000-0000-0000-0000-000000000001"
                },
                {
                    "card_id": "1a00ebb7-992e-11ea-b6af-f875a44e0e11",
                    "config": {
                        "defaultValue": "2aab4259-2381-4987-907a-fa461dfc0adc",
                        "label": "Authorship Type",
                        "options": [],
                        "placeholder": "Select an option"
                    },
                    "id": "1a0112b2-992e-11ea-90bf-f875a44e0e11",
                    "label": "Authorship Type",
                    "node_id": "1a0112a0-992e-11ea-a08c-f875a44e0e11",
                    "sortorder": 6,
                    "visible": false,
                    "widget_id": "10000000-0000-0000-0000-000000000002"
                },
                {
                    "card_id": "1a00ebb7-992e-11ea-b6af-f875a44e0e11",
                    "config": {
                        "defaultValue": "b81d4b16-0633-4d7a-b4b2-5c2d3e2e782e",
                        "label": "Authorship Metatype",
                        "options": [],
                        "placeholder": "Select an option"
                    },
                    "id": "1a0112b3-992e-11ea-8f13-f875a44e0e11",
                    "label": "Authorship Metatype",
                    "node_id": "1a0112a4-992e-11ea-b3b6-f875a44e0e11",
                    "sortorder": 7,
                    "visible": false,
                    "widget_id": "10000000-0000-0000-0000-000000000002"
                },
                {
                    "card_id": "1a00ebb7-992e-11ea-b6af-f875a44e0e11",
                    "config": {
                        "defaultValue": "8ad2ca80-238f-4b6d-b6d4-1040298bd2b0",
                        "label": "Editorship Type",
                        "options": [],
                        "placeholder": "Select an option"
                    },
                    "id": "1a0112b4-992e-11ea-bb09-f875a44e0e11",
                    "label": "Editorship Type",
                    "node_id": "1a01129e-992e-11ea-b2bd-f875a44e0e11",
                    "sortorder": 11,
                    "visible": false,
                    "widget_id": "10000000-0000-0000-0000-000000000002"
                },
                {
                    "card_id": "1a00ebb7-992e-11ea-b6af-f875a44e0e11",
                    "config": {
                        "defaultValue": "b81d4b16-0633-4d7a-b4b2-5c2d3e2e782e",
                        "label": "Editorship Metatype",
                        "options": [],
                        "placeholder": "Select an option"
                    },
                    "id": "1a0112b5-992e-11ea-a6fa-f875a44e0e11",
                    "label": "Editorship Metatype",
                    "node_id": "1a00ebc7-992e-11ea-9fc0-f875a44e0e11",
                    "sortorder": 12,
                    "visible": false,
                    "widget_id": "10000000-0000-0000-0000-000000000002"
                },
                {
                    "card_id": "1a00ebb7-992e-11ea-b6af-f875a44e0e11",
                    "config": {
                        "defaultValue": "",
                        "label": "Editor Name",
                        "maxLength": null,
                        "placeholder": "Enter text",
                        "width": "100%"
                    },
                    "id": "1a0112b6-992e-11ea-b32a-f875a44e0e11",
                    "label": "Editor Name",
                    "node_id": "1a00ebc9-992e-11ea-9e4a-f875a44e0e11",
                    "sortorder": 8,
                    "visible": true,
                    "widget_id": "10000000-0000-0000-0000-000000000001"
                },
                {
                    "card_id": "1a00ebb7-992e-11ea-b6af-f875a44e0e11",
                    "config": {
                        "defaultValue": "e5739feb-21d0-430a-968f-caadd8e4ccf7",
                        "label": "Editor Name Type",
                        "options": [],
                        "placeholder": "Select an option"
                    },
                    "id": "1a0112b7-992e-11ea-bb83-f875a44e0e11",
                    "label": "Editor Name Type",
                    "node_id": "1a00ebc4-992e-11ea-955d-f875a44e0e11",
                    "sortorder": 9,
                    "visible": false,
                    "widget_id": "10000000-0000-0000-0000-000000000002"
                },
                {
                    "card_id": "1a00ebb7-992e-11ea-b6af-f875a44e0e11",
                    "config": {
                        "defaultValue": "865e63c7-1ba8-4dd5-9fa5-a90fc4faa718",
                        "label": "Contribution Type",
                        "options": [],
                        "placeholder": "Select an option"
                    },
                    "id": "1a0112b8-992e-11ea-95f0-f875a44e0e11",
                    "label": "Contribution Type",
                    "node_id": "1a00ebbb-992e-11ea-bf55-f875a44e0e11",
                    "sortorder": 16,
                    "visible": false,
                    "widget_id": "10000000-0000-0000-0000-000000000002"
                },
                {
                    "card_id": "1a00ebb7-992e-11ea-b6af-f875a44e0e11",
                    "config": {
                        "defaultValue": "a0e096e2-f5ae-4579-950d-3040714713b4",
                        "label": "Editor Name Metatype",
                        "options": [],
                        "placeholder": "Select an option"
                    },
                    "id": "1a0112a5-992e-11ea-9376-f875a44e0e11",
                    "label": "Editor Name Metatype",
                    "node_id": "1a00ebcb-992e-11ea-8363-f875a44e0e11",
                    "sortorder": 10,
                    "visible": false,
                    "widget_id": "10000000-0000-0000-0000-000000000002"
                },
                {
                    "card_id": "1a00ebb7-992e-11ea-b6af-f875a44e0e11",
                    "config": {
                        "defaultValue": "e5739feb-21d0-430a-968f-caadd8e4ccf7",
                        "label": "Author Name Type",
                        "options": [],
                        "placeholder": "Select an option"
                    },
                    "id": "1a0112a6-992e-11ea-a168-f875a44e0e11",
                    "label": "Author Name Type",
                    "node_id": "1a00ebc0-992e-11ea-9ffb-f875a44e0e11",
                    "sortorder": 4,
                    "visible": false,
                    "widget_id": "10000000-0000-0000-0000-000000000002"
                },
                {
                    "card_id": "1a00ebb7-992e-11ea-b6af-f875a44e0e11",
                    "config": {
                        "defaultValue": "a0e096e2-f5ae-4579-950d-3040714713b4",
                        "label": "Author Name Metatype",
                        "options": [],
                        "placeholder": "Select an option"
                    },
                    "id": "1a0112a7-992e-11ea-a8d6-f875a44e0e11",
                    "label": "Author Name Metatype",
                    "node_id": "1a00ebc1-992e-11ea-b145-f875a44e0e11",
                    "sortorder": 5,
                    "visible": false,
                    "widget_id": "10000000-0000-0000-0000-000000000002"
                },
                {
                    "card_id": "1a00ebb7-992e-11ea-b6af-f875a44e0e11",
                    "config": {
                        "defaultValue": "b81d4b16-0633-4d7a-b4b2-5c2d3e2e782e",
                        "label": "Contribution Metatype",
                        "options": [],
                        "placeholder": "Select an option"
                    },
                    "id": "1a0112a8-992e-11ea-ae30-f875a44e0e11",
                    "label": "Contribution Metatype",
                    "node_id": "1a00ebcc-992e-11ea-8fd1-f875a44e0e11",
                    "sortorder": 17,
                    "visible": false,
                    "widget_id": "10000000-0000-0000-0000-000000000002"
                },
                {
                    "card_id": "1a00ebb7-992e-11ea-b6af-f875a44e0e11",
                    "config": {
                        "label": "Contributor",
                        "placeholder": ""
                    },
                    "id": "1a0112a9-992e-11ea-9959-f875a44e0e11",
                    "label": "Contributor",
                    "node_id": "1a00ebc6-992e-11ea-bb82-f875a44e0e11",
                    "sortorder": 3,
                    "visible": true,
                    "widget_id": "31f3728c-7613-11e7-a139-784f435179ea"
                },
                {
                    "card_id": "1a00ebb7-992e-11ea-b6af-f875a44e0e11",
                    "config": {
                        "label": "Editor",
                        "placeholder": ""
                    },
                    "id": "1a0112aa-992e-11ea-8460-f875a44e0e11",
                    "label": "Editor",
                    "node_id": "1a0112a2-992e-11ea-b600-f875a44e0e11",
                    "sortorder": 4,
                    "visible": true,
                    "widget_id": "31f3728c-7613-11e7-a139-784f435179ea"
                },
                {
                    "card_id": "1a00ebb7-992e-11ea-b6af-f875a44e0e11",
                    "config": {
                        "defaultValue": "",
                        "label": "Author Name",
                        "maxLength": null,
                        "placeholder": "Enter text",
                        "width": "100%"
                    },
                    "id": "1a0112ab-992e-11ea-83d4-f875a44e0e11",
                    "label": "Author Name",
                    "node_id": "1a01129f-992e-11ea-aeb3-f875a44e0e11",
                    "sortorder": 3,
                    "visible": true,
                    "widget_id": "10000000-0000-0000-0000-000000000001"
                }
            ],
            "color": null,
            "config": {},
            "deploymentdate": null,
            "deploymentfile": null,
            "description": "",
            "edges": [
                {
                    "description": null,
                    "domainnode_id": "1a00ebb5-992e-11ea-b279-f875a44e0e11",
                    "edgeid": "1a0187fe-992e-11ea-84f6-f875a44e0e11",
                    "graph_id": "1a00ebb4-992e-11ea-9af5-f875a44e0e11",
                    "name": null,
                    "ontologyproperty": "http://www.cidoc-crm.org/cidoc-crm/P9_consists_of",
                    "rangenode_id": "1a00ebc6-992e-11ea-bb82-f875a44e0e11"
                },
                {
                    "description": null,
                    "domainnode_id": "1a00ebb5-992e-11ea-b279-f875a44e0e11",
                    "edgeid": "1a0187ff-992e-11ea-922e-f875a44e0e11",
                    "graph_id": "1a00ebb4-992e-11ea-9af5-f875a44e0e11",
                    "name": null,
                    "ontologyproperty": "http://www.cidoc-crm.org/cidoc-crm/P9_consists_of",
                    "rangenode_id": "1a0112a2-992e-11ea-b600-f875a44e0e11"
                },
                {
                    "description": null,
                    "domainnode_id": "1a00ebc8-992e-11ea-96b0-f875a44e0e11",
                    "edgeid": "1a018800-992e-11ea-8f31-f875a44e0e11",
                    "graph_id": "1a00ebb4-992e-11ea-9af5-f875a44e0e11",
                    "name": null,
                    "ontologyproperty": "http://www.cidoc-crm.org/cidoc-crm/P2_has_type",
                    "rangenode_id": "1a00ebc4-992e-11ea-955d-f875a44e0e11"
                },
                {
                    "description": null,
                    "domainnode_id": "1a00ebc3-992e-11ea-b102-f875a44e0e11",
                    "edgeid": "1a018801-992e-11ea-ae7f-f875a44e0e11",
                    "graph_id": "1a00ebb4-992e-11ea-9af5-f875a44e0e11",
                    "name": null,
                    "ontologyproperty": "http://www.cidoc-crm.org/cidoc-crm/P1_is_identified_by",
                    "rangenode_id": "1a00ebc8-992e-11ea-96b0-f875a44e0e11"
                },
                {
                    "description": null,
                    "domainnode_id": "1a0112a0-992e-11ea-a08c-f875a44e0e11",
                    "edgeid": "1a0160ae-992e-11ea-92d8-f875a44e0e11",
                    "graph_id": "1a00ebb4-992e-11ea-9af5-f875a44e0e11",
                    "name": null,
                    "ontologyproperty": "http://www.cidoc-crm.org/cidoc-crm/P2_has_type",
                    "rangenode_id": "1a0112a4-992e-11ea-b3b6-f875a44e0e11"
                },
                {
                    "description": null,
                    "domainnode_id": "1a01129e-992e-11ea-b2bd-f875a44e0e11",
                    "edgeid": "1a0160af-992e-11ea-86d8-f875a44e0e11",
                    "graph_id": "1a00ebb4-992e-11ea-9af5-f875a44e0e11",
                    "name": null,
                    "ontologyproperty": "http://www.cidoc-crm.org/cidoc-crm/P2_has_type",
                    "rangenode_id": "1a00ebc7-992e-11ea-9fc0-f875a44e0e11"
                },
                {
                    "description": null,
                    "domainnode_id": "1a00ebbb-992e-11ea-bf55-f875a44e0e11",
                    "edgeid": "1a0160b0-992e-11ea-9839-f875a44e0e11",
                    "graph_id": "1a00ebb4-992e-11ea-9af5-f875a44e0e11",
                    "name": null,
                    "ontologyproperty": "http://www.cidoc-crm.org/cidoc-crm/P2_has_type",
                    "rangenode_id": "1a00ebcc-992e-11ea-8fd1-f875a44e0e11"
                },
                {
                    "description": null,
                    "domainnode_id": "1a00ebc6-992e-11ea-bb82-f875a44e0e11",
                    "edgeid": "1a0160b1-992e-11ea-82fe-f875a44e0e11",
                    "graph_id": "1a00ebb4-992e-11ea-9af5-f875a44e0e11",
                    "name": null,
                    "ontologyproperty": "http://www.cidoc-crm.org/cidoc-crm/P2_has_type",
                    "rangenode_id": "1a00ebbb-992e-11ea-bf55-f875a44e0e11"
                },
                {
                    "description": null,
                    "domainnode_id": "1a00ebc2-992e-11ea-965f-f875a44e0e11",
                    "edgeid": "1a0160b2-992e-11ea-9701-f875a44e0e11",
                    "graph_id": "1a00ebb4-992e-11ea-9af5-f875a44e0e11",
                    "name": null,
                    "ontologyproperty": "http://www.cidoc-crm.org/cidoc-crm/P2_has_type",
                    "rangenode_id": "1a00ebb9-992e-11ea-97b3-f875a44e0e11"
                },
                {
                    "description": null,
                    "domainnode_id": "1a00ebc6-992e-11ea-bb82-f875a44e0e11",
                    "edgeid": "1a0160b3-992e-11ea-a821-f875a44e0e11",
                    "graph_id": "1a00ebb4-992e-11ea-9af5-f875a44e0e11",
                    "name": null,
                    "ontologyproperty": "http://www.cidoc-crm.org/cidoc-crm/P14_carried_out_by",
                    "rangenode_id": "1a00ebc5-992e-11ea-a0fb-f875a44e0e11"
                },
                {
                    "description": null,
                    "domainnode_id": "1a00ebc2-992e-11ea-965f-f875a44e0e11",
                    "edgeid": "1a0160b4-992e-11ea-8e98-f875a44e0e11",
                    "graph_id": "1a00ebb4-992e-11ea-9af5-f875a44e0e11",
                    "name": null,
                    "ontologyproperty": "http://www.cidoc-crm.org/cidoc-crm/P3_has_note",
                    "rangenode_id": "1a00ebba-992e-11ea-802c-f875a44e0e11"
                },
                {
                    "description": null,
                    "domainnode_id": "1a00ebb9-992e-11ea-97b3-f875a44e0e11",
                    "edgeid": "1a0160b5-992e-11ea-b5a2-f875a44e0e11",
                    "graph_id": "1a00ebb4-992e-11ea-9af5-f875a44e0e11",
                    "name": null,
                    "ontologyproperty": "http://www.cidoc-crm.org/cidoc-crm/P2_has_type",
                    "rangenode_id": "1a0112a1-992e-11ea-ab62-f875a44e0e11"
                },
                {
                    "description": null,
                    "domainnode_id": "1a00ebc5-992e-11ea-a0fb-f875a44e0e11",
                    "edgeid": "1a0160b6-992e-11ea-b663-f875a44e0e11",
                    "graph_id": "1a00ebb4-992e-11ea-9af5-f875a44e0e11",
                    "name": null,
                    "ontologyproperty": "http://www.cidoc-crm.org/cidoc-crm/P1_is_identified_by",
                    "rangenode_id": "1a00ebc2-992e-11ea-965f-f875a44e0e11"
                },
                {
                    "description": null,
                    "domainnode_id": "1a00ebc8-992e-11ea-96b0-f875a44e0e11",
                    "edgeid": "1a0187f4-992e-11ea-bc41-f875a44e0e11",
                    "graph_id": "1a00ebb4-992e-11ea-9af5-f875a44e0e11",
                    "name": null,
                    "ontologyproperty": "http://www.cidoc-crm.org/cidoc-crm/P3_has_note",
                    "rangenode_id": "1a00ebc9-992e-11ea-9e4a-f875a44e0e11"
                },
                {
                    "description": null,
                    "domainnode_id": "1a00ebc4-992e-11ea-955d-f875a44e0e11",
                    "edgeid": "1a0187f5-992e-11ea-8296-f875a44e0e11",
                    "graph_id": "1a00ebb4-992e-11ea-9af5-f875a44e0e11",
                    "name": null,
                    "ontologyproperty": "http://www.cidoc-crm.org/cidoc-crm/P2_has_type",
                    "rangenode_id": "1a00ebcb-992e-11ea-8363-f875a44e0e11"
                },
                {
                    "description": null,
                    "domainnode_id": "1a00ebc0-992e-11ea-9ffb-f875a44e0e11",
                    "edgeid": "1a0187f6-992e-11ea-8c5c-f875a44e0e11",
                    "graph_id": "1a00ebb4-992e-11ea-9af5-f875a44e0e11",
                    "name": null,
                    "ontologyproperty": "http://www.cidoc-crm.org/cidoc-crm/P2_has_type",
                    "rangenode_id": "1a00ebc1-992e-11ea-b145-f875a44e0e11"
                },
                {
                    "description": null,
                    "domainnode_id": "1a00ebb5-992e-11ea-b279-f875a44e0e11",
                    "edgeid": "1a0187f7-992e-11ea-8091-f875a44e0e11",
                    "graph_id": "1a00ebb4-992e-11ea-9af5-f875a44e0e11",
                    "name": null,
                    "ontologyproperty": "http://www.cidoc-crm.org/cidoc-crm/P9_consists_of",
                    "rangenode_id": "1a0112a3-992e-11ea-be18-f875a44e0e11"
                },
                {
                    "description": null,
                    "domainnode_id": "1a0112a3-992e-11ea-be18-f875a44e0e11",
                    "edgeid": "1a0187f8-992e-11ea-a113-f875a44e0e11",
                    "graph_id": "1a00ebb4-992e-11ea-9af5-f875a44e0e11",
                    "name": null,
                    "ontologyproperty": "http://www.cidoc-crm.org/cidoc-crm/P2_has_type",
                    "rangenode_id": "1a0112a0-992e-11ea-a08c-f875a44e0e11"
                },
                {
                    "description": null,
                    "domainnode_id": "1a0112a2-992e-11ea-b600-f875a44e0e11",
                    "edgeid": "1a0187f9-992e-11ea-ac6b-f875a44e0e11",
                    "graph_id": "1a00ebb4-992e-11ea-9af5-f875a44e0e11",
                    "name": null,
                    "ontologyproperty": "http://www.cidoc-crm.org/cidoc-crm/P14_carried_out_by",
                    "rangenode_id": "1a00ebc3-992e-11ea-b102-f875a44e0e11"
                },
                {
                    "description": null,
                    "domainnode_id": "1a00ebbe-992e-11ea-954b-f875a44e0e11",
                    "edgeid": "1a0187fa-992e-11ea-a553-f875a44e0e11",
                    "graph_id": "1a00ebb4-992e-11ea-9af5-f875a44e0e11",
                    "name": null,
                    "ontologyproperty": "http://www.cidoc-crm.org/cidoc-crm/P2_has_type",
                    "rangenode_id": "1a00ebbc-992e-11ea-9e63-f875a44e0e11"
                },
                {
                    "description": null,
                    "domainnode_id": "1a00ebbc-992e-11ea-9e63-f875a44e0e11",
                    "edgeid": "1a0187fb-992e-11ea-9125-f875a44e0e11",
                    "graph_id": "1a00ebb4-992e-11ea-9af5-f875a44e0e11",
                    "name": null,
                    "ontologyproperty": "http://www.cidoc-crm.org/cidoc-crm/P2_has_type",
                    "rangenode_id": "1a00ebbd-992e-11ea-a953-f875a44e0e11"
                },
                {
                    "description": null,
                    "domainnode_id": "1a00ebb5-992e-11ea-b279-f875a44e0e11",
                    "edgeid": "1a0187fc-992e-11ea-895b-f875a44e0e11",
                    "graph_id": "1a00ebb4-992e-11ea-9af5-f875a44e0e11",
                    "name": null,
                    "ontologyproperty": "http://www.cidoc-crm.org/cidoc-crm/P129i_is_subject_of",
                    "rangenode_id": "1a00ebbe-992e-11ea-954b-f875a44e0e11"
                },
                {
                    "description": null,
                    "domainnode_id": "1a0112a2-992e-11ea-b600-f875a44e0e11",
                    "edgeid": "1a0187fd-992e-11ea-b10b-f875a44e0e11",
                    "graph_id": "1a00ebb4-992e-11ea-9af5-f875a44e0e11",
                    "name": null,
                    "ontologyproperty": "http://www.cidoc-crm.org/cidoc-crm/P2_has_type",
                    "rangenode_id": "1a01129e-992e-11ea-b2bd-f875a44e0e11"
                },
                {
                    "description": null,
                    "domainnode_id": "1a0112a3-992e-11ea-be18-f875a44e0e11",
                    "edgeid": "1a018802-992e-11ea-a53b-f875a44e0e11",
                    "graph_id": "1a00ebb4-992e-11ea-9af5-f875a44e0e11",
                    "name": null,
                    "ontologyproperty": "http://www.cidoc-crm.org/cidoc-crm/P14_carried_out_by",
                    "rangenode_id": "1a00ebca-992e-11ea-82cf-f875a44e0e11"
                },
                {
                    "description": null,
                    "domainnode_id": "1a00ebb8-992e-11ea-995a-f875a44e0e11",
                    "edgeid": "1a018803-992e-11ea-880c-f875a44e0e11",
                    "graph_id": "1a00ebb4-992e-11ea-9af5-f875a44e0e11",
                    "name": null,
                    "ontologyproperty": "http://www.cidoc-crm.org/cidoc-crm/P2_has_type",
                    "rangenode_id": "1a00ebc0-992e-11ea-9ffb-f875a44e0e11"
                },
                {
                    "description": null,
                    "domainnode_id": "1a00ebb8-992e-11ea-995a-f875a44e0e11",
                    "edgeid": "1a018804-992e-11ea-9e06-f875a44e0e11",
                    "graph_id": "1a00ebb4-992e-11ea-9af5-f875a44e0e11",
                    "name": null,
                    "ontologyproperty": "http://www.cidoc-crm.org/cidoc-crm/P3_has_note",
                    "rangenode_id": "1a01129f-992e-11ea-aeb3-f875a44e0e11"
                },
                {
                    "description": null,
                    "domainnode_id": "1a00ebca-992e-11ea-82cf-f875a44e0e11",
                    "edgeid": "1a018805-992e-11ea-9516-f875a44e0e11",
                    "graph_id": "1a00ebb4-992e-11ea-9af5-f875a44e0e11",
                    "name": null,
                    "ontologyproperty": "http://www.cidoc-crm.org/cidoc-crm/P1_is_identified_by",
                    "rangenode_id": "1a00ebb8-992e-11ea-995a-f875a44e0e11"
                },
                {
                    "description": null,
                    "domainnode_id": "1a00ebbe-992e-11ea-954b-f875a44e0e11",
                    "edgeid": "1a018806-992e-11ea-a7f6-f875a44e0e11",
                    "graph_id": "1a00ebb4-992e-11ea-9af5-f875a44e0e11",
                    "name": null,
                    "ontologyproperty": "http://www.cidoc-crm.org/cidoc-crm/P3_has_note",
                    "rangenode_id": "1a00ebbf-992e-11ea-94a5-f875a44e0e11"
                }
            ],
            "functions_x_graphs": [],
            "graphid": "1a00ebb4-992e-11ea-9af5-f875a44e0e11",
            "iconclass": "fa fa-pencil",
            "is_editable": true,
            "isactive": true,
            "isresource": false,
            "jsonldcontext": null,
            "name": "Bibliographic Source Creation",
            "nodegroups": [
                {
                    "cardinality": "n",
                    "legacygroupid": null,
                    "nodegroupid": "1a00ebb5-992e-11ea-b279-f875a44e0e11",
                    "parentnodegroup_id": null
                }
            ],
            "nodes": [
                {
                    "config": null,
                    "datatype": "semantic",
                    "description": null,
                    "exportable": false,
                    "fieldname": null,
                    "graph_id": "1a00ebb4-992e-11ea-9af5-f875a44e0e11",
                    "is_collector": false,
                    "isrequired": false,
                    "issearchable": true,
                    "istopnode": false,
                    "name": "Editor",
                    "nodegroup_id": "1a00ebb5-992e-11ea-b279-f875a44e0e11",
                    "nodeid": "1a00ebc3-992e-11ea-b102-f875a44e0e11",
                    "ontologyclass": "http://www.cidoc-crm.org/cidoc-crm/E39_Actor",
                    "parentproperty": "http://www.cidoc-crm.org/cidoc-crm/P14_carried_out_by",
                    "sortorder": 0
                },
                {
                    "config": null,
                    "datatype": "semantic",
                    "description": "",
                    "exportable": false,
                    "fieldname": "",
                    "graph_id": "1a00ebb4-992e-11ea-9af5-f875a44e0e11",
                    "is_collector": false,
                    "isrequired": false,
                    "issearchable": true,
                    "istopnode": false,
                    "name": "Contributor Names",
                    "nodegroup_id": "1a00ebb5-992e-11ea-b279-f875a44e0e11",
                    "nodeid": "1a00ebc2-992e-11ea-965f-f875a44e0e11",
                    "ontologyclass": "http://www.cidoc-crm.org/cidoc-crm/E41_Appellation",
                    "parentproperty": "http://www.cidoc-crm.org/cidoc-crm/P1_is_identified_by",
                    "sortorder": 0
                },
                {
                    "config": null,
                    "datatype": "semantic",
                    "description": "",
                    "exportable": false,
                    "fieldname": "",
                    "graph_id": "1a00ebb4-992e-11ea-9af5-f875a44e0e11",
                    "is_collector": false,
                    "isrequired": false,
                    "issearchable": true,
                    "istopnode": false,
                    "name": "Author Names",
                    "nodegroup_id": "1a00ebb5-992e-11ea-b279-f875a44e0e11",
                    "nodeid": "1a00ebb8-992e-11ea-995a-f875a44e0e11",
                    "ontologyclass": "http://www.cidoc-crm.org/cidoc-crm/E41_Appellation",
                    "parentproperty": "http://www.cidoc-crm.org/cidoc-crm/P1_is_identified_by",
                    "sortorder": 0
                },
                {
                    "config": {
                        "rdmCollection": "3e545767-c46c-4fe7-8754-c24528ba0842"
                    },
                    "datatype": "concept",
                    "description": null,
                    "exportable": false,
                    "fieldname": null,
                    "graph_id": "1a00ebb4-992e-11ea-9af5-f875a44e0e11",
                    "is_collector": false,
                    "isrequired": false,
                    "issearchable": true,
                    "istopnode": false,
                    "name": "Contributor Name Type",
                    "nodegroup_id": "1a00ebb5-992e-11ea-b279-f875a44e0e11",
                    "nodeid": "1a00ebb9-992e-11ea-97b3-f875a44e0e11",
                    "ontologyclass": "http://www.cidoc-crm.org/cidoc-crm/E55_Type",
                    "parentproperty": "http://www.cidoc-crm.org/cidoc-crm/P2_has_type",
                    "sortorder": 0
                },
                {
                    "config": null,
                    "datatype": "string",
                    "description": null,
                    "exportable": false,
                    "fieldname": null,
                    "graph_id": "1a00ebb4-992e-11ea-9af5-f875a44e0e11",
                    "is_collector": false,
                    "isrequired": false,
                    "issearchable": true,
                    "istopnode": false,
                    "name": "Contributor Name",
                    "nodegroup_id": "1a00ebb5-992e-11ea-b279-f875a44e0e11",
                    "nodeid": "1a00ebba-992e-11ea-802c-f875a44e0e11",
                    "ontologyclass": "http://www.w3.org/2000/01/rdf-schema#Literal",
                    "parentproperty": "http://www.cidoc-crm.org/cidoc-crm/P3_has_note",
                    "sortorder": 0
                },
                {
                    "config": {
                        "rdmCollection": "0cdf5418-d21b-4d01-9760-8edad86ac4f0"
                    },
                    "datatype": "concept",
                    "description": "",
                    "exportable": false,
                    "fieldname": null,
                    "graph_id": "1a00ebb4-992e-11ea-9af5-f875a44e0e11",
                    "is_collector": false,
                    "isrequired": false,
                    "issearchable": true,
                    "istopnode": false,
                    "name": "Contribution Type",
                    "nodegroup_id": "1a00ebb5-992e-11ea-b279-f875a44e0e11",
                    "nodeid": "1a00ebbb-992e-11ea-bf55-f875a44e0e11",
                    "ontologyclass": "http://www.cidoc-crm.org/cidoc-crm/E55_Type",
                    "parentproperty": "http://www.cidoc-crm.org/cidoc-crm/P2_has_type",
                    "sortorder": 0
                },
                {
                    "config": {
                        "rdmCollection": "0ff39ed3-cc95-4c60-9321-6d4e65fb1f2d"
                    },
                    "datatype": "concept",
                    "description": null,
                    "exportable": false,
                    "fieldname": null,
                    "graph_id": "1a00ebb4-992e-11ea-9af5-f875a44e0e11",
                    "is_collector": false,
                    "isrequired": false,
                    "issearchable": true,
                    "istopnode": false,
                    "name": "Statement of Responsibility Type",
                    "nodegroup_id": "1a00ebb5-992e-11ea-b279-f875a44e0e11",
                    "nodeid": "1a00ebbc-992e-11ea-9e63-f875a44e0e11",
                    "ontologyclass": "http://www.cidoc-crm.org/cidoc-crm/E55_Type",
                    "parentproperty": "http://www.cidoc-crm.org/cidoc-crm/P2_has_type",
                    "sortorder": 0
                },
                {
                    "config": {
                        "rdmCollection": "1e63c514-eb9d-48d3-94b5-35e060e5f368"
                    },
                    "datatype": "concept",
                    "description": null,
                    "exportable": false,
                    "fieldname": null,
                    "graph_id": "1a00ebb4-992e-11ea-9af5-f875a44e0e11",
                    "is_collector": false,
                    "isrequired": false,
                    "issearchable": true,
                    "istopnode": false,
                    "name": "Statement of Responsibility Metatype",
                    "nodegroup_id": "1a00ebb5-992e-11ea-b279-f875a44e0e11",
                    "nodeid": "1a00ebbd-992e-11ea-a953-f875a44e0e11",
                    "ontologyclass": "http://www.cidoc-crm.org/cidoc-crm/E55_Type",
                    "parentproperty": "http://www.cidoc-crm.org/cidoc-crm/P2_has_type",
                    "sortorder": 0
                },
                {
                    "config": null,
                    "datatype": "semantic",
                    "description": null,
                    "exportable": false,
                    "fieldname": null,
                    "graph_id": "1a00ebb4-992e-11ea-9af5-f875a44e0e11",
                    "is_collector": false,
                    "isrequired": false,
                    "issearchable": true,
                    "istopnode": false,
                    "name": "Creation Statement of Responsibility",
                    "nodegroup_id": "1a00ebb5-992e-11ea-b279-f875a44e0e11",
                    "nodeid": "1a00ebbe-992e-11ea-954b-f875a44e0e11",
                    "ontologyclass": "http://www.cidoc-crm.org/cidoc-crm/E33_Linguistic_Object",
                    "parentproperty": "http://www.cidoc-crm.org/cidoc-crm/P129i_is_subject_of",
                    "sortorder": 0
                },
                {
                    "config": null,
                    "datatype": "string",
                    "description": null,
                    "exportable": false,
                    "fieldname": null,
                    "graph_id": "1a00ebb4-992e-11ea-9af5-f875a44e0e11",
                    "is_collector": false,
                    "isrequired": false,
                    "issearchable": true,
                    "istopnode": false,
                    "name": "Statement of Responsibility",
                    "nodegroup_id": "1a00ebb5-992e-11ea-b279-f875a44e0e11",
                    "nodeid": "1a00ebbf-992e-11ea-94a5-f875a44e0e11",
                    "ontologyclass": "http://www.w3.org/2000/01/rdf-schema#Literal",
                    "parentproperty": "http://www.cidoc-crm.org/cidoc-crm/P3_has_note",
                    "sortorder": 0
                },
                {
                    "config": {
                        "rdmCollection": "3e545767-c46c-4fe7-8754-c24528ba0842"
                    },
                    "datatype": "concept",
                    "description": null,
                    "exportable": false,
                    "fieldname": null,
                    "graph_id": "1a00ebb4-992e-11ea-9af5-f875a44e0e11",
                    "is_collector": false,
                    "isrequired": false,
                    "issearchable": true,
                    "istopnode": false,
                    "name": "Author Name Type",
                    "nodegroup_id": "1a00ebb5-992e-11ea-b279-f875a44e0e11",
                    "nodeid": "1a00ebc0-992e-11ea-9ffb-f875a44e0e11",
                    "ontologyclass": "http://www.cidoc-crm.org/cidoc-crm/E55_Type",
                    "parentproperty": "http://www.cidoc-crm.org/cidoc-crm/P2_has_type",
                    "sortorder": 0
                },
                {
                    "config": {
                        "rdmCollection": "1e63c514-eb9d-48d3-94b5-35e060e5f368"
                    },
                    "datatype": "concept",
                    "description": null,
                    "exportable": false,
                    "fieldname": null,
                    "graph_id": "1a00ebb4-992e-11ea-9af5-f875a44e0e11",
                    "is_collector": false,
                    "isrequired": false,
                    "issearchable": true,
                    "istopnode": false,
                    "name": "Author Name Metatype",
                    "nodegroup_id": "1a00ebb5-992e-11ea-b279-f875a44e0e11",
                    "nodeid": "1a00ebc1-992e-11ea-b145-f875a44e0e11",
                    "ontologyclass": "http://www.cidoc-crm.org/cidoc-crm/E55_Type",
                    "parentproperty": "http://www.cidoc-crm.org/cidoc-crm/P2_has_type",
                    "sortorder": 0
                },
                {
                    "config": {
                        "rdmCollection": "3e545767-c46c-4fe7-8754-c24528ba0842"
                    },
                    "datatype": "concept",
                    "description": null,
                    "exportable": false,
                    "fieldname": null,
                    "graph_id": "1a00ebb4-992e-11ea-9af5-f875a44e0e11",
                    "is_collector": false,
                    "isrequired": false,
                    "issearchable": true,
                    "istopnode": false,
                    "name": "Editor Name Type",
                    "nodegroup_id": "1a00ebb5-992e-11ea-b279-f875a44e0e11",
                    "nodeid": "1a00ebc4-992e-11ea-955d-f875a44e0e11",
                    "ontologyclass": "http://www.cidoc-crm.org/cidoc-crm/E55_Type",
                    "parentproperty": "http://www.cidoc-crm.org/cidoc-crm/P2_has_type",
                    "sortorder": 0
                },
                {
                    "config": null,
                    "datatype": "semantic",
                    "description": null,
                    "exportable": false,
                    "fieldname": null,
                    "graph_id": "1a00ebb4-992e-11ea-9af5-f875a44e0e11",
                    "is_collector": false,
                    "isrequired": false,
                    "issearchable": true,
                    "istopnode": false,
                    "name": "Contributors",
                    "nodegroup_id": "1a00ebb5-992e-11ea-b279-f875a44e0e11",
                    "nodeid": "1a00ebc5-992e-11ea-a0fb-f875a44e0e11",
                    "ontologyclass": "http://www.cidoc-crm.org/cidoc-crm/E39_Actor",
                    "parentproperty": "http://www.cidoc-crm.org/cidoc-crm/P14_carried_out_by",
                    "sortorder": 0
                },
                {
                    "config": null,
                    "datatype": "semantic",
                    "description": "Represents a single node in a graph",
                    "exportable": false,
                    "fieldname": "",
                    "graph_id": "1a00ebb4-992e-11ea-9af5-f875a44e0e11",
                    "is_collector": false,
                    "isrequired": false,
                    "issearchable": true,
                    "istopnode": false,
                    "name": "Contribution",
                    "nodegroup_id": "1a00ebb5-992e-11ea-b279-f875a44e0e11",
                    "nodeid": "1a00ebc6-992e-11ea-bb82-f875a44e0e11",
                    "ontologyclass": "http://www.cidoc-crm.org/cidoc-crm/E65_Creation",
                    "parentproperty": "http://www.cidoc-crm.org/cidoc-crm/P9_consists_of",
                    "sortorder": 0
                },
                {
                    "config": {
                        "rdmCollection": "1e63c514-eb9d-48d3-94b5-35e060e5f368"
                    },
                    "datatype": "concept",
                    "description": null,
                    "exportable": false,
                    "fieldname": null,
                    "graph_id": "1a00ebb4-992e-11ea-9af5-f875a44e0e11",
                    "is_collector": false,
                    "isrequired": false,
                    "issearchable": true,
                    "istopnode": false,
                    "name": "Editorship Metatype",
                    "nodegroup_id": "1a00ebb5-992e-11ea-b279-f875a44e0e11",
                    "nodeid": "1a00ebc7-992e-11ea-9fc0-f875a44e0e11",
                    "ontologyclass": "http://www.cidoc-crm.org/cidoc-crm/E55_Type",
                    "parentproperty": "http://www.cidoc-crm.org/cidoc-crm/P2_has_type",
                    "sortorder": 0
                },
                {
                    "config": null,
                    "datatype": "semantic",
                    "description": "",
                    "exportable": false,
                    "fieldname": "",
                    "graph_id": "1a00ebb4-992e-11ea-9af5-f875a44e0e11",
                    "is_collector": false,
                    "isrequired": false,
                    "issearchable": true,
                    "istopnode": false,
                    "name": "Editor Names",
                    "nodegroup_id": "1a00ebb5-992e-11ea-b279-f875a44e0e11",
                    "nodeid": "1a00ebc8-992e-11ea-96b0-f875a44e0e11",
                    "ontologyclass": "http://www.cidoc-crm.org/cidoc-crm/E41_Appellation",
                    "parentproperty": "http://www.cidoc-crm.org/cidoc-crm/P1_is_identified_by",
                    "sortorder": 0
                },
                {
                    "config": null,
                    "datatype": "string",
                    "description": null,
                    "exportable": false,
                    "fieldname": null,
                    "graph_id": "1a00ebb4-992e-11ea-9af5-f875a44e0e11",
                    "is_collector": false,
                    "isrequired": false,
                    "issearchable": true,
                    "istopnode": false,
                    "name": "Editor Name",
                    "nodegroup_id": "1a00ebb5-992e-11ea-b279-f875a44e0e11",
                    "nodeid": "1a00ebc9-992e-11ea-9e4a-f875a44e0e11",
                    "ontologyclass": "http://www.w3.org/2000/01/rdf-schema#Literal",
                    "parentproperty": "http://www.cidoc-crm.org/cidoc-crm/P3_has_note",
                    "sortorder": 0
                },
                {
                    "config": null,
                    "datatype": "semantic",
                    "description": null,
                    "exportable": false,
                    "fieldname": null,
                    "graph_id": "1a00ebb4-992e-11ea-9af5-f875a44e0e11",
                    "is_collector": false,
                    "isrequired": false,
                    "issearchable": true,
                    "istopnode": false,
                    "name": "Author",
                    "nodegroup_id": "1a00ebb5-992e-11ea-b279-f875a44e0e11",
                    "nodeid": "1a00ebca-992e-11ea-82cf-f875a44e0e11",
                    "ontologyclass": "http://www.cidoc-crm.org/cidoc-crm/E39_Actor",
                    "parentproperty": "http://www.cidoc-crm.org/cidoc-crm/P14_carried_out_by",
                    "sortorder": 0
                },
                {
                    "config": {
                        "rdmCollection": "1e63c514-eb9d-48d3-94b5-35e060e5f368"
                    },
                    "datatype": "concept",
                    "description": null,
                    "exportable": false,
                    "fieldname": null,
                    "graph_id": "1a00ebb4-992e-11ea-9af5-f875a44e0e11",
                    "is_collector": false,
                    "isrequired": false,
                    "issearchable": true,
                    "istopnode": false,
                    "name": "Editor Name Metatype",
                    "nodegroup_id": "1a00ebb5-992e-11ea-b279-f875a44e0e11",
                    "nodeid": "1a00ebcb-992e-11ea-8363-f875a44e0e11",
                    "ontologyclass": "http://www.cidoc-crm.org/cidoc-crm/E55_Type",
                    "parentproperty": "http://www.cidoc-crm.org/cidoc-crm/P2_has_type",
                    "sortorder": 0
                },
                {
                    "config": {
                        "rdmCollection": "1e63c514-eb9d-48d3-94b5-35e060e5f368"
                    },
                    "datatype": "concept",
                    "description": null,
                    "exportable": false,
                    "fieldname": null,
                    "graph_id": "1a00ebb4-992e-11ea-9af5-f875a44e0e11",
                    "is_collector": false,
                    "isrequired": false,
                    "issearchable": true,
                    "istopnode": false,
                    "name": "Contribution Metatype",
                    "nodegroup_id": "1a00ebb5-992e-11ea-b279-f875a44e0e11",
                    "nodeid": "1a00ebcc-992e-11ea-8fd1-f875a44e0e11",
                    "ontologyclass": "http://www.cidoc-crm.org/cidoc-crm/E55_Type",
                    "parentproperty": "http://www.cidoc-crm.org/cidoc-crm/P2_has_type",
                    "sortorder": 0
                },
                {
                    "config": {
                        "rdmCollection": "0cdf5418-d21b-4d01-9760-8edad86ac4f0"
                    },
                    "datatype": "concept",
                    "description": "",
                    "exportable": false,
                    "fieldname": null,
                    "graph_id": "1a00ebb4-992e-11ea-9af5-f875a44e0e11",
                    "is_collector": false,
                    "isrequired": false,
                    "issearchable": true,
                    "istopnode": false,
                    "name": "Editorship Type",
                    "nodegroup_id": "1a00ebb5-992e-11ea-b279-f875a44e0e11",
                    "nodeid": "1a01129e-992e-11ea-b2bd-f875a44e0e11",
                    "ontologyclass": "http://www.cidoc-crm.org/cidoc-crm/E55_Type",
                    "parentproperty": "http://www.cidoc-crm.org/cidoc-crm/P2_has_type",
                    "sortorder": 0
                },
                {
                    "config": null,
                    "datatype": "string",
                    "description": null,
                    "exportable": false,
                    "fieldname": null,
                    "graph_id": "1a00ebb4-992e-11ea-9af5-f875a44e0e11",
                    "is_collector": false,
                    "isrequired": false,
                    "issearchable": true,
                    "istopnode": false,
                    "name": "Author Name",
                    "nodegroup_id": "1a00ebb5-992e-11ea-b279-f875a44e0e11",
                    "nodeid": "1a01129f-992e-11ea-aeb3-f875a44e0e11",
                    "ontologyclass": "http://www.w3.org/2000/01/rdf-schema#Literal",
                    "parentproperty": "http://www.cidoc-crm.org/cidoc-crm/P3_has_note",
                    "sortorder": 0
                },
                {
                    "config": {
                        "rdmCollection": "0cdf5418-d21b-4d01-9760-8edad86ac4f0"
                    },
                    "datatype": "concept",
                    "description": null,
                    "exportable": false,
                    "fieldname": null,
                    "graph_id": "1a00ebb4-992e-11ea-9af5-f875a44e0e11",
                    "is_collector": false,
                    "isrequired": false,
                    "issearchable": true,
                    "istopnode": false,
                    "name": "Authorship Type",
                    "nodegroup_id": "1a00ebb5-992e-11ea-b279-f875a44e0e11",
                    "nodeid": "1a0112a0-992e-11ea-a08c-f875a44e0e11",
                    "ontologyclass": "http://www.cidoc-crm.org/cidoc-crm/E55_Type",
                    "parentproperty": "http://www.cidoc-crm.org/cidoc-crm/P2_has_type",
                    "sortorder": 0
                },
                {
                    "config": {
                        "rdmCollection": "1e63c514-eb9d-48d3-94b5-35e060e5f368"
                    },
                    "datatype": "concept",
                    "description": null,
                    "exportable": false,
                    "fieldname": null,
                    "graph_id": "1a00ebb4-992e-11ea-9af5-f875a44e0e11",
                    "is_collector": false,
                    "isrequired": false,
                    "issearchable": true,
                    "istopnode": false,
                    "name": "Contributor Name Metatype",
                    "nodegroup_id": "1a00ebb5-992e-11ea-b279-f875a44e0e11",
                    "nodeid": "1a0112a1-992e-11ea-ab62-f875a44e0e11",
                    "ontologyclass": "http://www.cidoc-crm.org/cidoc-crm/E55_Type",
                    "parentproperty": "http://www.cidoc-crm.org/cidoc-crm/P2_has_type",
                    "sortorder": 0
                },
                {
                    "config": null,
                    "datatype": "semantic",
                    "description": "Represents a single node in a graph",
                    "exportable": false,
                    "fieldname": "",
                    "graph_id": "1a00ebb4-992e-11ea-9af5-f875a44e0e11",
                    "is_collector": false,
                    "isrequired": false,
                    "issearchable": true,
                    "istopnode": false,
                    "name": "Editorship",
                    "nodegroup_id": "1a00ebb5-992e-11ea-b279-f875a44e0e11",
                    "nodeid": "1a0112a2-992e-11ea-b600-f875a44e0e11",
                    "ontologyclass": "http://www.cidoc-crm.org/cidoc-crm/E65_Creation",
                    "parentproperty": "http://www.cidoc-crm.org/cidoc-crm/P9_consists_of",
                    "sortorder": 0
                },
                {
                    "config": null,
                    "datatype": "semantic",
                    "description": null,
                    "exportable": false,
                    "fieldname": null,
                    "graph_id": "1a00ebb4-992e-11ea-9af5-f875a44e0e11",
                    "is_collector": false,
                    "isrequired": false,
                    "issearchable": true,
                    "istopnode": false,
                    "name": "Authorship",
                    "nodegroup_id": "1a00ebb5-992e-11ea-b279-f875a44e0e11",
                    "nodeid": "1a0112a3-992e-11ea-be18-f875a44e0e11",
                    "ontologyclass": "http://www.cidoc-crm.org/cidoc-crm/E65_Creation",
                    "parentproperty": "http://www.cidoc-crm.org/cidoc-crm/P9_consists_of",
                    "sortorder": 0
                },
                {
                    "config": {
                        "rdmCollection": "1e63c514-eb9d-48d3-94b5-35e060e5f368"
                    },
                    "datatype": "concept",
                    "description": null,
                    "exportable": false,
                    "fieldname": null,
                    "graph_id": "1a00ebb4-992e-11ea-9af5-f875a44e0e11",
                    "is_collector": false,
                    "isrequired": false,
                    "issearchable": true,
                    "istopnode": false,
                    "name": "Authorship Metatype",
                    "nodegroup_id": "1a00ebb5-992e-11ea-b279-f875a44e0e11",
                    "nodeid": "1a0112a4-992e-11ea-b3b6-f875a44e0e11",
                    "ontologyclass": "http://www.cidoc-crm.org/cidoc-crm/E55_Type",
                    "parentproperty": "http://www.cidoc-crm.org/cidoc-crm/P2_has_type",
                    "sortorder": 0
                },
                {
                    "config": {
                        "fillColor": "rgba(233,112,111,0.8)"
                    },
                    "datatype": "semantic",
                    "description": "",
                    "exportable": false,
                    "fieldname": "",
                    "graph_id": "1a00ebb4-992e-11ea-9af5-f875a44e0e11",
                    "is_collector": true,
                    "isrequired": false,
                    "issearchable": true,
                    "istopnode": true,
                    "name": "Bibliographic Source Creation",
                    "nodegroup_id": "1a00ebb5-992e-11ea-b279-f875a44e0e11",
                    "nodeid": "1a00ebb5-992e-11ea-b279-f875a44e0e11",
                    "ontologyclass": "http://www.cidoc-crm.org/cidoc-crm/E65_Creation",
                    "parentproperty": "",
                    "sortorder": 0
                }
            ],
            "ontology_id": "e6e8db47-2ccf-11e6-927e-b8f6b115d7dd",
            "relatable_resource_model_ids": [],
            "resource_2_resource_constraints": [],
            "root": {
                "config": {
                    "fillColor": "rgba(233,112,111,0.8)"
                },
                "datatype": "semantic",
                "description": "",
                "exportable": false,
                "fieldname": "",
                "graph_id": "1a00ebb4-992e-11ea-9af5-f875a44e0e11",
                "is_collector": true,
                "isrequired": false,
                "issearchable": true,
                "istopnode": true,
                "name": "Bibliographic Source Creation",
                "nodegroup_id": "1a00ebb5-992e-11ea-b279-f875a44e0e11",
                "nodeid": "1a00ebb5-992e-11ea-b279-f875a44e0e11",
                "ontologyclass": "http://www.cidoc-crm.org/cidoc-crm/E65_Creation",
                "sortorder": 0
            },
            "slug": null,
            "subtitle": "",
            "template_id": "50000000-0000-0000-0000-000000000001",
            "version": ""
        }
    ]
}