{
    "graph": [
        {
            "author": "",
            "cards": [
                {
                    "active": true,
                    "cardid": "74195eaa-9930-11ea-b273-f875a44e0e11",
                    "component_id": "f05e4d3a-53c1-11e8-b0ea-784f435179ea",
                    "config": null,
                    "constraints": [
                        {
                            "card_id": "74195eaa-9930-11ea-b273-f875a44e0e11",
                            "constraintid": "e2792f53-ee50-46e5-8a95-8c596bc850f5",
                            "nodes": [],
                            "uniquetoallinstances": false
                        }
                    ],
                    "cssclass": null,
                    "description": "",
                    "graph_id": "74195ea4-9930-11ea-8d78-f875a44e0e11",
                    "helpenabled": false,
                    "helptext": null,
                    "helptitle": null,
                    "instructions": null,
                    "is_editable": true,
                    "name": "Communications",
                    "nodegroup_id": "74195ea8-9930-11ea-8a90-f875a44e0e11",
                    "sortorder": 12,
                    "visible": true
                }
            ],
            "cards_x_nodes_x_widgets": [
                {
                    "card_id": "74195eaa-9930-11ea-b273-f875a44e0e11",
                    "config": {
                        "defaultValue": null,
                        "label": "Notes",
                        "maxLength": null,
                        "placeholder": "Enter text",
                        "width": "100%"
                    },
                    "id": "741985c3-9930-11ea-8419-f875a44e0e11",
                    "label": "Notes",
                    "node_id": "74195ead-9930-11ea-97f2-f875a44e0e11",
                    "sortorder": 7,
                    "visible": true,
                    "widget_id": "10000000-0000-0000-0000-000000000005"
                },
                {
                    "card_id": "74195eaa-9930-11ea-b273-f875a44e0e11",
                    "config": {
                        "defaultValue": "6fbe3775-e51d-4f90-af53-5695dd204c9a",
                        "label": "Communication Description Metatype",
                        "options": [],
                        "placeholder": "Select an option"
                    },
                    "id": "741985c1-9930-11ea-a354-f875a44e0e11",
                    "label": "Communication Description Metatype",
                    "node_id": "741985bf-9930-11ea-aac9-f875a44e0e11",
                    "sortorder": 9,
                    "visible": false,
                    "widget_id": "10000000-0000-0000-0000-000000000002"
                },
                {
                    "card_id": "74195eaa-9930-11ea-b273-f875a44e0e11",
                    "config": {
                        "defaultValue": "daa4cddc-8636-4842-b836-eb2e10aabe18",
                        "label": "Communication Description Type",
                        "options": [],
                        "placeholder": "Select an option"
                    },
                    "id": "741985c2-9930-11ea-9fdc-f875a44e0e11",
                    "label": "Communication Description Type",
                    "node_id": "741985ba-9930-11ea-8642-f875a44e0e11",
                    "sortorder": 8,
                    "visible": false,
                    "widget_id": "10000000-0000-0000-0000-000000000002"
                },
                {
                    "card_id": "74195eaa-9930-11ea-b273-f875a44e0e11",
                    "config": {
                        "label": "Digital File(s)",
                        "placeholder": ""
                    },
                    "id": "741985c6-9930-11ea-82cf-f875a44e0e11",
                    "label": "Digital File(s)",
                    "node_id": "741985c0-9930-11ea-8e20-f875a44e0e11",
                    "sortorder": 0,
                    "visible": true,
                    "widget_id": "31f3728c-7613-11e7-a139-784f435179ea"
                },
                {
                    "card_id": "74195eaa-9930-11ea-b273-f875a44e0e11",
                    "config": {
                        "defaultValue": "",
                        "label": "Communication Type",
                        "options": [],
                        "placeholder": "Select an option"
                    },
                    "id": "741985c7-9930-11ea-83c8-f875a44e0e11",
                    "label": "Communication Type",
                    "node_id": "741985b9-9930-11ea-9b62-f875a44e0e11",
                    "sortorder": 2,
                    "visible": true,
                    "widget_id": "10000000-0000-0000-0000-000000000002"
                },
                {
                    "card_id": "74195eaa-9930-11ea-b273-f875a44e0e11",
                    "config": {
                        "defaultValue": "6fbe3775-e51d-4f90-af53-5695dd204c9a",
                        "label": "Subject Description Metatype",
                        "options": [],
                        "placeholder": "Select an option"
                    },
                    "id": "741985c8-9930-11ea-9626-f875a44e0e11",
                    "label": "Subject Description Metatype",
                    "node_id": "741985bb-9930-11ea-866b-f875a44e0e11",
                    "sortorder": 6,
                    "visible": false,
                    "widget_id": "10000000-0000-0000-0000-000000000002"
                },
                {
                    "card_id": "74195eaa-9930-11ea-b273-f875a44e0e11",
                    "config": {
                        "defaultValue": "b9ffd5fa-c512-44a6-b1c2-87fd1e3cd519",
                        "label": "Communication Metatype",
                        "options": [],
                        "placeholder": "Select an option"
                    },
                    "id": "741985c9-9930-11ea-b267-f875a44e0e11",
                    "label": "Communication Metatype",
                    "node_id": "74195eac-9930-11ea-9b5c-f875a44e0e11",
                    "sortorder": 3,
                    "visible": false,
                    "widget_id": "10000000-0000-0000-0000-000000000002"
                },
                {
                    "card_id": "74195eaa-9930-11ea-b273-f875a44e0e11",
                    "config": {
                        "defaultValue": "",
                        "label": "Subject",
                        "maxLength": null,
                        "placeholder": "Enter text",
                        "width": "100%"
                    },
                    "id": "741985ca-9930-11ea-bed1-f875a44e0e11",
                    "label": "Subject",
                    "node_id": "74195eae-9930-11ea-a36e-f875a44e0e11",
                    "sortorder": 4,
                    "visible": true,
                    "widget_id": "10000000-0000-0000-0000-000000000001"
                },
                {
                    "card_id": "74195eaa-9930-11ea-b273-f875a44e0e11",
                    "config": {
                        "label": "Participants",
                        "placeholder": ""
                    },
                    "id": "741985cb-9930-11ea-bc1a-f875a44e0e11",
                    "label": "Participants",
                    "node_id": "741985b5-9930-11ea-861a-f875a44e0e11",
                    "sortorder": 10,
                    "visible": true,
                    "widget_id": "ff3c400a-76ec-11e7-a793-784f435179ea"
                },
                {
                    "card_id": "74195eaa-9930-11ea-b273-f875a44e0e11",
                    "config": {
                        "dateFormat": "YYYY-MM-DD",
                        "defaultValue": "Date of Data Entry",
                        "label": "Communication Date",
                        "maxDate": null,
                        "minDate": null,
                        "placeholder": "Enter date",
                        "viewMode": "days"
                    },
                    "id": "741985c4-9930-11ea-afa5-f875a44e0e11",
                    "label": "Communication Date",
                    "node_id": "741985b4-9930-11ea-931e-f875a44e0e11",
                    "sortorder": 1,
                    "visible": true,
                    "widget_id": "10000000-0000-0000-0000-000000000004"
                },
                {
                    "card_id": "74195eaa-9930-11ea-b273-f875a44e0e11",
                    "config": {
                        "defaultValue": "",
                        "label": "Follow-On Actions",
                        "maxLength": null,
                        "placeholder": "Enter text",
                        "width": "100%"
                    },
                    "id": "5027b135-3f85-11eb-9dda-f875a44e0e11",
                    "label": "Follow-On Actions",
                    "node_id": "741985bc-9930-11ea-a6b5-f875a44e0e11",
                    "sortorder": 11,
                    "visible": true,
                    "widget_id": "10000000-0000-0000-0000-000000000005"
                },
                {
                    "card_id": "74195eaa-9930-11ea-b273-f875a44e0e11",
                    "config": {
                        "defaultValue": "6fbe3775-e51d-4f90-af53-5695dd204c9a",
                        "label": "Follow-On Action Description Metatype",
                        "options": [],
                        "placeholder": "Select an option"
                    },
                    "id": "502a973b-3f85-11eb-ac07-f875a44e0e11",
                    "label": "Follow-On Action Description Metatype",
                    "node_id": "74195eaf-9930-11ea-8f20-f875a44e0e11",
                    "sortorder": 13,
                    "visible": false,
                    "widget_id": "10000000-0000-0000-0000-000000000002"
                },
                {
                    "card_id": "74195eaa-9930-11ea-b273-f875a44e0e11",
                    "config": {
                        "defaultValue": "daa4cddc-8636-4842-b836-eb2e10aabe18",
                        "label": "Subject Description Type",
                        "options": [],
                        "placeholder": "Select an option"
                    },
                    "id": "741985c5-9930-11ea-93d2-f875a44e0e11",
                    "label": "Subject Description Type",
                    "node_id": "741985b7-9930-11ea-9948-f875a44e0e11",
                    "sortorder": 5,
                    "visible": false,
                    "widget_id": "10000000-0000-0000-0000-000000000002"
                },
                {
                    "card_id": "74195eaa-9930-11ea-b273-f875a44e0e11",
                    "config": {
                        "defaultValue": "daa4cddc-8636-4842-b836-eb2e10aabe18",
                        "label": "Follow-On Action Description Type",
                        "options": [],
                        "placeholder": "Select an option"
                    },
                    "id": "50295eb9-3f85-11eb-9228-f875a44e0e11",
                    "label": "Follow-On Action Description Type",
                    "node_id": "741985bd-9930-11ea-be65-f875a44e0e11",
                    "sortorder": 12,
                    "visible": false,
                    "widget_id": "10000000-0000-0000-0000-000000000002"
                }
            ],
            "color": "rgba(224,47,47,0.67)",
            "config": {
                "activeTabIndex": 0,
                "tabs": [
                    {
                        "header_component": "report-header-map",
                        "icon": "fa fa-tags",
                        "name": "Summary Report",
                        "nodegroup_ids": [
                            "8d41e4ba-a250-11e9-9b20-00224800b26d",
                            "8d41e4c0-a250-11e9-a7e3-00224800b26d",
                            "8d41e4a8-a250-11e9-aff0-00224800b26d",
                            "58a2b98f-a255-11e9-9a30-00224800b26d",
                            "8d41e4b7-a250-11e9-9b6c-00224800b26d",
                            "c32c7b62-a30f-11e9-a8f2-00224800b26d",
                            "8d41e4b1-a250-11e9-96d3-00224800b26d"
                        ],
                        "side_component": "consultations-status"
                    },
                    {
                        "icon": "fa fa-building",
                        "name": "Conditions/Mitigations",
                        "nodegroup_ids": [
                            "8d41e4bd-a250-11e9-89e8-00224800b26d",
                            "8d41e49f-a250-11e9-b6b3-00224800b26d",
                            "8d41e4ae-a250-11e9-8c00-00224800b26d"
                        ],
                        "side_component": "consultations-conditions-mitigations"
                    },
                    {
                        "empty_component": "consultations-site-visit-empty",
                        "icon": "fa fa-clipboard",
                        "main_component": "consultations-site-visit-main",
                        "name": "Site Visits",
                        "nodegroup_ids": [
                            "066cb8f0-a251-11e9-85d5-00224800b26d"
                        ],
                        "side_component": "consultations-site-visits-summary"
                    },
                    {
                        "icon": "fa fa-comment",
                        "name": "Communications",
                        "nodegroup_ids": [
                            "caf5bff1-a3d7-11e9-aa28-00224800b26d",
                            "8d41e4b4-a250-11e9-993d-00224800b26d"
                        ],
                        "side_component": "consultations-communications-summary"
                    }
                ]
            },
            "deploymentdate": null,
            "deploymentfile": null,
            "description": "",
            "edges": [
                {
                    "description": null,
                    "domainnode_id": "741985b9-9930-11ea-9b62-f875a44e0e11",
                    "edgeid": "7419d3f0-9930-11ea-8eb3-f875a44e0e11",
                    "graph_id": "74195ea4-9930-11ea-8d78-f875a44e0e11",
                    "name": null,
                    "ontologyproperty": "http://www.cidoc-crm.org/cidoc-crm/P2_has_type",
                    "rangenode_id": "74195eac-9930-11ea-9b5c-f875a44e0e11"
                },
                {
                    "description": null,
                    "domainnode_id": "74195ea8-9930-11ea-8a90-f875a44e0e11",
                    "edgeid": "7419d3f1-9930-11ea-a57b-f875a44e0e11",
                    "graph_id": "74195ea4-9930-11ea-8d78-f875a44e0e11",
                    "name": null,
                    "ontologyproperty": "http://www.cidoc-crm.org/cidoc-crm/P17i_motivated",
                    "rangenode_id": "741985be-9930-11ea-8287-f875a44e0e11"
                },
                {
                    "description": null,
                    "domainnode_id": "741985b8-9930-11ea-9efe-f875a44e0e11",
                    "edgeid": "7419d3f2-9930-11ea-9e51-f875a44e0e11",
                    "graph_id": "74195ea4-9930-11ea-8d78-f875a44e0e11",
                    "name": null,
                    "ontologyproperty": "http://www.cidoc-crm.org/cidoc-crm/P3_has_note",
                    "rangenode_id": "74195ead-9930-11ea-97f2-f875a44e0e11"
                },
                {
                    "description": null,
                    "domainnode_id": "741985b8-9930-11ea-9efe-f875a44e0e11",
                    "edgeid": "7419d3f3-9930-11ea-9327-f875a44e0e11",
                    "graph_id": "74195ea4-9930-11ea-8d78-f875a44e0e11",
                    "name": null,
                    "ontologyproperty": "http://www.cidoc-crm.org/cidoc-crm/P2_has_type",
                    "rangenode_id": "741985ba-9930-11ea-8642-f875a44e0e11"
                },
                {
                    "description": null,
                    "domainnode_id": "74195ea8-9930-11ea-8a90-f875a44e0e11",
                    "edgeid": "7419d3f4-9930-11ea-9b63-f875a44e0e11",
                    "graph_id": "74195ea4-9930-11ea-8d78-f875a44e0e11",
                    "name": null,
                    "ontologyproperty": "http://www.cidoc-crm.org/cidoc-crm/P129i_is_subject_of",
                    "rangenode_id": "741985b8-9930-11ea-9efe-f875a44e0e11"
                },
                {
                    "description": null,
                    "domainnode_id": "741985ba-9930-11ea-8642-f875a44e0e11",
                    "edgeid": "7419d3f5-9930-11ea-940b-f875a44e0e11",
                    "graph_id": "74195ea4-9930-11ea-8d78-f875a44e0e11",
                    "name": null,
                    "ontologyproperty": "http://www.cidoc-crm.org/cidoc-crm/P2_has_type",
                    "rangenode_id": "741985bf-9930-11ea-aac9-f875a44e0e11"
                },
                {
                    "description": null,
                    "domainnode_id": "741985b6-9930-11ea-9e71-f875a44e0e11",
                    "edgeid": "7419d3f6-9930-11ea-9d3c-f875a44e0e11",
                    "graph_id": "74195ea4-9930-11ea-8d78-f875a44e0e11",
                    "name": null,
                    "ontologyproperty": "http://www.cidoc-crm.org/cidoc-crm/P82a_begin_of_the_begin",
                    "rangenode_id": "741985b4-9930-11ea-931e-f875a44e0e11"
                },
                {
                    "description": null,
                    "domainnode_id": "741985b7-9930-11ea-9948-f875a44e0e11",
                    "edgeid": "7419d3f7-9930-11ea-bef1-f875a44e0e11",
                    "graph_id": "74195ea4-9930-11ea-8d78-f875a44e0e11",
                    "name": null,
                    "ontologyproperty": "http://www.cidoc-crm.org/cidoc-crm/P2_has_type",
                    "rangenode_id": "741985bb-9930-11ea-866b-f875a44e0e11"
                },
                {
                    "description": null,
                    "domainnode_id": "74195ea5-9930-11ea-9a08-f875a44e0e11",
                    "edgeid": "7419d3fd-9930-11ea-9c39-f875a44e0e11",
                    "graph_id": "74195ea4-9930-11ea-8d78-f875a44e0e11",
                    "name": null,
                    "ontologyproperty": "http://www.cidoc-crm.org/cidoc-crm/P3_has_note",
                    "rangenode_id": "741985bc-9930-11ea-a6b5-f875a44e0e11"
                },
                {
                    "description": null,
                    "domainnode_id": "741985be-9930-11ea-8287-f875a44e0e11",
                    "edgeid": "7419d3fe-9930-11ea-b1c1-f875a44e0e11",
                    "graph_id": "74195ea4-9930-11ea-8d78-f875a44e0e11",
                    "name": null,
                    "ontologyproperty": "http://www.cidoc-crm.org/cidoc-crm/P129i_is_subject_of",
                    "rangenode_id": "74195ea5-9930-11ea-9a08-f875a44e0e11"
                },
                {
                    "description": null,
                    "domainnode_id": "74195eab-9930-11ea-81a7-f875a44e0e11",
                    "edgeid": "7419d3ff-9930-11ea-9aba-f875a44e0e11",
                    "graph_id": "74195ea4-9930-11ea-8d78-f875a44e0e11",
                    "name": null,
                    "ontologyproperty": "http://www.cidoc-crm.org/cidoc-crm/P3_has_note",
                    "rangenode_id": "74195eae-9930-11ea-a36e-f875a44e0e11"
                },
                {
                    "description": null,
                    "domainnode_id": "74195eab-9930-11ea-81a7-f875a44e0e11",
                    "edgeid": "7419d400-9930-11ea-a6df-f875a44e0e11",
                    "graph_id": "74195ea4-9930-11ea-8d78-f875a44e0e11",
                    "name": null,
                    "ontologyproperty": "http://www.cidoc-crm.org/cidoc-crm/P2_has_type",
                    "rangenode_id": "741985b7-9930-11ea-9948-f875a44e0e11"
                },
                {
                    "description": null,
                    "domainnode_id": "74195ea8-9930-11ea-8a90-f875a44e0e11",
                    "edgeid": "7419d401-9930-11ea-b07d-f875a44e0e11",
                    "graph_id": "74195ea4-9930-11ea-8d78-f875a44e0e11",
                    "name": null,
                    "ontologyproperty": "http://www.cidoc-crm.org/cidoc-crm/P67i_is_referred_to_by",
                    "rangenode_id": "74195eab-9930-11ea-81a7-f875a44e0e11"
                },
                {
                    "description": null,
                    "domainnode_id": "74195ea8-9930-11ea-8a90-f875a44e0e11",
                    "edgeid": "7419d402-9930-11ea-b737-f875a44e0e11",
                    "graph_id": "74195ea4-9930-11ea-8d78-f875a44e0e11",
                    "name": null,
                    "ontologyproperty": "http://www.cidoc-crm.org/cidoc-crm/P67i_is_referred_to_by",
                    "rangenode_id": "741985c0-9930-11ea-8e20-f875a44e0e11"
                },
                {
                    "description": null,
                    "domainnode_id": "74195ea8-9930-11ea-8a90-f875a44e0e11",
                    "edgeid": "7419d3f8-9930-11ea-a8c4-f875a44e0e11",
                    "graph_id": "74195ea4-9930-11ea-8d78-f875a44e0e11",
                    "name": null,
                    "ontologyproperty": "http://www.cidoc-crm.org/cidoc-crm/P11_had_participant",
                    "rangenode_id": "741985b5-9930-11ea-861a-f875a44e0e11"
                },
                {
                    "description": null,
                    "domainnode_id": "74195ea8-9930-11ea-8a90-f875a44e0e11",
                    "edgeid": "7419d3f9-9930-11ea-bd9f-f875a44e0e11",
                    "graph_id": "74195ea4-9930-11ea-8d78-f875a44e0e11",
                    "name": null,
                    "ontologyproperty": "http://www.cidoc-crm.org/cidoc-crm/P2_has_type",
                    "rangenode_id": "741985b9-9930-11ea-9b62-f875a44e0e11"
                },
                {
                    "description": null,
                    "domainnode_id": "74195ea8-9930-11ea-8a90-f875a44e0e11",
                    "edgeid": "7419d3fa-9930-11ea-b25c-f875a44e0e11",
                    "graph_id": "74195ea4-9930-11ea-8d78-f875a44e0e11",
                    "name": null,
                    "ontologyproperty": "http://www.cidoc-crm.org/cidoc-crm/P4_has_time-span",
                    "rangenode_id": "741985b6-9930-11ea-9e71-f875a44e0e11"
                },
                {
                    "description": null,
                    "domainnode_id": "741985bd-9930-11ea-be65-f875a44e0e11",
                    "edgeid": "7419d3fb-9930-11ea-bd61-f875a44e0e11",
                    "graph_id": "74195ea4-9930-11ea-8d78-f875a44e0e11",
                    "name": null,
                    "ontologyproperty": "http://www.cidoc-crm.org/cidoc-crm/P2_has_type",
                    "rangenode_id": "74195eaf-9930-11ea-8f20-f875a44e0e11"
                },
                {
                    "description": null,
                    "domainnode_id": "74195ea5-9930-11ea-9a08-f875a44e0e11",
                    "edgeid": "7419d3fc-9930-11ea-acdb-f875a44e0e11",
                    "graph_id": "74195ea4-9930-11ea-8d78-f875a44e0e11",
                    "name": null,
                    "ontologyproperty": "http://www.cidoc-crm.org/cidoc-crm/P2_has_type",
                    "rangenode_id": "741985bd-9930-11ea-be65-f875a44e0e11"
                }
            ],
            "functions_x_graphs": [],
            "graphid": "74195ea4-9930-11ea-8d78-f875a44e0e11",
            "iconclass": "fa fa-phone",
            "is_editable": true,
            "isactive": true,
            "isresource": false,
            "jsonldcontext": null,
            "name": "Communications",
            "nodegroups": [
                {
                    "cardinality": "n",
                    "legacygroupid": null,
                    "nodegroupid": "74195ea8-9930-11ea-8a90-f875a44e0e11",
                    "parentnodegroup_id": null
                }
            ],
            "nodes": [
                {
                    "config": {
                        "rdmCollection": "1e63c514-eb9d-48d3-94b5-35e060e5f368"
                    },
                    "datatype": "concept",
                    "description": null,
                    "exportable": false,
                    "fieldname": null,
                    "graph_id": "74195ea4-9930-11ea-8d78-f875a44e0e11",
                    "is_collector": false,
                    "isrequired": false,
                    "issearchable": true,
                    "istopnode": false,
                    "name": "Communication Metatype",
                    "nodegroup_id": "74195ea8-9930-11ea-8a90-f875a44e0e11",
                    "nodeid": "74195eac-9930-11ea-9b5c-f875a44e0e11",
                    "ontologyclass": "http://www.cidoc-crm.org/cidoc-crm/E55_Type",
                    "parentproperty": "http://www.cidoc-crm.org/cidoc-crm/P2_has_type",
                    "sortorder": 0
                },
                {
                    "config": null,
                    "datatype": "string",
                    "description": null,
                    "exportable": false,
                    "fieldname": null,
                    "graph_id": "74195ea4-9930-11ea-8d78-f875a44e0e11",
                    "is_collector": false,
                    "isrequired": false,
                    "issearchable": true,
                    "istopnode": false,
                    "name": "Communication Description",
                    "nodegroup_id": "74195ea8-9930-11ea-8a90-f875a44e0e11",
                    "nodeid": "74195ead-9930-11ea-97f2-f875a44e0e11",
                    "ontologyclass": "http://www.w3.org/2000/01/rdf-schema#Literal",
                    "parentproperty": "http://www.cidoc-crm.org/cidoc-crm/P3_has_note",
                    "sortorder": 0
                },
                {
                    "config": {
                        "rdmCollection": "1e63c514-eb9d-48d3-94b5-35e060e5f368"
                    },
                    "datatype": "concept",
                    "description": null,
                    "exportable": false,
                    "fieldname": null,
                    "graph_id": "74195ea4-9930-11ea-8d78-f875a44e0e11",
                    "is_collector": false,
                    "isrequired": false,
                    "issearchable": true,
                    "istopnode": false,
                    "name": "Follow-On Action Description Metatype",
                    "nodegroup_id": "74195ea8-9930-11ea-8a90-f875a44e0e11",
                    "nodeid": "74195eaf-9930-11ea-8f20-f875a44e0e11",
                    "ontologyclass": "http://www.cidoc-crm.org/cidoc-crm/E55_Type",
                    "parentproperty": "http://www.cidoc-crm.org/cidoc-crm/P2_has_type",
                    "sortorder": 0
                },
                {
                    "config": {
                        "graphid": [
                            "22477f01-1a44-11e9-b0a9-000d3ab1e588"
                        ],
                        "graphs": []
                    },
                    "datatype": "resource-instance-list",
                    "description": null,
                    "exportable": false,
                    "fieldname": "",
                    "graph_id": "74195ea4-9930-11ea-8d78-f875a44e0e11",
                    "is_collector": false,
                    "isrequired": false,
                    "issearchable": true,
                    "istopnode": false,
                    "name": "Attendees",
                    "nodegroup_id": "74195ea8-9930-11ea-8a90-f875a44e0e11",
                    "nodeid": "741985b5-9930-11ea-861a-f875a44e0e11",
                    "ontologyclass": "http://www.cidoc-crm.org/cidoc-crm/E21_Person",
                    "parentproperty": "http://www.cidoc-crm.org/cidoc-crm/P11_had_participant",
                    "sortorder": 0
                },
                {
                    "config": null,
                    "datatype": "semantic",
                    "description": null,
                    "exportable": false,
                    "fieldname": "",
                    "graph_id": "74195ea4-9930-11ea-8d78-f875a44e0e11",
                    "is_collector": false,
                    "isrequired": false,
                    "issearchable": true,
                    "istopnode": false,
                    "name": "Dates",
                    "nodegroup_id": "74195ea8-9930-11ea-8a90-f875a44e0e11",
                    "nodeid": "741985b6-9930-11ea-9e71-f875a44e0e11",
                    "ontologyclass": "http://www.cidoc-crm.org/cidoc-crm/E52_Time-Span",
                    "parentproperty": "http://www.cidoc-crm.org/cidoc-crm/P4_has_time-span",
                    "sortorder": 0
                },
                {
                    "config": {
                        "rdmCollection": "0ff39ed3-cc95-4c60-9321-6d4e65fb1f2d"
                    },
                    "datatype": "concept",
                    "description": null,
                    "exportable": false,
                    "fieldname": null,
                    "graph_id": "74195ea4-9930-11ea-8d78-f875a44e0e11",
                    "is_collector": false,
                    "isrequired": false,
                    "issearchable": true,
                    "istopnode": false,
                    "name": "Subject Description Type",
                    "nodegroup_id": "74195ea8-9930-11ea-8a90-f875a44e0e11",
                    "nodeid": "741985b7-9930-11ea-9948-f875a44e0e11",
                    "ontologyclass": "http://www.cidoc-crm.org/cidoc-crm/E55_Type",
                    "parentproperty": "http://www.cidoc-crm.org/cidoc-crm/P2_has_type",
                    "sortorder": 0
                },
                {
                    "config": null,
                    "datatype": "semantic",
                    "description": null,
                    "exportable": false,
                    "fieldname": null,
                    "graph_id": "74195ea4-9930-11ea-8d78-f875a44e0e11",
                    "is_collector": false,
                    "isrequired": false,
                    "issearchable": true,
                    "istopnode": false,
                    "name": "Communication Notes",
                    "nodegroup_id": "74195ea8-9930-11ea-8a90-f875a44e0e11",
                    "nodeid": "741985b8-9930-11ea-9efe-f875a44e0e11",
                    "ontologyclass": "http://www.cidoc-crm.org/cidoc-crm/E33_Linguistic_Object",
                    "parentproperty": "http://www.cidoc-crm.org/cidoc-crm/P129i_is_subject_of",
                    "sortorder": 0
                },
                {
                    "config": {
                        "rdmCollection": "3a6e31d6-0de9-49be-ae0b-80a7bae14b0a"
                    },
                    "datatype": "concept",
                    "description": null,
                    "exportable": false,
                    "fieldname": "",
                    "graph_id": "74195ea4-9930-11ea-8d78-f875a44e0e11",
                    "is_collector": false,
                    "isrequired": true,
                    "issearchable": true,
                    "istopnode": false,
                    "name": "Communication Type",
                    "nodegroup_id": "74195ea8-9930-11ea-8a90-f875a44e0e11",
                    "nodeid": "741985b9-9930-11ea-9b62-f875a44e0e11",
                    "ontologyclass": "http://www.cidoc-crm.org/cidoc-crm/E55_Type",
                    "parentproperty": "http://www.cidoc-crm.org/cidoc-crm/P2_has_type",
                    "sortorder": 0
                },
                {
                    "config": {
                        "rdmCollection": "0ff39ed3-cc95-4c60-9321-6d4e65fb1f2d"
                    },
                    "datatype": "concept",
                    "description": null,
                    "exportable": false,
                    "fieldname": null,
                    "graph_id": "74195ea4-9930-11ea-8d78-f875a44e0e11",
                    "is_collector": false,
                    "isrequired": false,
                    "issearchable": true,
                    "istopnode": false,
                    "name": "Communication Description Type",
                    "nodegroup_id": "74195ea8-9930-11ea-8a90-f875a44e0e11",
                    "nodeid": "741985ba-9930-11ea-8642-f875a44e0e11",
                    "ontologyclass": "http://www.cidoc-crm.org/cidoc-crm/E55_Type",
                    "parentproperty": "http://www.cidoc-crm.org/cidoc-crm/P2_has_type",
                    "sortorder": 0
                },
                {
                    "config": {
                        "rdmCollection": "1e63c514-eb9d-48d3-94b5-35e060e5f368"
                    },
                    "datatype": "concept",
                    "description": null,
                    "exportable": false,
                    "fieldname": null,
                    "graph_id": "74195ea4-9930-11ea-8d78-f875a44e0e11",
                    "is_collector": false,
                    "isrequired": false,
                    "issearchable": true,
                    "istopnode": false,
                    "name": "Subject Description Metatype",
                    "nodegroup_id": "74195ea8-9930-11ea-8a90-f875a44e0e11",
                    "nodeid": "741985bb-9930-11ea-866b-f875a44e0e11",
                    "ontologyclass": "http://www.cidoc-crm.org/cidoc-crm/E55_Type",
                    "parentproperty": "http://www.cidoc-crm.org/cidoc-crm/P2_has_type",
                    "sortorder": 0
                },
                {
                    "config": null,
                    "datatype": "string",
                    "description": null,
                    "exportable": false,
                    "fieldname": null,
                    "graph_id": "74195ea4-9930-11ea-8d78-f875a44e0e11",
                    "is_collector": false,
                    "isrequired": false,
                    "issearchable": true,
                    "istopnode": false,
                    "name": "Follow-On Actions",
                    "nodegroup_id": "74195ea8-9930-11ea-8a90-f875a44e0e11",
                    "nodeid": "741985bc-9930-11ea-a6b5-f875a44e0e11",
                    "ontologyclass": "http://www.w3.org/2000/01/rdf-schema#Literal",
                    "parentproperty": "http://www.cidoc-crm.org/cidoc-crm/P3_has_note",
                    "sortorder": 0
                },
                {
                    "config": {
                        "rdmCollection": "0ff39ed3-cc95-4c60-9321-6d4e65fb1f2d"
                    },
                    "datatype": "concept",
                    "description": null,
                    "exportable": false,
                    "fieldname": null,
                    "graph_id": "74195ea4-9930-11ea-8d78-f875a44e0e11",
                    "is_collector": false,
                    "isrequired": false,
                    "issearchable": true,
                    "istopnode": false,
                    "name": "Follow-On Action Description Type",
                    "nodegroup_id": "74195ea8-9930-11ea-8a90-f875a44e0e11",
                    "nodeid": "741985bd-9930-11ea-be65-f875a44e0e11",
                    "ontologyclass": "http://www.cidoc-crm.org/cidoc-crm/E55_Type",
                    "parentproperty": "http://www.cidoc-crm.org/cidoc-crm/P2_has_type",
                    "sortorder": 0
                },
                {
                    "config": null,
                    "datatype": "semantic",
                    "description": null,
                    "exportable": false,
                    "fieldname": null,
                    "graph_id": "74195ea4-9930-11ea-8d78-f875a44e0e11",
                    "is_collector": false,
                    "isrequired": false,
                    "issearchable": true,
                    "istopnode": false,
                    "name": "Follow On Action",
                    "nodegroup_id": "74195ea8-9930-11ea-8a90-f875a44e0e11",
                    "nodeid": "741985be-9930-11ea-8287-f875a44e0e11",
                    "ontologyclass": "http://www.cidoc-crm.org/cidoc-crm/E7_Activity",
                    "parentproperty": "http://www.cidoc-crm.org/cidoc-crm/P17i_motivated",
                    "sortorder": 0
                },
                {
                    "config": {
                        "rdmCollection": "1e63c514-eb9d-48d3-94b5-35e060e5f368"
                    },
                    "datatype": "concept",
                    "description": null,
                    "exportable": false,
                    "fieldname": null,
                    "graph_id": "74195ea4-9930-11ea-8d78-f875a44e0e11",
                    "is_collector": false,
                    "isrequired": false,
                    "issearchable": true,
                    "istopnode": false,
                    "name": "Communication Description Metatype",
                    "nodegroup_id": "74195ea8-9930-11ea-8a90-f875a44e0e11",
                    "nodeid": "741985bf-9930-11ea-aac9-f875a44e0e11",
                    "ontologyclass": "http://www.cidoc-crm.org/cidoc-crm/E55_Type",
                    "parentproperty": "http://www.cidoc-crm.org/cidoc-crm/P2_has_type",
                    "sortorder": 0
                },
                {
                    "config": {
                        "graphid": [
                            "a535a235-8481-11ea-a6b9-f875a44e0e11"
                        ],
                        "graphs": [
                            {
                                "graphid": "a535a235-8481-11ea-a6b9-f875a44e0e11",
                                "name": "Digital_Object"
                            }
                        ]
                    },
                    "datatype": "resource-instance",
                    "description": null,
                    "exportable": false,
                    "fieldname": null,
                    "graph_id": "74195ea4-9930-11ea-8d78-f875a44e0e11",
                    "is_collector": false,
                    "isrequired": false,
                    "issearchable": true,
                    "istopnode": false,
                    "name": "Digital File(s)",
                    "nodegroup_id": "74195ea8-9930-11ea-8a90-f875a44e0e11",
                    "nodeid": "741985c0-9930-11ea-8e20-f875a44e0e11",
                    "ontologyclass": "http://www.ics.forth.gr/isl/CRMdig/D1_Digital_Object",
                    "parentproperty": "http://www.cidoc-crm.org/cidoc-crm/P67i_is_referred_to_by",
                    "sortorder": 0
                },
                {
                    "config": null,
                    "datatype": "semantic",
                    "description": null,
                    "exportable": false,
                    "fieldname": "",
                    "graph_id": "74195ea4-9930-11ea-8d78-f875a44e0e11",
                    "is_collector": true,
                    "isrequired": false,
                    "issearchable": true,
                    "istopnode": true,
                    "name": "Communications",
                    "nodegroup_id": "74195ea8-9930-11ea-8a90-f875a44e0e11",
                    "nodeid": "74195ea8-9930-11ea-8a90-f875a44e0e11",
                    "ontologyclass": "http://www.cidoc-crm.org/cidoc-crm/E7_Activity",
                    "parentproperty": "",
                    "sortorder": 0
                },
                {
                    "config": {
                        "dateFormat": "YYYY-MM-DD"
                    },
                    "datatype": "date",
                    "description": null,
                    "exportable": false,
                    "fieldname": "",
                    "graph_id": "74195ea4-9930-11ea-8d78-f875a44e0e11",
                    "is_collector": false,
                    "isrequired": false,
                    "issearchable": true,
                    "istopnode": false,
                    "name": "Date",
                    "nodegroup_id": "74195ea8-9930-11ea-8a90-f875a44e0e11",
                    "nodeid": "741985b4-9930-11ea-931e-f875a44e0e11",
                    "ontologyclass": "http://www.cidoc-crm.org/cidoc-crm/E61_Time_Primitive",
                    "parentproperty": "http://www.cidoc-crm.org/cidoc-crm/P82a_begin_of_the_begin",
                    "sortorder": 0
                },
                {
                    "config": null,
                    "datatype": "semantic",
                    "description": null,
                    "exportable": false,
                    "fieldname": null,
                    "graph_id": "74195ea4-9930-11ea-8d78-f875a44e0e11",
                    "is_collector": false,
                    "isrequired": false,
                    "issearchable": true,
                    "istopnode": false,
                    "name": "Subjects",
                    "nodegroup_id": "74195ea8-9930-11ea-8a90-f875a44e0e11",
                    "nodeid": "74195eab-9930-11ea-81a7-f875a44e0e11",
                    "ontologyclass": "http://www.cidoc-crm.org/cidoc-crm/E33_Linguistic_Object",
                    "parentproperty": "http://www.cidoc-crm.org/cidoc-crm/P67i_is_referred_to_by",
                    "sortorder": 0
                },
                {
                    "config": null,
                    "datatype": "string",
                    "description": null,
                    "exportable": false,
                    "fieldname": null,
                    "graph_id": "74195ea4-9930-11ea-8d78-f875a44e0e11",
                    "is_collector": false,
                    "isrequired": false,
                    "issearchable": true,
                    "istopnode": false,
                    "name": "Subject",
                    "nodegroup_id": "74195ea8-9930-11ea-8a90-f875a44e0e11",
                    "nodeid": "74195eae-9930-11ea-a36e-f875a44e0e11",
                    "ontologyclass": "http://www.w3.org/2000/01/rdf-schema#Literal",
                    "parentproperty": "http://www.cidoc-crm.org/cidoc-crm/P3_has_note",
                    "sortorder": 0
                },
                {
                    "config": null,
                    "datatype": "semantic",
                    "description": null,
                    "exportable": false,
                    "fieldname": null,
                    "graph_id": "74195ea4-9930-11ea-8d78-f875a44e0e11",
                    "is_collector": false,
                    "isrequired": false,
                    "issearchable": true,
                    "istopnode": false,
                    "name": "Follow on Actions",
                    "nodegroup_id": "74195ea8-9930-11ea-8a90-f875a44e0e11",
                    "nodeid": "74195ea5-9930-11ea-9a08-f875a44e0e11",
                    "ontologyclass": "http://www.cidoc-crm.org/cidoc-crm/E33_Linguistic_Object",
                    "parentproperty": "http://www.cidoc-crm.org/cidoc-crm/P129i_is_subject_of",
                    "sortorder": 0
                }
            ],
            "ontology_id": "e6e8db47-2ccf-11e6-927e-b8f6b115d7dd",
            "relatable_resource_model_ids": [],
            "resource_2_resource_constraints": [],
            "root": {
                "config": null,
                "datatype": "semantic",
                "description": null,
                "exportable": false,
                "fieldname": "",
                "graph_id": "74195ea4-9930-11ea-8d78-f875a44e0e11",
                "is_collector": true,
                "isrequired": false,
                "issearchable": true,
                "istopnode": true,
                "name": "Communications",
                "nodegroup_id": "74195ea8-9930-11ea-8a90-f875a44e0e11",
                "nodeid": "74195ea8-9930-11ea-8a90-f875a44e0e11",
                "ontologyclass": "http://www.cidoc-crm.org/cidoc-crm/E7_Activity",
                "sortorder": 0
            },
            "slug": null,
            "subtitle": "",
            "template_id": "50000000-0000-0000-0000-000000000004",
            "version": ""
        }
    ]
}