{
    "graph": [
        {
            "author": "",
            "cards": [
                {
                    "active": true,
                    "cardid": "4588446e-06f7-11eb-bc33-f875a44e0e11",
                    "component_id": "f05e4d3a-53c1-11e8-b0ea-784f435179ea",
                    "config": null,
                    "constraints": [
                        {
                            "card_id": "4588446e-06f7-11eb-bc33-f875a44e0e11",
                            "constraintid": "af7a0750-ea4a-4945-b48e-9902c9a3b130",
                            "nodes": [],
                            "uniquetoallinstances": false
                        }
                    ],
                    "cssclass": null,
                    "description": "",
                    "graph_id": "45882188-06f7-11eb-8601-f875a44e0e11",
                    "helpenabled": false,
                    "helptext": null,
                    "helptitle": null,
                    "instructions": null,
                    "is_editable": true,
                    "name": "Components",
                    "nodegroup_id": "45882189-06f7-11eb-8420-f875a44e0e11",
                    "sortorder": 19,
                    "visible": true
                }
            ],
            "cards_x_nodes_x_widgets": [
                {
                    "card_id": "4588446e-06f7-11eb-bc33-f875a44e0e11",
                    "config": {
                        "defaultValue": "",
                        "label": "Component Type",
                        "options": [],
                        "placeholder": "Select an option"
                    },
                    "id": "4588447a-06f7-11eb-a6d5-f875a44e0e11",
                    "label": "Component Type",
                    "node_id": "45884479-06f7-11eb-927b-f875a44e0e11",
                    "sortorder": 0,
                    "visible": true,
                    "widget_id": "10000000-0000-0000-0000-000000000002"
                },
                {
                    "card_id": "4588446e-06f7-11eb-bc33-f875a44e0e11",
                    "config": {
                        "defaultValue": "953238ab-fefc-42e9-9b20-0b4441df2b41",
                        "label": "Component Metatype",
                        "options": [],
                        "placeholder": "Select an option"
                    },
                    "id": "4588447b-06f7-11eb-bb29-f875a44e0e11",
                    "label": "Component Metatype",
                    "node_id": "4588446f-06f7-11eb-9d96-f875a44e0e11",
                    "sortorder": 1,
                    "visible": false,
                    "widget_id": "10000000-0000-0000-0000-000000000002"
                },
                {
                    "card_id": "4588446e-06f7-11eb-bc33-f875a44e0e11",
                    "config": {
                        "defaultValue": "",
                        "label": "Construction Technique",
                        "options": [],
                        "placeholder": "Select an option"
                    },
                    "id": "4588447c-06f7-11eb-9c4a-f875a44e0e11",
                    "label": "Construction Technique",
                    "node_id": "45884470-06f7-11eb-929d-f875a44e0e11",
                    "sortorder": 2,
                    "visible": true,
                    "widget_id": "10000000-0000-0000-0000-000000000002"
                },
                {
                    "card_id": "4588446e-06f7-11eb-bc33-f875a44e0e11",
                    "config": {
                        "defaultValue": "496b4a50-3325-4704-b1c5-57542dc62011",
                        "label": "Construction Technique Metatype",
                        "options": [],
                        "placeholder": "Select an option"
                    },
                    "id": "4588447d-06f7-11eb-bd8e-f875a44e0e11",
                    "label": "Construction Technique Metatype",
                    "node_id": "45884471-06f7-11eb-9f79-f875a44e0e11",
                    "sortorder": 3,
                    "visible": false,
                    "widget_id": "10000000-0000-0000-0000-000000000002"
                },
                {
                    "card_id": "4588446e-06f7-11eb-bc33-f875a44e0e11",
                    "config": {
                        "displayOnlySelectedNode": false,
                        "label": "Associated Asset Construction Phase",
                        "placeholder": ""
                    },
                    "id": "91dda45f-3ef1-11eb-9b0a-f875a44e0e11",
                    "label": "Associated Asset Construction Phase",
                    "node_id": "45884477-06f7-11eb-a99b-f875a44e0e11",
                    "sortorder": null,
                    "visible": true,
                    "widget_id": "f5d6b190-bbf0-4dc9-b991-1debab8cb4a9"
                },
                {
                    "card_id": "4588446e-06f7-11eb-bc33-f875a44e0e11",
                    "config": {
                        "defaultValue": "",
                        "label": "Component Material",
                        "options": [],
                        "placeholder": "Select an option"
                    },
                    "id": "4588447f-06f7-11eb-9b96-f875a44e0e11",
                    "label": "Component Material",
                    "node_id": "45884474-06f7-11eb-8612-f875a44e0e11",
                    "sortorder": 4,
                    "visible": true,
                    "widget_id": "10000000-0000-0000-0000-000000000012"
                },
                {
                    "card_id": "4588446e-06f7-11eb-bc33-f875a44e0e11",
                    "config": {
                        "defaultValue": "1cc6f0e9-432f-4177-bae1-16cab5afd3ac",
                        "label": "Evidence Metatype",
                        "options": [],
                        "placeholder": "Select an option"
                    },
                    "id": "45884481-06f7-11eb-b448-f875a44e0e11",
                    "label": "Evidence Metatype",
                    "node_id": "45884473-06f7-11eb-9843-f875a44e0e11",
                    "sortorder": 7,
                    "visible": false,
                    "widget_id": "10000000-0000-0000-0000-000000000002"
                },
                {
                    "card_id": "4588446e-06f7-11eb-bc33-f875a44e0e11",
                    "config": {
                        "defaultValue": "d03ff048-0234-49c0-919b-c0c2376d7cb0",
                        "label": "Component Material Metatype",
                        "options": [],
                        "placeholder": "Select an option"
                    },
                    "id": "4588447e-06f7-11eb-828f-f875a44e0e11",
                    "label": "Component Material Metatype",
                    "node_id": "45884475-06f7-11eb-9e87-f875a44e0e11",
                    "sortorder": 5,
                    "visible": false,
                    "widget_id": "10000000-0000-0000-0000-000000000002"
                },
                {
                    "card_id": "4588446e-06f7-11eb-bc33-f875a44e0e11",
                    "config": {
                        "defaultValue": "",
                        "label": "Evidence Type",
                        "options": [],
                        "placeholder": "Select an option"
                    },
                    "id": "45884480-06f7-11eb-8624-f875a44e0e11",
                    "label": "Evidence Type",
                    "node_id": "45884476-06f7-11eb-89fb-f875a44e0e11",
                    "sortorder": 6,
                    "visible": true,
                    "widget_id": "10000000-0000-0000-0000-000000000002"
                }
            ],
            "color": null,
            "config": {
                "basemap": "streets",
                "bearing": 0,
                "centerX": 1,
                "centerY": 53,
                "defaultValue": "",
                "defaultValueType": 0,
                "featureColor": "#FF0000",
                "featureEditingDisabled": true,
                "featureLineWidth": 1,
                "featurePointSize": 3,
                "geocodePlaceholder": "Search",
                "geocodeProvider": "10000000-0000-0000-0000-010000000000",
                "geocoderVisible": true,
                "geometryTypes": [
                    {
                        "id": "Point",
                        "text": "Point"
                    },
                    {
                        "id": "Line",
                        "text": "Line"
                    },
                    {
                        "id": "Polygon",
                        "text": "Polygon"
                    }
                ],
                "mapControlsHidden": false,
                "maxZoom": "17",
                "minZoom": "1",
                "overlayConfigs": [],
                "overlayOpacity": 0,
                "pitch": 0,
                "zoom": 5
            },
            "deploymentdate": null,
            "deploymentfile": null,
            "description": "",
            "edges": [
                {
                    "description": null,
                    "domainnode_id": "45882189-06f7-11eb-8420-f875a44e0e11",
                    "edgeid": "45884482-06f7-11eb-b9e6-f875a44e0e11",
                    "graph_id": "45882188-06f7-11eb-8601-f875a44e0e11",
                    "name": null,
                    "ontologyproperty": "http://www.cidoc-crm.org/cidoc-crm/P31_has_modified",
                    "rangenode_id": "45884478-06f7-11eb-89a8-f875a44e0e11"
                },
                {
                    "description": null,
                    "domainnode_id": "45884478-06f7-11eb-89a8-f875a44e0e11",
                    "edgeid": "45884483-06f7-11eb-97af-f875a44e0e11",
                    "graph_id": "45882188-06f7-11eb-8601-f875a44e0e11",
                    "name": null,
                    "ontologyproperty": "http://www.cidoc-crm.org/cidoc-crm/P2_has_type",
                    "rangenode_id": "45884479-06f7-11eb-927b-f875a44e0e11"
                },
                {
                    "description": null,
                    "domainnode_id": "45884479-06f7-11eb-927b-f875a44e0e11",
                    "edgeid": "45884484-06f7-11eb-9012-f875a44e0e11",
                    "graph_id": "45882188-06f7-11eb-8601-f875a44e0e11",
                    "name": null,
                    "ontologyproperty": "http://www.cidoc-crm.org/cidoc-crm/P2_has_type",
                    "rangenode_id": "4588446f-06f7-11eb-9d96-f875a44e0e11"
                },
                {
                    "description": null,
                    "domainnode_id": "45882189-06f7-11eb-8420-f875a44e0e11",
                    "edgeid": "45884485-06f7-11eb-8545-f875a44e0e11",
                    "graph_id": "45882188-06f7-11eb-8601-f875a44e0e11",
                    "name": null,
                    "ontologyproperty": "http://www.cidoc-crm.org/cidoc-crm/P32_used_general_technique",
                    "rangenode_id": "45884470-06f7-11eb-929d-f875a44e0e11"
                },
                {
                    "description": null,
                    "domainnode_id": "45884470-06f7-11eb-929d-f875a44e0e11",
                    "edgeid": "45884486-06f7-11eb-ba3c-f875a44e0e11",
                    "graph_id": "45882188-06f7-11eb-8601-f875a44e0e11",
                    "name": null,
                    "ontologyproperty": "http://www.cidoc-crm.org/cidoc-crm/P2_has_type",
                    "rangenode_id": "45884471-06f7-11eb-9f79-f875a44e0e11"
                },
                {
                    "description": null,
                    "domainnode_id": "45882189-06f7-11eb-8420-f875a44e0e11",
                    "edgeid": "45886b52-06f7-11eb-bddf-f875a44e0e11",
                    "graph_id": "45882188-06f7-11eb-8601-f875a44e0e11",
                    "name": null,
                    "ontologyproperty": "http://www.cidoc-crm.org/cidoc-crm/P140i_was_attributed_by",
                    "rangenode_id": "45884472-06f7-11eb-bbe8-f875a44e0e11"
                },
                {
                    "description": null,
                    "domainnode_id": "45884476-06f7-11eb-89fb-f875a44e0e11",
                    "edgeid": "45886b53-06f7-11eb-88ad-f875a44e0e11",
                    "graph_id": "45882188-06f7-11eb-8601-f875a44e0e11",
                    "name": null,
                    "ontologyproperty": "http://www.cidoc-crm.org/cidoc-crm/P2_has_type",
                    "rangenode_id": "45884473-06f7-11eb-9843-f875a44e0e11"
                },
                {
                    "description": null,
                    "domainnode_id": "45884472-06f7-11eb-bbe8-f875a44e0e11",
                    "edgeid": "45886b54-06f7-11eb-8331-f875a44e0e11",
                    "graph_id": "45882188-06f7-11eb-8601-f875a44e0e11",
                    "name": null,
                    "ontologyproperty": "http://www.cidoc-crm.org/cidoc-crm/P32_used_general_technique",
                    "rangenode_id": "45884476-06f7-11eb-89fb-f875a44e0e11"
                },
                {
                    "description": null,
                    "domainnode_id": "45884478-06f7-11eb-89a8-f875a44e0e11",
                    "edgeid": "45886b55-06f7-11eb-893e-f875a44e0e11",
                    "graph_id": "45882188-06f7-11eb-8601-f875a44e0e11",
                    "name": null,
                    "ontologyproperty": "http://www.cidoc-crm.org/cidoc-crm/P45_consists_of",
                    "rangenode_id": "45884474-06f7-11eb-8612-f875a44e0e11"
                },
                {
                    "description": null,
                    "domainnode_id": "45884474-06f7-11eb-8612-f875a44e0e11",
                    "edgeid": "45886b56-06f7-11eb-8981-f875a44e0e11",
                    "graph_id": "45882188-06f7-11eb-8601-f875a44e0e11",
                    "name": null,
                    "ontologyproperty": "http://www.cidoc-crm.org/cidoc-crm/P2_has_type",
                    "rangenode_id": "45884475-06f7-11eb-9e87-f875a44e0e11"
                },
                {
                    "description": null,
                    "domainnode_id": "45882189-06f7-11eb-8420-f875a44e0e11",
                    "edgeid": "45886b57-06f7-11eb-857e-f875a44e0e11",
                    "graph_id": "45882188-06f7-11eb-8601-f875a44e0e11",
                    "name": null,
                    "ontologyproperty": "http://www.cidoc-crm.org/cidoc-crm/P10_falls_within",
                    "rangenode_id": "45884477-06f7-11eb-a99b-f875a44e0e11"
                }
            ],
            "functions_x_graphs": [],
            "graphid": "45882188-06f7-11eb-8601-f875a44e0e11",
            "iconclass": "fa fa-bank",
            "is_editable": true,
            "isactive": true,
            "isresource": false,
            "jsonldcontext": null,
            "name": "Components",
            "nodegroups": [
                {
                    "cardinality": "1",
                    "legacygroupid": null,
                    "nodegroupid": "45882189-06f7-11eb-8420-f875a44e0e11",
                    "parentnodegroup_id": null
                }
            ],
            "nodes": [
                {
                    "config": {
                        "rdmCollection": "1e63c514-eb9d-48d3-94b5-35e060e5f368"
                    },
                    "datatype": "concept",
                    "description": null,
                    "exportable": false,
                    "fieldname": null,
                    "graph_id": "45882188-06f7-11eb-8601-f875a44e0e11",
                    "is_collector": false,
                    "isrequired": false,
                    "issearchable": true,
                    "istopnode": false,
                    "name": "Component Metatype",
                    "nodegroup_id": "45882189-06f7-11eb-8420-f875a44e0e11",
                    "nodeid": "4588446f-06f7-11eb-9d96-f875a44e0e11",
                    "ontologyclass": "http://www.cidoc-crm.org/cidoc-crm/E55_Type",
                    "parentproperty": "http://www.cidoc-crm.org/cidoc-crm/P2_has_type",
                    "sortorder": 0
                },
                {
                    "config": {
                        "rdmCollection": "40f560d6-2849-4d43-a2bd-7e0ae1dc5907"
                    },
                    "datatype": "concept",
                    "description": null,
                    "exportable": false,
                    "fieldname": null,
                    "graph_id": "45882188-06f7-11eb-8601-f875a44e0e11",
                    "is_collector": false,
                    "isrequired": false,
                    "issearchable": true,
                    "istopnode": false,
                    "name": "Construction Technique",
                    "nodegroup_id": "45882189-06f7-11eb-8420-f875a44e0e11",
                    "nodeid": "45884470-06f7-11eb-929d-f875a44e0e11",
                    "ontologyclass": "http://www.cidoc-crm.org/cidoc-crm/E55_Type",
                    "parentproperty": "http://www.cidoc-crm.org/cidoc-crm/P32_used_general_technique",
                    "sortorder": 0
                },
                {
                    "config": {
                        "rdmCollection": "1e63c514-eb9d-48d3-94b5-35e060e5f368"
                    },
                    "datatype": "concept",
                    "description": null,
                    "exportable": false,
                    "fieldname": null,
                    "graph_id": "45882188-06f7-11eb-8601-f875a44e0e11",
                    "is_collector": false,
                    "isrequired": false,
                    "issearchable": true,
                    "istopnode": false,
                    "name": "Construction Technique Metatype",
                    "nodegroup_id": "45882189-06f7-11eb-8420-f875a44e0e11",
                    "nodeid": "45884471-06f7-11eb-9f79-f875a44e0e11",
                    "ontologyclass": "http://www.cidoc-crm.org/cidoc-crm/E55_Type",
                    "parentproperty": "http://www.cidoc-crm.org/cidoc-crm/P2_has_type",
                    "sortorder": 0
                },
                {
                    "config": null,
                    "datatype": "semantic",
                    "description": null,
                    "exportable": false,
                    "fieldname": null,
                    "graph_id": "45882188-06f7-11eb-8601-f875a44e0e11",
                    "is_collector": false,
                    "isrequired": false,
                    "issearchable": true,
                    "istopnode": false,
                    "name": "Component Attribute Assignment",
                    "nodegroup_id": "45882189-06f7-11eb-8420-f875a44e0e11",
                    "nodeid": "45884472-06f7-11eb-bbe8-f875a44e0e11",
                    "ontologyclass": "http://www.cidoc-crm.org/cidoc-crm/E13_Attribute_Assignment",
                    "parentproperty": "http://www.cidoc-crm.org/cidoc-crm/P140i_was_attributed_by",
                    "sortorder": 0
                },
                {
                    "config": {
                        "rdmCollection": "1e63c514-eb9d-48d3-94b5-35e060e5f368"
                    },
                    "datatype": "concept",
                    "description": null,
                    "exportable": false,
                    "fieldname": null,
                    "graph_id": "45882188-06f7-11eb-8601-f875a44e0e11",
                    "is_collector": false,
                    "isrequired": false,
                    "issearchable": true,
                    "istopnode": false,
                    "name": "Evidence Metatype",
                    "nodegroup_id": "45882189-06f7-11eb-8420-f875a44e0e11",
                    "nodeid": "45884473-06f7-11eb-9843-f875a44e0e11",
                    "ontologyclass": "http://www.cidoc-crm.org/cidoc-crm/E55_Type",
                    "parentproperty": "http://www.cidoc-crm.org/cidoc-crm/P2_has_type",
                    "sortorder": 0
                },
                {
                    "config": {
                        "rdmCollection": "e5babb70-bcfa-48aa-81df-79b11ce9b1ae"
                    },
                    "datatype": "concept-list",
                    "description": null,
                    "exportable": false,
                    "fieldname": null,
                    "graph_id": "45882188-06f7-11eb-8601-f875a44e0e11",
                    "is_collector": false,
                    "isrequired": false,
                    "issearchable": true,
                    "istopnode": false,
                    "name": "Component Material",
                    "nodegroup_id": "45882189-06f7-11eb-8420-f875a44e0e11",
                    "nodeid": "45884474-06f7-11eb-8612-f875a44e0e11",
                    "ontologyclass": "http://www.cidoc-crm.org/cidoc-crm/E57_Material",
                    "parentproperty": "http://www.cidoc-crm.org/cidoc-crm/P45_consists_of",
                    "sortorder": 0
                },
                {
                    "config": {
                        "rdmCollection": "1e63c514-eb9d-48d3-94b5-35e060e5f368"
                    },
                    "datatype": "concept",
                    "description": null,
                    "exportable": false,
                    "fieldname": null,
                    "graph_id": "45882188-06f7-11eb-8601-f875a44e0e11",
                    "is_collector": false,
                    "isrequired": false,
                    "issearchable": true,
                    "istopnode": false,
                    "name": "Component Material Metatype",
                    "nodegroup_id": "45882189-06f7-11eb-8420-f875a44e0e11",
                    "nodeid": "45884475-06f7-11eb-9e87-f875a44e0e11",
                    "ontologyclass": "http://www.cidoc-crm.org/cidoc-crm/E55_Type",
                    "parentproperty": "http://www.cidoc-crm.org/cidoc-crm/P2_has_type",
                    "sortorder": 0
                },
                {
                    "config": {
                        "rdmCollection": "02da8114-6a70-4fde-a022-2ee07acf17a3"
                    },
                    "datatype": "concept",
                    "description": "Allows a concept collection to be typed. Useful for data sharing.",
                    "exportable": false,
                    "fieldname": null,
                    "graph_id": "45882188-06f7-11eb-8601-f875a44e0e11",
                    "is_collector": false,
                    "isrequired": false,
                    "issearchable": true,
                    "istopnode": false,
                    "name": "Evidence Type",
                    "nodegroup_id": "45882189-06f7-11eb-8420-f875a44e0e11",
                    "nodeid": "45884476-06f7-11eb-89fb-f875a44e0e11",
                    "ontologyclass": "http://www.cidoc-crm.org/cidoc-crm/E55_Type",
                    "parentproperty": "http://www.cidoc-crm.org/cidoc-crm/P32_used_general_technique",
                    "sortorder": 0
                },
                {
                    "config": {
                        "graphs": [],
                        "nodeid": null,
                        "property": null
                    },
                    "datatype": "node-value",
                    "description": null,
                    "exportable": false,
                    "fieldname": null,
                    "graph_id": "45882188-06f7-11eb-8601-f875a44e0e11",
                    "is_collector": false,
                    "isrequired": false,
                    "issearchable": true,
                    "istopnode": false,
                    "name": "Associated Asset Construction Phase",
                    "nodegroup_id": "45882189-06f7-11eb-8420-f875a44e0e11",
                    "nodeid": "45884477-06f7-11eb-a99b-f875a44e0e11",
                    "ontologyclass": "http://www.cidoc-crm.org/cidoc-crm/E12_Production",
                    "parentproperty": "http://www.cidoc-crm.org/cidoc-crm/P10_falls_within",
                    "sortorder": 0
                },
                {
                    "config": null,
                    "datatype": "semantic",
                    "description": null,
                    "exportable": false,
                    "fieldname": null,
                    "graph_id": "45882188-06f7-11eb-8601-f875a44e0e11",
                    "is_collector": false,
                    "isrequired": false,
                    "issearchable": true,
                    "istopnode": false,
                    "name": "Component",
                    "nodegroup_id": "45882189-06f7-11eb-8420-f875a44e0e11",
                    "nodeid": "45884478-06f7-11eb-89a8-f875a44e0e11",
                    "ontologyclass": "http://www.cidoc-crm.org/cidoc-crm/E24_Physical_Human-Made_Thing",
                    "parentproperty": "http://www.cidoc-crm.org/cidoc-crm/P31_has_modified",
                    "sortorder": 0
                },
                {
                    "config": {
                        "rdmCollection": "1a161d2b-5887-4ad2-800e-ffa073f3b2bd"
                    },
                    "datatype": "concept",
                    "description": null,
                    "exportable": false,
                    "fieldname": null,
                    "graph_id": "45882188-06f7-11eb-8601-f875a44e0e11",
                    "is_collector": false,
                    "isrequired": false,
                    "issearchable": true,
                    "istopnode": false,
                    "name": "Component Type",
                    "nodegroup_id": "45882189-06f7-11eb-8420-f875a44e0e11",
                    "nodeid": "45884479-06f7-11eb-927b-f875a44e0e11",
                    "ontologyclass": "http://www.cidoc-crm.org/cidoc-crm/E55_Type",
                    "parentproperty": "http://www.cidoc-crm.org/cidoc-crm/P2_has_type",
                    "sortorder": 0
                },
                {
                    "config": null,
                    "datatype": "semantic",
                    "description": null,
                    "exportable": false,
                    "fieldname": null,
                    "graph_id": "45882188-06f7-11eb-8601-f875a44e0e11",
                    "is_collector": true,
                    "isrequired": false,
                    "issearchable": true,
                    "istopnode": true,
                    "name": "Components",
                    "nodegroup_id": "45882189-06f7-11eb-8420-f875a44e0e11",
                    "nodeid": "45882189-06f7-11eb-8420-f875a44e0e11",
                    "ontologyclass": "http://www.cidoc-crm.org/cidoc-crm/E11_Modification",
                    "parentproperty": "",
                    "sortorder": 0
                }
            ],
            "ontology_id": "e6e8db47-2ccf-11e6-927e-b8f6b115d7dd",
            "relatable_resource_model_ids": [],
            "resource_2_resource_constraints": [],
            "root": {
                "config": null,
                "datatype": "semantic",
                "description": null,
                "exportable": false,
                "fieldname": null,
                "graph_id": "45882188-06f7-11eb-8601-f875a44e0e11",
                "is_collector": true,
                "isrequired": false,
                "issearchable": true,
                "istopnode": true,
                "name": "Components",
                "nodegroup_id": "45882189-06f7-11eb-8420-f875a44e0e11",
                "nodeid": "45882189-06f7-11eb-8420-f875a44e0e11",
                "ontologyclass": "http://www.cidoc-crm.org/cidoc-crm/E11_Modification",
                "sortorder": 0
            },
            "slug": null,
            "subtitle": "",
            "template_id": "50000000-0000-0000-0000-000000000002",
            "version": ""
        }
    ]
}