{
    "graph": [
        {
            "author": " Phil Carlisle",
            "cards": [
                {
                    "active": true,
                    "cardid": "24539831-4a53-11e9-a2e1-000d3ab1e588",
                    "component_id": "f05e4d3a-53c1-11e8-b0ea-784f435179ea",
                    "config": null,
                    "constraints": [
                        {
                            "card_id": "24539831-4a53-11e9-a2e1-000d3ab1e588",
                            "constraintid": "5540c088-ebad-4bdd-a6ed-11daad15bec9",
                            "nodes": [],
                            "uniquetoallinstances": false
                        }
                    ],
                    "cssclass": null,
                    "description": "Links the details of an E7_Activity to an E18_Physical ThingDependencies:> Warden_Actor_Organisation Resource Model> Warden_Actor_Person Resource Model> Site Survey Condition concept collection in the RDM.> Condition on Survey concept collection in the RDM.> Level of Occupancy concept collection in the RDM.> Survey Types concept collection in the RDM.> Survey Access concept collection in the RDM.> Site Proportion at Risk concept collection in the RDM.> Threats concept collection in the RDM.> Risk to Site concept collection in the RDM.",
                    "graph_id": "24398081-4a53-11e9-a929-000d3ab1e588",
                    "helpenabled": false,
                    "helptext": null,
                    "helptitle": null,
                    "instructions": null,
                    "is_editable": true,
                    "name": "Condition Survey",
                    "nodegroup_id": "24398080-4a53-11e9-93f2-000d3ab1e588",
                    "sortorder": null,
                    "visible": true
                }
            ],
            "cards_x_nodes_x_widgets": [
                {
                    "card_id": "24539831-4a53-11e9-a2e1-000d3ab1e588",
                    "config": {
                        "defaultValue": "",
                        "label": "To Date",
                        "placeholder": ""
                    },
                    "id": "dbec56df-4a57-11e9-9822-000d3ab1e588",
                    "label": "To Date",
                    "node_id": "7c8c6eee-4a53-11e9-88e7-000d3ab1e588",
                    "sortorder": 7,
                    "visible": true,
                    "widget_id": "adfd15ce-dbab-11e7-86d1-0fcf08612b27"
                },
                {
                    "card_id": "24539831-4a53-11e9-a2e1-000d3ab1e588",
                    "config": {
                        "defaultValue": "",
                        "label": "From Date",
                        "placeholder": ""
                    },
                    "id": "dbe9e5e1-4a57-11e9-b888-000d3ab1e588",
                    "label": "From Date",
                    "node_id": "6cc595a1-4a53-11e9-80d1-000d3ab1e588",
                    "sortorder": 6,
                    "visible": true,
                    "widget_id": "adfd15ce-dbab-11e7-86d1-0fcf08612b27"
                },
                {
                    "card_id": "24539831-4a53-11e9-a2e1-000d3ab1e588",
                    "config": {
                        "defaultValue": "",
                        "label": "Threats",
                        "options": [],
                        "placeholder": "Select an option"
                    },
                    "id": "4ab669d1-734d-11ea-8c20-287fcf6a5e72",
                    "label": "Threats",
                    "node_id": "42062fee-4a58-11e9-90d2-000d3ab1e588",
                    "sortorder": 0,
                    "visible": true,
                    "widget_id": "10000000-0000-0000-0000-000000000012"
                },
                {
                    "card_id": "24539831-4a53-11e9-a2e1-000d3ab1e588",
                    "config": {
                        "label": "Surveyor",
                        "placeholder": ""
                    },
                    "id": "4ab7f051-734d-11ea-bd02-287fcf6a5e72",
                    "label": "Surveyor",
                    "node_id": "639530cf-4a58-11e9-a8f1-000d3ab1e588",
                    "sortorder": 1,
                    "visible": true,
                    "widget_id": "ff3c400a-76ec-11e7-a793-784f435179ea"
                },
                {
                    "card_id": "24539831-4a53-11e9-a2e1-000d3ab1e588",
                    "config": {
                        "defaultValue": "",
                        "label": "Level of Risk to Site",
                        "options": [],
                        "placeholder": "Select an option"
                    },
                    "id": "4ab94fbf-734d-11ea-be55-287fcf6a5e72",
                    "label": "Level of Risk to Site",
                    "node_id": "16a8328f-4a58-11e9-8549-000d3ab1e588",
                    "sortorder": 3,
                    "visible": true,
                    "widget_id": "10000000-0000-0000-0000-000000000002"
                },
                {
                    "card_id": "24539831-4a53-11e9-a2e1-000d3ab1e588",
                    "config": {
                        "defaultValue": "",
                        "label": "Proportion of Site at Risk",
                        "options": [],
                        "placeholder": "Select an option"
                    },
                    "id": "4abab3d3-734d-11ea-a3ed-287fcf6a5e72",
                    "label": "Proportion of Site at Risk",
                    "node_id": "14e1a35e-4a58-11e9-8441-000d3ab1e588",
                    "sortorder": 4,
                    "visible": true,
                    "widget_id": "10000000-0000-0000-0000-000000000002"
                },
                {
                    "card_id": "24539831-4a53-11e9-a2e1-000d3ab1e588",
                    "config": {
                        "defaultValue": "",
                        "label": "Type of Access",
                        "options": [],
                        "placeholder": "Select an option"
                    },
                    "id": "dbec56e3-4a57-11e9-a675-000d3ab1e588",
                    "label": "Type of Access",
                    "node_id": "cf2d82e1-4a56-11e9-b875-000d3ab1e588",
                    "sortorder": 5,
                    "visible": true,
                    "widget_id": "10000000-0000-0000-0000-000000000002"
                },
                {
                    "card_id": "24539831-4a53-11e9-a2e1-000d3ab1e588",
                    "config": {
                        "defaultValue": "",
                        "label": "Condition on Survey",
                        "options": [],
                        "placeholder": "Select an option"
                    },
                    "id": "dbddff01-4a57-11e9-8a98-000d3ab1e588",
                    "label": "Condition on Survey",
                    "node_id": "ec4e1800-4a54-11e9-bbc3-000d3ab1e588",
                    "sortorder": 8,
                    "visible": true,
                    "widget_id": "10000000-0000-0000-0000-000000000002"
                },
                {
                    "card_id": "24539831-4a53-11e9-a2e1-000d3ab1e588",
                    "config": {
                        "defaultValue": "",
                        "label": "Survey Type",
                        "options": [],
                        "placeholder": "Select an option"
                    },
                    "id": "dbe9e5df-4a57-11e9-bf72-000d3ab1e588",
                    "label": "Survey Type",
                    "node_id": "8fd1998f-4a53-11e9-886b-000d3ab1e588",
                    "sortorder": 2,
                    "visible": true,
                    "widget_id": "10000000-0000-0000-0000-000000000002"
                },
                {
                    "card_id": "24539831-4a53-11e9-a2e1-000d3ab1e588",
                    "config": {
                        "defaultValue": "",
                        "label": "Level of Occupancy",
                        "options": [],
                        "placeholder": "Select an option"
                    },
                    "id": "e889dcb1-4a57-11e9-941e-000d3ab1e588",
                    "label": "Level of Occupancy",
                    "node_id": "99bb9b4f-4a57-11e9-ac93-000d3ab1e588",
                    "sortorder": 9,
                    "visible": true,
                    "widget_id": "10000000-0000-0000-0000-000000000002"
                },
                {
                    "card_id": "24539831-4a53-11e9-a2e1-000d3ab1e588",
                    "config": {
                        "defaultValue": "",
                        "label": "Site Survey Condition",
                        "options": [],
                        "placeholder": "Select an option"
                    },
                    "id": "dbec56e1-4a57-11e9-8676-000d3ab1e588",
                    "label": "Site Survey Condition",
                    "node_id": "a4ae4cc0-4a56-11e9-8552-000d3ab1e588",
                    "sortorder": 10,
                    "visible": true,
                    "widget_id": "10000000-0000-0000-0000-000000000002"
                }
            ],
            "color": null,
            "config": {},
            "deploymentdate": null,
            "deploymentfile": null,
            "description": "Links the details of an E7_Activity to an E18_Physical ThingDependencies:> Warden_Actor_Organisation Resource Model> Warden_Actor_Person Resource Model> Site Survey Condition concept collection in the RDM.> Condition on Survey concept collection in the RDM.> Level of Occupancy concept collection in the RDM.> Survey Types concept collection in the RDM.> Survey Access concept collection in the RDM.> Site Proportion at Risk concept collection in the RDM.> Threats concept collection in the RDM.> Risk to Site concept collection in the RDM.",
            "edges": [
                {
                    "description": null,
                    "domainnode_id": "c492479e-4a54-11e9-abe0-000d3ab1e588",
                    "edgeid": "ec4e1801-4a54-11e9-8664-000d3ab1e588",
                    "graph_id": "24398081-4a53-11e9-a929-000d3ab1e588",
                    "name": null,
                    "ontologyproperty": "http://www.cidoc-crm.org/cidoc-crm/P141_assigned",
                    "rangenode_id": "ec4e1800-4a54-11e9-bbc3-000d3ab1e588"
                },
                {
                    "description": null,
                    "domainnode_id": "5b6afcf0-4a53-11e9-9121-000d3ab1e588",
                    "edgeid": "6cc595a2-4a53-11e9-a5e8-000d3ab1e588",
                    "graph_id": "24398081-4a53-11e9-a929-000d3ab1e588",
                    "name": null,
                    "ontologyproperty": "http://www.cidoc-crm.org/cidoc-crm/P1_is_identified_by",
                    "rangenode_id": "6cc595a1-4a53-11e9-80d1-000d3ab1e588"
                },
                {
                    "description": null,
                    "domainnode_id": "24398080-4a53-11e9-93f2-000d3ab1e588",
                    "edgeid": "c492479f-4a54-11e9-af66-000d3ab1e588",
                    "graph_id": "24398081-4a53-11e9-a929-000d3ab1e588",
                    "name": null,
                    "ontologyproperty": "http://www.cidoc-crm.org/cidoc-crm/P17i_motivated",
                    "rangenode_id": "c492479e-4a54-11e9-abe0-000d3ab1e588"
                },
                {
                    "description": null,
                    "domainnode_id": "24398080-4a53-11e9-93f2-000d3ab1e588",
                    "edgeid": "cf2d82e2-4a56-11e9-9fda-000d3ab1e588",
                    "graph_id": "24398081-4a53-11e9-a929-000d3ab1e588",
                    "name": null,
                    "ontologyproperty": "http://www.cidoc-crm.org/cidoc-crm/P2_has_type",
                    "rangenode_id": "cf2d82e1-4a56-11e9-b875-000d3ab1e588"
                },
                {
                    "description": null,
                    "domainnode_id": "c492479e-4a54-11e9-abe0-000d3ab1e588",
                    "edgeid": "a4ae4cc1-4a56-11e9-9a7c-000d3ab1e588",
                    "graph_id": "24398081-4a53-11e9-a929-000d3ab1e588",
                    "name": null,
                    "ontologyproperty": "http://www.cidoc-crm.org/cidoc-crm/P141_assigned",
                    "rangenode_id": "a4ae4cc0-4a56-11e9-8552-000d3ab1e588"
                },
                {
                    "description": null,
                    "domainnode_id": "97b62e5e-4a57-11e9-bf36-000d3ab1e588",
                    "edgeid": "99bb9b50-4a57-11e9-bd2d-000d3ab1e588",
                    "graph_id": "24398081-4a53-11e9-a929-000d3ab1e588",
                    "name": null,
                    "ontologyproperty": "http://www.cidoc-crm.org/cidoc-crm/P141_assigned",
                    "rangenode_id": "99bb9b4f-4a57-11e9-ac93-000d3ab1e588"
                },
                {
                    "description": null,
                    "domainnode_id": "f5205d9e-4a57-11e9-8916-000d3ab1e588",
                    "edgeid": "42062fef-4a58-11e9-a051-000d3ab1e588",
                    "graph_id": "24398081-4a53-11e9-a929-000d3ab1e588",
                    "name": null,
                    "ontologyproperty": "http://www.cidoc-crm.org/cidoc-crm/P141_assigned",
                    "rangenode_id": "42062fee-4a58-11e9-90d2-000d3ab1e588"
                },
                {
                    "description": null,
                    "domainnode_id": "24398080-4a53-11e9-93f2-000d3ab1e588",
                    "edgeid": "639530d0-4a58-11e9-9d36-000d3ab1e588",
                    "graph_id": "24398081-4a53-11e9-a929-000d3ab1e588",
                    "name": null,
                    "ontologyproperty": "http://www.cidoc-crm.org/cidoc-crm/P14_carried_out_by",
                    "rangenode_id": "639530cf-4a58-11e9-a8f1-000d3ab1e588"
                },
                {
                    "description": null,
                    "domainnode_id": "24398080-4a53-11e9-93f2-000d3ab1e588",
                    "edgeid": "5b6afcf1-4a53-11e9-a868-000d3ab1e588",
                    "graph_id": "24398081-4a53-11e9-a929-000d3ab1e588",
                    "name": null,
                    "ontologyproperty": "http://www.cidoc-crm.org/cidoc-crm/P4_has_time-span",
                    "rangenode_id": "5b6afcf0-4a53-11e9-9121-000d3ab1e588"
                },
                {
                    "description": null,
                    "domainnode_id": "24398080-4a53-11e9-93f2-000d3ab1e588",
                    "edgeid": "97b62e5f-4a57-11e9-91f4-000d3ab1e588",
                    "graph_id": "24398081-4a53-11e9-a929-000d3ab1e588",
                    "name": null,
                    "ontologyproperty": "http://www.cidoc-crm.org/cidoc-crm/P17i_motivated",
                    "rangenode_id": "97b62e5e-4a57-11e9-bf36-000d3ab1e588"
                },
                {
                    "description": null,
                    "domainnode_id": "f5205d9e-4a57-11e9-8916-000d3ab1e588",
                    "edgeid": "16a83290-4a58-11e9-ad08-000d3ab1e588",
                    "graph_id": "24398081-4a53-11e9-a929-000d3ab1e588",
                    "name": null,
                    "ontologyproperty": "http://www.cidoc-crm.org/cidoc-crm/P141_assigned",
                    "rangenode_id": "16a8328f-4a58-11e9-8549-000d3ab1e588"
                },
                {
                    "description": null,
                    "domainnode_id": "24398080-4a53-11e9-93f2-000d3ab1e588",
                    "edgeid": "8fd19990-4a53-11e9-bff2-000d3ab1e588",
                    "graph_id": "24398081-4a53-11e9-a929-000d3ab1e588",
                    "name": null,
                    "ontologyproperty": "http://www.cidoc-crm.org/cidoc-crm/P2_has_type",
                    "rangenode_id": "8fd1998f-4a53-11e9-886b-000d3ab1e588"
                },
                {
                    "description": null,
                    "domainnode_id": "5b6afcf0-4a53-11e9-9121-000d3ab1e588",
                    "edgeid": "7c8c6eef-4a53-11e9-9db3-000d3ab1e588",
                    "graph_id": "24398081-4a53-11e9-a929-000d3ab1e588",
                    "name": null,
                    "ontologyproperty": "http://www.cidoc-crm.org/cidoc-crm/P1_is_identified_by",
                    "rangenode_id": "7c8c6eee-4a53-11e9-88e7-000d3ab1e588"
                },
                {
                    "description": null,
                    "domainnode_id": "f5205d9e-4a57-11e9-8916-000d3ab1e588",
                    "edgeid": "14e1a35f-4a58-11e9-8db3-000d3ab1e588",
                    "graph_id": "24398081-4a53-11e9-a929-000d3ab1e588",
                    "name": null,
                    "ontologyproperty": "http://www.cidoc-crm.org/cidoc-crm/P141_assigned",
                    "rangenode_id": "14e1a35e-4a58-11e9-8441-000d3ab1e588"
                },
                {
                    "description": null,
                    "domainnode_id": "24398080-4a53-11e9-93f2-000d3ab1e588",
                    "edgeid": "f5205d9f-4a57-11e9-ad6b-000d3ab1e588",
                    "graph_id": "24398081-4a53-11e9-a929-000d3ab1e588",
                    "name": null,
                    "ontologyproperty": "http://www.cidoc-crm.org/cidoc-crm/P20_had_specific_purpose",
                    "rangenode_id": "f5205d9e-4a57-11e9-8916-000d3ab1e588"
                }
            ],
            "functions_x_graphs": [],
            "graphid": "24398081-4a53-11e9-a929-000d3ab1e588",
            "iconclass": "fa fa-cog",
            "is_editable": true,
            "isactive": true,
            "isresource": false,
            "jsonldcontext": null,
            "name": "Condition Survey",
            "nodegroups": [
                {
                    "cardinality": "1",
                    "legacygroupid": null,
                    "nodegroupid": "24398080-4a53-11e9-93f2-000d3ab1e588",
                    "parentnodegroup_id": null
                }
            ],
            "nodes": [
                {
                    "config": {
                        "fuzzy_day_padding": 1,
                        "fuzzy_month_padding": 1,
                        "fuzzy_season_padding": 12,
                        "fuzzy_year_padding": 1,
                        "multiplier_if_approximate": 1,
                        "multiplier_if_both": 1,
                        "multiplier_if_uncertain": 1
                    },
                    "datatype": "edtf",
                    "description": null,
                    "exportable": false,
                    "fieldname": "",
                    "graph_id": "24398081-4a53-11e9-a929-000d3ab1e588",
                    "is_collector": false,
                    "isrequired": false,
                    "issearchable": true,
                    "istopnode": false,
                    "name": "From Date",
                    "nodegroup_id": "24398080-4a53-11e9-93f2-000d3ab1e588",
                    "nodeid": "6cc595a1-4a53-11e9-80d1-000d3ab1e588",
                    "ontologyclass": "http://www.cidoc-crm.org/cidoc-crm/E41_Appellation",
                    "parentproperty": "http://www.cidoc-crm.org/cidoc-crm/P1_is_identified_by",
                    "sortorder": 0
                },
                {
                    "config": {
                        "rdmCollection": "e37789f0-3bb8-4063-a435-6f1c4108acdc"
                    },
                    "datatype": "concept",
                    "description": null,
                    "exportable": false,
                    "fieldname": "",
                    "graph_id": "24398081-4a53-11e9-a929-000d3ab1e588",
                    "is_collector": false,
                    "isrequired": false,
                    "issearchable": true,
                    "istopnode": false,
                    "name": "Type of Access",
                    "nodegroup_id": "24398080-4a53-11e9-93f2-000d3ab1e588",
                    "nodeid": "cf2d82e1-4a56-11e9-b875-000d3ab1e588",
                    "ontologyclass": "http://www.cidoc-crm.org/cidoc-crm/E55_Type",
                    "parentproperty": "http://www.cidoc-crm.org/cidoc-crm/P2_has_type",
                    "sortorder": 0
                },
                {
                    "config": {
                        "rdmCollection": "7a877d45-7015-49a6-b5ee-c4f7d4e137c7"
                    },
                    "datatype": "concept",
                    "description": null,
                    "exportable": false,
                    "fieldname": "",
                    "graph_id": "24398081-4a53-11e9-a929-000d3ab1e588",
                    "is_collector": false,
                    "isrequired": false,
                    "issearchable": true,
                    "istopnode": false,
                    "name": "Condition on Survey",
                    "nodegroup_id": "24398080-4a53-11e9-93f2-000d3ab1e588",
                    "nodeid": "ec4e1800-4a54-11e9-bbc3-000d3ab1e588",
                    "ontologyclass": "http://www.cidoc-crm.org/cidoc-crm/E3_Condition_State",
                    "parentproperty": "http://www.cidoc-crm.org/cidoc-crm/P141_assigned",
                    "sortorder": 0
                },
                {
                    "config": {
                        "rdmCollection": "618bb431-f54f-4783-aed8-7b7d4f877ed4"
                    },
                    "datatype": "concept-list",
                    "description": null,
                    "exportable": false,
                    "fieldname": "",
                    "graph_id": "24398081-4a53-11e9-a929-000d3ab1e588",
                    "is_collector": false,
                    "isrequired": false,
                    "issearchable": true,
                    "istopnode": false,
                    "name": "Threats",
                    "nodegroup_id": "24398080-4a53-11e9-93f2-000d3ab1e588",
                    "nodeid": "42062fee-4a58-11e9-90d2-000d3ab1e588",
                    "ontologyclass": "http://www.cidoc-crm.org/cidoc-crm/E55_Type",
                    "parentproperty": "http://www.cidoc-crm.org/cidoc-crm/P141_assigned",
                    "sortorder": 0
                },
                {
                    "config": {
                        "rdmCollection": "5cb8f24c-585a-4d25-af6a-04141d57f7b3"
                    },
                    "datatype": "concept",
                    "description": null,
                    "exportable": false,
                    "fieldname": "",
                    "graph_id": "24398081-4a53-11e9-a929-000d3ab1e588",
                    "is_collector": false,
                    "isrequired": false,
                    "issearchable": true,
                    "istopnode": false,
                    "name": "Site Survey Condition",
                    "nodegroup_id": "24398080-4a53-11e9-93f2-000d3ab1e588",
                    "nodeid": "a4ae4cc0-4a56-11e9-8552-000d3ab1e588",
                    "ontologyclass": "http://www.cidoc-crm.org/cidoc-crm/E3_Condition_State",
                    "parentproperty": "http://www.cidoc-crm.org/cidoc-crm/P141_assigned",
                    "sortorder": 0
                },
                {
                    "config": null,
                    "datatype": "semantic",
                    "description": null,
                    "exportable": false,
                    "fieldname": "",
                    "graph_id": "24398081-4a53-11e9-a929-000d3ab1e588",
                    "is_collector": false,
                    "isrequired": false,
                    "issearchable": true,
                    "istopnode": false,
                    "name": "Occupancy",
                    "nodegroup_id": "24398080-4a53-11e9-93f2-000d3ab1e588",
                    "nodeid": "97b62e5e-4a57-11e9-bf36-000d3ab1e588",
                    "ontologyclass": "http://www.cidoc-crm.org/cidoc-crm/E13_Attribute_Assignment",
                    "parentproperty": "http://www.cidoc-crm.org/cidoc-crm/P17i_motivated",
                    "sortorder": 0
                },
                {
                    "config": {
                        "graphid": [
                            "22477f01-1a44-11e9-b0a9-000d3ab1e588",
                            "c4b9a746-aece-11e7-9f72-021893e306d8"
                        ],
                        "graphs": []
                    },
                    "datatype": "resource-instance-list",
                    "description": null,
                    "exportable": false,
                    "fieldname": "",
                    "graph_id": "24398081-4a53-11e9-a929-000d3ab1e588",
                    "is_collector": false,
                    "isrequired": false,
                    "issearchable": true,
                    "istopnode": false,
                    "name": "Surveyor",
                    "nodegroup_id": "24398080-4a53-11e9-93f2-000d3ab1e588",
                    "nodeid": "639530cf-4a58-11e9-a8f1-000d3ab1e588",
                    "ontologyclass": "http://www.cidoc-crm.org/cidoc-crm/E39_Actor",
                    "parentproperty": "http://www.cidoc-crm.org/cidoc-crm/P14_carried_out_by",
                    "sortorder": 0
                },
                {
                    "config": {
                        "fuzzy_day_padding": 1,
                        "fuzzy_month_padding": 1,
                        "fuzzy_season_padding": 12,
                        "fuzzy_year_padding": 1,
                        "multiplier_if_approximate": 1,
                        "multiplier_if_both": 1,
                        "multiplier_if_uncertain": 1
                    },
                    "datatype": "edtf",
                    "description": null,
                    "exportable": false,
                    "fieldname": "",
                    "graph_id": "24398081-4a53-11e9-a929-000d3ab1e588",
                    "is_collector": false,
                    "isrequired": false,
                    "issearchable": true,
                    "istopnode": false,
                    "name": "To Date",
                    "nodegroup_id": "24398080-4a53-11e9-93f2-000d3ab1e588",
                    "nodeid": "7c8c6eee-4a53-11e9-88e7-000d3ab1e588",
                    "ontologyclass": "http://www.cidoc-crm.org/cidoc-crm/E41_Appellation",
                    "parentproperty": "http://www.cidoc-crm.org/cidoc-crm/P1_is_identified_by",
                    "sortorder": 0
                },
                {
                    "config": null,
                    "datatype": "semantic",
                    "description": null,
                    "exportable": false,
                    "fieldname": "",
                    "graph_id": "24398081-4a53-11e9-a929-000d3ab1e588",
                    "is_collector": false,
                    "isrequired": false,
                    "issearchable": true,
                    "istopnode": false,
                    "name": "Condition Assessment",
                    "nodegroup_id": "24398080-4a53-11e9-93f2-000d3ab1e588",
                    "nodeid": "c492479e-4a54-11e9-abe0-000d3ab1e588",
                    "ontologyclass": "http://www.cidoc-crm.org/cidoc-crm/E13_Attribute_Assignment",
                    "parentproperty": "http://www.cidoc-crm.org/cidoc-crm/P17i_motivated",
                    "sortorder": 0
                },
                {
                    "config": {
                        "rdmCollection": "2953436b-3673-40e8-a521-ab34801800db"
                    },
                    "datatype": "concept",
                    "description": null,
                    "exportable": false,
                    "fieldname": "",
                    "graph_id": "24398081-4a53-11e9-a929-000d3ab1e588",
                    "is_collector": false,
                    "isrequired": false,
                    "issearchable": true,
                    "istopnode": false,
                    "name": "Survey Type",
                    "nodegroup_id": "24398080-4a53-11e9-93f2-000d3ab1e588",
                    "nodeid": "8fd1998f-4a53-11e9-886b-000d3ab1e588",
                    "ontologyclass": "http://www.cidoc-crm.org/cidoc-crm/E55_Type",
                    "parentproperty": "http://www.cidoc-crm.org/cidoc-crm/P2_has_type",
                    "sortorder": 0
                },
                {
                    "config": {
                        "rdmCollection": "ce29ff6d-5d5c-4cb1-8c4a-bb9539549795"
                    },
                    "datatype": "concept",
                    "description": null,
                    "exportable": false,
                    "fieldname": "",
                    "graph_id": "24398081-4a53-11e9-a929-000d3ab1e588",
                    "is_collector": false,
                    "isrequired": false,
                    "issearchable": true,
                    "istopnode": false,
                    "name": "Level of Occupancy",
                    "nodegroup_id": "24398080-4a53-11e9-93f2-000d3ab1e588",
                    "nodeid": "99bb9b4f-4a57-11e9-ac93-000d3ab1e588",
                    "ontologyclass": "http://www.cidoc-crm.org/cidoc-crm/E55_Type",
                    "parentproperty": "http://www.cidoc-crm.org/cidoc-crm/P141_assigned",
                    "sortorder": 0
                },
                {
                    "config": {
                        "rdmCollection": "718d95c7-d36e-4338-b4b2-1c7ebe38dcbb"
                    },
                    "datatype": "concept",
                    "description": null,
                    "exportable": false,
                    "fieldname": "",
                    "graph_id": "24398081-4a53-11e9-a929-000d3ab1e588",
                    "is_collector": false,
                    "isrequired": false,
                    "issearchable": true,
                    "istopnode": false,
                    "name": "Level of Risk to Site",
                    "nodegroup_id": "24398080-4a53-11e9-93f2-000d3ab1e588",
                    "nodeid": "16a8328f-4a58-11e9-8549-000d3ab1e588",
                    "ontologyclass": "http://www.cidoc-crm.org/cidoc-crm/E55_Type",
                    "parentproperty": "http://www.cidoc-crm.org/cidoc-crm/P141_assigned",
                    "sortorder": 0
                },
                {
                    "config": null,
                    "datatype": "semantic",
                    "description": null,
                    "exportable": false,
                    "fieldname": "",
                    "graph_id": "24398081-4a53-11e9-a929-000d3ab1e588",
                    "is_collector": false,
                    "isrequired": false,
                    "issearchable": true,
                    "istopnode": false,
                    "name": "Survey Timespan",
                    "nodegroup_id": "24398080-4a53-11e9-93f2-000d3ab1e588",
                    "nodeid": "5b6afcf0-4a53-11e9-9121-000d3ab1e588",
                    "ontologyclass": "http://www.cidoc-crm.org/cidoc-crm/E52_Time-Span",
                    "parentproperty": "http://www.cidoc-crm.org/cidoc-crm/P4_has_time-span",
                    "sortorder": 0
                },
                {
                    "config": {
                        "rdmCollection": "caf3f06d-96e1-42e5-88ae-e0f52534f267"
                    },
                    "datatype": "concept",
                    "description": null,
                    "exportable": false,
                    "fieldname": "",
                    "graph_id": "24398081-4a53-11e9-a929-000d3ab1e588",
                    "is_collector": false,
                    "isrequired": false,
                    "issearchable": true,
                    "istopnode": false,
                    "name": "Proportion of Site at Risk",
                    "nodegroup_id": "24398080-4a53-11e9-93f2-000d3ab1e588",
                    "nodeid": "14e1a35e-4a58-11e9-8441-000d3ab1e588",
                    "ontologyclass": "http://www.cidoc-crm.org/cidoc-crm/E55_Type",
                    "parentproperty": "http://www.cidoc-crm.org/cidoc-crm/P141_assigned",
                    "sortorder": 0
                },
                {
                    "config": null,
                    "datatype": "semantic",
                    "description": null,
                    "exportable": false,
                    "fieldname": "",
                    "graph_id": "24398081-4a53-11e9-a929-000d3ab1e588",
                    "is_collector": false,
                    "isrequired": false,
                    "issearchable": true,
                    "istopnode": false,
                    "name": "Assessment of Risk ",
                    "nodegroup_id": "24398080-4a53-11e9-93f2-000d3ab1e588",
                    "nodeid": "f5205d9e-4a57-11e9-8916-000d3ab1e588",
                    "ontologyclass": "http://www.cidoc-crm.org/cidoc-crm/E13_Attribute_Assignment",
                    "parentproperty": "http://www.cidoc-crm.org/cidoc-crm/P20_had_specific_purpose",
                    "sortorder": 0
                },
                {
                    "config": null,
                    "datatype": "semantic",
                    "description": "",
                    "exportable": false,
                    "fieldname": "",
                    "graph_id": "24398081-4a53-11e9-a929-000d3ab1e588",
                    "is_collector": true,
                    "isrequired": false,
                    "issearchable": true,
                    "istopnode": true,
                    "name": "Condition Survey",
                    "nodegroup_id": "24398080-4a53-11e9-93f2-000d3ab1e588",
                    "nodeid": "24398080-4a53-11e9-93f2-000d3ab1e588",
                    "ontologyclass": "http://www.cidoc-crm.org/cidoc-crm/E7_Activity",
                    "parentproperty": "",
                    "sortorder": 0
                }
            ],
            "ontology_id": "e6e8db47-2ccf-11e6-927e-b8f6b115d7dd",
            "relatable_resource_model_ids": [],
            "resource_2_resource_constraints": [],
            "root": {
                "config": null,
                "datatype": "semantic",
                "description": "",
                "exportable": false,
                "fieldname": "",
                "graph_id": "24398081-4a53-11e9-a929-000d3ab1e588",
                "is_collector": true,
                "isrequired": false,
                "issearchable": true,
                "istopnode": true,
                "name": "Condition Survey",
                "nodegroup_id": "24398080-4a53-11e9-93f2-000d3ab1e588",
                "nodeid": "24398080-4a53-11e9-93f2-000d3ab1e588",
                "ontologyclass": "http://www.cidoc-crm.org/cidoc-crm/E7_Activity",
                "sortorder": 0
            },
            "slug": null,
            "subtitle": "Used to record the condition of a Heritage Asset.",
            "template_id": "50000000-0000-0000-0000-000000000001",
            "version": ""
        }
    ]
}