{
    "graph": [
        {
            "author": "",
            "cards": [
                {
                    "active": true,
                    "cardid": "32e02849-3ec0-11eb-b802-f875a44e0e11",
                    "component_id": "f05e4d3a-53c1-11e8-b0ea-784f435179ea",
                    "config": null,
                    "constraints": [
                        {
                            "card_id": "32e02849-3ec0-11eb-b802-f875a44e0e11",
                            "constraintid": "36b3360f-5525-4941-b855-5ef93842644a",
                            "nodes": [],
                            "uniquetoallinstances": false
                        }
                    ],
                    "cssclass": null,
                    "description": "",
                    "graph_id": "32e02846-3ec0-11eb-b942-f875a44e0e11",
                    "helpenabled": false,
                    "helptext": null,
                    "helptitle": null,
                    "instructions": null,
                    "is_editable": true,
                    "name": "Construction Phases",
                    "nodegroup_id": "32e02847-3ec0-11eb-8fd9-f875a44e0e11",
                    "sortorder": 5,
                    "visible": true
                }
            ],
            "cards_x_nodes_x_widgets": [
                {
                    "card_id": "32e02849-3ec0-11eb-b802-f875a44e0e11",
                    "config": {
                        "defaultValue": "1cc6f0e9-432f-4177-bae1-16cab5afd3ac",
                        "label": "Construction Phase Evidence Metatype",
                        "options": [],
                        "placeholder": "Select an option"
                    },
                    "id": "32e076bc-3ec0-11eb-81a0-f875a44e0e11",
                    "label": "Construction Phase Evidence Metatype",
                    "node_id": "32e0285a-3ec0-11eb-a1e2-f875a44e0e11",
                    "sortorder": 9,
                    "visible": false,
                    "widget_id": "10000000-0000-0000-0000-000000000002"
                },
                {
                    "card_id": "32e02849-3ec0-11eb-b802-f875a44e0e11",
                    "config": {
                        "defaultValue": "",
                        "label": "Construction Phase Evidence Type",
                        "options": [],
                        "placeholder": "Select an option"
                    },
                    "id": "32e09d97-3ec0-11eb-b9b1-f875a44e0e11",
                    "label": "Construction Phase Evidence Type",
                    "node_id": "32e0285b-3ec0-11eb-8810-f875a44e0e11",
                    "sortorder": 8,
                    "visible": true,
                    "widget_id": "10000000-0000-0000-0000-000000000012"
                },
                {
                    "card_id": "32e02849-3ec0-11eb-b802-f875a44e0e11",
                    "config": {
                        "defaultValue": "",
                        "label": "Construction Phase Date Qualifier",
                        "options": [],
                        "placeholder": "Select an option"
                    },
                    "id": "32e09d98-3ec0-11eb-a335-f875a44e0e11",
                    "label": "Construction Phase Date Qualifier",
                    "node_id": "32e0285c-3ec0-11eb-8b41-f875a44e0e11",
                    "sortorder": 22,
                    "visible": true,
                    "widget_id": "10000000-0000-0000-0000-000000000002"
                },
                {
                    "card_id": "32e02849-3ec0-11eb-b802-f875a44e0e11",
                    "config": {
                        "label": "Cultural Period",
                        "placeholder": ""
                    },
                    "id": "32e09d99-3ec0-11eb-9853-f875a44e0e11",
                    "label": "Cultural Period",
                    "node_id": "32e02850-3ec0-11eb-9d84-f875a44e0e11",
                    "sortorder": 4,
                    "visible": true,
                    "widget_id": "31f3728c-7613-11e7-a139-784f435179ea"
                },
                {
                    "card_id": "32e02849-3ec0-11eb-b802-f875a44e0e11",
                    "config": {
                        "defaultValue": "4fa77fc1-252a-4930-a756-71dca73aaf31",
                        "label": "Construction Method Metatype",
                        "options": [],
                        "placeholder": "Select an option"
                    },
                    "id": "32e09d9a-3ec0-11eb-9cd6-f875a44e0e11",
                    "label": "Construction Method Metatype",
                    "node_id": "32e076aa-3ec0-11eb-8f10-f875a44e0e11",
                    "sortorder": 17,
                    "visible": true,
                    "widget_id": "10000000-0000-0000-0000-000000000002"
                },
                {
                    "card_id": "32e02849-3ec0-11eb-b802-f875a44e0e11",
                    "config": {
                        "defaultValue": "",
                        "label": "Construction Phase Start Date",
                        "placeholder": ""
                    },
                    "id": "32e09d9e-3ec0-11eb-9825-f875a44e0e11",
                    "label": "Construction Phase Start Date",
                    "node_id": "32e076ae-3ec0-11eb-917b-f875a44e0e11",
                    "sortorder": 20,
                    "visible": true,
                    "widget_id": "adfd15ce-dbab-11e7-86d1-0fcf08612b27"
                },
                {
                    "card_id": "32e02849-3ec0-11eb-b802-f875a44e0e11",
                    "config": {
                        "defaultValue": "",
                        "label": "Asset Type",
                        "options": [],
                        "placeholder": "Select an option"
                    },
                    "id": "32e09d9c-3ec0-11eb-aa97-f875a44e0e11",
                    "label": "Asset Type",
                    "node_id": "32e02851-3ec0-11eb-9cf5-f875a44e0e11",
                    "sortorder": 0,
                    "visible": true,
                    "widget_id": "10000000-0000-0000-0000-000000000012"
                },
                {
                    "card_id": "32e02849-3ec0-11eb-b802-f875a44e0e11",
                    "config": {
                        "defaultValue": "953238ab-fefc-42e9-9b20-0b4441df2b41",
                        "label": "Asset Metatype",
                        "options": [],
                        "placeholder": "Select an option"
                    },
                    "id": "32e076af-3ec0-11eb-996d-f875a44e0e11",
                    "label": "Asset Metatype",
                    "node_id": "32e02857-3ec0-11eb-8237-f875a44e0e11",
                    "sortorder": 1,
                    "visible": false,
                    "widget_id": "10000000-0000-0000-0000-000000000002"
                },
                {
                    "card_id": "32e02849-3ec0-11eb-b802-f875a44e0e11",
                    "config": {
                        "defaultValue": "",
                        "label": "Confidence of Dating",
                        "options": [],
                        "placeholder": "Select an option"
                    },
                    "id": "32e076b1-3ec0-11eb-9883-f875a44e0e11",
                    "label": "Confidence of Dating",
                    "node_id": "32e02859-3ec0-11eb-961c-f875a44e0e11",
                    "sortorder": 2,
                    "visible": true,
                    "widget_id": "10000000-0000-0000-0000-000000000002"
                },
                {
                    "card_id": "32e02849-3ec0-11eb-b802-f875a44e0e11",
                    "config": {
                        "defaultValue": "f2054168-b8dc-416a-b6df-f5aff733c0c3",
                        "label": "Confidence of Dating Metatype",
                        "options": [],
                        "placeholder": "Select an option"
                    },
                    "id": "32e076b7-3ec0-11eb-8279-f875a44e0e11",
                    "label": "Confidence of Dating Metatype",
                    "node_id": "32e0284f-3ec0-11eb-9c92-f875a44e0e11",
                    "sortorder": 3,
                    "visible": false,
                    "widget_id": "10000000-0000-0000-0000-000000000002"
                },
                {
                    "card_id": "32e02849-3ec0-11eb-b802-f875a44e0e11",
                    "config": {
                        "defaultValue": "",
                        "label": "Phase Description",
                        "maxLength": null,
                        "placeholder": "Enter text",
                        "width": "100%"
                    },
                    "id": "32e076b0-3ec0-11eb-bd36-f875a44e0e11",
                    "label": "Phase Description",
                    "node_id": "32e076ad-3ec0-11eb-b9ac-f875a44e0e11",
                    "sortorder": 5,
                    "visible": true,
                    "widget_id": "10000000-0000-0000-0000-000000000005"
                },
                {
                    "card_id": "32e02849-3ec0-11eb-b802-f875a44e0e11",
                    "config": {
                        "defaultValue": "daa4cddc-8636-4842-b836-eb2e10aabe18",
                        "label": "Phase Description Type",
                        "options": [],
                        "placeholder": "Select an option"
                    },
                    "id": "32e076b8-3ec0-11eb-a98a-f875a44e0e11",
                    "label": "Phase Description Type",
                    "node_id": "32e0284c-3ec0-11eb-b2e4-f875a44e0e11",
                    "sortorder": 6,
                    "visible": false,
                    "widget_id": "10000000-0000-0000-0000-000000000002"
                },
                {
                    "card_id": "32e02849-3ec0-11eb-b802-f875a44e0e11",
                    "config": {
                        "defaultValue": "6fbe3775-e51d-4f90-af53-5695dd204c9a",
                        "label": "Phase Desctiption Metatype",
                        "options": [],
                        "placeholder": "Select an option"
                    },
                    "id": "32e076b9-3ec0-11eb-821d-f875a44e0e11",
                    "label": "Phase Desctiption Metatype",
                    "node_id": "32e02856-3ec0-11eb-8895-f875a44e0e11",
                    "sortorder": 7,
                    "visible": false,
                    "widget_id": "10000000-0000-0000-0000-000000000002"
                },
                {
                    "card_id": "32e02849-3ec0-11eb-b802-f875a44e0e11",
                    "config": {
                        "defaultValue": "ab5445d1-514c-4ab5-9f92-c7d0c68c46f1",
                        "label": "Confidence of Interpretation",
                        "options": [],
                        "placeholder": "Select an option"
                    },
                    "id": "32e09d9b-3ec0-11eb-98ba-f875a44e0e11",
                    "label": "Confidence of Interpretation",
                    "node_id": "32e0284a-3ec0-11eb-a000-f875a44e0e11",
                    "sortorder": 10,
                    "visible": true,
                    "widget_id": "10000000-0000-0000-0000-000000000002"
                },
                {
                    "card_id": "32e02849-3ec0-11eb-b802-f875a44e0e11",
                    "config": {
                        "defaultValue": "f2054168-b8dc-416a-b6df-f5aff733c0c3",
                        "label": "Confidence of Interpretation Metatype",
                        "options": [],
                        "placeholder": "Select an option"
                    },
                    "id": "32e076ba-3ec0-11eb-979d-f875a44e0e11",
                    "label": "Confidence of Interpretation Metatype",
                    "node_id": "32e02855-3ec0-11eb-8ff5-f875a44e0e11",
                    "sortorder": 11,
                    "visible": false,
                    "widget_id": "10000000-0000-0000-0000-000000000002"
                },
                {
                    "card_id": "32e02849-3ec0-11eb-b802-f875a44e0e11",
                    "config": {
                        "defaultValue": "",
                        "label": "Main Construction Material",
                        "options": [],
                        "placeholder": "Select an option"
                    },
                    "id": "32e076bb-3ec0-11eb-95e9-f875a44e0e11",
                    "label": "Main Construction Material",
                    "node_id": "32e02853-3ec0-11eb-87c4-f875a44e0e11",
                    "sortorder": 12,
                    "visible": true,
                    "widget_id": "10000000-0000-0000-0000-000000000012"
                },
                {
                    "card_id": "32e02849-3ec0-11eb-b802-f875a44e0e11",
                    "config": {
                        "defaultValue": "d03ff048-0234-49c0-919b-c0c2376d7cb0",
                        "label": "Main Construction Material Metatype",
                        "options": [],
                        "placeholder": "Select an option"
                    },
                    "id": "32e076b4-3ec0-11eb-a92c-f875a44e0e11",
                    "label": "Main Construction Material Metatype",
                    "node_id": "32e02858-3ec0-11eb-8b39-f875a44e0e11",
                    "sortorder": 13,
                    "visible": false,
                    "widget_id": "10000000-0000-0000-0000-000000000002"
                },
                {
                    "card_id": "32e02849-3ec0-11eb-b802-f875a44e0e11",
                    "config": {
                        "defaultValue": "",
                        "label": "Covering Material",
                        "options": [],
                        "placeholder": "Select an option"
                    },
                    "id": "32e09d95-3ec0-11eb-984f-f875a44e0e11",
                    "label": "Covering Material",
                    "node_id": "32e076a6-3ec0-11eb-ab39-f875a44e0e11",
                    "sortorder": 14,
                    "visible": true,
                    "widget_id": "10000000-0000-0000-0000-000000000002"
                },
                {
                    "card_id": "32e02849-3ec0-11eb-b802-f875a44e0e11",
                    "config": {
                        "defaultValue": "d03ff048-0234-49c0-919b-c0c2376d7cb0",
                        "label": "Covering Material Metatype",
                        "options": [],
                        "placeholder": "Select an option"
                    },
                    "id": "32e076b5-3ec0-11eb-bc29-f875a44e0e11",
                    "label": "Covering Material Metatype",
                    "node_id": "32e02854-3ec0-11eb-bbbf-f875a44e0e11",
                    "sortorder": 15,
                    "visible": false,
                    "widget_id": "10000000-0000-0000-0000-000000000002"
                },
                {
                    "card_id": "32e02849-3ec0-11eb-b802-f875a44e0e11",
                    "config": {
                        "defaultValue": "",
                        "label": "Construction Method",
                        "options": [],
                        "placeholder": "Select an option"
                    },
                    "id": "32e076bd-3ec0-11eb-b60a-f875a44e0e11",
                    "label": "Construction Method",
                    "node_id": "32e0284b-3ec0-11eb-9d7b-f875a44e0e11",
                    "sortorder": 16,
                    "visible": true,
                    "widget_id": "10000000-0000-0000-0000-000000000002"
                },
                {
                    "card_id": "32e02849-3ec0-11eb-b802-f875a44e0e11",
                    "config": {
                        "defaultValue": null,
                        "label": "Construction Technique",
                        "options": [],
                        "placeholder": "Select an option"
                    },
                    "id": "32e09d96-3ec0-11eb-a826-f875a44e0e11",
                    "label": "Construction Technique",
                    "node_id": "32e076a4-3ec0-11eb-8e54-f875a44e0e11",
                    "sortorder": 18,
                    "visible": true,
                    "widget_id": "10000000-0000-0000-0000-000000000002"
                },
                {
                    "card_id": "32e02849-3ec0-11eb-b802-f875a44e0e11",
                    "config": {
                        "defaultValue": "496b4a50-3325-4704-b1c5-57542dc62011",
                        "label": "Construction Technique Metatype",
                        "options": [],
                        "placeholder": "Select an option"
                    },
                    "id": "32e09d9d-3ec0-11eb-976b-f875a44e0e11",
                    "label": "Construction Technique Metatype",
                    "node_id": "32e076a5-3ec0-11eb-9a0b-f875a44e0e11",
                    "sortorder": 19,
                    "visible": false,
                    "widget_id": "10000000-0000-0000-0000-000000000002"
                },
                {
                    "card_id": "32e02849-3ec0-11eb-b802-f875a44e0e11",
                    "config": {
                        "defaultValue": "",
                        "label": "Construction Phase End Date",
                        "placeholder": ""
                    },
                    "id": "32e076be-3ec0-11eb-bbec-f875a44e0e11",
                    "label": "Construction Phase End Date",
                    "node_id": "32e076a9-3ec0-11eb-848a-f875a44e0e11",
                    "sortorder": 21,
                    "visible": true,
                    "widget_id": "adfd15ce-dbab-11e7-86d1-0fcf08612b27"
                },
                {
                    "card_id": "32e02849-3ec0-11eb-b802-f875a44e0e11",
                    "config": {
                        "defaultValue": "59a0c936-3f60-44f9-9e37-67b6ed0f4fa4",
                        "label": "Construction Phase Date Qualifier Metatype",
                        "options": [],
                        "placeholder": "Select an option"
                    },
                    "id": "32e09d94-3ec0-11eb-b5c4-f875a44e0e11",
                    "label": "Construction Phase Date Qualifier Metatype",
                    "node_id": "32e02852-3ec0-11eb-ad2f-f875a44e0e11",
                    "sortorder": 23,
                    "visible": false,
                    "widget_id": "10000000-0000-0000-0000-000000000002"
                },
                {
                    "card_id": "32e02849-3ec0-11eb-b802-f875a44e0e11",
                    "config": {
                        "defaultValue": "",
                        "label": "Display Date",
                        "maxLength": null,
                        "placeholder": "Enter text",
                        "width": "100%"
                    },
                    "id": "32e076b6-3ec0-11eb-80b6-f875a44e0e11",
                    "label": "Display Date",
                    "node_id": "32e076ab-3ec0-11eb-969b-f875a44e0e11",
                    "sortorder": 24,
                    "visible": true,
                    "widget_id": "10000000-0000-0000-0000-000000000001"
                },
                {
                    "card_id": "32e02849-3ec0-11eb-b802-f875a44e0e11",
                    "config": {
                        "defaultValue": "",
                        "label": "Construction Phase Type",
                        "options": [],
                        "placeholder": "Select an option"
                    },
                    "id": "32e076b2-3ec0-11eb-8a12-f875a44e0e11",
                    "label": "Construction Phase Type",
                    "node_id": "32e076a7-3ec0-11eb-8802-f875a44e0e11",
                    "sortorder": 25,
                    "visible": true,
                    "widget_id": "10000000-0000-0000-0000-000000000002"
                },
                {
                    "card_id": "32e02849-3ec0-11eb-b802-f875a44e0e11",
                    "config": {
                        "defaultValue": "44b1e6af-5c5a-4c68-9eb9-4eb43bdbe823",
                        "label": "Construction Phase Metatype",
                        "options": [],
                        "placeholder": "Select an option"
                    },
                    "id": "32e076b3-3ec0-11eb-8c15-f875a44e0e11",
                    "label": "Construction Phase Metatype",
                    "node_id": "32e076a8-3ec0-11eb-bae5-f875a44e0e11",
                    "sortorder": 26,
                    "visible": false,
                    "widget_id": "10000000-0000-0000-0000-000000000002"
                }
            ],
            "color": "rgba(59,84,33,1)",
            "config": {
                "basemap": "streets",
                "bearing": 0,
                "centerX": 1,
                "centerY": 53,
                "defaultValue": "",
                "defaultValueType": 0,
                "featureColor": "#FF0000",
                "featureEditingDisabled": true,
                "featureLineWidth": 1,
                "featurePointSize": 3,
                "geocodePlaceholder": "Search",
                "geocodeProvider": "10000000-0000-0000-0000-010000000000",
                "geocoderVisible": true,
                "geometryTypes": [
                    {
                        "id": "Point",
                        "text": "Point"
                    },
                    {
                        "id": "Line",
                        "text": "Line"
                    },
                    {
                        "id": "Polygon",
                        "text": "Polygon"
                    }
                ],
                "mapControlsHidden": false,
                "maxZoom": "17",
                "minZoom": "1",
                "overlayConfigs": [],
                "overlayOpacity": 0,
                "pitch": 0,
                "zoom": 5
            },
            "deploymentdate": null,
            "deploymentfile": null,
            "description": "",
            "edges": [
                {
                    "description": null,
                    "domainnode_id": "32e0284d-3ec0-11eb-8e77-f875a44e0e11",
                    "edgeid": "32e112a6-3ec0-11eb-8f15-f875a44e0e11",
                    "graph_id": "32e02846-3ec0-11eb-b942-f875a44e0e11",
                    "name": null,
                    "ontologyproperty": "http://www.cidoc-crm.org/cidoc-crm/P3_has_note",
                    "rangenode_id": "32e076ad-3ec0-11eb-b9ac-f875a44e0e11"
                },
                {
                    "description": null,
                    "domainnode_id": "32e0284a-3ec0-11eb-a000-f875a44e0e11",
                    "edgeid": "32e112a7-3ec0-11eb-aa4f-f875a44e0e11",
                    "graph_id": "32e02846-3ec0-11eb-b942-f875a44e0e11",
                    "name": null,
                    "ontologyproperty": "http://www.cidoc-crm.org/cidoc-crm/P2_has_type",
                    "rangenode_id": "32e02855-3ec0-11eb-8ff5-f875a44e0e11"
                },
                {
                    "description": null,
                    "domainnode_id": "32e076a4-3ec0-11eb-8e54-f875a44e0e11",
                    "edgeid": "32e112a8-3ec0-11eb-9b64-f875a44e0e11",
                    "graph_id": "32e02846-3ec0-11eb-b942-f875a44e0e11",
                    "name": null,
                    "ontologyproperty": "http://www.cidoc-crm.org/cidoc-crm/P2_has_type",
                    "rangenode_id": "32e076a5-3ec0-11eb-9a0b-f875a44e0e11"
                },
                {
                    "description": null,
                    "domainnode_id": "32e02859-3ec0-11eb-961c-f875a44e0e11",
                    "edgeid": "32e112a9-3ec0-11eb-8bab-f875a44e0e11",
                    "graph_id": "32e02846-3ec0-11eb-b942-f875a44e0e11",
                    "name": null,
                    "ontologyproperty": "http://www.cidoc-crm.org/cidoc-crm/P2_has_type",
                    "rangenode_id": "32e0284f-3ec0-11eb-9c92-f875a44e0e11"
                },
                {
                    "description": null,
                    "domainnode_id": "32e0284e-3ec0-11eb-aecf-f875a44e0e11",
                    "edgeid": "32e112aa-3ec0-11eb-a6b1-f875a44e0e11",
                    "graph_id": "32e02846-3ec0-11eb-b942-f875a44e0e11",
                    "name": null,
                    "ontologyproperty": "http://www.cidoc-crm.org/cidoc-crm/P67i_is_referred_to_by",
                    "rangenode_id": "32e0284d-3ec0-11eb-8e77-f875a44e0e11"
                },
                {
                    "description": null,
                    "domainnode_id": "32e0284d-3ec0-11eb-8e77-f875a44e0e11",
                    "edgeid": "32e112ab-3ec0-11eb-a4e9-f875a44e0e11",
                    "graph_id": "32e02846-3ec0-11eb-b942-f875a44e0e11",
                    "name": null,
                    "ontologyproperty": "http://www.cidoc-crm.org/cidoc-crm/P2_has_type",
                    "rangenode_id": "32e0284c-3ec0-11eb-b2e4-f875a44e0e11"
                },
                {
                    "description": null,
                    "domainnode_id": "32e0285c-3ec0-11eb-8b41-f875a44e0e11",
                    "edgeid": "32e112ac-3ec0-11eb-8e7a-f875a44e0e11",
                    "graph_id": "32e02846-3ec0-11eb-b942-f875a44e0e11",
                    "name": null,
                    "ontologyproperty": "http://www.cidoc-crm.org/cidoc-crm/P2_has_type",
                    "rangenode_id": "32e02852-3ec0-11eb-ad2f-f875a44e0e11"
                },
                {
                    "description": null,
                    "domainnode_id": "32e076ac-3ec0-11eb-a1be-f875a44e0e11",
                    "edgeid": "32e112ad-3ec0-11eb-b6cf-f875a44e0e11",
                    "graph_id": "32e02846-3ec0-11eb-b942-f875a44e0e11",
                    "name": null,
                    "ontologyproperty": "http://www.cidoc-crm.org/cidoc-crm/P82a_begin_of_the_begin",
                    "rangenode_id": "32e076ae-3ec0-11eb-917b-f875a44e0e11"
                },
                {
                    "description": null,
                    "domainnode_id": "32e076a6-3ec0-11eb-ab39-f875a44e0e11",
                    "edgeid": "32e112ae-3ec0-11eb-aae2-f875a44e0e11",
                    "graph_id": "32e02846-3ec0-11eb-b942-f875a44e0e11",
                    "name": null,
                    "ontologyproperty": "http://www.cidoc-crm.org/cidoc-crm/P2_has_type",
                    "rangenode_id": "32e02854-3ec0-11eb-bbbf-f875a44e0e11"
                },
                {
                    "description": null,
                    "domainnode_id": "32e076ac-3ec0-11eb-a1be-f875a44e0e11",
                    "edgeid": "32e112af-3ec0-11eb-9b85-f875a44e0e11",
                    "graph_id": "32e02846-3ec0-11eb-b942-f875a44e0e11",
                    "name": null,
                    "ontologyproperty": "http://www.cidoc-crm.org/cidoc-crm/P82b_end_of_the_end",
                    "rangenode_id": "32e076a9-3ec0-11eb-848a-f875a44e0e11"
                },
                {
                    "description": null,
                    "domainnode_id": "32e076ac-3ec0-11eb-a1be-f875a44e0e11",
                    "edgeid": "32e112b0-3ec0-11eb-adf8-f875a44e0e11",
                    "graph_id": "32e02846-3ec0-11eb-b942-f875a44e0e11",
                    "name": null,
                    "ontologyproperty": "http://www.cidoc-crm.org/cidoc-crm/P2_has_type",
                    "rangenode_id": "32e02859-3ec0-11eb-961c-f875a44e0e11"
                },
                {
                    "description": null,
                    "domainnode_id": "32e02847-3ec0-11eb-8fd9-f875a44e0e11",
                    "edgeid": "32e112b1-3ec0-11eb-87eb-f875a44e0e11",
                    "graph_id": "32e02846-3ec0-11eb-b942-f875a44e0e11",
                    "name": null,
                    "ontologyproperty": "http://www.cidoc-crm.org/cidoc-crm/P2_has_type",
                    "rangenode_id": "32e076a7-3ec0-11eb-8802-f875a44e0e11"
                },
                {
                    "description": null,
                    "domainnode_id": "32e02847-3ec0-11eb-8fd9-f875a44e0e11",
                    "edgeid": "32e112b2-3ec0-11eb-9dac-f875a44e0e11",
                    "graph_id": "32e02846-3ec0-11eb-b942-f875a44e0e11",
                    "name": null,
                    "ontologyproperty": "http://www.cidoc-crm.org/cidoc-crm/P41i_was_classified_by",
                    "rangenode_id": "32e0284e-3ec0-11eb-aecf-f875a44e0e11"
                },
                {
                    "description": null,
                    "domainnode_id": "32e076a7-3ec0-11eb-8802-f875a44e0e11",
                    "edgeid": "32e112b3-3ec0-11eb-b298-f875a44e0e11",
                    "graph_id": "32e02846-3ec0-11eb-b942-f875a44e0e11",
                    "name": null,
                    "ontologyproperty": "http://www.cidoc-crm.org/cidoc-crm/P2_has_type",
                    "rangenode_id": "32e076a8-3ec0-11eb-bae5-f875a44e0e11"
                },
                {
                    "description": null,
                    "domainnode_id": "32e02847-3ec0-11eb-8fd9-f875a44e0e11",
                    "edgeid": "32e112b4-3ec0-11eb-aa14-f875a44e0e11",
                    "graph_id": "32e02846-3ec0-11eb-b942-f875a44e0e11",
                    "name": null,
                    "ontologyproperty": "http://www.cidoc-crm.org/cidoc-crm/P10_falls_within",
                    "rangenode_id": "32e02850-3ec0-11eb-9d84-f875a44e0e11"
                },
                {
                    "description": null,
                    "domainnode_id": "32e0285b-3ec0-11eb-8810-f875a44e0e11",
                    "edgeid": "32e112b5-3ec0-11eb-9210-f875a44e0e11",
                    "graph_id": "32e02846-3ec0-11eb-b942-f875a44e0e11",
                    "name": null,
                    "ontologyproperty": "http://www.cidoc-crm.org/cidoc-crm/P2_has_type",
                    "rangenode_id": "32e0285a-3ec0-11eb-a1e2-f875a44e0e11"
                },
                {
                    "description": null,
                    "domainnode_id": "32e02853-3ec0-11eb-87c4-f875a44e0e11",
                    "edgeid": "32e112b6-3ec0-11eb-bfe3-f875a44e0e11",
                    "graph_id": "32e02846-3ec0-11eb-b942-f875a44e0e11",
                    "name": null,
                    "ontologyproperty": "http://www.cidoc-crm.org/cidoc-crm/P2_has_type",
                    "rangenode_id": "32e02858-3ec0-11eb-8b39-f875a44e0e11"
                },
                {
                    "description": null,
                    "domainnode_id": "32e0284e-3ec0-11eb-aecf-f875a44e0e11",
                    "edgeid": "32e112b7-3ec0-11eb-a33c-f875a44e0e11",
                    "graph_id": "32e02846-3ec0-11eb-b942-f875a44e0e11",
                    "name": null,
                    "ontologyproperty": "http://www.cidoc-crm.org/cidoc-crm/P32_used_general_technique",
                    "rangenode_id": "32e0285b-3ec0-11eb-8810-f875a44e0e11"
                },
                {
                    "description": null,
                    "domainnode_id": "32e076ac-3ec0-11eb-a1be-f875a44e0e11",
                    "edgeid": "32e112b8-3ec0-11eb-b261-f875a44e0e11",
                    "graph_id": "32e02846-3ec0-11eb-b942-f875a44e0e11",
                    "name": null,
                    "ontologyproperty": "http://www.cidoc-crm.org/cidoc-crm/P3_has_note",
                    "rangenode_id": "32e076ab-3ec0-11eb-969b-f875a44e0e11"
                },
                {
                    "description": null,
                    "domainnode_id": "32e02851-3ec0-11eb-9cf5-f875a44e0e11",
                    "edgeid": "32e112b9-3ec0-11eb-8712-f875a44e0e11",
                    "graph_id": "32e02846-3ec0-11eb-b942-f875a44e0e11",
                    "name": null,
                    "ontologyproperty": "http://www.cidoc-crm.org/cidoc-crm/P2_has_type",
                    "rangenode_id": "32e02857-3ec0-11eb-8237-f875a44e0e11"
                },
                {
                    "description": null,
                    "domainnode_id": "32e02847-3ec0-11eb-8fd9-f875a44e0e11",
                    "edgeid": "32e112ba-3ec0-11eb-ae6c-f875a44e0e11",
                    "graph_id": "32e02846-3ec0-11eb-b942-f875a44e0e11",
                    "name": null,
                    "ontologyproperty": "http://www.cidoc-crm.org/cidoc-crm/P4_has_time-span",
                    "rangenode_id": "32e076ac-3ec0-11eb-a1be-f875a44e0e11"
                },
                {
                    "description": null,
                    "domainnode_id": "32e076ac-3ec0-11eb-a1be-f875a44e0e11",
                    "edgeid": "32e112bb-3ec0-11eb-b705-f875a44e0e11",
                    "graph_id": "32e02846-3ec0-11eb-b942-f875a44e0e11",
                    "name": null,
                    "ontologyproperty": "http://www.cidoc-crm.org/cidoc-crm/P2_has_type",
                    "rangenode_id": "32e0285c-3ec0-11eb-8b41-f875a44e0e11"
                },
                {
                    "description": null,
                    "domainnode_id": "32e02847-3ec0-11eb-8fd9-f875a44e0e11",
                    "edgeid": "32e112bc-3ec0-11eb-bad7-f875a44e0e11",
                    "graph_id": "32e02846-3ec0-11eb-b942-f875a44e0e11",
                    "name": null,
                    "ontologyproperty": "http://www.cidoc-crm.org/cidoc-crm/P126_employed",
                    "rangenode_id": "32e076a6-3ec0-11eb-ab39-f875a44e0e11"
                },
                {
                    "description": null,
                    "domainnode_id": "32e02847-3ec0-11eb-8fd9-f875a44e0e11",
                    "edgeid": "32e112bd-3ec0-11eb-8ef4-f875a44e0e11",
                    "graph_id": "32e02846-3ec0-11eb-b942-f875a44e0e11",
                    "name": null,
                    "ontologyproperty": "http://www.cidoc-crm.org/cidoc-crm/P33_used_specific_technique",
                    "rangenode_id": "32e0284b-3ec0-11eb-9d7b-f875a44e0e11"
                },
                {
                    "description": null,
                    "domainnode_id": "32e02847-3ec0-11eb-8fd9-f875a44e0e11",
                    "edgeid": "32e112be-3ec0-11eb-8a25-f875a44e0e11",
                    "graph_id": "32e02846-3ec0-11eb-b942-f875a44e0e11",
                    "name": null,
                    "ontologyproperty": "http://www.cidoc-crm.org/cidoc-crm/P126_employed",
                    "rangenode_id": "32e02853-3ec0-11eb-87c4-f875a44e0e11"
                },
                {
                    "description": null,
                    "domainnode_id": "32e02847-3ec0-11eb-8fd9-f875a44e0e11",
                    "edgeid": "32e112bf-3ec0-11eb-a729-f875a44e0e11",
                    "graph_id": "32e02846-3ec0-11eb-b942-f875a44e0e11",
                    "name": null,
                    "ontologyproperty": "http://www.cidoc-crm.org/cidoc-crm/P33_used_specific_technique",
                    "rangenode_id": "32e076a4-3ec0-11eb-8e54-f875a44e0e11"
                },
                {
                    "description": null,
                    "domainnode_id": "32e0284c-3ec0-11eb-b2e4-f875a44e0e11",
                    "edgeid": "32e112c0-3ec0-11eb-ac07-f875a44e0e11",
                    "graph_id": "32e02846-3ec0-11eb-b942-f875a44e0e11",
                    "name": null,
                    "ontologyproperty": "http://www.cidoc-crm.org/cidoc-crm/P2_has_type",
                    "rangenode_id": "32e02856-3ec0-11eb-8895-f875a44e0e11"
                },
                {
                    "description": null,
                    "domainnode_id": "32e0284b-3ec0-11eb-9d7b-f875a44e0e11",
                    "edgeid": "32e112c1-3ec0-11eb-9248-f875a44e0e11",
                    "graph_id": "32e02846-3ec0-11eb-b942-f875a44e0e11",
                    "name": null,
                    "ontologyproperty": "http://www.cidoc-crm.org/cidoc-crm/P2_has_type",
                    "rangenode_id": "32e076aa-3ec0-11eb-8f10-f875a44e0e11"
                },
                {
                    "description": null,
                    "domainnode_id": "32e0284e-3ec0-11eb-aecf-f875a44e0e11",
                    "edgeid": "32e112c2-3ec0-11eb-a19d-f875a44e0e11",
                    "graph_id": "32e02846-3ec0-11eb-b942-f875a44e0e11",
                    "name": null,
                    "ontologyproperty": "http://www.cidoc-crm.org/cidoc-crm/P42_assigned",
                    "rangenode_id": "32e02851-3ec0-11eb-9cf5-f875a44e0e11"
                },
                {
                    "description": null,
                    "domainnode_id": "32e0284e-3ec0-11eb-aecf-f875a44e0e11",
                    "edgeid": "32e112c3-3ec0-11eb-a6fe-f875a44e0e11",
                    "graph_id": "32e02846-3ec0-11eb-b942-f875a44e0e11",
                    "name": null,
                    "ontologyproperty": "http://www.cidoc-crm.org/cidoc-crm/P141_assigned",
                    "rangenode_id": "32e0284a-3ec0-11eb-a000-f875a44e0e11"
                }
            ],
            "functions_x_graphs": [],
            "graphid": "32e02846-3ec0-11eb-b942-f875a44e0e11",
            "iconclass": "fa fa-bank",
            "is_editable": true,
            "isactive": true,
            "isresource": false,
            "jsonldcontext": null,
            "name": "Construction Phases",
            "nodegroups": [
                {
                    "cardinality": "n",
                    "legacygroupid": null,
                    "nodegroupid": "32e02847-3ec0-11eb-8fd9-f875a44e0e11",
                    "parentnodegroup_id": null
                }
            ],
            "nodes": [
                {
                    "config": {
                        "rdmCollection": "2b0f86cc-6d4a-483b-973e-9000c9d8b34d"
                    },
                    "datatype": "concept",
                    "description": null,
                    "exportable": false,
                    "fieldname": null,
                    "graph_id": "32e02846-3ec0-11eb-b942-f875a44e0e11",
                    "is_collector": false,
                    "isrequired": false,
                    "issearchable": true,
                    "istopnode": false,
                    "name": "Phase Certainty",
                    "nodegroup_id": "32e02847-3ec0-11eb-8fd9-f875a44e0e11",
                    "nodeid": "32e0284a-3ec0-11eb-a000-f875a44e0e11",
                    "ontologyclass": "http://www.cidoc-crm.org/cidoc-crm/E55_Type",
                    "parentproperty": "http://www.cidoc-crm.org/cidoc-crm/P141_assigned",
                    "sortorder": 0
                },
                {
                    "config": {
                        "rdmCollection": "904c8854-f31e-4282-9935-97542265cf42"
                    },
                    "datatype": "concept",
                    "description": "Represents a single node in a graph",
                    "exportable": false,
                    "fieldname": "",
                    "graph_id": "32e02846-3ec0-11eb-b942-f875a44e0e11",
                    "is_collector": false,
                    "isrequired": false,
                    "issearchable": true,
                    "istopnode": false,
                    "name": "Construction Method",
                    "nodegroup_id": "32e02847-3ec0-11eb-8fd9-f875a44e0e11",
                    "nodeid": "32e0284b-3ec0-11eb-9d7b-f875a44e0e11",
                    "ontologyclass": "http://www.cidoc-crm.org/cidoc-crm/E29_Design_or_Procedure",
                    "parentproperty": "http://www.cidoc-crm.org/cidoc-crm/P33_used_specific_technique",
                    "sortorder": 0
                },
                {
                    "config": {
                        "rdmCollection": "0ff39ed3-cc95-4c60-9321-6d4e65fb1f2d"
                    },
                    "datatype": "concept",
                    "description": null,
                    "exportable": false,
                    "fieldname": null,
                    "graph_id": "32e02846-3ec0-11eb-b942-f875a44e0e11",
                    "is_collector": false,
                    "isrequired": false,
                    "issearchable": true,
                    "istopnode": false,
                    "name": "Phase Description Type",
                    "nodegroup_id": "32e02847-3ec0-11eb-8fd9-f875a44e0e11",
                    "nodeid": "32e0284c-3ec0-11eb-b2e4-f875a44e0e11",
                    "ontologyclass": "http://www.cidoc-crm.org/cidoc-crm/E55_Type",
                    "parentproperty": "http://www.cidoc-crm.org/cidoc-crm/P2_has_type",
                    "sortorder": 0
                },
                {
                    "config": null,
                    "datatype": "semantic",
                    "description": null,
                    "exportable": false,
                    "fieldname": null,
                    "graph_id": "32e02846-3ec0-11eb-b942-f875a44e0e11",
                    "is_collector": false,
                    "isrequired": false,
                    "issearchable": true,
                    "istopnode": false,
                    "name": "Phase Classification Description",
                    "nodegroup_id": "32e02847-3ec0-11eb-8fd9-f875a44e0e11",
                    "nodeid": "32e0284d-3ec0-11eb-8e77-f875a44e0e11",
                    "ontologyclass": "http://www.cidoc-crm.org/cidoc-crm/E33_Linguistic_Object",
                    "parentproperty": "http://www.cidoc-crm.org/cidoc-crm/P67i_is_referred_to_by",
                    "sortorder": 0
                },
                {
                    "config": null,
                    "datatype": "semantic",
                    "description": "",
                    "exportable": false,
                    "fieldname": null,
                    "graph_id": "32e02846-3ec0-11eb-b942-f875a44e0e11",
                    "is_collector": false,
                    "isrequired": false,
                    "issearchable": true,
                    "istopnode": false,
                    "name": "Phase Classification",
                    "nodegroup_id": "32e02847-3ec0-11eb-8fd9-f875a44e0e11",
                    "nodeid": "32e0284e-3ec0-11eb-aecf-f875a44e0e11",
                    "ontologyclass": "http://www.cidoc-crm.org/cidoc-crm/E17_Type_Assignment",
                    "parentproperty": "http://www.cidoc-crm.org/cidoc-crm/P41i_was_classified_by",
                    "sortorder": 0
                },
                {
                    "config": {
                        "rdmCollection": "1e63c514-eb9d-48d3-94b5-35e060e5f368"
                    },
                    "datatype": "concept",
                    "description": null,
                    "exportable": false,
                    "fieldname": null,
                    "graph_id": "32e02846-3ec0-11eb-b942-f875a44e0e11",
                    "is_collector": false,
                    "isrequired": false,
                    "issearchable": true,
                    "istopnode": false,
                    "name": "Confidence of Dating Metatype",
                    "nodegroup_id": "32e02847-3ec0-11eb-8fd9-f875a44e0e11",
                    "nodeid": "32e0284f-3ec0-11eb-9c92-f875a44e0e11",
                    "ontologyclass": "http://www.cidoc-crm.org/cidoc-crm/E55_Type",
                    "parentproperty": "http://www.cidoc-crm.org/cidoc-crm/P2_has_type",
                    "sortorder": 0
                },
                {
                    "config": {
                        "graphs": [
                            {
                                "graphid": "f9045867-8861-11ea-b06f-f875a44e0e11",
                                "name": "Period"
                            }
                        ]
                    },
                    "datatype": "resource-instance",
                    "description": null,
                    "exportable": false,
                    "fieldname": null,
                    "graph_id": "32e02846-3ec0-11eb-b942-f875a44e0e11",
                    "is_collector": false,
                    "isrequired": false,
                    "issearchable": true,
                    "istopnode": false,
                    "name": "Cultural Period",
                    "nodegroup_id": "32e02847-3ec0-11eb-8fd9-f875a44e0e11",
                    "nodeid": "32e02850-3ec0-11eb-9d84-f875a44e0e11",
                    "ontologyclass": "http://www.cidoc-crm.org/cidoc-crm/E4_Period",
                    "parentproperty": "http://www.cidoc-crm.org/cidoc-crm/P10_falls_within",
                    "sortorder": 0
                },
                {
                    "config": {
                        "rdmCollection": "9222b257-6015-4808-9dac-7b962a2679a8"
                    },
                    "datatype": "concept-list",
                    "description": null,
                    "exportable": false,
                    "fieldname": null,
                    "graph_id": "32e02846-3ec0-11eb-b942-f875a44e0e11",
                    "is_collector": false,
                    "isrequired": false,
                    "issearchable": true,
                    "istopnode": false,
                    "name": "Asset Type",
                    "nodegroup_id": "32e02847-3ec0-11eb-8fd9-f875a44e0e11",
                    "nodeid": "32e02851-3ec0-11eb-9cf5-f875a44e0e11",
                    "ontologyclass": "http://www.cidoc-crm.org/cidoc-crm/E55_Type",
                    "parentproperty": "http://www.cidoc-crm.org/cidoc-crm/P42_assigned",
                    "sortorder": 0
                },
                {
                    "config": {
                        "rdmCollection": "1e63c514-eb9d-48d3-94b5-35e060e5f368"
                    },
                    "datatype": "concept",
                    "description": null,
                    "exportable": false,
                    "fieldname": null,
                    "graph_id": "32e02846-3ec0-11eb-b942-f875a44e0e11",
                    "is_collector": false,
                    "isrequired": false,
                    "issearchable": true,
                    "istopnode": false,
                    "name": "Construction Phase Date Qualifier Metatype",
                    "nodegroup_id": "32e02847-3ec0-11eb-8fd9-f875a44e0e11",
                    "nodeid": "32e02852-3ec0-11eb-ad2f-f875a44e0e11",
                    "ontologyclass": "http://www.cidoc-crm.org/cidoc-crm/E55_Type",
                    "parentproperty": "http://www.cidoc-crm.org/cidoc-crm/P2_has_type",
                    "sortorder": 0
                },
                {
                    "config": {
                        "rdmCollection": "e5babb70-bcfa-48aa-81df-79b11ce9b1ae"
                    },
                    "datatype": "concept-list",
                    "description": null,
                    "exportable": false,
                    "fieldname": "",
                    "graph_id": "32e02846-3ec0-11eb-b942-f875a44e0e11",
                    "is_collector": false,
                    "isrequired": false,
                    "issearchable": true,
                    "istopnode": false,
                    "name": "Main Construction Material",
                    "nodegroup_id": "32e02847-3ec0-11eb-8fd9-f875a44e0e11",
                    "nodeid": "32e02853-3ec0-11eb-87c4-f875a44e0e11",
                    "ontologyclass": "http://www.cidoc-crm.org/cidoc-crm/E57_Material",
                    "parentproperty": "http://www.cidoc-crm.org/cidoc-crm/P126_employed",
                    "sortorder": 0
                },
                {
                    "config": {
                        "rdmCollection": "1e63c514-eb9d-48d3-94b5-35e060e5f368"
                    },
                    "datatype": "concept",
                    "description": null,
                    "exportable": false,
                    "fieldname": null,
                    "graph_id": "32e02846-3ec0-11eb-b942-f875a44e0e11",
                    "is_collector": false,
                    "isrequired": false,
                    "issearchable": true,
                    "istopnode": false,
                    "name": "Covering Material Metatype",
                    "nodegroup_id": "32e02847-3ec0-11eb-8fd9-f875a44e0e11",
                    "nodeid": "32e02854-3ec0-11eb-bbbf-f875a44e0e11",
                    "ontologyclass": "http://www.cidoc-crm.org/cidoc-crm/E55_Type",
                    "parentproperty": "http://www.cidoc-crm.org/cidoc-crm/P2_has_type",
                    "sortorder": 0
                },
                {
                    "config": {
                        "rdmCollection": "1e63c514-eb9d-48d3-94b5-35e060e5f368"
                    },
                    "datatype": "concept",
                    "description": null,
                    "exportable": false,
                    "fieldname": null,
                    "graph_id": "32e02846-3ec0-11eb-b942-f875a44e0e11",
                    "is_collector": false,
                    "isrequired": false,
                    "issearchable": true,
                    "istopnode": false,
                    "name": "Phase Certainty Metatype",
                    "nodegroup_id": "32e02847-3ec0-11eb-8fd9-f875a44e0e11",
                    "nodeid": "32e02855-3ec0-11eb-8ff5-f875a44e0e11",
                    "ontologyclass": "http://www.cidoc-crm.org/cidoc-crm/E55_Type",
                    "parentproperty": "http://www.cidoc-crm.org/cidoc-crm/P2_has_type",
                    "sortorder": 0
                },
                {
                    "config": {
                        "rdmCollection": "1e63c514-eb9d-48d3-94b5-35e060e5f368"
                    },
                    "datatype": "concept",
                    "description": null,
                    "exportable": false,
                    "fieldname": null,
                    "graph_id": "32e02846-3ec0-11eb-b942-f875a44e0e11",
                    "is_collector": false,
                    "isrequired": false,
                    "issearchable": true,
                    "istopnode": false,
                    "name": "Phase Desctiption Metatype",
                    "nodegroup_id": "32e02847-3ec0-11eb-8fd9-f875a44e0e11",
                    "nodeid": "32e02856-3ec0-11eb-8895-f875a44e0e11",
                    "ontologyclass": "http://www.cidoc-crm.org/cidoc-crm/E55_Type",
                    "parentproperty": "http://www.cidoc-crm.org/cidoc-crm/P2_has_type",
                    "sortorder": 0
                },
                {
                    "config": {
                        "rdmCollection": "1e63c514-eb9d-48d3-94b5-35e060e5f368"
                    },
                    "datatype": "concept",
                    "description": null,
                    "exportable": false,
                    "fieldname": null,
                    "graph_id": "32e02846-3ec0-11eb-b942-f875a44e0e11",
                    "is_collector": false,
                    "isrequired": false,
                    "issearchable": true,
                    "istopnode": false,
                    "name": "Asset Metatype",
                    "nodegroup_id": "32e02847-3ec0-11eb-8fd9-f875a44e0e11",
                    "nodeid": "32e02857-3ec0-11eb-8237-f875a44e0e11",
                    "ontologyclass": "http://www.cidoc-crm.org/cidoc-crm/E55_Type",
                    "parentproperty": "http://www.cidoc-crm.org/cidoc-crm/P2_has_type",
                    "sortorder": 0
                },
                {
                    "config": {
                        "rdmCollection": "1e63c514-eb9d-48d3-94b5-35e060e5f368"
                    },
                    "datatype": "concept",
                    "description": null,
                    "exportable": false,
                    "fieldname": null,
                    "graph_id": "32e02846-3ec0-11eb-b942-f875a44e0e11",
                    "is_collector": false,
                    "isrequired": false,
                    "issearchable": true,
                    "istopnode": false,
                    "name": "Main Construction Material Metatype",
                    "nodegroup_id": "32e02847-3ec0-11eb-8fd9-f875a44e0e11",
                    "nodeid": "32e02858-3ec0-11eb-8b39-f875a44e0e11",
                    "ontologyclass": "http://www.cidoc-crm.org/cidoc-crm/E55_Type",
                    "parentproperty": "http://www.cidoc-crm.org/cidoc-crm/P2_has_type",
                    "sortorder": 0
                },
                {
                    "config": {
                        "rdmCollection": "2b0f86cc-6d4a-483b-973e-9000c9d8b34d"
                    },
                    "datatype": "concept",
                    "description": null,
                    "exportable": false,
                    "fieldname": null,
                    "graph_id": "32e02846-3ec0-11eb-b942-f875a44e0e11",
                    "is_collector": false,
                    "isrequired": false,
                    "issearchable": true,
                    "istopnode": false,
                    "name": "Confidence of Dating",
                    "nodegroup_id": "32e02847-3ec0-11eb-8fd9-f875a44e0e11",
                    "nodeid": "32e02859-3ec0-11eb-961c-f875a44e0e11",
                    "ontologyclass": "http://www.cidoc-crm.org/cidoc-crm/E55_Type",
                    "parentproperty": "http://www.cidoc-crm.org/cidoc-crm/P2_has_type",
                    "sortorder": 0
                },
                {
                    "config": {
                        "rdmCollection": "1e63c514-eb9d-48d3-94b5-35e060e5f368"
                    },
                    "datatype": "concept",
                    "description": null,
                    "exportable": false,
                    "fieldname": null,
                    "graph_id": "32e02846-3ec0-11eb-b942-f875a44e0e11",
                    "is_collector": false,
                    "isrequired": false,
                    "issearchable": true,
                    "istopnode": false,
                    "name": "Construction Phase Evidence Metatype",
                    "nodegroup_id": "32e02847-3ec0-11eb-8fd9-f875a44e0e11",
                    "nodeid": "32e0285a-3ec0-11eb-a1e2-f875a44e0e11",
                    "ontologyclass": "http://www.cidoc-crm.org/cidoc-crm/E55_Type",
                    "parentproperty": "http://www.cidoc-crm.org/cidoc-crm/P2_has_type",
                    "sortorder": 0
                },
                {
                    "config": {
                        "rdmCollection": "02da8114-6a70-4fde-a022-2ee07acf17a3"
                    },
                    "datatype": "concept-list",
                    "description": null,
                    "exportable": false,
                    "fieldname": null,
                    "graph_id": "32e02846-3ec0-11eb-b942-f875a44e0e11",
                    "is_collector": false,
                    "isrequired": false,
                    "issearchable": true,
                    "istopnode": false,
                    "name": "Construction Phase Evidence Type",
                    "nodegroup_id": "32e02847-3ec0-11eb-8fd9-f875a44e0e11",
                    "nodeid": "32e0285b-3ec0-11eb-8810-f875a44e0e11",
                    "ontologyclass": "http://www.cidoc-crm.org/cidoc-crm/E55_Type",
                    "parentproperty": "http://www.cidoc-crm.org/cidoc-crm/P32_used_general_technique",
                    "sortorder": 0
                },
                {
                    "config": {
                        "rdmCollection": "366686d6-deb0-4245-81a3-f94d791a388c"
                    },
                    "datatype": "concept",
                    "description": null,
                    "exportable": false,
                    "fieldname": null,
                    "graph_id": "32e02846-3ec0-11eb-b942-f875a44e0e11",
                    "is_collector": false,
                    "isrequired": false,
                    "issearchable": true,
                    "istopnode": false,
                    "name": "Construction Phase Date Qualifier",
                    "nodegroup_id": "32e02847-3ec0-11eb-8fd9-f875a44e0e11",
                    "nodeid": "32e0285c-3ec0-11eb-8b41-f875a44e0e11",
                    "ontologyclass": "http://www.cidoc-crm.org/cidoc-crm/E55_Type",
                    "parentproperty": "http://www.cidoc-crm.org/cidoc-crm/P2_has_type",
                    "sortorder": 0
                },
                {
                    "config": {
                        "rdmCollection": "40f560d6-2849-4d43-a2bd-7e0ae1dc5907"
                    },
                    "datatype": "concept",
                    "description": "Represents a single node in a graph",
                    "exportable": false,
                    "fieldname": "",
                    "graph_id": "32e02846-3ec0-11eb-b942-f875a44e0e11",
                    "is_collector": false,
                    "isrequired": false,
                    "issearchable": true,
                    "istopnode": false,
                    "name": "Construction Technique",
                    "nodegroup_id": "32e02847-3ec0-11eb-8fd9-f875a44e0e11",
                    "nodeid": "32e076a4-3ec0-11eb-8e54-f875a44e0e11",
                    "ontologyclass": "http://www.cidoc-crm.org/cidoc-crm/E29_Design_or_Procedure",
                    "parentproperty": "http://www.cidoc-crm.org/cidoc-crm/P33_used_specific_technique",
                    "sortorder": 0
                },
                {
                    "config": {
                        "rdmCollection": "1e63c514-eb9d-48d3-94b5-35e060e5f368"
                    },
                    "datatype": "concept",
                    "description": null,
                    "exportable": false,
                    "fieldname": null,
                    "graph_id": "32e02846-3ec0-11eb-b942-f875a44e0e11",
                    "is_collector": false,
                    "isrequired": false,
                    "issearchable": true,
                    "istopnode": false,
                    "name": "Construction Technique Metatype",
                    "nodegroup_id": "32e02847-3ec0-11eb-8fd9-f875a44e0e11",
                    "nodeid": "32e076a5-3ec0-11eb-9a0b-f875a44e0e11",
                    "ontologyclass": "http://www.cidoc-crm.org/cidoc-crm/E55_Type",
                    "parentproperty": "http://www.cidoc-crm.org/cidoc-crm/P2_has_type",
                    "sortorder": 0
                },
                {
                    "config": {
                        "rdmCollection": "e5babb70-bcfa-48aa-81df-79b11ce9b1ae"
                    },
                    "datatype": "concept-list",
                    "description": null,
                    "exportable": false,
                    "fieldname": "",
                    "graph_id": "32e02846-3ec0-11eb-b942-f875a44e0e11",
                    "is_collector": false,
                    "isrequired": false,
                    "issearchable": true,
                    "istopnode": false,
                    "name": "Covering Material",
                    "nodegroup_id": "32e02847-3ec0-11eb-8fd9-f875a44e0e11",
                    "nodeid": "32e076a6-3ec0-11eb-ab39-f875a44e0e11",
                    "ontologyclass": "http://www.cidoc-crm.org/cidoc-crm/E57_Material",
                    "parentproperty": "http://www.cidoc-crm.org/cidoc-crm/P126_employed",
                    "sortorder": 0
                },
                {
                    "config": {
                        "rdmCollection": "6ae2f1fd-a58e-4525-ba05-784af121d9b7"
                    },
                    "datatype": "concept",
                    "description": null,
                    "exportable": false,
                    "fieldname": null,
                    "graph_id": "32e02846-3ec0-11eb-b942-f875a44e0e11",
                    "is_collector": false,
                    "isrequired": false,
                    "issearchable": true,
                    "istopnode": false,
                    "name": "Construction Phase Type",
                    "nodegroup_id": "32e02847-3ec0-11eb-8fd9-f875a44e0e11",
                    "nodeid": "32e076a7-3ec0-11eb-8802-f875a44e0e11",
                    "ontologyclass": "http://www.cidoc-crm.org/cidoc-crm/E55_Type",
                    "parentproperty": "http://www.cidoc-crm.org/cidoc-crm/P2_has_type",
                    "sortorder": 0
                },
                {
                    "config": {
                        "rdmCollection": "1e63c514-eb9d-48d3-94b5-35e060e5f368"
                    },
                    "datatype": "concept",
                    "description": null,
                    "exportable": false,
                    "fieldname": null,
                    "graph_id": "32e02846-3ec0-11eb-b942-f875a44e0e11",
                    "is_collector": false,
                    "isrequired": false,
                    "issearchable": true,
                    "istopnode": false,
                    "name": "Construction Phase Metatype",
                    "nodegroup_id": "32e02847-3ec0-11eb-8fd9-f875a44e0e11",
                    "nodeid": "32e076a8-3ec0-11eb-bae5-f875a44e0e11",
                    "ontologyclass": "http://www.cidoc-crm.org/cidoc-crm/E55_Type",
                    "parentproperty": "http://www.cidoc-crm.org/cidoc-crm/P2_has_type",
                    "sortorder": 0
                },
                {
                    "config": {
                        "dateFormat": "YYYY-MM-DD",
                        "fuzzy_day_padding": 1,
                        "fuzzy_month_padding": 1,
                        "fuzzy_season_padding": 12,
                        "fuzzy_year_padding": 1,
                        "multiplier_if_approximate": 1,
                        "multiplier_if_both": 1,
                        "multiplier_if_uncertain": 1
                    },
                    "datatype": "edtf",
                    "description": null,
                    "exportable": false,
                    "fieldname": null,
                    "graph_id": "32e02846-3ec0-11eb-b942-f875a44e0e11",
                    "is_collector": false,
                    "isrequired": false,
                    "issearchable": true,
                    "istopnode": false,
                    "name": "Construction Phase End Date",
                    "nodegroup_id": "32e02847-3ec0-11eb-8fd9-f875a44e0e11",
                    "nodeid": "32e076a9-3ec0-11eb-848a-f875a44e0e11",
                    "ontologyclass": "http://www.cidoc-crm.org/cidoc-crm/E61_Time_Primitive",
                    "parentproperty": "http://www.cidoc-crm.org/cidoc-crm/P82b_end_of_the_end",
                    "sortorder": 0
                },
                {
                    "config": {
                        "rdmCollection": "1e63c514-eb9d-48d3-94b5-35e060e5f368"
                    },
                    "datatype": "concept",
                    "description": null,
                    "exportable": false,
                    "fieldname": null,
                    "graph_id": "32e02846-3ec0-11eb-b942-f875a44e0e11",
                    "is_collector": false,
                    "isrequired": false,
                    "issearchable": true,
                    "istopnode": false,
                    "name": "Construction Method Metatype",
                    "nodegroup_id": "32e02847-3ec0-11eb-8fd9-f875a44e0e11",
                    "nodeid": "32e076aa-3ec0-11eb-8f10-f875a44e0e11",
                    "ontologyclass": "http://www.cidoc-crm.org/cidoc-crm/E55_Type",
                    "parentproperty": "http://www.cidoc-crm.org/cidoc-crm/P2_has_type",
                    "sortorder": 0
                },
                {
                    "config": null,
                    "datatype": "string",
                    "description": null,
                    "exportable": false,
                    "fieldname": null,
                    "graph_id": "32e02846-3ec0-11eb-b942-f875a44e0e11",
                    "is_collector": false,
                    "isrequired": false,
                    "issearchable": true,
                    "istopnode": false,
                    "name": "Display Date",
                    "nodegroup_id": "32e02847-3ec0-11eb-8fd9-f875a44e0e11",
                    "nodeid": "32e076ab-3ec0-11eb-969b-f875a44e0e11",
                    "ontologyclass": "http://www.w3.org/2000/01/rdf-schema#Literal",
                    "parentproperty": "http://www.cidoc-crm.org/cidoc-crm/P3_has_note",
                    "sortorder": 0
                },
                {
                    "config": null,
                    "datatype": "semantic",
                    "description": "",
                    "exportable": false,
                    "fieldname": null,
                    "graph_id": "32e02846-3ec0-11eb-b942-f875a44e0e11",
                    "is_collector": false,
                    "isrequired": false,
                    "issearchable": true,
                    "istopnode": false,
                    "name": "Construction Phase Timespan (edtf)",
                    "nodegroup_id": "32e02847-3ec0-11eb-8fd9-f875a44e0e11",
                    "nodeid": "32e076ac-3ec0-11eb-a1be-f875a44e0e11",
                    "ontologyclass": "http://www.cidoc-crm.org/cidoc-crm/E52_Time-Span",
                    "parentproperty": "http://www.cidoc-crm.org/cidoc-crm/P4_has_time-span",
                    "sortorder": 0
                },
                {
                    "config": null,
                    "datatype": "string",
                    "description": null,
                    "exportable": false,
                    "fieldname": null,
                    "graph_id": "32e02846-3ec0-11eb-b942-f875a44e0e11",
                    "is_collector": false,
                    "isrequired": false,
                    "issearchable": true,
                    "istopnode": false,
                    "name": "Phase Description",
                    "nodegroup_id": "32e02847-3ec0-11eb-8fd9-f875a44e0e11",
                    "nodeid": "32e076ad-3ec0-11eb-b9ac-f875a44e0e11",
                    "ontologyclass": "http://www.w3.org/2000/01/rdf-schema#Literal",
                    "parentproperty": "http://www.cidoc-crm.org/cidoc-crm/P3_has_note",
                    "sortorder": 0
                },
                {
                    "config": {
                        "dateFormat": "YYYY-MM-DD",
                        "fuzzy_day_padding": 1,
                        "fuzzy_month_padding": 1,
                        "fuzzy_season_padding": 12,
                        "fuzzy_year_padding": 1,
                        "multiplier_if_approximate": 1,
                        "multiplier_if_both": 1,
                        "multiplier_if_uncertain": 1
                    },
                    "datatype": "edtf",
                    "description": null,
                    "exportable": false,
                    "fieldname": null,
                    "graph_id": "32e02846-3ec0-11eb-b942-f875a44e0e11",
                    "is_collector": false,
                    "isrequired": false,
                    "issearchable": true,
                    "istopnode": false,
                    "name": "Construction Phase Start Date",
                    "nodegroup_id": "32e02847-3ec0-11eb-8fd9-f875a44e0e11",
                    "nodeid": "32e076ae-3ec0-11eb-917b-f875a44e0e11",
                    "ontologyclass": "http://www.cidoc-crm.org/cidoc-crm/E61_Time_Primitive",
                    "parentproperty": "http://www.cidoc-crm.org/cidoc-crm/P82a_begin_of_the_begin",
                    "sortorder": 0
                },
                {
                    "config": {
                        "fillColor": "rgba(233,112,111,0.8)"
                    },
                    "datatype": "semantic",
                    "description": "",
                    "exportable": false,
                    "fieldname": "",
                    "graph_id": "32e02846-3ec0-11eb-b942-f875a44e0e11",
                    "is_collector": true,
                    "isrequired": false,
                    "issearchable": true,
                    "istopnode": true,
                    "name": "Construction Phases",
                    "nodegroup_id": "32e02847-3ec0-11eb-8fd9-f875a44e0e11",
                    "nodeid": "32e02847-3ec0-11eb-8fd9-f875a44e0e11",
                    "ontologyclass": "http://www.cidoc-crm.org/cidoc-crm/E11_Modification",
                    "parentproperty": "",
                    "sortorder": 0
                }
            ],
            "ontology_id": "e6e8db47-2ccf-11e6-927e-b8f6b115d7dd",
            "relatable_resource_model_ids": [],
            "resource_2_resource_constraints": [],
            "root": {
                "config": {
                    "fillColor": "rgba(233,112,111,0.8)"
                },
                "datatype": "semantic",
                "description": "",
                "exportable": false,
                "fieldname": "",
                "graph_id": "32e02846-3ec0-11eb-b942-f875a44e0e11",
                "is_collector": true,
                "isrequired": false,
                "issearchable": true,
                "istopnode": true,
                "name": "Construction Phases",
                "nodegroup_id": "32e02847-3ec0-11eb-8fd9-f875a44e0e11",
                "nodeid": "32e02847-3ec0-11eb-8fd9-f875a44e0e11",
                "ontologyclass": "http://www.cidoc-crm.org/cidoc-crm/E11_Modification",
                "sortorder": 0
            },
            "slug": null,
            "subtitle": "",
            "template_id": "50000000-0000-0000-0000-000000000002",
            "version": ""
        }
    ]
}