{
    "graph": [
        {
            "author": "",
            "cards": [
                {
                    "active": true,
                    "cardid": "5a50fb1b-9930-11ea-a78d-f875a44e0e11",
                    "component_id": "f05e4d3a-53c1-11e8-b0ea-784f435179ea",
                    "config": {
                        "displayAsTable": true
                    },
                    "constraints": [],
                    "cssclass": null,
                    "description": "",
                    "graph_id": "5a50d3fa-9930-11ea-b7b2-f875a44e0e11",
                    "helpenabled": false,
                    "helptext": null,
                    "helptitle": null,
                    "instructions": "Use to record details of applicants, owners and casework officers",
                    "is_editable": true,
                    "name": "Contacts",
                    "nodegroup_id": "5a50d3fb-9930-11ea-82d8-f875a44e0e11",
                    "sortorder": 8,
                    "visible": true
                }
            ],
            "cards_x_nodes_x_widgets": [
                {
                    "card_id": "5a50fb1b-9930-11ea-a78d-f875a44e0e11",
                    "config": {
                        "label": "Planning Officer",
                        "placeholder": ""
                    },
                    "id": "5a50fb39-9930-11ea-98ca-f875a44e0e11",
                    "label": "Planning Officer",
                    "node_id": "5a50fb29-9930-11ea-b97f-f875a44e0e11",
                    "sortorder": 0,
                    "visible": true,
                    "widget_id": "31f3728c-7613-11e7-a139-784f435179ea"
                },
                {
                    "card_id": "5a50fb1b-9930-11ea-a78d-f875a44e0e11",
                    "config": {
                        "defaultValue": "17bfcc28-6fee-4a7c-a0f5-7bebe2d4cd06",
                        "label": "Owner Role Type",
                        "options": [],
                        "placeholder": "Select an option"
                    },
                    "id": "5a50fb30-9930-11ea-86ae-f875a44e0e11",
                    "label": "Owner Role Type",
                    "node_id": "5a50fb1f-9930-11ea-8138-f875a44e0e11",
                    "sortorder": 10,
                    "visible": false,
                    "widget_id": "10000000-0000-0000-0000-000000000002"
                },
                {
                    "card_id": "5a50fb1b-9930-11ea-a78d-f875a44e0e11",
                    "config": {
                        "label": "Casework Officer",
                        "placeholder": ""
                    },
                    "id": "5a50fb31-9930-11ea-a791-f875a44e0e11",
                    "label": "Casework Officer",
                    "node_id": "5a50fb2e-9930-11ea-8a8e-f875a44e0e11",
                    "sortorder": 3,
                    "visible": true,
                    "widget_id": "31f3728c-7613-11e7-a139-784f435179ea"
                },
                {
                    "card_id": "5a50fb1b-9930-11ea-a78d-f875a44e0e11",
                    "config": {
                        "label": "Agent",
                        "placeholder": ""
                    },
                    "id": "5a50fb32-9930-11ea-8ac7-f875a44e0e11",
                    "label": "Agent",
                    "node_id": "5a50fb25-9930-11ea-a0aa-f875a44e0e11",
                    "sortorder": 6,
                    "visible": true,
                    "widget_id": "ff3c400a-76ec-11e7-a793-784f435179ea"
                },
                {
                    "card_id": "5a50fb1b-9930-11ea-a78d-f875a44e0e11",
                    "config": {
                        "label": "Owner",
                        "placeholder": ""
                    },
                    "id": "5a50fb36-9930-11ea-88e4-f875a44e0e11",
                    "label": "Owner",
                    "node_id": "5a50fb27-9930-11ea-a30a-f875a44e0e11",
                    "sortorder": 9,
                    "visible": true,
                    "widget_id": "ff3c400a-76ec-11e7-a793-784f435179ea"
                },
                {
                    "card_id": "5a50fb1b-9930-11ea-a78d-f875a44e0e11",
                    "config": {
                        "defaultValue": "b2489138-dcc5-4151-999e-977809179bb3",
                        "label": "Applicant Role Type",
                        "options": [],
                        "placeholder": "Select an option"
                    },
                    "id": "5a50fb33-9930-11ea-8b7d-f875a44e0e11",
                    "label": "Applicant Role Type",
                    "node_id": "5a50fb26-9930-11ea-9d22-f875a44e0e11",
                    "sortorder": 13,
                    "visible": false,
                    "widget_id": "10000000-0000-0000-0000-000000000002"
                },
                {
                    "card_id": "5a50fb1b-9930-11ea-a78d-f875a44e0e11",
                    "config": {
                        "defaultValue": "b81d4b16-0633-4d7a-b4b2-5c2d3e2e782e",
                        "label": "Agent Role Metatype",
                        "options": [],
                        "placeholder": "Select an option"
                    },
                    "id": "5a50fb34-9930-11ea-b6f1-f875a44e0e11",
                    "label": "Agent Role Metatype",
                    "node_id": "5a50fb28-9930-11ea-85b4-f875a44e0e11",
                    "sortorder": 8,
                    "visible": false,
                    "widget_id": "10000000-0000-0000-0000-000000000002"
                },
                {
                    "card_id": "5a50fb1b-9930-11ea-a78d-f875a44e0e11",
                    "config": {
                        "defaultValue": "a69c21b4-34e2-4781-b6c8-5c539e6fe14a",
                        "label": "Agent Role Type",
                        "options": [],
                        "placeholder": "Select an option"
                    },
                    "id": "5a50fb35-9930-11ea-82f9-f875a44e0e11",
                    "label": "Agent Role Type",
                    "node_id": "5a50fb22-9930-11ea-ad40-f875a44e0e11",
                    "sortorder": 7,
                    "visible": false,
                    "widget_id": "10000000-0000-0000-0000-000000000002"
                },
                {
                    "card_id": "5a50fb1b-9930-11ea-a78d-f875a44e0e11",
                    "config": {
                        "defaultValue": "b81d4b16-0633-4d7a-b4b2-5c2d3e2e782e",
                        "label": "Owner Role Metatype",
                        "options": [],
                        "placeholder": "Select an option"
                    },
                    "id": "5a50fb37-9930-11ea-8ba3-f875a44e0e11",
                    "label": "Owner Role Metatype",
                    "node_id": "5a50fb1e-9930-11ea-804b-f875a44e0e11",
                    "sortorder": 11,
                    "visible": false,
                    "widget_id": "10000000-0000-0000-0000-000000000002"
                },
                {
                    "card_id": "5a50fb1b-9930-11ea-a78d-f875a44e0e11",
                    "config": {
                        "label": "Applicant",
                        "placeholder": ""
                    },
                    "id": "5a50fb38-9930-11ea-a268-f875a44e0e11",
                    "label": "Applicant",
                    "node_id": "5a50fb23-9930-11ea-9cf5-f875a44e0e11",
                    "sortorder": 12,
                    "visible": true,
                    "widget_id": "ff3c400a-76ec-11e7-a793-784f435179ea"
                },
                {
                    "card_id": "5a50fb1b-9930-11ea-a78d-f875a44e0e11",
                    "config": {
                        "defaultValue": "31a0f492-2c6d-4c1b-8bfa-74da97fa14fc",
                        "label": "Planning Officer Role Type",
                        "options": [],
                        "placeholder": "Select an option"
                    },
                    "id": "5a50fb3c-9930-11ea-b083-f875a44e0e11",
                    "label": "Planning Officer Role Type",
                    "node_id": "5a50fb2a-9930-11ea-ba89-f875a44e0e11",
                    "sortorder": 1,
                    "visible": false,
                    "widget_id": "10000000-0000-0000-0000-000000000002"
                },
                {
                    "card_id": "5a50fb1b-9930-11ea-a78d-f875a44e0e11",
                    "config": {
                        "defaultValue": "b81d4b16-0633-4d7a-b4b2-5c2d3e2e782e",
                        "label": "Planning Officer Metatype",
                        "options": [],
                        "placeholder": "Select an option"
                    },
                    "id": "5a50fb3d-9930-11ea-a100-f875a44e0e11",
                    "label": "Planning Officer Metatype",
                    "node_id": "5a50fb1d-9930-11ea-80de-f875a44e0e11",
                    "sortorder": 2,
                    "visible": false,
                    "widget_id": "10000000-0000-0000-0000-000000000002"
                },
                {
                    "card_id": "5a50fb1b-9930-11ea-a78d-f875a44e0e11",
                    "config": {
                        "label": "Planning Officer",
                        "placeholder": ""
                    },
                    "id": "5a50fb3f-9930-11ea-b1f8-f875a44e0e11",
                    "label": "Planning Officer",
                    "node_id": "5a50fb2f-9930-11ea-b4a9-f875a44e0e11",
                    "sortorder": 7,
                    "visible": true,
                    "widget_id": "31f3728c-7613-11e7-a139-784f435179ea"
                },
                {
                    "card_id": "5a50fb1b-9930-11ea-a78d-f875a44e0e11",
                    "config": {
                        "defaultValue": "b81d4b16-0633-4d7a-b4b2-5c2d3e2e782e",
                        "label": "Casework Officer Role Metatype",
                        "options": [],
                        "placeholder": "Select an option"
                    },
                    "id": "5a50fb3e-9930-11ea-b574-f875a44e0e11",
                    "label": "Casework Officer Role Metatype",
                    "node_id": "5a50fb2c-9930-11ea-88c5-f875a44e0e11",
                    "sortorder": 5,
                    "visible": false,
                    "widget_id": "10000000-0000-0000-0000-000000000002"
                },
                {
                    "card_id": "5a50fb1b-9930-11ea-a78d-f875a44e0e11",
                    "config": {
                        "defaultValue": "50a525cf-acd5-49cc-9123-4247f6418145",
                        "label": "Casework Officer Role Type",
                        "options": [],
                        "placeholder": "Select an option"
                    },
                    "id": "5a50fb3b-9930-11ea-8622-f875a44e0e11",
                    "label": "Casework Officer Role Type",
                    "node_id": "5a50fb2d-9930-11ea-a6e8-f875a44e0e11",
                    "sortorder": 4,
                    "visible": false,
                    "widget_id": "10000000-0000-0000-0000-000000000002"
                },
                {
                    "card_id": "5a50fb1b-9930-11ea-a78d-f875a44e0e11",
                    "config": {
                        "label": "Casework Officer",
                        "placeholder": ""
                    },
                    "id": "5a50fb40-9930-11ea-88d6-f875a44e0e11",
                    "label": "Casework Officer",
                    "node_id": "5a50fb21-9930-11ea-93cb-f875a44e0e11",
                    "sortorder": 6,
                    "visible": true,
                    "widget_id": "31f3728c-7613-11e7-a139-784f435179ea"
                },
                {
                    "card_id": "5a50fb1b-9930-11ea-a78d-f875a44e0e11",
                    "config": {
                        "defaultValue": "b81d4b16-0633-4d7a-b4b2-5c2d3e2e782e",
                        "label": "Applicant Role Metatype",
                        "options": [],
                        "placeholder": "Select an option"
                    },
                    "id": "5a50fb3a-9930-11ea-bdfc-f875a44e0e11",
                    "label": "Applicant Role Metatype",
                    "node_id": "5a50fb24-9930-11ea-9de2-f875a44e0e11",
                    "sortorder": 14,
                    "visible": false,
                    "widget_id": "10000000-0000-0000-0000-000000000002"
                }
            ],
            "color": "rgba(224,47,47,0.67)",
            "config": {
                "activeTabIndex": 0,
                "tabs": [
                    {
                        "header_component": "report-header-map",
                        "icon": "fa fa-tags",
                        "name": "Summary Report",
                        "nodegroup_ids": [
                            "8d41e4ba-a250-11e9-9b20-00224800b26d",
                            "8d41e4c0-a250-11e9-a7e3-00224800b26d",
                            "8d41e4a8-a250-11e9-aff0-00224800b26d",
                            "58a2b98f-a255-11e9-9a30-00224800b26d",
                            "8d41e4b7-a250-11e9-9b6c-00224800b26d",
                            "c32c7b62-a30f-11e9-a8f2-00224800b26d",
                            "8d41e4b1-a250-11e9-96d3-00224800b26d"
                        ],
                        "side_component": "consultations-status"
                    },
                    {
                        "icon": "fa fa-building",
                        "name": "Conditions/Mitigations",
                        "nodegroup_ids": [
                            "8d41e4bd-a250-11e9-89e8-00224800b26d",
                            "8d41e49f-a250-11e9-b6b3-00224800b26d",
                            "8d41e4ae-a250-11e9-8c00-00224800b26d"
                        ],
                        "side_component": "consultations-conditions-mitigations"
                    },
                    {
                        "empty_component": "consultations-site-visit-empty",
                        "icon": "fa fa-clipboard",
                        "main_component": "consultations-site-visit-main",
                        "name": "Site Visits",
                        "nodegroup_ids": [
                            "066cb8f0-a251-11e9-85d5-00224800b26d"
                        ],
                        "side_component": "consultations-site-visits-summary"
                    },
                    {
                        "icon": "fa fa-comment",
                        "name": "Communications",
                        "nodegroup_ids": [
                            "caf5bff1-a3d7-11e9-aa28-00224800b26d",
                            "8d41e4b4-a250-11e9-993d-00224800b26d"
                        ],
                        "side_component": "consultations-communications-summary"
                    }
                ]
            },
            "deploymentdate": null,
            "deploymentfile": null,
            "description": "",
            "edges": [
                {
                    "description": null,
                    "domainnode_id": "5a50fb2b-9930-11ea-89ac-f875a44e0e11",
                    "edgeid": "5a514912-9930-11ea-bdca-f875a44e0e11",
                    "graph_id": "5a50d3fa-9930-11ea-b7b2-f875a44e0e11",
                    "name": null,
                    "ontologyproperty": "http://www.cidoc-crm.org/cidoc-crm/P107_has_current_or_former_member",
                    "rangenode_id": "5a50fb23-9930-11ea-9cf5-f875a44e0e11"
                },
                {
                    "description": null,
                    "domainnode_id": "5a50fb2b-9930-11ea-89ac-f875a44e0e11",
                    "edgeid": "5a514913-9930-11ea-8598-f875a44e0e11",
                    "graph_id": "5a50d3fa-9930-11ea-b7b2-f875a44e0e11",
                    "name": null,
                    "ontologyproperty": "http://www.cidoc-crm.org/cidoc-crm/P2_has_type",
                    "rangenode_id": "5a50fb26-9930-11ea-9d22-f875a44e0e11"
                },
                {
                    "description": null,
                    "domainnode_id": "5a50fb1c-9930-11ea-8dad-f875a44e0e11",
                    "edgeid": "5a514914-9930-11ea-9c52-f875a44e0e11",
                    "graph_id": "5a50d3fa-9930-11ea-b7b2-f875a44e0e11",
                    "name": null,
                    "ontologyproperty": "http://www.cidoc-crm.org/cidoc-crm/P107_has_current_or_former_member",
                    "rangenode_id": "5a50fb27-9930-11ea-a30a-f875a44e0e11"
                },
                {
                    "description": null,
                    "domainnode_id": "5a50fb1c-9930-11ea-8dad-f875a44e0e11",
                    "edgeid": "5a514915-9930-11ea-9d38-f875a44e0e11",
                    "graph_id": "5a50d3fa-9930-11ea-b7b2-f875a44e0e11",
                    "name": null,
                    "ontologyproperty": "http://www.cidoc-crm.org/cidoc-crm/P2_has_type",
                    "rangenode_id": "5a50fb1f-9930-11ea-8138-f875a44e0e11"
                },
                {
                    "description": null,
                    "domainnode_id": "5a50fb20-9930-11ea-887b-f875a44e0e11",
                    "edgeid": "5a514916-9930-11ea-b865-f875a44e0e11",
                    "graph_id": "5a50d3fa-9930-11ea-b7b2-f875a44e0e11",
                    "name": null,
                    "ontologyproperty": "http://www.cidoc-crm.org/cidoc-crm/P2_has_type",
                    "rangenode_id": "5a50fb22-9930-11ea-ad40-f875a44e0e11"
                },
                {
                    "description": null,
                    "domainnode_id": "5a50d3fb-9930-11ea-82d8-f875a44e0e11",
                    "edgeid": "5a514917-9930-11ea-ad1c-f875a44e0e11",
                    "graph_id": "5a50d3fa-9930-11ea-b7b2-f875a44e0e11",
                    "name": null,
                    "ontologyproperty": "http://www.cidoc-crm.org/cidoc-crm/P107_has_current_or_former_member",
                    "rangenode_id": "5a50fb2b-9930-11ea-89ac-f875a44e0e11"
                },
                {
                    "description": null,
                    "domainnode_id": "5a50d3fb-9930-11ea-82d8-f875a44e0e11",
                    "edgeid": "5a514918-9930-11ea-9777-f875a44e0e11",
                    "graph_id": "5a50d3fa-9930-11ea-b7b2-f875a44e0e11",
                    "name": null,
                    "ontologyproperty": "http://www.cidoc-crm.org/cidoc-crm/P107_has_current_or_former_member",
                    "rangenode_id": "5a50fb2f-9930-11ea-b4a9-f875a44e0e11"
                },
                {
                    "description": null,
                    "domainnode_id": "5a50fb2f-9930-11ea-b4a9-f875a44e0e11",
                    "edgeid": "5a514919-9930-11ea-95d1-f875a44e0e11",
                    "graph_id": "5a50d3fa-9930-11ea-b7b2-f875a44e0e11",
                    "name": null,
                    "ontologyproperty": "http://www.cidoc-crm.org/cidoc-crm/P2_has_type",
                    "rangenode_id": "5a50fb2a-9930-11ea-ba89-f875a44e0e11"
                },
                {
                    "description": null,
                    "domainnode_id": "5a50fb2f-9930-11ea-b4a9-f875a44e0e11",
                    "edgeid": "5a51491a-9930-11ea-a8d8-f875a44e0e11",
                    "graph_id": "5a50d3fa-9930-11ea-b7b2-f875a44e0e11",
                    "name": null,
                    "ontologyproperty": "http://www.cidoc-crm.org/cidoc-crm/P107_has_current_or_former_member",
                    "rangenode_id": "5a50fb29-9930-11ea-b97f-f875a44e0e11"
                },
                {
                    "description": null,
                    "domainnode_id": "5a50d3fb-9930-11ea-82d8-f875a44e0e11",
                    "edgeid": "5a51491b-9930-11ea-9015-f875a44e0e11",
                    "graph_id": "5a50d3fa-9930-11ea-b7b2-f875a44e0e11",
                    "name": null,
                    "ontologyproperty": "http://www.cidoc-crm.org/cidoc-crm/P107_has_current_or_former_member",
                    "rangenode_id": "5a50fb21-9930-11ea-93cb-f875a44e0e11"
                },
                {
                    "description": null,
                    "domainnode_id": "5a50fb22-9930-11ea-ad40-f875a44e0e11",
                    "edgeid": "5a51491c-9930-11ea-bc04-f875a44e0e11",
                    "graph_id": "5a50d3fa-9930-11ea-b7b2-f875a44e0e11",
                    "name": null,
                    "ontologyproperty": "http://www.cidoc-crm.org/cidoc-crm/P2_has_type",
                    "rangenode_id": "5a50fb28-9930-11ea-85b4-f875a44e0e11"
                },
                {
                    "description": null,
                    "domainnode_id": "5a50fb2d-9930-11ea-a6e8-f875a44e0e11",
                    "edgeid": "5a51700c-9930-11ea-a9bc-f875a44e0e11",
                    "graph_id": "5a50d3fa-9930-11ea-b7b2-f875a44e0e11",
                    "name": null,
                    "ontologyproperty": "http://www.cidoc-crm.org/cidoc-crm/P2_has_type",
                    "rangenode_id": "5a50fb2c-9930-11ea-88c5-f875a44e0e11"
                },
                {
                    "description": null,
                    "domainnode_id": "5a50fb21-9930-11ea-93cb-f875a44e0e11",
                    "edgeid": "5a51700d-9930-11ea-a2e6-f875a44e0e11",
                    "graph_id": "5a50d3fa-9930-11ea-b7b2-f875a44e0e11",
                    "name": null,
                    "ontologyproperty": "http://www.cidoc-crm.org/cidoc-crm/P2_has_type",
                    "rangenode_id": "5a50fb2d-9930-11ea-a6e8-f875a44e0e11"
                },
                {
                    "description": null,
                    "domainnode_id": "5a50fb21-9930-11ea-93cb-f875a44e0e11",
                    "edgeid": "5a51700e-9930-11ea-a7ac-f875a44e0e11",
                    "graph_id": "5a50d3fa-9930-11ea-b7b2-f875a44e0e11",
                    "name": null,
                    "ontologyproperty": "http://www.cidoc-crm.org/cidoc-crm/P107_has_current_or_former_member",
                    "rangenode_id": "5a50fb2e-9930-11ea-8a8e-f875a44e0e11"
                },
                {
                    "description": null,
                    "domainnode_id": "5a50fb2a-9930-11ea-ba89-f875a44e0e11",
                    "edgeid": "5a51490c-9930-11ea-9559-f875a44e0e11",
                    "graph_id": "5a50d3fa-9930-11ea-b7b2-f875a44e0e11",
                    "name": null,
                    "ontologyproperty": "http://www.cidoc-crm.org/cidoc-crm/P2_has_type",
                    "rangenode_id": "5a50fb1d-9930-11ea-80de-f875a44e0e11"
                },
                {
                    "description": null,
                    "domainnode_id": "5a50fb26-9930-11ea-9d22-f875a44e0e11",
                    "edgeid": "5a51490d-9930-11ea-a29d-f875a44e0e11",
                    "graph_id": "5a50d3fa-9930-11ea-b7b2-f875a44e0e11",
                    "name": null,
                    "ontologyproperty": "http://www.cidoc-crm.org/cidoc-crm/P2_has_type",
                    "rangenode_id": "5a50fb24-9930-11ea-9de2-f875a44e0e11"
                },
                {
                    "description": null,
                    "domainnode_id": "5a50d3fb-9930-11ea-82d8-f875a44e0e11",
                    "edgeid": "5a51490e-9930-11ea-b670-f875a44e0e11",
                    "graph_id": "5a50d3fa-9930-11ea-b7b2-f875a44e0e11",
                    "name": null,
                    "ontologyproperty": "http://www.cidoc-crm.org/cidoc-crm/P107_has_current_or_former_member",
                    "rangenode_id": "5a50fb1c-9930-11ea-8dad-f875a44e0e11"
                },
                {
                    "description": null,
                    "domainnode_id": "5a50d3fb-9930-11ea-82d8-f875a44e0e11",
                    "edgeid": "5a51490f-9930-11ea-b743-f875a44e0e11",
                    "graph_id": "5a50d3fa-9930-11ea-b7b2-f875a44e0e11",
                    "name": null,
                    "ontologyproperty": "http://www.cidoc-crm.org/cidoc-crm/P107_has_current_or_former_member",
                    "rangenode_id": "5a50fb20-9930-11ea-887b-f875a44e0e11"
                },
                {
                    "description": null,
                    "domainnode_id": "5a50fb20-9930-11ea-887b-f875a44e0e11",
                    "edgeid": "5a514910-9930-11ea-bb3c-f875a44e0e11",
                    "graph_id": "5a50d3fa-9930-11ea-b7b2-f875a44e0e11",
                    "name": null,
                    "ontologyproperty": "http://www.cidoc-crm.org/cidoc-crm/P107_has_current_or_former_member",
                    "rangenode_id": "5a50fb25-9930-11ea-a0aa-f875a44e0e11"
                },
                {
                    "description": null,
                    "domainnode_id": "5a50fb1f-9930-11ea-8138-f875a44e0e11",
                    "edgeid": "5a514911-9930-11ea-8b44-f875a44e0e11",
                    "graph_id": "5a50d3fa-9930-11ea-b7b2-f875a44e0e11",
                    "name": null,
                    "ontologyproperty": "http://www.cidoc-crm.org/cidoc-crm/P2_has_type",
                    "rangenode_id": "5a50fb1e-9930-11ea-804b-f875a44e0e11"
                }
            ],
            "functions_x_graphs": [],
            "graphid": "5a50d3fa-9930-11ea-b7b2-f875a44e0e11",
            "iconclass": "fa fa-group",
            "is_editable": true,
            "isactive": true,
            "isresource": false,
            "jsonldcontext": null,
            "name": "Contacts",
            "nodegroups": [
                {
                    "cardinality": "1",
                    "legacygroupid": null,
                    "nodegroupid": "5a50d3fb-9930-11ea-82d8-f875a44e0e11",
                    "parentnodegroup_id": null
                }
            ],
            "nodes": [
                {
                    "config": null,
                    "datatype": "semantic",
                    "description": null,
                    "exportable": false,
                    "fieldname": null,
                    "graph_id": "5a50d3fa-9930-11ea-b7b2-f875a44e0e11",
                    "is_collector": false,
                    "isrequired": false,
                    "issearchable": true,
                    "istopnode": false,
                    "name": "Owners",
                    "nodegroup_id": "5a50d3fb-9930-11ea-82d8-f875a44e0e11",
                    "nodeid": "5a50fb1c-9930-11ea-8dad-f875a44e0e11",
                    "ontologyclass": "http://www.cidoc-crm.org/cidoc-crm/E74_Group",
                    "parentproperty": "http://www.cidoc-crm.org/cidoc-crm/P107_has_current_or_former_member",
                    "sortorder": 0
                },
                {
                    "config": {
                        "rdmCollection": "1e63c514-eb9d-48d3-94b5-35e060e5f368"
                    },
                    "datatype": "concept",
                    "description": null,
                    "exportable": false,
                    "fieldname": null,
                    "graph_id": "5a50d3fa-9930-11ea-b7b2-f875a44e0e11",
                    "is_collector": false,
                    "isrequired": false,
                    "issearchable": true,
                    "istopnode": false,
                    "name": "Planning Officer Metatype",
                    "nodegroup_id": "5a50d3fb-9930-11ea-82d8-f875a44e0e11",
                    "nodeid": "5a50fb1d-9930-11ea-80de-f875a44e0e11",
                    "ontologyclass": "http://www.cidoc-crm.org/cidoc-crm/E55_Type",
                    "parentproperty": "http://www.cidoc-crm.org/cidoc-crm/P2_has_type",
                    "sortorder": 0
                },
                {
                    "config": {
                        "rdmCollection": "1e63c514-eb9d-48d3-94b5-35e060e5f368"
                    },
                    "datatype": "concept",
                    "description": null,
                    "exportable": false,
                    "fieldname": null,
                    "graph_id": "5a50d3fa-9930-11ea-b7b2-f875a44e0e11",
                    "is_collector": false,
                    "isrequired": false,
                    "issearchable": true,
                    "istopnode": false,
                    "name": "Owner Role Metatype",
                    "nodegroup_id": "5a50d3fb-9930-11ea-82d8-f875a44e0e11",
                    "nodeid": "5a50fb1e-9930-11ea-804b-f875a44e0e11",
                    "ontologyclass": "http://www.cidoc-crm.org/cidoc-crm/E55_Type",
                    "parentproperty": "http://www.cidoc-crm.org/cidoc-crm/P2_has_type",
                    "sortorder": 0
                },
                {
                    "config": {
                        "rdmCollection": "0cdf5418-d21b-4d01-9760-8edad86ac4f0"
                    },
                    "datatype": "concept",
                    "description": null,
                    "exportable": false,
                    "fieldname": null,
                    "graph_id": "5a50d3fa-9930-11ea-b7b2-f875a44e0e11",
                    "is_collector": false,
                    "isrequired": false,
                    "issearchable": true,
                    "istopnode": false,
                    "name": "Owner Role Type",
                    "nodegroup_id": "5a50d3fb-9930-11ea-82d8-f875a44e0e11",
                    "nodeid": "5a50fb1f-9930-11ea-8138-f875a44e0e11",
                    "ontologyclass": "http://www.cidoc-crm.org/cidoc-crm/E55_Type",
                    "parentproperty": "http://www.cidoc-crm.org/cidoc-crm/P2_has_type",
                    "sortorder": 0
                },
                {
                    "config": null,
                    "datatype": "semantic",
                    "description": null,
                    "exportable": false,
                    "fieldname": null,
                    "graph_id": "5a50d3fa-9930-11ea-b7b2-f875a44e0e11",
                    "is_collector": false,
                    "isrequired": false,
                    "issearchable": true,
                    "istopnode": false,
                    "name": "Agents",
                    "nodegroup_id": "5a50d3fb-9930-11ea-82d8-f875a44e0e11",
                    "nodeid": "5a50fb20-9930-11ea-887b-f875a44e0e11",
                    "ontologyclass": "http://www.cidoc-crm.org/cidoc-crm/E74_Group",
                    "parentproperty": "http://www.cidoc-crm.org/cidoc-crm/P107_has_current_or_former_member",
                    "sortorder": 0
                },
                {
                    "config": null,
                    "datatype": "semantic",
                    "description": null,
                    "exportable": false,
                    "fieldname": "",
                    "graph_id": "5a50d3fa-9930-11ea-b7b2-f875a44e0e11",
                    "is_collector": false,
                    "isrequired": false,
                    "issearchable": true,
                    "istopnode": false,
                    "name": "Casework Officers",
                    "nodegroup_id": "5a50d3fb-9930-11ea-82d8-f875a44e0e11",
                    "nodeid": "5a50fb21-9930-11ea-93cb-f875a44e0e11",
                    "ontologyclass": "http://www.cidoc-crm.org/cidoc-crm/E74_Group",
                    "parentproperty": "http://www.cidoc-crm.org/cidoc-crm/P107_has_current_or_former_member",
                    "sortorder": 0
                },
                {
                    "config": {
                        "graphid": [
                            "22477f01-1a44-11e9-b0a9-000d3ab1e588"
                        ],
                        "graphs": [
                            {
                                "graphid": "22477f01-1a44-11e9-b0a9-000d3ab1e588",
                                "name": "Person"
                            }
                        ]
                    },
                    "datatype": "resource-instance",
                    "description": null,
                    "exportable": true,
                    "fieldname": "Plan_Offic",
                    "graph_id": "5a50d3fa-9930-11ea-b7b2-f875a44e0e11",
                    "is_collector": false,
                    "isrequired": false,
                    "issearchable": true,
                    "istopnode": false,
                    "name": "Planning Officer",
                    "nodegroup_id": "5a50d3fb-9930-11ea-82d8-f875a44e0e11",
                    "nodeid": "5a50fb29-9930-11ea-b97f-f875a44e0e11",
                    "ontologyclass": "http://www.cidoc-crm.org/cidoc-crm/E21_Person",
                    "parentproperty": "http://www.cidoc-crm.org/cidoc-crm/P107_has_current_or_former_member",
                    "sortorder": 0
                },
                {
                    "config": {
                        "rdmCollection": "0cdf5418-d21b-4d01-9760-8edad86ac4f0"
                    },
                    "datatype": "concept",
                    "description": "",
                    "exportable": false,
                    "fieldname": null,
                    "graph_id": "5a50d3fa-9930-11ea-b7b2-f875a44e0e11",
                    "is_collector": false,
                    "isrequired": false,
                    "issearchable": true,
                    "istopnode": false,
                    "name": "Planning Officer Role Type",
                    "nodegroup_id": "5a50d3fb-9930-11ea-82d8-f875a44e0e11",
                    "nodeid": "5a50fb2a-9930-11ea-ba89-f875a44e0e11",
                    "ontologyclass": "http://www.cidoc-crm.org/cidoc-crm/E55_Type",
                    "parentproperty": "http://www.cidoc-crm.org/cidoc-crm/P2_has_type",
                    "sortorder": 0
                },
                {
                    "config": null,
                    "datatype": "semantic",
                    "description": null,
                    "exportable": false,
                    "fieldname": null,
                    "graph_id": "5a50d3fa-9930-11ea-b7b2-f875a44e0e11",
                    "is_collector": false,
                    "isrequired": false,
                    "issearchable": true,
                    "istopnode": false,
                    "name": "Applicants",
                    "nodegroup_id": "5a50d3fb-9930-11ea-82d8-f875a44e0e11",
                    "nodeid": "5a50fb2b-9930-11ea-89ac-f875a44e0e11",
                    "ontologyclass": "http://www.cidoc-crm.org/cidoc-crm/E74_Group",
                    "parentproperty": "http://www.cidoc-crm.org/cidoc-crm/P107_has_current_or_former_member",
                    "sortorder": 0
                },
                {
                    "config": {
                        "rdmCollection": "1e63c514-eb9d-48d3-94b5-35e060e5f368"
                    },
                    "datatype": "concept",
                    "description": null,
                    "exportable": false,
                    "fieldname": null,
                    "graph_id": "5a50d3fa-9930-11ea-b7b2-f875a44e0e11",
                    "is_collector": false,
                    "isrequired": false,
                    "issearchable": true,
                    "istopnode": false,
                    "name": "Casework Officer Role Metatype",
                    "nodegroup_id": "5a50d3fb-9930-11ea-82d8-f875a44e0e11",
                    "nodeid": "5a50fb2c-9930-11ea-88c5-f875a44e0e11",
                    "ontologyclass": "http://www.cidoc-crm.org/cidoc-crm/E55_Type",
                    "parentproperty": "http://www.cidoc-crm.org/cidoc-crm/P2_has_type",
                    "sortorder": 0
                },
                {
                    "config": {
                        "rdmCollection": "0cdf5418-d21b-4d01-9760-8edad86ac4f0"
                    },
                    "datatype": "concept",
                    "description": "",
                    "exportable": false,
                    "fieldname": null,
                    "graph_id": "5a50d3fa-9930-11ea-b7b2-f875a44e0e11",
                    "is_collector": false,
                    "isrequired": false,
                    "issearchable": true,
                    "istopnode": false,
                    "name": "Casework Officer Role Type",
                    "nodegroup_id": "5a50d3fb-9930-11ea-82d8-f875a44e0e11",
                    "nodeid": "5a50fb2d-9930-11ea-a6e8-f875a44e0e11",
                    "ontologyclass": "http://www.cidoc-crm.org/cidoc-crm/E55_Type",
                    "parentproperty": "http://www.cidoc-crm.org/cidoc-crm/P2_has_type",
                    "sortorder": 0
                },
                {
                    "config": {
                        "graphid": [
                            "22477f01-1a44-11e9-b0a9-000d3ab1e588"
                        ],
                        "graphs": [
                            {
                                "graphid": "22477f01-1a44-11e9-b0a9-000d3ab1e588",
                                "name": "Person"
                            }
                        ]
                    },
                    "datatype": "resource-instance",
                    "description": null,
                    "exportable": true,
                    "fieldname": "Case_Offic",
                    "graph_id": "5a50d3fa-9930-11ea-b7b2-f875a44e0e11",
                    "is_collector": false,
                    "isrequired": false,
                    "issearchable": true,
                    "istopnode": false,
                    "name": "Casework Officer",
                    "nodegroup_id": "5a50d3fb-9930-11ea-82d8-f875a44e0e11",
                    "nodeid": "5a50fb2e-9930-11ea-8a8e-f875a44e0e11",
                    "ontologyclass": "http://www.cidoc-crm.org/cidoc-crm/E21_Person",
                    "parentproperty": "http://www.cidoc-crm.org/cidoc-crm/P107_has_current_or_former_member",
                    "sortorder": 0
                },
                {
                    "config": null,
                    "datatype": "semantic",
                    "description": null,
                    "exportable": false,
                    "fieldname": "",
                    "graph_id": "5a50d3fa-9930-11ea-b7b2-f875a44e0e11",
                    "is_collector": false,
                    "isrequired": false,
                    "issearchable": true,
                    "istopnode": false,
                    "name": "Planning Officers",
                    "nodegroup_id": "5a50d3fb-9930-11ea-82d8-f875a44e0e11",
                    "nodeid": "5a50fb2f-9930-11ea-b4a9-f875a44e0e11",
                    "ontologyclass": "http://www.cidoc-crm.org/cidoc-crm/E74_Group",
                    "parentproperty": "http://www.cidoc-crm.org/cidoc-crm/P107_has_current_or_former_member",
                    "sortorder": 0
                },
                {
                    "config": null,
                    "datatype": "semantic",
                    "description": null,
                    "exportable": false,
                    "fieldname": "",
                    "graph_id": "5a50d3fa-9930-11ea-b7b2-f875a44e0e11",
                    "is_collector": true,
                    "isrequired": false,
                    "issearchable": true,
                    "istopnode": true,
                    "name": "Contacts",
                    "nodegroup_id": "5a50d3fb-9930-11ea-82d8-f875a44e0e11",
                    "nodeid": "5a50d3fb-9930-11ea-82d8-f875a44e0e11",
                    "ontologyclass": "http://www.cidoc-crm.org/cidoc-crm/E74_Group",
                    "parentproperty": "",
                    "sortorder": 0
                },
                {
                    "config": {
                        "rdmCollection": "0cdf5418-d21b-4d01-9760-8edad86ac4f0"
                    },
                    "datatype": "concept",
                    "description": null,
                    "exportable": false,
                    "fieldname": null,
                    "graph_id": "5a50d3fa-9930-11ea-b7b2-f875a44e0e11",
                    "is_collector": false,
                    "isrequired": false,
                    "issearchable": true,
                    "istopnode": false,
                    "name": "Agent Role Type",
                    "nodegroup_id": "5a50d3fb-9930-11ea-82d8-f875a44e0e11",
                    "nodeid": "5a50fb22-9930-11ea-ad40-f875a44e0e11",
                    "ontologyclass": "http://www.cidoc-crm.org/cidoc-crm/E55_Type",
                    "parentproperty": "http://www.cidoc-crm.org/cidoc-crm/P2_has_type",
                    "sortorder": 0
                },
                {
                    "config": {
                        "graphid": [
                            "d4a88461-5463-11e9-90d9-000d3ab1e588",
                            "22477f01-1a44-11e9-b0a9-000d3ab1e588"
                        ],
                        "graphs": [
                            {
                                "graphid": "d4a88461-5463-11e9-90d9-000d3ab1e588",
                                "name": "Organization"
                            },
                            {
                                "graphid": "22477f01-1a44-11e9-b0a9-000d3ab1e588",
                                "name": "Person"
                            }
                        ]
                    },
                    "datatype": "resource-instance-list",
                    "description": null,
                    "exportable": true,
                    "fieldname": "Applicant",
                    "graph_id": "5a50d3fa-9930-11ea-b7b2-f875a44e0e11",
                    "is_collector": false,
                    "isrequired": false,
                    "issearchable": true,
                    "istopnode": false,
                    "name": "Applicant",
                    "nodegroup_id": "5a50d3fb-9930-11ea-82d8-f875a44e0e11",
                    "nodeid": "5a50fb23-9930-11ea-9cf5-f875a44e0e11",
                    "ontologyclass": "http://www.cidoc-crm.org/cidoc-crm/E39_Actor",
                    "parentproperty": "http://www.cidoc-crm.org/cidoc-crm/P107_has_current_or_former_member",
                    "sortorder": 0
                },
                {
                    "config": {
                        "rdmCollection": "1e63c514-eb9d-48d3-94b5-35e060e5f368"
                    },
                    "datatype": "concept",
                    "description": null,
                    "exportable": false,
                    "fieldname": null,
                    "graph_id": "5a50d3fa-9930-11ea-b7b2-f875a44e0e11",
                    "is_collector": false,
                    "isrequired": false,
                    "issearchable": true,
                    "istopnode": false,
                    "name": "Applicant Role Metatype",
                    "nodegroup_id": "5a50d3fb-9930-11ea-82d8-f875a44e0e11",
                    "nodeid": "5a50fb24-9930-11ea-9de2-f875a44e0e11",
                    "ontologyclass": "http://www.cidoc-crm.org/cidoc-crm/E55_Type",
                    "parentproperty": "http://www.cidoc-crm.org/cidoc-crm/P2_has_type",
                    "sortorder": 0
                },
                {
                    "config": {
                        "rdmCollection": "0cdf5418-d21b-4d01-9760-8edad86ac4f0"
                    },
                    "datatype": "concept",
                    "description": null,
                    "exportable": false,
                    "fieldname": null,
                    "graph_id": "5a50d3fa-9930-11ea-b7b2-f875a44e0e11",
                    "is_collector": false,
                    "isrequired": false,
                    "issearchable": true,
                    "istopnode": false,
                    "name": "Applicant Role Type",
                    "nodegroup_id": "5a50d3fb-9930-11ea-82d8-f875a44e0e11",
                    "nodeid": "5a50fb26-9930-11ea-9d22-f875a44e0e11",
                    "ontologyclass": "http://www.cidoc-crm.org/cidoc-crm/E55_Type",
                    "parentproperty": "http://www.cidoc-crm.org/cidoc-crm/P2_has_type",
                    "sortorder": 0
                },
                {
                    "config": {
                        "rdmCollection": "1e63c514-eb9d-48d3-94b5-35e060e5f368"
                    },
                    "datatype": "concept",
                    "description": null,
                    "exportable": false,
                    "fieldname": null,
                    "graph_id": "5a50d3fa-9930-11ea-b7b2-f875a44e0e11",
                    "is_collector": false,
                    "isrequired": false,
                    "issearchable": true,
                    "istopnode": false,
                    "name": "Agent Role Metatype",
                    "nodegroup_id": "5a50d3fb-9930-11ea-82d8-f875a44e0e11",
                    "nodeid": "5a50fb28-9930-11ea-85b4-f875a44e0e11",
                    "ontologyclass": "http://www.cidoc-crm.org/cidoc-crm/E55_Type",
                    "parentproperty": "http://www.cidoc-crm.org/cidoc-crm/P2_has_type",
                    "sortorder": 0
                },
                {
                    "config": {
                        "graphid": null,
                        "graphs": [
                            {
                                "graphid": "d4a88461-5463-11e9-90d9-000d3ab1e588",
                                "name": "Organization"
                            },
                            {
                                "graphid": "22477f01-1a44-11e9-b0a9-000d3ab1e588",
                                "name": "Person"
                            }
                        ]
                    },
                    "datatype": "resource-instance-list",
                    "description": null,
                    "exportable": true,
                    "fieldname": "Agent",
                    "graph_id": "5a50d3fa-9930-11ea-b7b2-f875a44e0e11",
                    "is_collector": false,
                    "isrequired": false,
                    "issearchable": true,
                    "istopnode": false,
                    "name": "Agent",
                    "nodegroup_id": "5a50d3fb-9930-11ea-82d8-f875a44e0e11",
                    "nodeid": "5a50fb25-9930-11ea-a0aa-f875a44e0e11",
                    "ontologyclass": "http://www.cidoc-crm.org/cidoc-crm/E39_Actor",
                    "parentproperty": "http://www.cidoc-crm.org/cidoc-crm/P107_has_current_or_former_member",
                    "sortorder": 0
                },
                {
                    "config": {
                        "graphid": [
                            "d4a88461-5463-11e9-90d9-000d3ab1e588",
                            "22477f01-1a44-11e9-b0a9-000d3ab1e588"
                        ],
                        "graphs": [
                            {
                                "graphid": "d4a88461-5463-11e9-90d9-000d3ab1e588",
                                "name": "Organization"
                            },
                            {
                                "graphid": "22477f01-1a44-11e9-b0a9-000d3ab1e588",
                                "name": "Person"
                            }
                        ]
                    },
                    "datatype": "resource-instance-list",
                    "description": null,
                    "exportable": true,
                    "fieldname": "Owner",
                    "graph_id": "5a50d3fa-9930-11ea-b7b2-f875a44e0e11",
                    "is_collector": false,
                    "isrequired": false,
                    "issearchable": true,
                    "istopnode": false,
                    "name": "Owner",
                    "nodegroup_id": "5a50d3fb-9930-11ea-82d8-f875a44e0e11",
                    "nodeid": "5a50fb27-9930-11ea-a30a-f875a44e0e11",
                    "ontologyclass": "http://www.cidoc-crm.org/cidoc-crm/E39_Actor",
                    "parentproperty": "http://www.cidoc-crm.org/cidoc-crm/P107_has_current_or_former_member",
                    "sortorder": 0
                }
            ],
            "ontology_id": "e6e8db47-2ccf-11e6-927e-b8f6b115d7dd",
            "relatable_resource_model_ids": [],
            "resource_2_resource_constraints": [],
            "root": {
                "config": null,
                "datatype": "semantic",
                "description": null,
                "exportable": false,
                "fieldname": "",
                "graph_id": "5a50d3fa-9930-11ea-b7b2-f875a44e0e11",
                "is_collector": true,
                "isrequired": false,
                "issearchable": true,
                "istopnode": true,
                "name": "Contacts",
                "nodegroup_id": "5a50d3fb-9930-11ea-82d8-f875a44e0e11",
                "nodeid": "5a50d3fb-9930-11ea-82d8-f875a44e0e11",
                "ontologyclass": "http://www.cidoc-crm.org/cidoc-crm/E74_Group",
                "sortorder": 0
            },
            "slug": null,
            "subtitle": "",
            "template_id": "50000000-0000-0000-0000-000000000004",
            "version": ""
        }
    ]
}