{
    "graph": [
        {
            "author": "",
            "cards": [
                {
                    "active": true,
                    "cardid": "fb1484f9-992e-11ea-8e3c-f875a44e0e11",
                    "component_id": "f05e4d3a-53c1-11e8-b0ea-784f435179ea",
                    "config": null,
                    "constraints": [],
                    "cssclass": null,
                    "description": "",
                    "graph_id": "fb1484f6-992e-11ea-9d18-f875a44e0e11",
                    "helpenabled": false,
                    "helptext": null,
                    "helptitle": null,
                    "instructions": null,
                    "is_editable": true,
                    "name": "Copyright",
                    "nodegroup_id": "fb1484f7-992e-11ea-a732-f875a44e0e11",
                    "sortorder": 9,
                    "visible": true
                }
            ],
            "cards_x_nodes_x_widgets": [
                {
                    "card_id": "fb1484f9-992e-11ea-8e3c-f875a44e0e11",
                    "config": {
                        "defaultValue": null,
                        "label": "Copyright Holder",
                        "maxLength": null,
                        "placeholder": "Enter text",
                        "width": "100%"
                    },
                    "id": "fb14ac11-992e-11ea-b794-f875a44e0e11",
                    "label": "Copyright Holder",
                    "node_id": "fb14ac0c-992e-11ea-90df-f875a44e0e11",
                    "sortorder": 0,
                    "visible": true,
                    "widget_id": "ff3c400a-76ec-11e7-a793-784f435179ea"
                },
                {
                    "card_id": "fb1484f9-992e-11ea-8e3c-f875a44e0e11",
                    "config": {
                        "defaultValue": "daa4cddc-8636-4842-b836-eb2e10aabe18",
                        "label": "Copyright Note Type",
                        "options": [],
                        "placeholder": "Select an option"
                    },
                    "id": "fb14ac12-992e-11ea-a284-f875a44e0e11",
                    "label": "Copyright Note Type",
                    "node_id": "fb1484fa-992e-11ea-b957-f875a44e0e11",
                    "sortorder": 3,
                    "visible": false,
                    "widget_id": "10000000-0000-0000-0000-000000000002"
                },
                {
                    "card_id": "fb1484f9-992e-11ea-8e3c-f875a44e0e11",
                    "config": {
                        "defaultValue": null,
                        "label": "Copyright Type",
                        "options": [
                            {
                                "children": [],
                                "collector": "",
                                "conceptid": "4b20fbcd-a0d2-4a47-83e3-e8acd72b7182",
                                "id": "bcc0a33c-4d3f-4f2a-a7e0-3bab465b9136",
                                "sortorder": "",
                                "text": "Copyright - All Rights Reserved"
                            },
                            {
                                "children": [],
                                "collector": "",
                                "conceptid": "f0373651-e12b-4ea9-8e64-2eea9e6df73d",
                                "id": "49189f3a-261c-44a2-8361-a0ddf72fea22",
                                "sortorder": "",
                                "text": "Copyright Licence (e.g. Creative Commons)"
                            },
                            {
                                "children": [],
                                "collector": "",
                                "conceptid": "9c7e055b-6ce8-45e2-a89f-3cef96503bc1",
                                "id": "95b62283-80d4-4e97-9744-9afdf9a1450e",
                                "sortorder": "",
                                "text": "Crown Copyright"
                            },
                            {
                                "children": [],
                                "collector": "",
                                "conceptid": "a942fca4-2947-4096-8d83-873193f7b395",
                                "id": "63035028-096c-4b84-931e-9f91a57723c4",
                                "sortorder": "",
                                "text": "No Known Copyright Restriction"
                            },
                            {
                                "children": [],
                                "collector": "",
                                "conceptid": "b402a3df-fd66-4179-a99d-2ce396bbfac5",
                                "id": "c2b51d0c-9700-480a-9dce-a3141f3ffd83",
                                "sortorder": "",
                                "text": "Public Domain"
                            }
                        ],
                        "placeholder": "Select an option",
                        "url": "/concepts/dropdown?conceptid=c73164aa-acbd-4d7b-878b-1e8b723d0e57"
                    },
                    "id": "fb14ac10-992e-11ea-afe0-f875a44e0e11",
                    "label": "Copyright Type",
                    "node_id": "fb14ac0d-992e-11ea-8b85-f875a44e0e11",
                    "sortorder": 1,
                    "visible": true,
                    "widget_id": "10000000-0000-0000-0000-000000000002"
                },
                {
                    "card_id": "fb1484f9-992e-11ea-8e3c-f875a44e0e11",
                    "config": {
                        "defaultValue": "561dc137-3557-4e2f-986e-a8855cad74cf",
                        "label": "Copyright Metatype",
                        "options": [],
                        "placeholder": "Select an option"
                    },
                    "id": "fb14ac13-992e-11ea-9a8e-f875a44e0e11",
                    "label": "Copyright Metatype",
                    "node_id": "fb14ac0a-992e-11ea-90a2-f875a44e0e11",
                    "sortorder": 2,
                    "visible": false,
                    "widget_id": "10000000-0000-0000-0000-000000000002"
                },
                {
                    "card_id": "fb1484f9-992e-11ea-8e3c-f875a44e0e11",
                    "config": {
                        "defaultValue": "6fbe3775-e51d-4f90-af53-5695dd204c9a",
                        "label": "Copyright Note Metatype",
                        "options": [],
                        "placeholder": "Select an option"
                    },
                    "id": "fb14ac14-992e-11ea-a531-f875a44e0e11",
                    "label": "Copyright Note Metatype",
                    "node_id": "fb14ac0b-992e-11ea-97fa-f875a44e0e11",
                    "sortorder": 5,
                    "visible": false,
                    "widget_id": "10000000-0000-0000-0000-000000000002"
                },
                {
                    "card_id": "fb1484f9-992e-11ea-8e3c-f875a44e0e11",
                    "config": {
                        "defaultValue": "",
                        "label": "Copyright Note Text",
                        "maxLength": null,
                        "placeholder": "Enter text",
                        "width": "100%"
                    },
                    "id": "fb14ac15-992e-11ea-ac30-f875a44e0e11",
                    "label": "Copyright Note Text",
                    "node_id": "fb14ac0f-992e-11ea-9981-f875a44e0e11",
                    "sortorder": 4,
                    "visible": true,
                    "widget_id": "10000000-0000-0000-0000-000000000005"
                }
            ],
            "color": null,
            "config": {},
            "deploymentdate": null,
            "deploymentfile": null,
            "description": "",
            "edges": [
                {
                    "description": null,
                    "domainnode_id": "fb1484f7-992e-11ea-a732-f875a44e0e11",
                    "edgeid": "fb14ac16-992e-11ea-af93-f875a44e0e11",
                    "graph_id": "fb1484f6-992e-11ea-9d18-f875a44e0e11",
                    "name": null,
                    "ontologyproperty": "http://www.cidoc-crm.org/cidoc-crm/P75i_is_possessed_by",
                    "rangenode_id": "fb14ac0c-992e-11ea-90df-f875a44e0e11"
                },
                {
                    "description": null,
                    "domainnode_id": "fb1484f7-992e-11ea-a732-f875a44e0e11",
                    "edgeid": "fb14ac17-992e-11ea-a5ae-f875a44e0e11",
                    "graph_id": "fb1484f6-992e-11ea-9d18-f875a44e0e11",
                    "name": null,
                    "ontologyproperty": "http://www.cidoc-crm.org/cidoc-crm/P2_has_type",
                    "rangenode_id": "fb14ac0d-992e-11ea-8b85-f875a44e0e11"
                },
                {
                    "description": null,
                    "domainnode_id": "fb14ac0e-992e-11ea-997f-f875a44e0e11",
                    "edgeid": "fb14ac18-992e-11ea-9a62-f875a44e0e11",
                    "graph_id": "fb1484f6-992e-11ea-9d18-f875a44e0e11",
                    "name": null,
                    "ontologyproperty": "http://www.cidoc-crm.org/cidoc-crm/P2_has_type",
                    "rangenode_id": "fb1484fa-992e-11ea-b957-f875a44e0e11"
                },
                {
                    "description": null,
                    "domainnode_id": "fb1484f7-992e-11ea-a732-f875a44e0e11",
                    "edgeid": "fb14ac19-992e-11ea-9009-f875a44e0e11",
                    "graph_id": "fb1484f6-992e-11ea-9d18-f875a44e0e11",
                    "name": null,
                    "ontologyproperty": "http://www.cidoc-crm.org/cidoc-crm/P67i_is_referred_to_by",
                    "rangenode_id": "fb14ac0e-992e-11ea-997f-f875a44e0e11"
                },
                {
                    "description": null,
                    "domainnode_id": "fb14ac0e-992e-11ea-997f-f875a44e0e11",
                    "edgeid": "fb14ac1a-992e-11ea-9566-f875a44e0e11",
                    "graph_id": "fb1484f6-992e-11ea-9d18-f875a44e0e11",
                    "name": null,
                    "ontologyproperty": "http://www.cidoc-crm.org/cidoc-crm/P3_has_note",
                    "rangenode_id": "fb14ac0f-992e-11ea-9981-f875a44e0e11"
                },
                {
                    "description": null,
                    "domainnode_id": "fb14ac0d-992e-11ea-8b85-f875a44e0e11",
                    "edgeid": "fb14ac1b-992e-11ea-ba12-f875a44e0e11",
                    "graph_id": "fb1484f6-992e-11ea-9d18-f875a44e0e11",
                    "name": null,
                    "ontologyproperty": "http://www.cidoc-crm.org/cidoc-crm/P2_has_type",
                    "rangenode_id": "fb14ac0a-992e-11ea-90a2-f875a44e0e11"
                },
                {
                    "description": null,
                    "domainnode_id": "fb1484fa-992e-11ea-b957-f875a44e0e11",
                    "edgeid": "fb14ac1c-992e-11ea-975d-f875a44e0e11",
                    "graph_id": "fb1484f6-992e-11ea-9d18-f875a44e0e11",
                    "name": null,
                    "ontologyproperty": "http://www.cidoc-crm.org/cidoc-crm/P2_has_type",
                    "rangenode_id": "fb14ac0b-992e-11ea-97fa-f875a44e0e11"
                }
            ],
            "functions_x_graphs": [],
            "graphid": "fb1484f6-992e-11ea-9d18-f875a44e0e11",
            "iconclass": "fa fa-copyright",
            "is_editable": true,
            "isactive": true,
            "isresource": false,
            "jsonldcontext": null,
            "name": "Copyright",
            "nodegroups": [
                {
                    "cardinality": "1",
                    "legacygroupid": null,
                    "nodegroupid": "fb1484f7-992e-11ea-a732-f875a44e0e11",
                    "parentnodegroup_id": null
                }
            ],
            "nodes": [
                {
                    "config": {
                        "rdmCollection": "0ff39ed3-cc95-4c60-9321-6d4e65fb1f2d"
                    },
                    "datatype": "concept",
                    "description": null,
                    "exportable": false,
                    "fieldname": null,
                    "graph_id": "fb1484f6-992e-11ea-9d18-f875a44e0e11",
                    "is_collector": false,
                    "isrequired": false,
                    "issearchable": true,
                    "istopnode": false,
                    "name": "Copyright Note Type",
                    "nodegroup_id": "fb1484f7-992e-11ea-a732-f875a44e0e11",
                    "nodeid": "fb1484fa-992e-11ea-b957-f875a44e0e11",
                    "ontologyclass": "http://www.cidoc-crm.org/cidoc-crm/E55_Type",
                    "parentproperty": "http://www.cidoc-crm.org/cidoc-crm/P2_has_type",
                    "sortorder": 0
                },
                {
                    "config": {
                        "rdmCollection": "1e63c514-eb9d-48d3-94b5-35e060e5f368"
                    },
                    "datatype": "concept",
                    "description": null,
                    "exportable": false,
                    "fieldname": null,
                    "graph_id": "fb1484f6-992e-11ea-9d18-f875a44e0e11",
                    "is_collector": false,
                    "isrequired": false,
                    "issearchable": true,
                    "istopnode": false,
                    "name": "Copyright Metatype",
                    "nodegroup_id": "fb1484f7-992e-11ea-a732-f875a44e0e11",
                    "nodeid": "fb14ac0a-992e-11ea-90a2-f875a44e0e11",
                    "ontologyclass": "http://www.cidoc-crm.org/cidoc-crm/E55_Type",
                    "parentproperty": "http://www.cidoc-crm.org/cidoc-crm/P2_has_type",
                    "sortorder": 0
                },
                {
                    "config": {
                        "rdmCollection": "1e63c514-eb9d-48d3-94b5-35e060e5f368"
                    },
                    "datatype": "concept",
                    "description": null,
                    "exportable": false,
                    "fieldname": null,
                    "graph_id": "fb1484f6-992e-11ea-9d18-f875a44e0e11",
                    "is_collector": false,
                    "isrequired": false,
                    "issearchable": true,
                    "istopnode": false,
                    "name": "Copyright Note Metatype",
                    "nodegroup_id": "fb1484f7-992e-11ea-a732-f875a44e0e11",
                    "nodeid": "fb14ac0b-992e-11ea-97fa-f875a44e0e11",
                    "ontologyclass": "http://www.cidoc-crm.org/cidoc-crm/E55_Type",
                    "parentproperty": "http://www.cidoc-crm.org/cidoc-crm/P2_has_type",
                    "sortorder": 0
                },
                {
                    "config": {
                        "graphid": [
                            "d4a88461-5463-11e9-90d9-000d3ab1e588",
                            "22477f01-1a44-11e9-b0a9-000d3ab1e588"
                        ],
                        "graphs": []
                    },
                    "datatype": "resource-instance-list",
                    "description": "Represents a single node in a graph",
                    "exportable": false,
                    "fieldname": "",
                    "graph_id": "fb1484f6-992e-11ea-9d18-f875a44e0e11",
                    "is_collector": false,
                    "isrequired": false,
                    "issearchable": true,
                    "istopnode": false,
                    "name": "Copyright Holder",
                    "nodegroup_id": "fb1484f7-992e-11ea-a732-f875a44e0e11",
                    "nodeid": "fb14ac0c-992e-11ea-90df-f875a44e0e11",
                    "ontologyclass": "http://www.cidoc-crm.org/cidoc-crm/E39_Actor",
                    "parentproperty": "http://www.cidoc-crm.org/cidoc-crm/P75i_is_possessed_by",
                    "sortorder": 0
                },
                {
                    "config": {
                        "rdmCollection": "c73164aa-acbd-4d7b-878b-1e8b723d0e57"
                    },
                    "datatype": "concept",
                    "description": "Represents a single node in a graph",
                    "exportable": false,
                    "fieldname": "",
                    "graph_id": "fb1484f6-992e-11ea-9d18-f875a44e0e11",
                    "is_collector": false,
                    "isrequired": false,
                    "issearchable": true,
                    "istopnode": false,
                    "name": "Copyright Type",
                    "nodegroup_id": "fb1484f7-992e-11ea-a732-f875a44e0e11",
                    "nodeid": "fb14ac0d-992e-11ea-8b85-f875a44e0e11",
                    "ontologyclass": "http://www.cidoc-crm.org/cidoc-crm/E55_Type",
                    "parentproperty": "http://www.cidoc-crm.org/cidoc-crm/P2_has_type",
                    "sortorder": 0
                },
                {
                    "config": null,
                    "datatype": "semantic",
                    "description": null,
                    "exportable": false,
                    "fieldname": null,
                    "graph_id": "fb1484f6-992e-11ea-9d18-f875a44e0e11",
                    "is_collector": false,
                    "isrequired": false,
                    "issearchable": true,
                    "istopnode": false,
                    "name": "Copyright Note",
                    "nodegroup_id": "fb1484f7-992e-11ea-a732-f875a44e0e11",
                    "nodeid": "fb14ac0e-992e-11ea-997f-f875a44e0e11",
                    "ontologyclass": "http://www.cidoc-crm.org/cidoc-crm/E33_Linguistic_Object",
                    "parentproperty": "http://www.cidoc-crm.org/cidoc-crm/P67i_is_referred_to_by",
                    "sortorder": 0
                },
                {
                    "config": null,
                    "datatype": "string",
                    "description": null,
                    "exportable": false,
                    "fieldname": null,
                    "graph_id": "fb1484f6-992e-11ea-9d18-f875a44e0e11",
                    "is_collector": false,
                    "isrequired": false,
                    "issearchable": true,
                    "istopnode": false,
                    "name": "Copyright Note Text",
                    "nodegroup_id": "fb1484f7-992e-11ea-a732-f875a44e0e11",
                    "nodeid": "fb14ac0f-992e-11ea-9981-f875a44e0e11",
                    "ontologyclass": "http://www.w3.org/2000/01/rdf-schema#Literal",
                    "parentproperty": "http://www.cidoc-crm.org/cidoc-crm/P3_has_note",
                    "sortorder": 0
                },
                {
                    "config": {
                        "fillColor": "rgba(233,112,111,0.8)"
                    },
                    "datatype": "semantic",
                    "description": "",
                    "exportable": false,
                    "fieldname": "",
                    "graph_id": "fb1484f6-992e-11ea-9d18-f875a44e0e11",
                    "is_collector": true,
                    "isrequired": false,
                    "issearchable": true,
                    "istopnode": true,
                    "name": "Copyright",
                    "nodegroup_id": "fb1484f7-992e-11ea-a732-f875a44e0e11",
                    "nodeid": "fb1484f7-992e-11ea-a732-f875a44e0e11",
                    "ontologyclass": "http://www.cidoc-crm.org/cidoc-crm/E30_Right",
                    "parentproperty": "",
                    "sortorder": 0
                }
            ],
            "ontology_id": "e6e8db47-2ccf-11e6-927e-b8f6b115d7dd",
            "relatable_resource_model_ids": [],
            "resource_2_resource_constraints": [],
            "root": {
                "config": {
                    "fillColor": "rgba(233,112,111,0.8)"
                },
                "datatype": "semantic",
                "description": "",
                "exportable": false,
                "fieldname": "",
                "graph_id": "fb1484f6-992e-11ea-9d18-f875a44e0e11",
                "is_collector": true,
                "isrequired": false,
                "issearchable": true,
                "istopnode": true,
                "name": "Copyright",
                "nodegroup_id": "fb1484f7-992e-11ea-a732-f875a44e0e11",
                "nodeid": "fb1484f7-992e-11ea-a732-f875a44e0e11",
                "ontologyclass": "http://www.cidoc-crm.org/cidoc-crm/E30_Right",
                "sortorder": 0
            },
            "slug": null,
            "subtitle": "Used to record the type and copyright statement associated with a bibliographic or archive source.",
            "template_id": "50000000-0000-0000-0000-000000000001",
            "version": ""
        }
    ]
}