{
    "graph": [
        {
            "author": "",
            "cards": [
                {
                    "active": true,
                    "cardid": "f1ff8680-29ba-11eb-b3a3-f875a44e0e11",
                    "component_id": "f05e4d3a-53c1-11e8-b0ea-784f435179ea",
                    "config": {
                        "groupedCardIds": [],
                        "sortedWidgetIds": [
                            "75cde924-5ab5-11e9-8d8f-000d3ab1e588",
                            "75cde927-5ab5-11e9-a658-000d3ab1e588",
                            "75cde921-5ab5-11e9-8d27-000d3ab1e588",
                            "75cde923-5ab5-11e9-bd67-000d3ab1e588",
                            "75cde91d-5ab5-11e9-9367-000d3ab1e588",
                            "75cde91f-5ab5-11e9-b261-000d3ab1e588",
                            "75cde920-5ab5-11e9-9ad0-000d3ab1e588",
                            "75cde922-5ab5-11e9-a12d-000d3ab1e588",
                            "a8c405b5-5ab5-11e9-839c-000d3ab1e588",
                            "8f001b01-5ab5-11e9-adf3-000d3ab1e588",
                            "8ef6a522-5ab5-11e9-92be-000d3ab1e588",
                            "a8c8c09f-5ab5-11e9-9598-000d3ab1e588",
                            "a8cb31a2-5ab5-11e9-ab53-000d3ab1e588"
                        ]
                    },
                    "constraints": [],
                    "cssclass": null,
                    "description": "",
                    "graph_id": "f1ff5f90-29ba-11eb-adb1-f875a44e0e11",
                    "helpenabled": false,
                    "helptext": null,
                    "helptitle": null,
                    "instructions": "Used to record the details of the last known flight of an aircraft.",
                    "is_editable": true,
                    "name": "Crash_Event",
                    "nodegroup_id": "f1ff5f91-29ba-11eb-a521-f875a44e0e11",
                    "sortorder": 10,
                    "visible": true
                }
            ],
            "cards_x_nodes_x_widgets": [
                {
                    "card_id": "f1ff8680-29ba-11eb-b3a3-f875a44e0e11",
                    "config": {
                        "defaultValue": "39a21ebf-7dd6-4a7f-a211-9453202f60aa",
                        "label": "Last Flight Description Type",
                        "options": [],
                        "placeholder": "Select an option"
                    },
                    "id": "f1fffbc6-29ba-11eb-b888-f875a44e0e11",
                    "label": "Last Flight Description Type",
                    "node_id": "f1ffd48a-29ba-11eb-b831-f875a44e0e11",
                    "sortorder": 3,
                    "visible": false,
                    "widget_id": "10000000-0000-0000-0000-000000000002"
                },
                {
                    "card_id": "f1ff8680-29ba-11eb-b3a3-f875a44e0e11",
                    "config": {
                        "defaultValue": "6fbe3775-e51d-4f90-af53-5695dd204c9a",
                        "label": "Last Flight Description Metatype",
                        "options": [],
                        "placeholder": "Select an option"
                    },
                    "id": "f1fffbc7-29ba-11eb-bc24-f875a44e0e11",
                    "label": "Last Flight Description Metatype",
                    "node_id": "f1ffd48b-29ba-11eb-933b-f875a44e0e11",
                    "sortorder": 4,
                    "visible": false,
                    "widget_id": "10000000-0000-0000-0000-000000000002"
                },
                {
                    "card_id": "f1ff8680-29ba-11eb-b3a3-f875a44e0e11",
                    "config": {
                        "defaultValue": "b5f1ff2d-d667-4c4e-86a1-c17fa4b9447b",
                        "label": "Crash Description Language",
                        "options": [],
                        "placeholder": "Select an option"
                    },
                    "id": "f1fffbc8-29ba-11eb-9354-f875a44e0e11",
                    "label": "Crash Description Language",
                    "node_id": "f1fffbc0-29ba-11eb-8b90-f875a44e0e11",
                    "sortorder": 5,
                    "visible": false,
                    "widget_id": "10000000-0000-0000-0000-000000000002"
                },
                {
                    "card_id": "f1ff8680-29ba-11eb-b3a3-f875a44e0e11",
                    "config": {
                        "defaultValue": "d5366899-09ec-4db1-8a49-a32b7e4784e3",
                        "label": "Crash Description Language Metatype",
                        "options": [],
                        "placeholder": "Select an option"
                    },
                    "id": "f1fffbc9-29ba-11eb-92fa-f875a44e0e11",
                    "label": "Crash Description Language Metatype",
                    "node_id": "f1fffbc1-29ba-11eb-b6fc-f875a44e0e11",
                    "sortorder": 6,
                    "visible": false,
                    "widget_id": "10000000-0000-0000-0000-000000000002"
                },
                {
                    "card_id": "f1ff8680-29ba-11eb-b3a3-f875a44e0e11",
                    "config": {
                        "defaultValue": "",
                        "label": "Last Flight Description",
                        "maxLength": null,
                        "placeholder": "Enter text",
                        "width": "100%"
                    },
                    "id": "f1fffbca-29ba-11eb-b115-f875a44e0e11",
                    "label": "Last Flight Description",
                    "node_id": "f1ffd48c-29ba-11eb-85b2-f875a44e0e11",
                    "sortorder": 2,
                    "visible": true,
                    "widget_id": "10000000-0000-0000-0000-000000000005"
                },
                {
                    "card_id": "f1ff8680-29ba-11eb-b3a3-f875a44e0e11",
                    "config": {
                        "defaultValue": "",
                        "label": "Cargo Type",
                        "options": [],
                        "placeholder": "Select an option"
                    },
                    "id": "f1fffbcb-29ba-11eb-a3fb-f875a44e0e11",
                    "label": "Cargo Type",
                    "node_id": "f1fffbc5-29ba-11eb-bc1a-f875a44e0e11",
                    "sortorder": 33,
                    "visible": true,
                    "widget_id": "10000000-0000-0000-0000-000000000012"
                },
                {
                    "card_id": "f1ff8680-29ba-11eb-b3a3-f875a44e0e11",
                    "config": {
                        "defaultValue": "",
                        "label": "Manner of Loss",
                        "options": [],
                        "placeholder": "Select an option"
                    },
                    "id": "f1fffbcc-29ba-11eb-8d88-f875a44e0e11",
                    "label": "Manner of Loss",
                    "node_id": "f1ff8686-29ba-11eb-be0c-f875a44e0e11",
                    "sortorder": 28,
                    "visible": true,
                    "widget_id": "10000000-0000-0000-0000-000000000012"
                },
                {
                    "card_id": "f1ff8680-29ba-11eb-b3a3-f875a44e0e11",
                    "config": {
                        "defaultValue": null,
                        "label": "Place of Departure",
                        "options": [],
                        "placeholder": "Select an option"
                    },
                    "id": "f1fffbcd-29ba-11eb-9e10-f875a44e0e11",
                    "label": "Place of Departure",
                    "node_id": "f1ff8688-29ba-11eb-b728-f875a44e0e11",
                    "sortorder": 7,
                    "visible": true,
                    "widget_id": "10000000-0000-0000-0000-000000000002"
                },
                {
                    "card_id": "f1ff8680-29ba-11eb-b3a3-f875a44e0e11",
                    "config": {
                        "defaultValue": "279a8478-a5c0-4d99-a1aa-1f71cc6d3392",
                        "label": "Final Place of Departure Name Type",
                        "options": [],
                        "placeholder": "Select an option"
                    },
                    "id": "f1fffbce-29ba-11eb-b436-f875a44e0e11",
                    "label": "Final Place of Departure Name Type",
                    "node_id": "f1ff8689-29ba-11eb-b953-f875a44e0e11",
                    "sortorder": 8,
                    "visible": false,
                    "widget_id": "10000000-0000-0000-0000-000000000002"
                },
                {
                    "card_id": "f1ff8680-29ba-11eb-b3a3-f875a44e0e11",
                    "config": {
                        "defaultValue": "a0e096e2-f5ae-4579-950d-3040714713b4",
                        "label": "Final Place of Departure Name Metatype",
                        "options": [],
                        "placeholder": "Select an option"
                    },
                    "id": "f1fffbcf-29ba-11eb-833f-f875a44e0e11",
                    "label": "Final Place of Departure Name Metatype",
                    "node_id": "f1ff868a-29ba-11eb-9065-f875a44e0e11",
                    "sortorder": 9,
                    "visible": false,
                    "widget_id": "10000000-0000-0000-0000-000000000002"
                },
                {
                    "card_id": "f1ff8680-29ba-11eb-b3a3-f875a44e0e11",
                    "config": {
                        "defaultValue": null,
                        "label": "Place of Departure Type",
                        "options": [],
                        "placeholder": "Select an option"
                    },
                    "id": "f1fffbd0-29ba-11eb-a83e-f875a44e0e11",
                    "label": "Place of Departure Type",
                    "node_id": "f1ff868b-29ba-11eb-ad48-f875a44e0e11",
                    "sortorder": 10,
                    "visible": true,
                    "widget_id": "10000000-0000-0000-0000-000000000002"
                },
                {
                    "card_id": "f1ff8680-29ba-11eb-b3a3-f875a44e0e11",
                    "config": {
                        "defaultValue": "04a4c4d5-5a5e-4018-93aa-65abaa53fb53",
                        "label": "Final Place of Departure Name Use Metatype",
                        "options": [],
                        "placeholder": "Select an option"
                    },
                    "id": "f1fffbd1-29ba-11eb-9971-f875a44e0e11",
                    "label": "Final Place of Departure Name Use Metatype",
                    "node_id": "f1ff868c-29ba-11eb-a2d9-f875a44e0e11",
                    "sortorder": 11,
                    "visible": false,
                    "widget_id": "10000000-0000-0000-0000-000000000002"
                },
                {
                    "card_id": "f1ff8680-29ba-11eb-b3a3-f875a44e0e11",
                    "config": {
                        "defaultValue": null,
                        "label": "Place of Departure Currency",
                        "options": [],
                        "placeholder": "Select an option"
                    },
                    "id": "f1fffbd2-29ba-11eb-a0b1-f875a44e0e11",
                    "label": "Place of Departure Currency",
                    "node_id": "f1ff868d-29ba-11eb-b912-f875a44e0e11",
                    "sortorder": 12,
                    "visible": true,
                    "widget_id": "10000000-0000-0000-0000-000000000002"
                },
                {
                    "card_id": "f1ff8680-29ba-11eb-b3a3-f875a44e0e11",
                    "config": {
                        "defaultValue": "5a88136a-bf3a-4b48-a830-a7f42000dd24",
                        "label": "Final Place of Departure Name Currency Metatype",
                        "options": [],
                        "placeholder": "Select an option"
                    },
                    "id": "f1fffbd3-29ba-11eb-8c61-f875a44e0e11",
                    "label": "Final Place of Departure Name Currency Metatype",
                    "node_id": "f1ff868e-29ba-11eb-92c1-f875a44e0e11",
                    "sortorder": 14,
                    "visible": false,
                    "widget_id": "10000000-0000-0000-0000-000000000002"
                },
                {
                    "card_id": "f1ff8680-29ba-11eb-b3a3-f875a44e0e11",
                    "config": {
                        "defaultValue": null,
                        "label": "Associated Crash Site Type",
                        "options": [],
                        "placeholder": "Select an option"
                    },
                    "id": "f1fffbd4-29ba-11eb-a03f-f875a44e0e11",
                    "label": "Associated Crash Site Type",
                    "node_id": "f1ff8684-29ba-11eb-a9cc-f875a44e0e11",
                    "sortorder": 31,
                    "visible": true,
                    "widget_id": "10000000-0000-0000-0000-000000000002"
                },
                {
                    "card_id": "f1ff8680-29ba-11eb-b3a3-f875a44e0e11",
                    "config": {
                        "defaultValue": "",
                        "label": "Flight Type",
                        "options": [],
                        "placeholder": "Select an option"
                    },
                    "id": "f1fffbd5-29ba-11eb-bc7d-f875a44e0e11",
                    "label": "Flight Type",
                    "node_id": "f1ff8681-29ba-11eb-9fb7-f875a44e0e11",
                    "sortorder": 0,
                    "visible": true,
                    "widget_id": "10000000-0000-0000-0000-000000000002"
                },
                {
                    "card_id": "f1ff8680-29ba-11eb-b3a3-f875a44e0e11",
                    "config": {
                        "defaultValue": null,
                        "label": "Place of Destination",
                        "options": [],
                        "placeholder": "Select an option"
                    },
                    "id": "f1fffbd6-29ba-11eb-95d9-f875a44e0e11",
                    "label": "Place of Destination",
                    "node_id": "f1ff8692-29ba-11eb-bd43-f875a44e0e11",
                    "sortorder": 15,
                    "visible": true,
                    "widget_id": "10000000-0000-0000-0000-000000000002"
                },
                {
                    "card_id": "f1ff8680-29ba-11eb-b3a3-f875a44e0e11",
                    "config": {
                        "defaultValue": "279a8478-a5c0-4d99-a1aa-1f71cc6d3392",
                        "label": "Place of Destination Name Type",
                        "options": [],
                        "placeholder": "Select an option"
                    },
                    "id": "f1fffbd7-29ba-11eb-aabd-f875a44e0e11",
                    "label": "Place of Destination Name Type",
                    "node_id": "f1ff8693-29ba-11eb-8728-f875a44e0e11",
                    "sortorder": 16,
                    "visible": false,
                    "widget_id": "10000000-0000-0000-0000-000000000002"
                },
                {
                    "card_id": "f1ff8680-29ba-11eb-b3a3-f875a44e0e11",
                    "config": {
                        "defaultValue": "a0e096e2-f5ae-4579-950d-3040714713b4",
                        "label": "Place of Destination Name Metatype",
                        "options": [],
                        "placeholder": "Select an option"
                    },
                    "id": "f1fffbd8-29ba-11eb-9e3f-f875a44e0e11",
                    "label": "Place of Destination Name Metatype",
                    "node_id": "f1ffad78-29ba-11eb-be96-f875a44e0e11",
                    "sortorder": 17,
                    "visible": false,
                    "widget_id": "10000000-0000-0000-0000-000000000002"
                },
                {
                    "card_id": "f1ff8680-29ba-11eb-b3a3-f875a44e0e11",
                    "config": {
                        "label": "Associated Crash Site",
                        "placeholder": null
                    },
                    "id": "f1fffbd9-29ba-11eb-bdab-f875a44e0e11",
                    "label": "Associated Crash Site",
                    "node_id": "f1ffd488-29ba-11eb-bbc9-f875a44e0e11",
                    "sortorder": 30,
                    "visible": true,
                    "widget_id": "ff3c400a-76ec-11e7-a793-784f435179ea"
                },
                {
                    "card_id": "f1ff8680-29ba-11eb-b3a3-f875a44e0e11",
                    "config": {
                        "defaultValue": "62f3f620-ea25-46c8-9a7b-dbadf23aa874",
                        "label": "Associated Crash Site Metatype",
                        "options": [],
                        "placeholder": "Select an option"
                    },
                    "id": "f1fffbda-29ba-11eb-8705-f875a44e0e11",
                    "label": "Associated Crash Site Metatype",
                    "node_id": "f1ff8687-29ba-11eb-af0e-f875a44e0e11",
                    "sortorder": 32,
                    "visible": false,
                    "widget_id": "10000000-0000-0000-0000-000000000002"
                },
                {
                    "card_id": "f1ff8680-29ba-11eb-b3a3-f875a44e0e11",
                    "config": {
                        "defaultValue": "62f3f620-ea25-46c8-9a7b-dbadf23aa874",
                        "label": "Last Cargo Metatype",
                        "options": [],
                        "placeholder": "Select an option"
                    },
                    "id": "f1fffbdb-29ba-11eb-a748-f875a44e0e11",
                    "label": "Last Cargo Metatype",
                    "node_id": "f1ff8690-29ba-11eb-a04a-f875a44e0e11",
                    "sortorder": 34,
                    "visible": false,
                    "widget_id": "10000000-0000-0000-0000-000000000002"
                },
                {
                    "card_id": "f1ff8680-29ba-11eb-b3a3-f875a44e0e11",
                    "config": {
                        "defaultValue": "62f3f620-ea25-46c8-9a7b-dbadf23aa874",
                        "label": "Manner of Loss Metatype",
                        "options": [],
                        "placeholder": "Select an option"
                    },
                    "id": "f1fffbdc-29ba-11eb-8647-f875a44e0e11",
                    "label": "Manner of Loss Metatype",
                    "node_id": "f1ffd485-29ba-11eb-979e-f875a44e0e11",
                    "sortorder": 29,
                    "visible": false,
                    "widget_id": "10000000-0000-0000-0000-000000000002"
                },
                {
                    "card_id": "f1ff8680-29ba-11eb-b3a3-f875a44e0e11",
                    "config": {
                        "defaultValue": "b9ffd5fa-c512-44a6-b1c2-87fd1e3cd519",
                        "label": "Last Flight Metatype",
                        "options": [],
                        "placeholder": "Select an option"
                    },
                    "id": "f1fffbdd-29ba-11eb-934b-f875a44e0e11",
                    "label": "Last Flight Metatype",
                    "node_id": "f1ffd489-29ba-11eb-b7b1-f875a44e0e11",
                    "sortorder": 1,
                    "visible": false,
                    "widget_id": "10000000-0000-0000-0000-000000000002"
                },
                {
                    "card_id": "f1ff8680-29ba-11eb-b3a3-f875a44e0e11",
                    "config": {
                        "defaultValue": "",
                        "label": "Last Flight Date Qualifier",
                        "options": [],
                        "placeholder": "Select an option"
                    },
                    "id": "f1fffbde-29ba-11eb-9d3a-f875a44e0e11",
                    "label": "Last Flight Date Qualifier",
                    "node_id": "f1ffd484-29ba-11eb-9d98-f875a44e0e11",
                    "sortorder": 25,
                    "visible": true,
                    "widget_id": "10000000-0000-0000-0000-000000000002"
                },
                {
                    "card_id": "f1ff8680-29ba-11eb-b3a3-f875a44e0e11",
                    "config": {
                        "defaultValue": "39a33725-9b43-47b0-9997-daa99ab29d26",
                        "label": "Expected Date Qualifier",
                        "options": [],
                        "placeholder": "Select an option"
                    },
                    "id": "f1fffbdf-29ba-11eb-b1a6-f875a44e0e11",
                    "label": "Expected Date Qualifier",
                    "node_id": "f1ff8685-29ba-11eb-b71c-f875a44e0e11",
                    "sortorder": 24,
                    "visible": false,
                    "widget_id": "10000000-0000-0000-0000-000000000002"
                },
                {
                    "card_id": "f1ff8680-29ba-11eb-b3a3-f875a44e0e11",
                    "config": {
                        "dateFormat": "YYYY-MM-DD",
                        "defaultValue": null,
                        "label": "Expected Date End ",
                        "maxDate": null,
                        "minDate": null,
                        "placeholder": "Enter date",
                        "viewMode": "days"
                    },
                    "id": "f1fffbe0-29ba-11eb-af3a-f875a44e0e11",
                    "label": "Expected Date End ",
                    "node_id": "f1ffd48d-29ba-11eb-97e0-f875a44e0e11",
                    "sortorder": 23,
                    "visible": false,
                    "widget_id": "10000000-0000-0000-0000-000000000004"
                },
                {
                    "card_id": "f1ff8680-29ba-11eb-b3a3-f875a44e0e11",
                    "config": {
                        "dateFormat": "YYYY-MM-DD",
                        "defaultValue": null,
                        "label": "Date of Departure",
                        "maxDate": null,
                        "minDate": null,
                        "placeholder": "Enter date",
                        "viewMode": "days"
                    },
                    "id": "f1fffbe1-29ba-11eb-98fb-f875a44e0e11",
                    "label": "Date of Departure",
                    "node_id": "f1ffd487-29ba-11eb-a332-f875a44e0e11",
                    "sortorder": 13,
                    "visible": true,
                    "widget_id": "10000000-0000-0000-0000-000000000004"
                },
                {
                    "card_id": "f1ff8680-29ba-11eb-b3a3-f875a44e0e11",
                    "config": {
                        "dateFormat": "YYYY-MM-DD",
                        "defaultValue": null,
                        "label": "Expected Date Start",
                        "maxDate": null,
                        "minDate": null,
                        "placeholder": "Enter date",
                        "viewMode": "days"
                    },
                    "id": "f1fffbe2-29ba-11eb-9aa1-f875a44e0e11",
                    "label": "Expected Date Start",
                    "node_id": "f1ffd48e-29ba-11eb-bd65-f875a44e0e11",
                    "sortorder": 22,
                    "visible": true,
                    "widget_id": "10000000-0000-0000-0000-000000000004"
                },
                {
                    "card_id": "f1ff8680-29ba-11eb-b3a3-f875a44e0e11",
                    "config": {
                        "dateFormat": "YYYY-MM-DD",
                        "defaultValue": null,
                        "label": "Date of Loss",
                        "maxDate": null,
                        "minDate": null,
                        "placeholder": "Enter date",
                        "viewMode": "days"
                    },
                    "id": "f1fffbe3-29ba-11eb-afe8-f875a44e0e11",
                    "label": "Date of Loss",
                    "node_id": "f1ffd483-29ba-11eb-922d-f875a44e0e11",
                    "sortorder": 27,
                    "visible": true,
                    "widget_id": "10000000-0000-0000-0000-000000000004"
                },
                {
                    "card_id": "f1ff8680-29ba-11eb-b3a3-f875a44e0e11",
                    "config": {
                        "defaultValue": "59a0c936-3f60-44f9-9e37-67b6ed0f4fa4",
                        "label": "Last Flight Date Qualifier Metatype",
                        "options": [],
                        "placeholder": "Select an option"
                    },
                    "id": "f1fffbe4-29ba-11eb-a0d7-f875a44e0e11",
                    "label": "Last Flight Date Qualifier Metatype",
                    "node_id": "f1ff8683-29ba-11eb-91f7-f875a44e0e11",
                    "sortorder": 26,
                    "visible": false,
                    "widget_id": "10000000-0000-0000-0000-000000000002"
                },
                {
                    "card_id": "f1ff8680-29ba-11eb-b3a3-f875a44e0e11",
                    "config": {
                        "defaultValue": "04a4c4d5-5a5e-4018-93aa-65abaa53fb53",
                        "label": "Place of Destination Name Use Metatype",
                        "options": [],
                        "placeholder": "Select an option"
                    },
                    "id": "f1fffbe5-29ba-11eb-8002-f875a44e0e11",
                    "label": "Place of Destination Name Use Metatype",
                    "node_id": "f1ffd480-29ba-11eb-8a60-f875a44e0e11",
                    "sortorder": 19,
                    "visible": false,
                    "widget_id": "10000000-0000-0000-0000-000000000002"
                },
                {
                    "card_id": "f1ff8680-29ba-11eb-b3a3-f875a44e0e11",
                    "config": {
                        "defaultValue": null,
                        "label": "Place of Destination Currency",
                        "options": [],
                        "placeholder": "Select an option"
                    },
                    "id": "f1fffbe6-29ba-11eb-a08e-f875a44e0e11",
                    "label": "Place of Destination Currency",
                    "node_id": "f1ff8695-29ba-11eb-9d9b-f875a44e0e11",
                    "sortorder": 20,
                    "visible": true,
                    "widget_id": "10000000-0000-0000-0000-000000000002"
                },
                {
                    "card_id": "f1ff8680-29ba-11eb-b3a3-f875a44e0e11",
                    "config": {
                        "defaultValue": "5a88136a-bf3a-4b48-a830-a7f42000dd24",
                        "label": "Place of Destination Name Currency Metatype",
                        "options": [],
                        "placeholder": "Select an option"
                    },
                    "id": "f1fffbe7-29ba-11eb-9cd0-f875a44e0e11",
                    "label": "Place of Destination Name Currency Metatype",
                    "node_id": "f1ffd482-29ba-11eb-b3b9-f875a44e0e11",
                    "sortorder": 21,
                    "visible": false,
                    "widget_id": "10000000-0000-0000-0000-000000000002"
                },
                {
                    "card_id": "f1ff8680-29ba-11eb-b3a3-f875a44e0e11",
                    "config": {
                        "defaultValue": null,
                        "label": "Place of Destination Type",
                        "options": [],
                        "placeholder": "Select an option"
                    },
                    "id": "f1fffbe8-29ba-11eb-b25c-f875a44e0e11",
                    "label": "Place of Destination Type",
                    "node_id": "f1ff8694-29ba-11eb-942a-f875a44e0e11",
                    "sortorder": 18,
                    "visible": true,
                    "widget_id": "10000000-0000-0000-0000-000000000002"
                }
            ],
            "color": null,
            "config": {
                "basemap": "streets",
                "bearing": 0,
                "centerX": -1.5983286851933372,
                "centerY": 53.155430248627454,
                "featureColor": "#FF0000",
                "featureEditingDisabled": true,
                "featureLineWidth": 1,
                "featurePointSize": 3,
                "geocodePlaceholder": "Search",
                "geocodeProvider": "10000000-0000-0000-0000-010000000000",
                "geocoderVisible": true,
                "geometryTypes": [
                    {
                        "id": "Point",
                        "text": "Point"
                    },
                    {
                        "id": "Line",
                        "text": "Line"
                    },
                    {
                        "id": "Polygon",
                        "text": "Polygon"
                    }
                ],
                "mapControlsHidden": false,
                "maxZoom": 20,
                "minZoom": 0,
                "overlayConfigs": [],
                "overlayOpacity": 0,
                "pitch": 0,
                "zoom": "4.908319487490616"
            },
            "deploymentdate": null,
            "deploymentfile": null,
            "description": "",
            "edges": [
                {
                    "description": null,
                    "domainnode_id": "f1ff5f91-29ba-11eb-a521-f875a44e0e11",
                    "edgeid": "f200e5dc-29ba-11eb-bc5b-f875a44e0e11",
                    "graph_id": "f1ff5f90-29ba-11eb-adb1-f875a44e0e11",
                    "name": null,
                    "ontologyproperty": "http://www.cidoc-crm.org/cidoc-crm/P92_brought_into_existence",
                    "rangenode_id": "f1ffd488-29ba-11eb-bbc9-f875a44e0e11"
                },
                {
                    "description": null,
                    "domainnode_id": "f1ff8684-29ba-11eb-a9cc-f875a44e0e11",
                    "edgeid": "f200e5dd-29ba-11eb-b282-f875a44e0e11",
                    "graph_id": "f1ff5f90-29ba-11eb-adb1-f875a44e0e11",
                    "name": null,
                    "ontologyproperty": "http://www.cidoc-crm.org/cidoc-crm/P2_has_type",
                    "rangenode_id": "f1ff8687-29ba-11eb-af0e-f875a44e0e11"
                },
                {
                    "description": null,
                    "domainnode_id": "f1fffbc5-29ba-11eb-bc1a-f875a44e0e11",
                    "edgeid": "f2010cec-29ba-11eb-99b1-f875a44e0e11",
                    "graph_id": "f1ff5f90-29ba-11eb-adb1-f875a44e0e11",
                    "name": null,
                    "ontologyproperty": "http://www.cidoc-crm.org/cidoc-crm/P2_has_type",
                    "rangenode_id": "f1ff8690-29ba-11eb-a04a-f875a44e0e11"
                },
                {
                    "description": null,
                    "domainnode_id": "f1ff8686-29ba-11eb-be0c-f875a44e0e11",
                    "edgeid": "f2010ced-29ba-11eb-bfbb-f875a44e0e11",
                    "graph_id": "f1ff5f90-29ba-11eb-adb1-f875a44e0e11",
                    "name": null,
                    "ontologyproperty": "http://www.cidoc-crm.org/cidoc-crm/P2_has_type",
                    "rangenode_id": "f1ffd485-29ba-11eb-979e-f875a44e0e11"
                },
                {
                    "description": null,
                    "domainnode_id": "f1ff8681-29ba-11eb-9fb7-f875a44e0e11",
                    "edgeid": "f2010cee-29ba-11eb-a359-f875a44e0e11",
                    "graph_id": "f1ff5f90-29ba-11eb-adb1-f875a44e0e11",
                    "name": null,
                    "ontologyproperty": "http://www.cidoc-crm.org/cidoc-crm/P2_has_type",
                    "rangenode_id": "f1ffd489-29ba-11eb-b7b1-f875a44e0e11"
                },
                {
                    "description": null,
                    "domainnode_id": "f1fffbc3-29ba-11eb-a24e-f875a44e0e11",
                    "edgeid": "f2010cef-29ba-11eb-8757-f875a44e0e11",
                    "graph_id": "f1ff5f90-29ba-11eb-adb1-f875a44e0e11",
                    "name": null,
                    "ontologyproperty": "http://www.cidoc-crm.org/cidoc-crm/P3_has_note",
                    "rangenode_id": "f1ffd48c-29ba-11eb-85b2-f875a44e0e11"
                },
                {
                    "description": null,
                    "domainnode_id": "f1fffbc3-29ba-11eb-a24e-f875a44e0e11",
                    "edgeid": "f2010cf0-29ba-11eb-af71-f875a44e0e11",
                    "graph_id": "f1ff5f90-29ba-11eb-adb1-f875a44e0e11",
                    "name": null,
                    "ontologyproperty": "http://www.cidoc-crm.org/cidoc-crm/P2_has_type",
                    "rangenode_id": "f1ffd48a-29ba-11eb-b831-f875a44e0e11"
                },
                {
                    "description": null,
                    "domainnode_id": "f1ffd48a-29ba-11eb-b831-f875a44e0e11",
                    "edgeid": "f2010cf1-29ba-11eb-8c32-f875a44e0e11",
                    "graph_id": "f1ff5f90-29ba-11eb-adb1-f875a44e0e11",
                    "name": null,
                    "ontologyproperty": "http://www.cidoc-crm.org/cidoc-crm/P2_has_type",
                    "rangenode_id": "f1ffd48b-29ba-11eb-933b-f875a44e0e11"
                },
                {
                    "description": null,
                    "domainnode_id": "f1fffbc3-29ba-11eb-a24e-f875a44e0e11",
                    "edgeid": "f2010cf2-29ba-11eb-a72b-f875a44e0e11",
                    "graph_id": "f1ff5f90-29ba-11eb-adb1-f875a44e0e11",
                    "name": null,
                    "ontologyproperty": "http://www.cidoc-crm.org/cidoc-crm/P72_has_language",
                    "rangenode_id": "f1fffbc0-29ba-11eb-8b90-f875a44e0e11"
                },
                {
                    "description": null,
                    "domainnode_id": "f1fffbc0-29ba-11eb-8b90-f875a44e0e11",
                    "edgeid": "f2010cf3-29ba-11eb-aa3e-f875a44e0e11",
                    "graph_id": "f1ff5f90-29ba-11eb-adb1-f875a44e0e11",
                    "name": null,
                    "ontologyproperty": "http://www.cidoc-crm.org/cidoc-crm/P2_has_type",
                    "rangenode_id": "f1fffbc1-29ba-11eb-b6fc-f875a44e0e11"
                },
                {
                    "description": null,
                    "domainnode_id": "f1ff5f91-29ba-11eb-a521-f875a44e0e11",
                    "edgeid": "f2010cf4-29ba-11eb-ac1c-f875a44e0e11",
                    "graph_id": "f1ff5f90-29ba-11eb-adb1-f875a44e0e11",
                    "name": null,
                    "ontologyproperty": "http://www.cidoc-crm.org/cidoc-crm/P129i_is_subject_of",
                    "rangenode_id": "f1fffbc3-29ba-11eb-a24e-f875a44e0e11"
                },
                {
                    "description": null,
                    "domainnode_id": "f1ff8682-29ba-11eb-a408-f875a44e0e11",
                    "edgeid": "f2010cf5-29ba-11eb-9542-f875a44e0e11",
                    "graph_id": "f1ff5f90-29ba-11eb-adb1-f875a44e0e11",
                    "name": null,
                    "ontologyproperty": "http://www.cidoc-crm.org/cidoc-crm/P82a_begin_of_the_begin",
                    "rangenode_id": "f1ffd487-29ba-11eb-a332-f875a44e0e11"
                },
                {
                    "description": null,
                    "domainnode_id": "f1ffd486-29ba-11eb-b9dd-f875a44e0e11",
                    "edgeid": "f2010cf6-29ba-11eb-a1b6-f875a44e0e11",
                    "graph_id": "f1ff5f90-29ba-11eb-adb1-f875a44e0e11",
                    "name": null,
                    "ontologyproperty": "http://www.cidoc-crm.org/cidoc-crm/P82a_begin_of_the_begin",
                    "rangenode_id": "f1ffd48e-29ba-11eb-bd65-f875a44e0e11"
                },
                {
                    "description": null,
                    "domainnode_id": "f1ffd486-29ba-11eb-b9dd-f875a44e0e11",
                    "edgeid": "f2010cf7-29ba-11eb-836b-f875a44e0e11",
                    "graph_id": "f1ff5f90-29ba-11eb-adb1-f875a44e0e11",
                    "name": null,
                    "ontologyproperty": "http://www.cidoc-crm.org/cidoc-crm/P82b_end_of_the_end",
                    "rangenode_id": "f1ffd48d-29ba-11eb-97e0-f875a44e0e11"
                },
                {
                    "description": null,
                    "domainnode_id": "f1ff8682-29ba-11eb-a408-f875a44e0e11",
                    "edgeid": "f2010cf8-29ba-11eb-9bad-f875a44e0e11",
                    "graph_id": "f1ff5f90-29ba-11eb-adb1-f875a44e0e11",
                    "name": null,
                    "ontologyproperty": "http://www.cidoc-crm.org/cidoc-crm/P82b_end_of_the_end",
                    "rangenode_id": "f1ffd483-29ba-11eb-922d-f875a44e0e11"
                },
                {
                    "description": null,
                    "domainnode_id": "f1ff8682-29ba-11eb-a408-f875a44e0e11",
                    "edgeid": "f2010cf9-29ba-11eb-b1b8-f875a44e0e11",
                    "graph_id": "f1ff5f90-29ba-11eb-adb1-f875a44e0e11",
                    "name": null,
                    "ontologyproperty": "http://www.cidoc-crm.org/cidoc-crm/P2_has_type",
                    "rangenode_id": "f1ffd484-29ba-11eb-9d98-f875a44e0e11"
                },
                {
                    "description": null,
                    "domainnode_id": "f1ffd486-29ba-11eb-b9dd-f875a44e0e11",
                    "edgeid": "f2010cfa-29ba-11eb-87d8-f875a44e0e11",
                    "graph_id": "f1ff5f90-29ba-11eb-adb1-f875a44e0e11",
                    "name": null,
                    "ontologyproperty": "http://www.cidoc-crm.org/cidoc-crm/P2_has_type",
                    "rangenode_id": "f1ff8685-29ba-11eb-b71c-f875a44e0e11"
                },
                {
                    "description": null,
                    "domainnode_id": "f1ff8682-29ba-11eb-a408-f875a44e0e11",
                    "edgeid": "f2010cfb-29ba-11eb-96d4-f875a44e0e11",
                    "graph_id": "f1ff5f90-29ba-11eb-adb1-f875a44e0e11",
                    "name": null,
                    "ontologyproperty": "http://www.cidoc-crm.org/cidoc-crm/P86i_contains",
                    "rangenode_id": "f1ffd486-29ba-11eb-b9dd-f875a44e0e11"
                },
                {
                    "description": null,
                    "domainnode_id": "f1ff5f91-29ba-11eb-a521-f875a44e0e11",
                    "edgeid": "f2010cfc-29ba-11eb-b58b-f875a44e0e11",
                    "graph_id": "f1ff5f90-29ba-11eb-adb1-f875a44e0e11",
                    "name": null,
                    "ontologyproperty": "http://www.cidoc-crm.org/cidoc-crm/P4_has_time-span",
                    "rangenode_id": "f1ff8682-29ba-11eb-a408-f875a44e0e11"
                },
                {
                    "description": null,
                    "domainnode_id": "f1ffd484-29ba-11eb-9d98-f875a44e0e11",
                    "edgeid": "f2010cfd-29ba-11eb-a982-f875a44e0e11",
                    "graph_id": "f1ff5f90-29ba-11eb-adb1-f875a44e0e11",
                    "name": null,
                    "ontologyproperty": "http://www.cidoc-crm.org/cidoc-crm/P2_has_type",
                    "rangenode_id": "f1ff8683-29ba-11eb-91f7-f875a44e0e11"
                },
                {
                    "description": null,
                    "domainnode_id": "f1ff868f-29ba-11eb-8b41-f875a44e0e11",
                    "edgeid": "f2010cfe-29ba-11eb-88c3-f875a44e0e11",
                    "graph_id": "f1ff5f90-29ba-11eb-adb1-f875a44e0e11",
                    "name": null,
                    "ontologyproperty": "http://www.cidoc-crm.org/cidoc-crm/P2_has_type",
                    "rangenode_id": "f1ff868d-29ba-11eb-b912-f875a44e0e11"
                },
                {
                    "description": null,
                    "domainnode_id": "f1ff868f-29ba-11eb-8b41-f875a44e0e11",
                    "edgeid": "f2010cff-29ba-11eb-8d9b-f875a44e0e11",
                    "graph_id": "f1ff5f90-29ba-11eb-adb1-f875a44e0e11",
                    "name": null,
                    "ontologyproperty": "http://www.cidoc-crm.org/cidoc-crm/P2_has_type",
                    "rangenode_id": "f1ff868b-29ba-11eb-ad48-f875a44e0e11"
                },
                {
                    "description": null,
                    "domainnode_id": "f1ff868f-29ba-11eb-8b41-f875a44e0e11",
                    "edgeid": "f2010d00-29ba-11eb-8106-f875a44e0e11",
                    "graph_id": "f1ff5f90-29ba-11eb-adb1-f875a44e0e11",
                    "name": null,
                    "ontologyproperty": "http://www.cidoc-crm.org/cidoc-crm/P2_has_type",
                    "rangenode_id": "f1ff8689-29ba-11eb-b953-f875a44e0e11"
                },
                {
                    "description": null,
                    "domainnode_id": "f1ff868f-29ba-11eb-8b41-f875a44e0e11",
                    "edgeid": "f2010d01-29ba-11eb-9303-f875a44e0e11",
                    "graph_id": "f1ff5f90-29ba-11eb-adb1-f875a44e0e11",
                    "name": null,
                    "ontologyproperty": "http://www.cidoc-crm.org/cidoc-crm/P3_has_note",
                    "rangenode_id": "f1ff8688-29ba-11eb-b728-f875a44e0e11"
                },
                {
                    "description": null,
                    "domainnode_id": "f1ff8689-29ba-11eb-b953-f875a44e0e11",
                    "edgeid": "f2010d02-29ba-11eb-8392-f875a44e0e11",
                    "graph_id": "f1ff5f90-29ba-11eb-adb1-f875a44e0e11",
                    "name": null,
                    "ontologyproperty": "http://www.cidoc-crm.org/cidoc-crm/P2_has_type",
                    "rangenode_id": "f1ff868a-29ba-11eb-9065-f875a44e0e11"
                },
                {
                    "description": null,
                    "domainnode_id": "f1ff868b-29ba-11eb-ad48-f875a44e0e11",
                    "edgeid": "f2010d03-29ba-11eb-adba-f875a44e0e11",
                    "graph_id": "f1ff5f90-29ba-11eb-adb1-f875a44e0e11",
                    "name": null,
                    "ontologyproperty": "http://www.cidoc-crm.org/cidoc-crm/P2_has_type",
                    "rangenode_id": "f1ff868c-29ba-11eb-a2d9-f875a44e0e11"
                },
                {
                    "description": null,
                    "domainnode_id": "f1ff868d-29ba-11eb-b912-f875a44e0e11",
                    "edgeid": "f2010d04-29ba-11eb-8e2f-f875a44e0e11",
                    "graph_id": "f1ff5f90-29ba-11eb-adb1-f875a44e0e11",
                    "name": null,
                    "ontologyproperty": "http://www.cidoc-crm.org/cidoc-crm/P2_has_type",
                    "rangenode_id": "f1ff868e-29ba-11eb-92c1-f875a44e0e11"
                },
                {
                    "description": null,
                    "domainnode_id": "f1fffbc4-29ba-11eb-89c0-f875a44e0e11",
                    "edgeid": "f2010d05-29ba-11eb-bb9b-f875a44e0e11",
                    "graph_id": "f1ff5f90-29ba-11eb-adb1-f875a44e0e11",
                    "name": null,
                    "ontologyproperty": "http://www.cidoc-crm.org/cidoc-crm/P1_is_identified_by",
                    "rangenode_id": "f1ff868f-29ba-11eb-8b41-f875a44e0e11"
                },
                {
                    "description": null,
                    "domainnode_id": "f1ffd481-29ba-11eb-9449-f875a44e0e11",
                    "edgeid": "f2010d06-29ba-11eb-bee5-f875a44e0e11",
                    "graph_id": "f1ff5f90-29ba-11eb-adb1-f875a44e0e11",
                    "name": null,
                    "ontologyproperty": "http://www.cidoc-crm.org/cidoc-crm/P2_has_type",
                    "rangenode_id": "f1ff8695-29ba-11eb-9d9b-f875a44e0e11"
                },
                {
                    "description": null,
                    "domainnode_id": "f1ffd481-29ba-11eb-9449-f875a44e0e11",
                    "edgeid": "f2010d07-29ba-11eb-b16e-f875a44e0e11",
                    "graph_id": "f1ff5f90-29ba-11eb-adb1-f875a44e0e11",
                    "name": null,
                    "ontologyproperty": "http://www.cidoc-crm.org/cidoc-crm/P2_has_type",
                    "rangenode_id": "f1ff8694-29ba-11eb-942a-f875a44e0e11"
                },
                {
                    "description": null,
                    "domainnode_id": "f1ffd481-29ba-11eb-9449-f875a44e0e11",
                    "edgeid": "f2010d08-29ba-11eb-8676-f875a44e0e11",
                    "graph_id": "f1ff5f90-29ba-11eb-adb1-f875a44e0e11",
                    "name": null,
                    "ontologyproperty": "http://www.cidoc-crm.org/cidoc-crm/P2_has_type",
                    "rangenode_id": "f1ff8693-29ba-11eb-8728-f875a44e0e11"
                },
                {
                    "description": null,
                    "domainnode_id": "f1ffd481-29ba-11eb-9449-f875a44e0e11",
                    "edgeid": "f2010d09-29ba-11eb-a849-f875a44e0e11",
                    "graph_id": "f1ff5f90-29ba-11eb-adb1-f875a44e0e11",
                    "name": null,
                    "ontologyproperty": "http://www.cidoc-crm.org/cidoc-crm/P3_has_note",
                    "rangenode_id": "f1ff8692-29ba-11eb-bd43-f875a44e0e11"
                },
                {
                    "description": null,
                    "domainnode_id": "f1ff8693-29ba-11eb-8728-f875a44e0e11",
                    "edgeid": "f2010d0a-29ba-11eb-8d43-f875a44e0e11",
                    "graph_id": "f1ff5f90-29ba-11eb-adb1-f875a44e0e11",
                    "name": null,
                    "ontologyproperty": "http://www.cidoc-crm.org/cidoc-crm/P2_has_type",
                    "rangenode_id": "f1ffad78-29ba-11eb-be96-f875a44e0e11"
                },
                {
                    "description": null,
                    "domainnode_id": "f1ff8694-29ba-11eb-942a-f875a44e0e11",
                    "edgeid": "f2010d0b-29ba-11eb-bd7e-f875a44e0e11",
                    "graph_id": "f1ff5f90-29ba-11eb-adb1-f875a44e0e11",
                    "name": null,
                    "ontologyproperty": "http://www.cidoc-crm.org/cidoc-crm/P2_has_type",
                    "rangenode_id": "f1ffd480-29ba-11eb-8a60-f875a44e0e11"
                },
                {
                    "description": null,
                    "domainnode_id": "f1ff8695-29ba-11eb-9d9b-f875a44e0e11",
                    "edgeid": "f2010d0c-29ba-11eb-a92d-f875a44e0e11",
                    "graph_id": "f1ff5f90-29ba-11eb-adb1-f875a44e0e11",
                    "name": null,
                    "ontologyproperty": "http://www.cidoc-crm.org/cidoc-crm/P2_has_type",
                    "rangenode_id": "f1ffd482-29ba-11eb-b3b9-f875a44e0e11"
                },
                {
                    "description": null,
                    "domainnode_id": "f1ff8691-29ba-11eb-a1fc-f875a44e0e11",
                    "edgeid": "f2010d0d-29ba-11eb-bbc1-f875a44e0e11",
                    "graph_id": "f1ff5f90-29ba-11eb-adb1-f875a44e0e11",
                    "name": null,
                    "ontologyproperty": "http://www.cidoc-crm.org/cidoc-crm/P1_is_identified_by",
                    "rangenode_id": "f1ffd481-29ba-11eb-9449-f875a44e0e11"
                },
                {
                    "description": null,
                    "domainnode_id": "f1ff5f91-29ba-11eb-a521-f875a44e0e11",
                    "edgeid": "f2010d0e-29ba-11eb-80b1-f875a44e0e11",
                    "graph_id": "f1ff5f90-29ba-11eb-adb1-f875a44e0e11",
                    "name": null,
                    "ontologyproperty": "http://www.cidoc-crm.org/cidoc-crm/P161_has_spatial_projection",
                    "rangenode_id": "f1ff8691-29ba-11eb-a1fc-f875a44e0e11"
                },
                {
                    "description": null,
                    "domainnode_id": "f1ffd488-29ba-11eb-bbc9-f875a44e0e11",
                    "edgeid": "f2010d0f-29ba-11eb-b2cc-f875a44e0e11",
                    "graph_id": "f1ff5f90-29ba-11eb-adb1-f875a44e0e11",
                    "name": null,
                    "ontologyproperty": "http://www.cidoc-crm.org/cidoc-crm/P2_has_type",
                    "rangenode_id": "f1ff8684-29ba-11eb-a9cc-f875a44e0e11"
                },
                {
                    "description": null,
                    "domainnode_id": "f1ff5f91-29ba-11eb-a521-f875a44e0e11",
                    "edgeid": "f2010d10-29ba-11eb-b36b-f875a44e0e11",
                    "graph_id": "f1ff5f90-29ba-11eb-adb1-f875a44e0e11",
                    "name": null,
                    "ontologyproperty": "http://www.cidoc-crm.org/cidoc-crm/P2_has_type",
                    "rangenode_id": "f1ff8681-29ba-11eb-9fb7-f875a44e0e11"
                },
                {
                    "description": null,
                    "domainnode_id": "f1ff5f91-29ba-11eb-a521-f875a44e0e11",
                    "edgeid": "f2010d11-29ba-11eb-8ab5-f875a44e0e11",
                    "graph_id": "f1ff5f90-29ba-11eb-adb1-f875a44e0e11",
                    "name": null,
                    "ontologyproperty": "http://www.cidoc-crm.org/cidoc-crm/P2_has_type",
                    "rangenode_id": "f1ff8686-29ba-11eb-be0c-f875a44e0e11"
                },
                {
                    "description": null,
                    "domainnode_id": "f1fffbc2-29ba-11eb-baf3-f875a44e0e11",
                    "edgeid": "f2010d12-29ba-11eb-b52d-f875a44e0e11",
                    "graph_id": "f1ff5f90-29ba-11eb-adb1-f875a44e0e11",
                    "name": null,
                    "ontologyproperty": "http://www.cidoc-crm.org/cidoc-crm/P2_has_type",
                    "rangenode_id": "f1fffbc5-29ba-11eb-bc1a-f875a44e0e11"
                },
                {
                    "description": null,
                    "domainnode_id": "f1ff5f91-29ba-11eb-a521-f875a44e0e11",
                    "edgeid": "f2010d13-29ba-11eb-af8b-f875a44e0e11",
                    "graph_id": "f1ff5f90-29ba-11eb-adb1-f875a44e0e11",
                    "name": null,
                    "ontologyproperty": "http://www.cidoc-crm.org/cidoc-crm/P12_occurred_in_the_presence_of",
                    "rangenode_id": "f1fffbc2-29ba-11eb-baf3-f875a44e0e11"
                },
                {
                    "description": null,
                    "domainnode_id": "f1ff5f91-29ba-11eb-a521-f875a44e0e11",
                    "edgeid": "f2010d14-29ba-11eb-b59a-f875a44e0e11",
                    "graph_id": "f1ff5f90-29ba-11eb-adb1-f875a44e0e11",
                    "name": null,
                    "ontologyproperty": "http://www.cidoc-crm.org/cidoc-crm/P161_has_spatial_projection",
                    "rangenode_id": "f1fffbc4-29ba-11eb-89c0-f875a44e0e11"
                }
            ],
            "functions_x_graphs": [],
            "graphid": "f1ff5f90-29ba-11eb-adb1-f875a44e0e11",
            "iconclass": "fa fa-plane",
            "is_editable": true,
            "isactive": true,
            "isresource": false,
            "jsonldcontext": null,
            "name": "Crash_Event",
            "nodegroups": [
                {
                    "cardinality": "1",
                    "legacygroupid": null,
                    "nodegroupid": "f1ff5f91-29ba-11eb-a521-f875a44e0e11",
                    "parentnodegroup_id": null
                }
            ],
            "nodes": [
                {
                    "config": {
                        "rdmCollection": "f8ff8b9b-d6ae-4b98-9cd9-6d065b7fa220"
                    },
                    "datatype": "concept",
                    "description": null,
                    "exportable": false,
                    "fieldname": "",
                    "graph_id": "f1ff5f90-29ba-11eb-adb1-f875a44e0e11",
                    "is_collector": false,
                    "isrequired": false,
                    "issearchable": true,
                    "istopnode": false,
                    "name": "Last Flight Type",
                    "nodegroup_id": "f1ff5f91-29ba-11eb-a521-f875a44e0e11",
                    "nodeid": "f1ff8681-29ba-11eb-9fb7-f875a44e0e11",
                    "ontologyclass": "http://www.cidoc-crm.org/cidoc-crm/E55_Type",
                    "parentproperty": "http://www.cidoc-crm.org/cidoc-crm/P2_has_type",
                    "sortorder": 0
                },
                {
                    "config": null,
                    "datatype": "semantic",
                    "description": "",
                    "exportable": false,
                    "fieldname": null,
                    "graph_id": "f1ff5f90-29ba-11eb-adb1-f875a44e0e11",
                    "is_collector": false,
                    "isrequired": false,
                    "issearchable": true,
                    "istopnode": false,
                    "name": "Last Flight Timespan",
                    "nodegroup_id": "f1ff5f91-29ba-11eb-a521-f875a44e0e11",
                    "nodeid": "f1ff8682-29ba-11eb-a408-f875a44e0e11",
                    "ontologyclass": "http://www.cidoc-crm.org/cidoc-crm/E52_Time-Span",
                    "parentproperty": "http://www.cidoc-crm.org/cidoc-crm/P4_has_time-span",
                    "sortorder": 0
                },
                {
                    "config": {
                        "rdmCollection": "1e63c514-eb9d-48d3-94b5-35e060e5f368"
                    },
                    "datatype": "concept",
                    "description": null,
                    "exportable": false,
                    "fieldname": null,
                    "graph_id": "f1ff5f90-29ba-11eb-adb1-f875a44e0e11",
                    "is_collector": false,
                    "isrequired": false,
                    "issearchable": true,
                    "istopnode": false,
                    "name": "Last Flight Date Qualifier Metatype",
                    "nodegroup_id": "f1ff5f91-29ba-11eb-a521-f875a44e0e11",
                    "nodeid": "f1ff8683-29ba-11eb-91f7-f875a44e0e11",
                    "ontologyclass": "http://www.cidoc-crm.org/cidoc-crm/E55_Type",
                    "parentproperty": "http://www.cidoc-crm.org/cidoc-crm/P2_has_type",
                    "sortorder": 0
                },
                {
                    "config": {
                        "rdmCollection": "9222b257-6015-4808-9dac-7b962a2679a8"
                    },
                    "datatype": "concept",
                    "description": null,
                    "exportable": false,
                    "fieldname": "",
                    "graph_id": "f1ff5f90-29ba-11eb-adb1-f875a44e0e11",
                    "is_collector": false,
                    "isrequired": false,
                    "issearchable": true,
                    "istopnode": false,
                    "name": "Crash Site Type",
                    "nodegroup_id": "f1ff5f91-29ba-11eb-a521-f875a44e0e11",
                    "nodeid": "f1ff8684-29ba-11eb-a9cc-f875a44e0e11",
                    "ontologyclass": "http://www.cidoc-crm.org/cidoc-crm/E55_Type",
                    "parentproperty": "http://www.cidoc-crm.org/cidoc-crm/P2_has_type",
                    "sortorder": 0
                },
                {
                    "config": {
                        "rdmCollection": "366686d6-deb0-4245-81a3-f94d791a388c"
                    },
                    "datatype": "concept",
                    "description": null,
                    "exportable": false,
                    "fieldname": null,
                    "graph_id": "f1ff5f90-29ba-11eb-adb1-f875a44e0e11",
                    "is_collector": false,
                    "isrequired": false,
                    "issearchable": true,
                    "istopnode": false,
                    "name": "Expected Date Qualifier",
                    "nodegroup_id": "f1ff5f91-29ba-11eb-a521-f875a44e0e11",
                    "nodeid": "f1ff8685-29ba-11eb-b71c-f875a44e0e11",
                    "ontologyclass": "http://www.cidoc-crm.org/cidoc-crm/E55_Type",
                    "parentproperty": "http://www.cidoc-crm.org/cidoc-crm/P2_has_type",
                    "sortorder": 0
                },
                {
                    "config": {
                        "rdmCollection": "757832dd-028d-444a-b2f2-8742b6d43220"
                    },
                    "datatype": "concept-list",
                    "description": null,
                    "exportable": false,
                    "fieldname": "",
                    "graph_id": "f1ff5f90-29ba-11eb-adb1-f875a44e0e11",
                    "is_collector": false,
                    "isrequired": false,
                    "issearchable": true,
                    "istopnode": false,
                    "name": "Manner of Loss",
                    "nodegroup_id": "f1ff5f91-29ba-11eb-a521-f875a44e0e11",
                    "nodeid": "f1ff8686-29ba-11eb-be0c-f875a44e0e11",
                    "ontologyclass": "http://www.cidoc-crm.org/cidoc-crm/E55_Type",
                    "parentproperty": "http://www.cidoc-crm.org/cidoc-crm/P2_has_type",
                    "sortorder": 0
                },
                {
                    "config": {
                        "rdmCollection": "1e63c514-eb9d-48d3-94b5-35e060e5f368"
                    },
                    "datatype": "concept",
                    "description": null,
                    "exportable": false,
                    "fieldname": null,
                    "graph_id": "f1ff5f90-29ba-11eb-adb1-f875a44e0e11",
                    "is_collector": false,
                    "isrequired": false,
                    "issearchable": true,
                    "istopnode": false,
                    "name": "Crash Site Metatype",
                    "nodegroup_id": "f1ff5f91-29ba-11eb-a521-f875a44e0e11",
                    "nodeid": "f1ff8687-29ba-11eb-af0e-f875a44e0e11",
                    "ontologyclass": "http://www.cidoc-crm.org/cidoc-crm/E55_Type",
                    "parentproperty": "http://www.cidoc-crm.org/cidoc-crm/P2_has_type",
                    "sortorder": 0
                },
                {
                    "config": {
                        "rdmCollection": "ce567d28-d6a8-4437-a59e-f6e82a466a53"
                    },
                    "datatype": "concept",
                    "description": null,
                    "exportable": false,
                    "fieldname": null,
                    "graph_id": "f1ff5f90-29ba-11eb-adb1-f875a44e0e11",
                    "is_collector": false,
                    "isrequired": false,
                    "issearchable": true,
                    "istopnode": false,
                    "name": "Final Place of Departure Name",
                    "nodegroup_id": "f1ff5f91-29ba-11eb-a521-f875a44e0e11",
                    "nodeid": "f1ff8688-29ba-11eb-b728-f875a44e0e11",
                    "ontologyclass": "http://www.w3.org/2000/01/rdf-schema#Literal",
                    "parentproperty": "http://www.cidoc-crm.org/cidoc-crm/P3_has_note",
                    "sortorder": 0
                },
                {
                    "config": {
                        "rdmCollection": "3e545767-c46c-4fe7-8754-c24528ba0842"
                    },
                    "datatype": "concept",
                    "description": null,
                    "exportable": false,
                    "fieldname": null,
                    "graph_id": "f1ff5f90-29ba-11eb-adb1-f875a44e0e11",
                    "is_collector": false,
                    "isrequired": false,
                    "issearchable": true,
                    "istopnode": false,
                    "name": "Final Place of Departure Name Type",
                    "nodegroup_id": "f1ff5f91-29ba-11eb-a521-f875a44e0e11",
                    "nodeid": "f1ff8689-29ba-11eb-b953-f875a44e0e11",
                    "ontologyclass": "http://www.cidoc-crm.org/cidoc-crm/E55_Type",
                    "parentproperty": "http://www.cidoc-crm.org/cidoc-crm/P2_has_type",
                    "sortorder": 0
                },
                {
                    "config": {
                        "rdmCollection": "1e63c514-eb9d-48d3-94b5-35e060e5f368"
                    },
                    "datatype": "concept",
                    "description": null,
                    "exportable": false,
                    "fieldname": null,
                    "graph_id": "f1ff5f90-29ba-11eb-adb1-f875a44e0e11",
                    "is_collector": false,
                    "isrequired": false,
                    "issearchable": true,
                    "istopnode": false,
                    "name": "Final Place of Departure Name Metatype",
                    "nodegroup_id": "f1ff5f91-29ba-11eb-a521-f875a44e0e11",
                    "nodeid": "f1ff868a-29ba-11eb-9065-f875a44e0e11",
                    "ontologyclass": "http://www.cidoc-crm.org/cidoc-crm/E55_Type",
                    "parentproperty": "http://www.cidoc-crm.org/cidoc-crm/P2_has_type",
                    "sortorder": 0
                },
                {
                    "config": {
                        "rdmCollection": "1e4df896-992b-475e-bb5a-78817d3066d7"
                    },
                    "datatype": "concept",
                    "description": null,
                    "exportable": false,
                    "fieldname": null,
                    "graph_id": "f1ff5f90-29ba-11eb-adb1-f875a44e0e11",
                    "is_collector": false,
                    "isrequired": false,
                    "issearchable": true,
                    "istopnode": false,
                    "name": "Final Place of Departure Name Use Type",
                    "nodegroup_id": "f1ff5f91-29ba-11eb-a521-f875a44e0e11",
                    "nodeid": "f1ff868b-29ba-11eb-ad48-f875a44e0e11",
                    "ontologyclass": "http://www.cidoc-crm.org/cidoc-crm/E55_Type",
                    "parentproperty": "http://www.cidoc-crm.org/cidoc-crm/P2_has_type",
                    "sortorder": 0
                },
                {
                    "config": {
                        "rdmCollection": "1e63c514-eb9d-48d3-94b5-35e060e5f368"
                    },
                    "datatype": "concept",
                    "description": null,
                    "exportable": false,
                    "fieldname": null,
                    "graph_id": "f1ff5f90-29ba-11eb-adb1-f875a44e0e11",
                    "is_collector": false,
                    "isrequired": false,
                    "issearchable": true,
                    "istopnode": false,
                    "name": "Final Place of Departure Name Use Metatype",
                    "nodegroup_id": "f1ff5f91-29ba-11eb-a521-f875a44e0e11",
                    "nodeid": "f1ff868c-29ba-11eb-a2d9-f875a44e0e11",
                    "ontologyclass": "http://www.cidoc-crm.org/cidoc-crm/E55_Type",
                    "parentproperty": "http://www.cidoc-crm.org/cidoc-crm/P2_has_type",
                    "sortorder": 0
                },
                {
                    "config": {
                        "rdmCollection": "a346ee99-67f6-44cd-87f7-b564ce32cdf3"
                    },
                    "datatype": "concept",
                    "description": null,
                    "exportable": false,
                    "fieldname": null,
                    "graph_id": "f1ff5f90-29ba-11eb-adb1-f875a44e0e11",
                    "is_collector": false,
                    "isrequired": false,
                    "issearchable": true,
                    "istopnode": false,
                    "name": "Final Place of Departure Name Currency",
                    "nodegroup_id": "f1ff5f91-29ba-11eb-a521-f875a44e0e11",
                    "nodeid": "f1ff868d-29ba-11eb-b912-f875a44e0e11",
                    "ontologyclass": "http://www.cidoc-crm.org/cidoc-crm/E55_Type",
                    "parentproperty": "http://www.cidoc-crm.org/cidoc-crm/P2_has_type",
                    "sortorder": 0
                },
                {
                    "config": {
                        "rdmCollection": "1e63c514-eb9d-48d3-94b5-35e060e5f368"
                    },
                    "datatype": "concept",
                    "description": null,
                    "exportable": false,
                    "fieldname": null,
                    "graph_id": "f1ff5f90-29ba-11eb-adb1-f875a44e0e11",
                    "is_collector": false,
                    "isrequired": false,
                    "issearchable": true,
                    "istopnode": false,
                    "name": "Final Place of Departure Name Currency Metatype",
                    "nodegroup_id": "f1ff5f91-29ba-11eb-a521-f875a44e0e11",
                    "nodeid": "f1ff868e-29ba-11eb-92c1-f875a44e0e11",
                    "ontologyclass": "http://www.cidoc-crm.org/cidoc-crm/E55_Type",
                    "parentproperty": "http://www.cidoc-crm.org/cidoc-crm/P2_has_type",
                    "sortorder": 0
                },
                {
                    "config": null,
                    "datatype": "semantic",
                    "description": "The name of a resource.Applies to Heritage Resource, Heritage Resource Group, Activity, and Historical Event.  Actors receive their 'names' from the Appellation branch.",
                    "exportable": false,
                    "fieldname": "",
                    "graph_id": "f1ff5f90-29ba-11eb-adb1-f875a44e0e11",
                    "is_collector": false,
                    "isrequired": false,
                    "issearchable": true,
                    "istopnode": false,
                    "name": "Final Departure Placenames",
                    "nodegroup_id": "f1ff5f91-29ba-11eb-a521-f875a44e0e11",
                    "nodeid": "f1ff868f-29ba-11eb-8b41-f875a44e0e11",
                    "ontologyclass": "http://www.cidoc-crm.org/cidoc-crm/E41_Appellation",
                    "parentproperty": "http://www.cidoc-crm.org/cidoc-crm/P1_is_identified_by",
                    "sortorder": 0
                },
                {
                    "config": {
                        "rdmCollection": "1e63c514-eb9d-48d3-94b5-35e060e5f368"
                    },
                    "datatype": "concept",
                    "description": null,
                    "exportable": false,
                    "fieldname": null,
                    "graph_id": "f1ff5f90-29ba-11eb-adb1-f875a44e0e11",
                    "is_collector": false,
                    "isrequired": false,
                    "issearchable": true,
                    "istopnode": false,
                    "name": "Last Cargo Metatype",
                    "nodegroup_id": "f1ff5f91-29ba-11eb-a521-f875a44e0e11",
                    "nodeid": "f1ff8690-29ba-11eb-a04a-f875a44e0e11",
                    "ontologyclass": "http://www.cidoc-crm.org/cidoc-crm/E55_Type",
                    "parentproperty": "http://www.cidoc-crm.org/cidoc-crm/P2_has_type",
                    "sortorder": 0
                },
                {
                    "config": null,
                    "datatype": "semantic",
                    "description": "",
                    "exportable": false,
                    "fieldname": "",
                    "graph_id": "f1ff5f90-29ba-11eb-adb1-f875a44e0e11",
                    "is_collector": false,
                    "isrequired": false,
                    "issearchable": true,
                    "istopnode": false,
                    "name": "Final Place of Destination",
                    "nodegroup_id": "f1ff5f91-29ba-11eb-a521-f875a44e0e11",
                    "nodeid": "f1ff8691-29ba-11eb-a1fc-f875a44e0e11",
                    "ontologyclass": "http://www.cidoc-crm.org/cidoc-crm/E53_Place",
                    "parentproperty": "http://www.cidoc-crm.org/cidoc-crm/P161_has_spatial_projection",
                    "sortorder": 0
                },
                {
                    "config": {
                        "rdmCollection": "ce567d28-d6a8-4437-a59e-f6e82a466a53"
                    },
                    "datatype": "concept",
                    "description": null,
                    "exportable": false,
                    "fieldname": null,
                    "graph_id": "f1ff5f90-29ba-11eb-adb1-f875a44e0e11",
                    "is_collector": false,
                    "isrequired": false,
                    "issearchable": true,
                    "istopnode": false,
                    "name": "Final Place of Destination Name",
                    "nodegroup_id": "f1ff5f91-29ba-11eb-a521-f875a44e0e11",
                    "nodeid": "f1ff8692-29ba-11eb-bd43-f875a44e0e11",
                    "ontologyclass": "http://www.w3.org/2000/01/rdf-schema#Literal",
                    "parentproperty": "http://www.cidoc-crm.org/cidoc-crm/P3_has_note",
                    "sortorder": 0
                },
                {
                    "config": {
                        "rdmCollection": "3e545767-c46c-4fe7-8754-c24528ba0842"
                    },
                    "datatype": "concept",
                    "description": null,
                    "exportable": false,
                    "fieldname": null,
                    "graph_id": "f1ff5f90-29ba-11eb-adb1-f875a44e0e11",
                    "is_collector": false,
                    "isrequired": false,
                    "issearchable": true,
                    "istopnode": false,
                    "name": "Final Place of Destination Name Type",
                    "nodegroup_id": "f1ff5f91-29ba-11eb-a521-f875a44e0e11",
                    "nodeid": "f1ff8693-29ba-11eb-8728-f875a44e0e11",
                    "ontologyclass": "http://www.cidoc-crm.org/cidoc-crm/E55_Type",
                    "parentproperty": "http://www.cidoc-crm.org/cidoc-crm/P2_has_type",
                    "sortorder": 0
                },
                {
                    "config": {
                        "rdmCollection": "1e4df896-992b-475e-bb5a-78817d3066d7"
                    },
                    "datatype": "concept",
                    "description": null,
                    "exportable": false,
                    "fieldname": null,
                    "graph_id": "f1ff5f90-29ba-11eb-adb1-f875a44e0e11",
                    "is_collector": false,
                    "isrequired": false,
                    "issearchable": true,
                    "istopnode": false,
                    "name": "Final Place of Destination Name Use Type",
                    "nodegroup_id": "f1ff5f91-29ba-11eb-a521-f875a44e0e11",
                    "nodeid": "f1ff8694-29ba-11eb-942a-f875a44e0e11",
                    "ontologyclass": "http://www.cidoc-crm.org/cidoc-crm/E55_Type",
                    "parentproperty": "http://www.cidoc-crm.org/cidoc-crm/P2_has_type",
                    "sortorder": 0
                },
                {
                    "config": {
                        "rdmCollection": "a346ee99-67f6-44cd-87f7-b564ce32cdf3"
                    },
                    "datatype": "concept",
                    "description": null,
                    "exportable": false,
                    "fieldname": null,
                    "graph_id": "f1ff5f90-29ba-11eb-adb1-f875a44e0e11",
                    "is_collector": false,
                    "isrequired": false,
                    "issearchable": true,
                    "istopnode": false,
                    "name": "Final Place of Destination Name Currency",
                    "nodegroup_id": "f1ff5f91-29ba-11eb-a521-f875a44e0e11",
                    "nodeid": "f1ff8695-29ba-11eb-9d9b-f875a44e0e11",
                    "ontologyclass": "http://www.cidoc-crm.org/cidoc-crm/E55_Type",
                    "parentproperty": "http://www.cidoc-crm.org/cidoc-crm/P2_has_type",
                    "sortorder": 0
                },
                {
                    "config": {
                        "rdmCollection": "1e63c514-eb9d-48d3-94b5-35e060e5f368"
                    },
                    "datatype": "concept",
                    "description": null,
                    "exportable": false,
                    "fieldname": null,
                    "graph_id": "f1ff5f90-29ba-11eb-adb1-f875a44e0e11",
                    "is_collector": false,
                    "isrequired": false,
                    "issearchable": true,
                    "istopnode": false,
                    "name": "Final Place of Destination Name Metatype",
                    "nodegroup_id": "f1ff5f91-29ba-11eb-a521-f875a44e0e11",
                    "nodeid": "f1ffad78-29ba-11eb-be96-f875a44e0e11",
                    "ontologyclass": "http://www.cidoc-crm.org/cidoc-crm/E55_Type",
                    "parentproperty": "http://www.cidoc-crm.org/cidoc-crm/P2_has_type",
                    "sortorder": 0
                },
                {
                    "config": {
                        "rdmCollection": "1e63c514-eb9d-48d3-94b5-35e060e5f368"
                    },
                    "datatype": "concept",
                    "description": null,
                    "exportable": false,
                    "fieldname": null,
                    "graph_id": "f1ff5f90-29ba-11eb-adb1-f875a44e0e11",
                    "is_collector": false,
                    "isrequired": false,
                    "issearchable": true,
                    "istopnode": false,
                    "name": "Final Place of Destination Name Use Metatype",
                    "nodegroup_id": "f1ff5f91-29ba-11eb-a521-f875a44e0e11",
                    "nodeid": "f1ffd480-29ba-11eb-8a60-f875a44e0e11",
                    "ontologyclass": "http://www.cidoc-crm.org/cidoc-crm/E55_Type",
                    "parentproperty": "http://www.cidoc-crm.org/cidoc-crm/P2_has_type",
                    "sortorder": 0
                },
                {
                    "config": null,
                    "datatype": "semantic",
                    "description": "The name of a resource.Applies to Heritage Resource, Heritage Resource Group, Activity, and Historical Event.  Actors receive their 'names' from the Appellation branch.",
                    "exportable": false,
                    "fieldname": "",
                    "graph_id": "f1ff5f90-29ba-11eb-adb1-f875a44e0e11",
                    "is_collector": false,
                    "isrequired": false,
                    "issearchable": true,
                    "istopnode": false,
                    "name": "Final Destination Placenames",
                    "nodegroup_id": "f1ff5f91-29ba-11eb-a521-f875a44e0e11",
                    "nodeid": "f1ffd481-29ba-11eb-9449-f875a44e0e11",
                    "ontologyclass": "http://www.cidoc-crm.org/cidoc-crm/E41_Appellation",
                    "parentproperty": "http://www.cidoc-crm.org/cidoc-crm/P1_is_identified_by",
                    "sortorder": 0
                },
                {
                    "config": {
                        "rdmCollection": "1e63c514-eb9d-48d3-94b5-35e060e5f368"
                    },
                    "datatype": "concept",
                    "description": null,
                    "exportable": false,
                    "fieldname": null,
                    "graph_id": "f1ff5f90-29ba-11eb-adb1-f875a44e0e11",
                    "is_collector": false,
                    "isrequired": false,
                    "issearchable": true,
                    "istopnode": false,
                    "name": "Final Place of Destination Name Currency Metatype",
                    "nodegroup_id": "f1ff5f91-29ba-11eb-a521-f875a44e0e11",
                    "nodeid": "f1ffd482-29ba-11eb-b3b9-f875a44e0e11",
                    "ontologyclass": "http://www.cidoc-crm.org/cidoc-crm/E55_Type",
                    "parentproperty": "http://www.cidoc-crm.org/cidoc-crm/P2_has_type",
                    "sortorder": 0
                },
                {
                    "config": {
                        "dateFormat": "YYYY-MM-DD"
                    },
                    "datatype": "date",
                    "description": null,
                    "exportable": false,
                    "fieldname": null,
                    "graph_id": "f1ff5f90-29ba-11eb-adb1-f875a44e0e11",
                    "is_collector": false,
                    "isrequired": false,
                    "issearchable": true,
                    "istopnode": false,
                    "name": "Date of Loss",
                    "nodegroup_id": "f1ff5f91-29ba-11eb-a521-f875a44e0e11",
                    "nodeid": "f1ffd483-29ba-11eb-922d-f875a44e0e11",
                    "ontologyclass": "http://www.cidoc-crm.org/cidoc-crm/E61_Time_Primitive",
                    "parentproperty": "http://www.cidoc-crm.org/cidoc-crm/P82b_end_of_the_end",
                    "sortorder": 0
                },
                {
                    "config": {
                        "rdmCollection": "366686d6-deb0-4245-81a3-f94d791a388c"
                    },
                    "datatype": "concept",
                    "description": null,
                    "exportable": false,
                    "fieldname": null,
                    "graph_id": "f1ff5f90-29ba-11eb-adb1-f875a44e0e11",
                    "is_collector": false,
                    "isrequired": false,
                    "issearchable": true,
                    "istopnode": false,
                    "name": "Last Flight Date Qualifier",
                    "nodegroup_id": "f1ff5f91-29ba-11eb-a521-f875a44e0e11",
                    "nodeid": "f1ffd484-29ba-11eb-9d98-f875a44e0e11",
                    "ontologyclass": "http://www.cidoc-crm.org/cidoc-crm/E55_Type",
                    "parentproperty": "http://www.cidoc-crm.org/cidoc-crm/P2_has_type",
                    "sortorder": 0
                },
                {
                    "config": {
                        "rdmCollection": "1e63c514-eb9d-48d3-94b5-35e060e5f368"
                    },
                    "datatype": "concept",
                    "description": null,
                    "exportable": false,
                    "fieldname": null,
                    "graph_id": "f1ff5f90-29ba-11eb-adb1-f875a44e0e11",
                    "is_collector": false,
                    "isrequired": false,
                    "issearchable": true,
                    "istopnode": false,
                    "name": "Manner of Loss Metatype",
                    "nodegroup_id": "f1ff5f91-29ba-11eb-a521-f875a44e0e11",
                    "nodeid": "f1ffd485-29ba-11eb-979e-f875a44e0e11",
                    "ontologyclass": "http://www.cidoc-crm.org/cidoc-crm/E55_Type",
                    "parentproperty": "http://www.cidoc-crm.org/cidoc-crm/P2_has_type",
                    "sortorder": 0
                },
                {
                    "config": null,
                    "datatype": "semantic",
                    "description": null,
                    "exportable": false,
                    "fieldname": null,
                    "graph_id": "f1ff5f90-29ba-11eb-adb1-f875a44e0e11",
                    "is_collector": false,
                    "isrequired": false,
                    "issearchable": true,
                    "istopnode": false,
                    "name": "Expected Date of Arrival",
                    "nodegroup_id": "f1ff5f91-29ba-11eb-a521-f875a44e0e11",
                    "nodeid": "f1ffd486-29ba-11eb-b9dd-f875a44e0e11",
                    "ontologyclass": "http://www.cidoc-crm.org/cidoc-crm/E52_Time-Span",
                    "parentproperty": "http://www.cidoc-crm.org/cidoc-crm/P86i_contains",
                    "sortorder": 0
                },
                {
                    "config": {
                        "dateFormat": "YYYY-MM-DD"
                    },
                    "datatype": "date",
                    "description": null,
                    "exportable": false,
                    "fieldname": null,
                    "graph_id": "f1ff5f90-29ba-11eb-adb1-f875a44e0e11",
                    "is_collector": false,
                    "isrequired": false,
                    "issearchable": true,
                    "istopnode": false,
                    "name": "Date of Departure",
                    "nodegroup_id": "f1ff5f91-29ba-11eb-a521-f875a44e0e11",
                    "nodeid": "f1ffd487-29ba-11eb-a332-f875a44e0e11",
                    "ontologyclass": "http://www.cidoc-crm.org/cidoc-crm/E61_Time_Primitive",
                    "parentproperty": "http://www.cidoc-crm.org/cidoc-crm/P82a_begin_of_the_begin",
                    "sortorder": 0
                },
                {
                    "config": {
                        "graphs": [
                            {
                                "graphid": "076f9381-7b00-11e9-8d6b-80000b44d1d9",
                                "name": "Heritage Asset"
                            },
                            {
                                "graphid": "979aaf0b-7042-11ea-9674-287fcf6a5e72",
                                "name": "Heritage Area"
                            }
                        ]
                    },
                    "datatype": "resource-instance-list",
                    "description": null,
                    "exportable": false,
                    "fieldname": "",
                    "graph_id": "f1ff5f90-29ba-11eb-adb1-f875a44e0e11",
                    "is_collector": false,
                    "isrequired": false,
                    "issearchable": true,
                    "istopnode": false,
                    "name": "Crash Site",
                    "nodegroup_id": "f1ff5f91-29ba-11eb-a521-f875a44e0e11",
                    "nodeid": "f1ffd488-29ba-11eb-bbc9-f875a44e0e11",
                    "ontologyclass": "http://www.cidoc-crm.org/cidoc-crm/E18_Physical_Thing",
                    "parentproperty": "http://www.cidoc-crm.org/cidoc-crm/P92_brought_into_existence",
                    "sortorder": 0
                },
                {
                    "config": {
                        "rdmCollection": "1e63c514-eb9d-48d3-94b5-35e060e5f368"
                    },
                    "datatype": "concept",
                    "description": null,
                    "exportable": false,
                    "fieldname": null,
                    "graph_id": "f1ff5f90-29ba-11eb-adb1-f875a44e0e11",
                    "is_collector": false,
                    "isrequired": false,
                    "issearchable": true,
                    "istopnode": false,
                    "name": "Last Flight Metatype",
                    "nodegroup_id": "f1ff5f91-29ba-11eb-a521-f875a44e0e11",
                    "nodeid": "f1ffd489-29ba-11eb-b7b1-f875a44e0e11",
                    "ontologyclass": "http://www.cidoc-crm.org/cidoc-crm/E55_Type",
                    "parentproperty": "http://www.cidoc-crm.org/cidoc-crm/P2_has_type",
                    "sortorder": 0
                },
                {
                    "config": {
                        "rdmCollection": "0ff39ed3-cc95-4c60-9321-6d4e65fb1f2d"
                    },
                    "datatype": "concept",
                    "description": null,
                    "exportable": false,
                    "fieldname": null,
                    "graph_id": "f1ff5f90-29ba-11eb-adb1-f875a44e0e11",
                    "is_collector": false,
                    "isrequired": false,
                    "issearchable": true,
                    "istopnode": false,
                    "name": "Last Flight Description Type",
                    "nodegroup_id": "f1ff5f91-29ba-11eb-a521-f875a44e0e11",
                    "nodeid": "f1ffd48a-29ba-11eb-b831-f875a44e0e11",
                    "ontologyclass": "http://www.cidoc-crm.org/cidoc-crm/E55_Type",
                    "parentproperty": "http://www.cidoc-crm.org/cidoc-crm/P2_has_type",
                    "sortorder": 0
                },
                {
                    "config": {
                        "rdmCollection": "1e63c514-eb9d-48d3-94b5-35e060e5f368"
                    },
                    "datatype": "concept",
                    "description": null,
                    "exportable": false,
                    "fieldname": null,
                    "graph_id": "f1ff5f90-29ba-11eb-adb1-f875a44e0e11",
                    "is_collector": false,
                    "isrequired": false,
                    "issearchable": true,
                    "istopnode": false,
                    "name": "Last Flight Description Metatype",
                    "nodegroup_id": "f1ff5f91-29ba-11eb-a521-f875a44e0e11",
                    "nodeid": "f1ffd48b-29ba-11eb-933b-f875a44e0e11",
                    "ontologyclass": "http://www.cidoc-crm.org/cidoc-crm/E55_Type",
                    "parentproperty": "http://www.cidoc-crm.org/cidoc-crm/P2_has_type",
                    "sortorder": 0
                },
                {
                    "config": null,
                    "datatype": "string",
                    "description": null,
                    "exportable": false,
                    "fieldname": null,
                    "graph_id": "f1ff5f90-29ba-11eb-adb1-f875a44e0e11",
                    "is_collector": false,
                    "isrequired": false,
                    "issearchable": true,
                    "istopnode": false,
                    "name": "Last Flight Description",
                    "nodegroup_id": "f1ff5f91-29ba-11eb-a521-f875a44e0e11",
                    "nodeid": "f1ffd48c-29ba-11eb-85b2-f875a44e0e11",
                    "ontologyclass": "http://www.w3.org/2000/01/rdf-schema#Literal",
                    "parentproperty": "http://www.cidoc-crm.org/cidoc-crm/P3_has_note",
                    "sortorder": 0
                },
                {
                    "config": {
                        "dateFormat": "YYYY-MM-DD"
                    },
                    "datatype": "date",
                    "description": null,
                    "exportable": false,
                    "fieldname": null,
                    "graph_id": "f1ff5f90-29ba-11eb-adb1-f875a44e0e11",
                    "is_collector": false,
                    "isrequired": false,
                    "issearchable": true,
                    "istopnode": false,
                    "name": "Expected Date End ",
                    "nodegroup_id": "f1ff5f91-29ba-11eb-a521-f875a44e0e11",
                    "nodeid": "f1ffd48d-29ba-11eb-97e0-f875a44e0e11",
                    "ontologyclass": "http://www.cidoc-crm.org/cidoc-crm/E61_Time_Primitive",
                    "parentproperty": "http://www.cidoc-crm.org/cidoc-crm/P82b_end_of_the_end",
                    "sortorder": 0
                },
                {
                    "config": {
                        "dateFormat": "YYYY-MM-DD"
                    },
                    "datatype": "date",
                    "description": null,
                    "exportable": false,
                    "fieldname": null,
                    "graph_id": "f1ff5f90-29ba-11eb-adb1-f875a44e0e11",
                    "is_collector": false,
                    "isrequired": false,
                    "issearchable": true,
                    "istopnode": false,
                    "name": "Expected Date Start",
                    "nodegroup_id": "f1ff5f91-29ba-11eb-a521-f875a44e0e11",
                    "nodeid": "f1ffd48e-29ba-11eb-bd65-f875a44e0e11",
                    "ontologyclass": "http://www.cidoc-crm.org/cidoc-crm/E61_Time_Primitive",
                    "parentproperty": "http://www.cidoc-crm.org/cidoc-crm/P82a_begin_of_the_begin",
                    "sortorder": 0
                },
                {
                    "config": {
                        "rdmCollection": "daacadea-1454-4cf4-8b14-9ade8069f4d7"
                    },
                    "datatype": "concept",
                    "description": "",
                    "exportable": false,
                    "fieldname": null,
                    "graph_id": "f1ff5f90-29ba-11eb-adb1-f875a44e0e11",
                    "is_collector": false,
                    "isrequired": false,
                    "issearchable": true,
                    "istopnode": false,
                    "name": "Crash Description Language",
                    "nodegroup_id": "f1ff5f91-29ba-11eb-a521-f875a44e0e11",
                    "nodeid": "f1fffbc0-29ba-11eb-8b90-f875a44e0e11",
                    "ontologyclass": "http://www.cidoc-crm.org/cidoc-crm/E56_Language",
                    "parentproperty": "http://www.cidoc-crm.org/cidoc-crm/P72_has_language",
                    "sortorder": 0
                },
                {
                    "config": {
                        "rdmCollection": "1e63c514-eb9d-48d3-94b5-35e060e5f368"
                    },
                    "datatype": "concept",
                    "description": null,
                    "exportable": false,
                    "fieldname": null,
                    "graph_id": "f1ff5f90-29ba-11eb-adb1-f875a44e0e11",
                    "is_collector": false,
                    "isrequired": false,
                    "issearchable": true,
                    "istopnode": false,
                    "name": "Crash Description Language Metatype",
                    "nodegroup_id": "f1ff5f91-29ba-11eb-a521-f875a44e0e11",
                    "nodeid": "f1fffbc1-29ba-11eb-b6fc-f875a44e0e11",
                    "ontologyclass": "http://www.cidoc-crm.org/cidoc-crm/E55_Type",
                    "parentproperty": "http://www.cidoc-crm.org/cidoc-crm/P2_has_type",
                    "sortorder": 0
                },
                {
                    "config": null,
                    "datatype": "semantic",
                    "description": "Represents a single node in a graph",
                    "exportable": false,
                    "fieldname": "",
                    "graph_id": "f1ff5f90-29ba-11eb-adb1-f875a44e0e11",
                    "is_collector": false,
                    "isrequired": false,
                    "issearchable": true,
                    "istopnode": false,
                    "name": "Last Cargo",
                    "nodegroup_id": "f1ff5f91-29ba-11eb-a521-f875a44e0e11",
                    "nodeid": "f1fffbc2-29ba-11eb-baf3-f875a44e0e11",
                    "ontologyclass": "http://www.cidoc-crm.org/cidoc-crm/E19_Physical_Object",
                    "parentproperty": "http://www.cidoc-crm.org/cidoc-crm/P12_occurred_in_the_presence_of",
                    "sortorder": 0
                },
                {
                    "config": null,
                    "datatype": "semantic",
                    "description": "",
                    "exportable": false,
                    "fieldname": null,
                    "graph_id": "f1ff5f90-29ba-11eb-adb1-f875a44e0e11",
                    "is_collector": false,
                    "isrequired": false,
                    "issearchable": true,
                    "istopnode": false,
                    "name": "Crash Descriptions",
                    "nodegroup_id": "f1ff5f91-29ba-11eb-a521-f875a44e0e11",
                    "nodeid": "f1fffbc3-29ba-11eb-a24e-f875a44e0e11",
                    "ontologyclass": "http://www.cidoc-crm.org/cidoc-crm/E33_Linguistic_Object",
                    "parentproperty": "http://www.cidoc-crm.org/cidoc-crm/P129i_is_subject_of",
                    "sortorder": 0
                },
                {
                    "config": null,
                    "datatype": "semantic",
                    "description": null,
                    "exportable": false,
                    "fieldname": "",
                    "graph_id": "f1ff5f90-29ba-11eb-adb1-f875a44e0e11",
                    "is_collector": false,
                    "isrequired": false,
                    "issearchable": true,
                    "istopnode": false,
                    "name": "Final Place of Departure",
                    "nodegroup_id": "f1ff5f91-29ba-11eb-a521-f875a44e0e11",
                    "nodeid": "f1fffbc4-29ba-11eb-89c0-f875a44e0e11",
                    "ontologyclass": "http://www.cidoc-crm.org/cidoc-crm/E53_Place",
                    "parentproperty": "http://www.cidoc-crm.org/cidoc-crm/P161_has_spatial_projection",
                    "sortorder": 0
                },
                {
                    "config": {
                        "rdmCollection": "b237606c-ed18-4b8d-bf97-7714353995a8"
                    },
                    "datatype": "concept-list",
                    "description": "Represents a single node in a graph",
                    "exportable": false,
                    "fieldname": "",
                    "graph_id": "f1ff5f90-29ba-11eb-adb1-f875a44e0e11",
                    "is_collector": false,
                    "isrequired": false,
                    "issearchable": true,
                    "istopnode": false,
                    "name": "Last Cargo Type",
                    "nodegroup_id": "f1ff5f91-29ba-11eb-a521-f875a44e0e11",
                    "nodeid": "f1fffbc5-29ba-11eb-bc1a-f875a44e0e11",
                    "ontologyclass": "http://www.cidoc-crm.org/cidoc-crm/E55_Type",
                    "parentproperty": "http://www.cidoc-crm.org/cidoc-crm/P2_has_type",
                    "sortorder": 0
                },
                {
                    "config": null,
                    "datatype": "semantic",
                    "description": "",
                    "exportable": false,
                    "fieldname": "",
                    "graph_id": "f1ff5f90-29ba-11eb-adb1-f875a44e0e11",
                    "is_collector": true,
                    "isrequired": false,
                    "issearchable": true,
                    "istopnode": true,
                    "name": "Crash_Event",
                    "nodegroup_id": "f1ff5f91-29ba-11eb-a521-f875a44e0e11",
                    "nodeid": "f1ff5f91-29ba-11eb-a521-f875a44e0e11",
                    "ontologyclass": "http://www.cidoc-crm.org/cidoc-crm/E81_Transformation",
                    "parentproperty": "",
                    "sortorder": 0
                }
            ],
            "ontology_id": "e6e8db47-2ccf-11e6-927e-b8f6b115d7dd",
            "relatable_resource_model_ids": [],
            "resource_2_resource_constraints": [],
            "root": {
                "config": null,
                "datatype": "semantic",
                "description": "",
                "exportable": false,
                "fieldname": "",
                "graph_id": "f1ff5f90-29ba-11eb-adb1-f875a44e0e11",
                "is_collector": true,
                "isrequired": false,
                "issearchable": true,
                "istopnode": true,
                "name": "Crash_Event",
                "nodegroup_id": "f1ff5f91-29ba-11eb-a521-f875a44e0e11",
                "nodeid": "f1ff5f91-29ba-11eb-a521-f875a44e0e11",
                "ontologyclass": "http://www.cidoc-crm.org/cidoc-crm/E81_Transformation",
                "sortorder": 0
            },
            "slug": null,
            "subtitle": "",
            "template_id": "50000000-0000-0000-0000-000000000002",
            "version": ""
        }
    ]
}