{
    "graph": [
        {
            "author": "",
            "cards": [
                {
                    "active": true,
                    "cardid": "7cfb164d-894f-11ea-97a9-f875a44e0e11",
                    "component_id": "f05e4d3a-53c1-11e8-b0ea-784f435179ea",
                    "config": null,
                    "constraints": [],
                    "cssclass": null,
                    "description": "Represents a single node in a graph",
                    "graph_id": "7cfb164a-894f-11ea-bbcf-f875a44e0e11",
                    "helpenabled": false,
                    "helptext": null,
                    "helptitle": null,
                    "instructions": null,
                    "is_editable": true,
                    "name": "Extent",
                    "nodegroup_id": "7cfb164b-894f-11ea-9069-f875a44e0e11",
                    "sortorder": null,
                    "visible": true
                },
                {
                    "active": true,
                    "cardid": "7cfb1650-894f-11ea-a3e7-f875a44e0e11",
                    "component_id": "f05e4d3a-53c1-11e8-b0ea-784f435179ea",
                    "config": null,
                    "constraints": [],
                    "cssclass": null,
                    "description": "",
                    "graph_id": "7cfb164a-894f-11ea-bbcf-f875a44e0e11",
                    "helpenabled": false,
                    "helptext": null,
                    "helptitle": null,
                    "instructions": null,
                    "is_editable": true,
                    "name": "Curated Holding",
                    "nodegroup_id": "7cfb164e-894f-11ea-b1f7-f875a44e0e11",
                    "sortorder": null,
                    "visible": true
                }
            ],
            "cards_x_nodes_x_widgets": [],
            "color": null,
            "config": {},
            "deploymentdate": null,
            "deploymentfile": null,
            "description": "",
            "edges": [
                {
                    "description": null,
                    "domainnode_id": "7cfb164b-894f-11ea-9069-f875a44e0e11",
                    "edgeid": "7cfb3d7c-894f-11ea-b5f2-f875a44e0e11",
                    "graph_id": "7cfb164a-894f-11ea-bbcf-f875a44e0e11",
                    "name": null,
                    "ontologyproperty": "http://www.cidoc-crm.org/cidoc-crm/P90_has_value",
                    "rangenode_id": "7cfb3d7b-894f-11ea-ba63-f875a44e0e11"
                },
                {
                    "description": null,
                    "domainnode_id": "7cfb164b-894f-11ea-9069-f875a44e0e11",
                    "edgeid": "7cfb3d7d-894f-11ea-9e7a-f875a44e0e11",
                    "graph_id": "7cfb164a-894f-11ea-bbcf-f875a44e0e11",
                    "name": null,
                    "ontologyproperty": "http://www.cidoc-crm.org/cidoc-crm/P91_has_unit",
                    "rangenode_id": "7cfb3d7a-894f-11ea-86d8-f875a44e0e11"
                },
                {
                    "description": null,
                    "domainnode_id": "7cfb164e-894f-11ea-b1f7-f875a44e0e11",
                    "edgeid": "7cfb3d7e-894f-11ea-83fb-f875a44e0e11",
                    "graph_id": "7cfb164a-894f-11ea-bbcf-f875a44e0e11",
                    "name": null,
                    "ontologyproperty": "http://www.cidoc-crm.org/cidoc-crm/BM.PX_is_related_to",
                    "rangenode_id": "7cfb164b-894f-11ea-9069-f875a44e0e11"
                }
            ],
            "functions_x_graphs": [],
            "graphid": "7cfb164a-894f-11ea-bbcf-f875a44e0e11",
            "iconclass": "fa fa-archive",
            "is_editable": true,
            "isactive": true,
            "isresource": false,
            "jsonldcontext": null,
            "name": "Curated Holding",
            "nodegroups": [
                {
                    "cardinality": "1",
                    "legacygroupid": null,
                    "nodegroupid": "7cfb164b-894f-11ea-9069-f875a44e0e11",
                    "parentnodegroup_id": "7cfb164e-894f-11ea-b1f7-f875a44e0e11"
                },
                {
                    "cardinality": "1",
                    "legacygroupid": null,
                    "nodegroupid": "7cfb164e-894f-11ea-b1f7-f875a44e0e11",
                    "parentnodegroup_id": null
                }
            ],
            "nodes": [
                {
                    "config": {
                        "rdmCollection": "51407fe6-9f8d-439d-8309-d6804b4437d2"
                    },
                    "datatype": "concept",
                    "description": "Represents a single node in a graph",
                    "exportable": false,
                    "fieldname": "",
                    "graph_id": "7cfb164a-894f-11ea-bbcf-f875a44e0e11",
                    "is_collector": false,
                    "isrequired": false,
                    "issearchable": true,
                    "istopnode": false,
                    "name": "Extent Measurement Unit",
                    "nodegroup_id": "7cfb164b-894f-11ea-9069-f875a44e0e11",
                    "nodeid": "7cfb3d7a-894f-11ea-86d8-f875a44e0e11",
                    "ontologyclass": "http://www.cidoc-crm.org/cidoc-crm/E58_Measurement_Unit",
                    "parentproperty": "http://www.cidoc-crm.org/cidoc-crm/P91_has_unit",
                    "sortorder": 0
                },
                {
                    "config": null,
                    "datatype": "number",
                    "description": "Represents a single node in a graph",
                    "exportable": false,
                    "fieldname": "",
                    "graph_id": "7cfb164a-894f-11ea-bbcf-f875a44e0e11",
                    "is_collector": false,
                    "isrequired": false,
                    "issearchable": true,
                    "istopnode": false,
                    "name": "Quantity",
                    "nodegroup_id": "7cfb164b-894f-11ea-9069-f875a44e0e11",
                    "nodeid": "7cfb3d7b-894f-11ea-ba63-f875a44e0e11",
                    "ontologyclass": "http://www.w3.org/2000/01/rdf-schema#Literal",
                    "parentproperty": "http://www.cidoc-crm.org/cidoc-crm/P90_has_value",
                    "sortorder": 0
                },
                {
                    "config": null,
                    "datatype": "semantic",
                    "description": "Represents a single node in a graph",
                    "exportable": false,
                    "fieldname": "",
                    "graph_id": "7cfb164a-894f-11ea-bbcf-f875a44e0e11",
                    "is_collector": true,
                    "isrequired": false,
                    "issearchable": true,
                    "istopnode": false,
                    "name": "Extent",
                    "nodegroup_id": "7cfb164b-894f-11ea-9069-f875a44e0e11",
                    "nodeid": "7cfb164b-894f-11ea-9069-f875a44e0e11",
                    "ontologyclass": "http://www.cidoc-crm.org/cidoc-crm/E54_Dimension",
                    "parentproperty": "http://www.cidoc-crm.org/cidoc-crm/BM.PX_is_related_to",
                    "sortorder": 0
                },
                {
                    "config": null,
                    "datatype": "semantic",
                    "description": null,
                    "exportable": false,
                    "fieldname": null,
                    "graph_id": "7cfb164a-894f-11ea-bbcf-f875a44e0e11",
                    "is_collector": true,
                    "isrequired": false,
                    "issearchable": true,
                    "istopnode": true,
                    "name": "Curated Holding",
                    "nodegroup_id": "7cfb164e-894f-11ea-b1f7-f875a44e0e11",
                    "nodeid": "7cfb164e-894f-11ea-b1f7-f875a44e0e11",
                    "ontologyclass": "http://www.cidoc-crm.org/cidoc-crm/E78_Collection",
                    "parentproperty": "",
                    "sortorder": 0
                }
            ],
            "ontology_id": "e6e8db47-2ccf-11e6-927e-b8f6b115d7dd",
            "relatable_resource_model_ids": [],
            "resource_2_resource_constraints": [],
            "root": {
                "config": null,
                "datatype": "semantic",
                "description": null,
                "exportable": false,
                "fieldname": null,
                "graph_id": "7cfb164a-894f-11ea-bbcf-f875a44e0e11",
                "is_collector": true,
                "isrequired": false,
                "issearchable": true,
                "istopnode": true,
                "name": "Curated Holding",
                "nodegroup_id": "7cfb164e-894f-11ea-b1f7-f875a44e0e11",
                "nodeid": "7cfb164e-894f-11ea-b1f7-f875a44e0e11",
                "ontologyclass": "http://www.cidoc-crm.org/cidoc-crm/E78_Collection",
                "sortorder": 0
            },
            "slug": null,
            "subtitle": "",
            "template_id": "50000000-0000-0000-0000-000000000001",
            "version": ""
        }
    ]
}