{
    "graph": [
        {
            "author": "",
            "cards": [
                {
                    "active": true,
                    "cardid": "048d19a0-9924-11ea-aff3-f875a44e0e11",
                    "component_id": "f05e4d3a-53c1-11e8-b0ea-784f435179ea",
                    "config": null,
                    "constraints": [],
                    "cssclass": null,
                    "description": "",
                    "graph_id": "048cf280-9924-11ea-a9c7-f875a44e0e11",
                    "helpenabled": false,
                    "helptext": null,
                    "helptitle": null,
                    "instructions": null,
                    "is_editable": true,
                    "name": "Death",
                    "nodegroup_id": "048d199e-9924-11ea-be3f-f875a44e0e11",
                    "sortorder": 6,
                    "visible": true
                }
            ],
            "cards_x_nodes_x_widgets": [
                {
                    "card_id": "048d19a0-9924-11ea-aff3-f875a44e0e11",
                    "config": {
                        "defaultValue": "a0e096e2-f5ae-4579-950d-3040714713b4",
                        "label": "Death Place Metatype",
                        "options": [],
                        "placeholder": "Select an option"
                    },
                    "id": "048d19ab-9924-11ea-beda-f875a44e0e11",
                    "label": "Death Place Metatype",
                    "node_id": "048d19a5-9924-11ea-a846-f875a44e0e11",
                    "sortorder": null,
                    "visible": false,
                    "widget_id": "10000000-0000-0000-0000-000000000002"
                },
                {
                    "card_id": "048d19a0-9924-11ea-aff3-f875a44e0e11",
                    "config": {
                        "defaultValue": null,
                        "label": "Place of Death",
                        "maxLength": null,
                        "placeholder": "Enter text",
                        "width": "100%"
                    },
                    "id": "048d19ac-9924-11ea-a60d-f875a44e0e11",
                    "label": "Place of Death",
                    "node_id": "048d19a2-9924-11ea-9809-f875a44e0e11",
                    "sortorder": null,
                    "visible": true,
                    "widget_id": "10000000-0000-0000-0000-000000000001"
                },
                {
                    "card_id": "048d19a0-9924-11ea-aff3-f875a44e0e11",
                    "config": {
                        "dateFormat": "YYYY-MM-DD",
                        "defaultValue": "",
                        "label": "Date of Death",
                        "maxDate": false,
                        "minDate": false,
                        "placeholder": "Enter date",
                        "viewMode": "days"
                    },
                    "id": "048d19a8-9924-11ea-9658-f875a44e0e11",
                    "label": "Date of Death",
                    "node_id": "048d19a1-9924-11ea-bf3a-f875a44e0e11",
                    "sortorder": 0,
                    "visible": true,
                    "widget_id": "10000000-0000-0000-0000-000000000004"
                },
                {
                    "card_id": "048d19a0-9924-11ea-aff3-f875a44e0e11",
                    "config": {
                        "defaultValue": "",
                        "label": "Place of Death",
                        "maxLength": null,
                        "placeholder": "Enter text",
                        "width": "100%"
                    },
                    "id": "048d19a9-9924-11ea-9567-f875a44e0e11",
                    "label": "Place of Death",
                    "node_id": "048d19a7-9924-11ea-b6a6-f875a44e0e11",
                    "sortorder": 1,
                    "visible": true,
                    "widget_id": "10000000-0000-0000-0000-000000000001"
                },
                {
                    "card_id": "048d19a0-9924-11ea-aff3-f875a44e0e11",
                    "config": {
                        "defaultValue": "0a14ef3e-9dd1-4f62-a3a1-7fd762f591d4",
                        "label": "Death Place Type",
                        "options": [],
                        "placeholder": "Select an option"
                    },
                    "id": "048d19aa-9924-11ea-99d3-f875a44e0e11",
                    "label": "Death Place Type",
                    "node_id": "048d19a4-9924-11ea-abdc-f875a44e0e11",
                    "sortorder": null,
                    "visible": false,
                    "widget_id": "10000000-0000-0000-0000-000000000002"
                }
            ],
            "color": null,
            "config": {
                "nodes": [
                    "b6503555-a303-11e9-a361-00224800b26d"
                ]
            },
            "deploymentdate": null,
            "deploymentfile": null,
            "description": "",
            "edges": [
                {
                    "description": null,
                    "domainnode_id": "048d19a6-9924-11ea-b3f5-f875a44e0e11",
                    "edgeid": "048d19ad-9924-11ea-9f9d-f875a44e0e11",
                    "graph_id": "048cf280-9924-11ea-a9c7-f875a44e0e11",
                    "name": null,
                    "ontologyproperty": "http://www.cidoc-crm.org/cidoc-crm/P1_is_identified_by",
                    "rangenode_id": "048d19a7-9924-11ea-b6a6-f875a44e0e11"
                },
                {
                    "description": null,
                    "domainnode_id": "048d19a7-9924-11ea-b6a6-f875a44e0e11",
                    "edgeid": "048d19ae-9924-11ea-9807-f875a44e0e11",
                    "graph_id": "048cf280-9924-11ea-a9c7-f875a44e0e11",
                    "name": null,
                    "ontologyproperty": "http://www.cidoc-crm.org/cidoc-crm/P3_has_note",
                    "rangenode_id": "048d19a2-9924-11ea-9809-f875a44e0e11"
                },
                {
                    "description": null,
                    "domainnode_id": "048d199e-9924-11ea-be3f-f875a44e0e11",
                    "edgeid": "048d19af-9924-11ea-8e69-f875a44e0e11",
                    "graph_id": "048cf280-9924-11ea-a9c7-f875a44e0e11",
                    "name": null,
                    "ontologyproperty": "http://www.cidoc-crm.org/cidoc-crm/P4_has_time-span",
                    "rangenode_id": "048d19a3-9924-11ea-aa6f-f875a44e0e11"
                },
                {
                    "description": null,
                    "domainnode_id": "048d19a4-9924-11ea-abdc-f875a44e0e11",
                    "edgeid": "048d19b0-9924-11ea-8749-f875a44e0e11",
                    "graph_id": "048cf280-9924-11ea-a9c7-f875a44e0e11",
                    "name": null,
                    "ontologyproperty": "http://www.cidoc-crm.org/cidoc-crm/P2_has_type",
                    "rangenode_id": "048d19a5-9924-11ea-a846-f875a44e0e11"
                },
                {
                    "description": null,
                    "domainnode_id": "048d199e-9924-11ea-be3f-f875a44e0e11",
                    "edgeid": "048d19b1-9924-11ea-95c2-f875a44e0e11",
                    "graph_id": "048cf280-9924-11ea-a9c7-f875a44e0e11",
                    "name": null,
                    "ontologyproperty": "http://www.cidoc-crm.org/cidoc-crm/P7_took_place_at",
                    "rangenode_id": "048d19a6-9924-11ea-b3f5-f875a44e0e11"
                },
                {
                    "description": null,
                    "domainnode_id": "048d19a3-9924-11ea-aa6f-f875a44e0e11",
                    "edgeid": "048d19b2-9924-11ea-829b-f875a44e0e11",
                    "graph_id": "048cf280-9924-11ea-a9c7-f875a44e0e11",
                    "name": null,
                    "ontologyproperty": "http://www.cidoc-crm.org/cidoc-crm/P82b_end_of_the_end",
                    "rangenode_id": "048d19a1-9924-11ea-bf3a-f875a44e0e11"
                },
                {
                    "description": null,
                    "domainnode_id": "048d19a7-9924-11ea-b6a6-f875a44e0e11",
                    "edgeid": "048d19b3-9924-11ea-9015-f875a44e0e11",
                    "graph_id": "048cf280-9924-11ea-a9c7-f875a44e0e11",
                    "name": null,
                    "ontologyproperty": "http://www.cidoc-crm.org/cidoc-crm/P2_has_type",
                    "rangenode_id": "048d19a4-9924-11ea-abdc-f875a44e0e11"
                }
            ],
            "functions_x_graphs": [],
            "graphid": "048cf280-9924-11ea-a9c7-f875a44e0e11",
            "iconclass": "fa fa-user",
            "is_editable": true,
            "isactive": true,
            "isresource": false,
            "jsonldcontext": null,
            "name": "Death",
            "nodegroups": [
                {
                    "cardinality": "1",
                    "legacygroupid": null,
                    "nodegroupid": "048d199e-9924-11ea-be3f-f875a44e0e11",
                    "parentnodegroup_id": null
                }
            ],
            "nodes": [
                {
                    "config": {
                        "fuzzy_day_padding": 1,
                        "fuzzy_month_padding": 1,
                        "fuzzy_season_padding": 12,
                        "fuzzy_year_padding": 1,
                        "multiplier_if_approximate": 1,
                        "multiplier_if_both": 1,
                        "multiplier_if_uncertain": 1
                    },
                    "datatype": "edtf",
                    "description": "Represents a single node in a graph",
                    "exportable": false,
                    "fieldname": "",
                    "graph_id": "048cf280-9924-11ea-a9c7-f875a44e0e11",
                    "is_collector": false,
                    "isrequired": false,
                    "issearchable": true,
                    "istopnode": false,
                    "name": "Date of Death",
                    "nodegroup_id": "048d199e-9924-11ea-be3f-f875a44e0e11",
                    "nodeid": "048d19a1-9924-11ea-bf3a-f875a44e0e11",
                    "ontologyclass": "http://www.cidoc-crm.org/cidoc-crm/E61_Time_Primitive",
                    "parentproperty": "http://www.cidoc-crm.org/cidoc-crm/P82b_end_of_the_end",
                    "sortorder": 0
                },
                {
                    "config": null,
                    "datatype": "string",
                    "description": null,
                    "exportable": false,
                    "fieldname": null,
                    "graph_id": "048cf280-9924-11ea-a9c7-f875a44e0e11",
                    "is_collector": false,
                    "isrequired": false,
                    "issearchable": true,
                    "istopnode": false,
                    "name": "Death Place",
                    "nodegroup_id": "048d199e-9924-11ea-be3f-f875a44e0e11",
                    "nodeid": "048d19a2-9924-11ea-9809-f875a44e0e11",
                    "ontologyclass": "http://www.w3.org/2000/01/rdf-schema#Literal",
                    "parentproperty": "http://www.cidoc-crm.org/cidoc-crm/P3_has_note",
                    "sortorder": 0
                },
                {
                    "config": null,
                    "datatype": "semantic",
                    "description": "Represents a single node in a graph",
                    "exportable": false,
                    "fieldname": "",
                    "graph_id": "048cf280-9924-11ea-a9c7-f875a44e0e11",
                    "is_collector": false,
                    "isrequired": false,
                    "issearchable": true,
                    "istopnode": false,
                    "name": "Death Time Span",
                    "nodegroup_id": "048d199e-9924-11ea-be3f-f875a44e0e11",
                    "nodeid": "048d19a3-9924-11ea-aa6f-f875a44e0e11",
                    "ontologyclass": "http://www.cidoc-crm.org/cidoc-crm/E52_Time-Span",
                    "parentproperty": "http://www.cidoc-crm.org/cidoc-crm/P4_has_time-span",
                    "sortorder": 0
                },
                {
                    "config": {
                        "rdmCollection": "3e545767-c46c-4fe7-8754-c24528ba0842"
                    },
                    "datatype": "concept",
                    "description": null,
                    "exportable": false,
                    "fieldname": null,
                    "graph_id": "048cf280-9924-11ea-a9c7-f875a44e0e11",
                    "is_collector": false,
                    "isrequired": false,
                    "issearchable": true,
                    "istopnode": false,
                    "name": "Death Place Type",
                    "nodegroup_id": "048d199e-9924-11ea-be3f-f875a44e0e11",
                    "nodeid": "048d19a4-9924-11ea-abdc-f875a44e0e11",
                    "ontologyclass": "http://www.cidoc-crm.org/cidoc-crm/E55_Type",
                    "parentproperty": "http://www.cidoc-crm.org/cidoc-crm/P2_has_type",
                    "sortorder": 0
                },
                {
                    "config": {
                        "rdmCollection": "1e63c514-eb9d-48d3-94b5-35e060e5f368"
                    },
                    "datatype": "concept",
                    "description": null,
                    "exportable": false,
                    "fieldname": null,
                    "graph_id": "048cf280-9924-11ea-a9c7-f875a44e0e11",
                    "is_collector": false,
                    "isrequired": false,
                    "issearchable": true,
                    "istopnode": false,
                    "name": "Death Place Metatype",
                    "nodegroup_id": "048d199e-9924-11ea-be3f-f875a44e0e11",
                    "nodeid": "048d19a5-9924-11ea-a846-f875a44e0e11",
                    "ontologyclass": "http://www.cidoc-crm.org/cidoc-crm/E55_Type",
                    "parentproperty": "http://www.cidoc-crm.org/cidoc-crm/P2_has_type",
                    "sortorder": 0
                },
                {
                    "config": null,
                    "datatype": "semantic",
                    "description": "Represents a single node in a graph",
                    "exportable": false,
                    "fieldname": "",
                    "graph_id": "048cf280-9924-11ea-a9c7-f875a44e0e11",
                    "is_collector": false,
                    "isrequired": false,
                    "issearchable": true,
                    "istopnode": false,
                    "name": "Place of Death",
                    "nodegroup_id": "048d199e-9924-11ea-be3f-f875a44e0e11",
                    "nodeid": "048d19a6-9924-11ea-b3f5-f875a44e0e11",
                    "ontologyclass": "http://www.cidoc-crm.org/cidoc-crm/E53_Place",
                    "parentproperty": "http://www.cidoc-crm.org/cidoc-crm/P7_took_place_at",
                    "sortorder": 0
                },
                {
                    "config": null,
                    "datatype": "semantic",
                    "description": "Represents a single node in a graph",
                    "exportable": false,
                    "fieldname": "",
                    "graph_id": "048cf280-9924-11ea-a9c7-f875a44e0e11",
                    "is_collector": false,
                    "isrequired": false,
                    "issearchable": true,
                    "istopnode": false,
                    "name": "Deathplace",
                    "nodegroup_id": "048d199e-9924-11ea-be3f-f875a44e0e11",
                    "nodeid": "048d19a7-9924-11ea-b6a6-f875a44e0e11",
                    "ontologyclass": "http://www.cidoc-crm.org/cidoc-crm/E41_Appellation",
                    "parentproperty": "http://www.cidoc-crm.org/cidoc-crm/P1_is_identified_by",
                    "sortorder": 0
                },
                {
                    "config": {
                        "fillColor": "rgba(233,112,111,0.8)"
                    },
                    "datatype": "semantic",
                    "description": "",
                    "exportable": false,
                    "fieldname": "",
                    "graph_id": "048cf280-9924-11ea-a9c7-f875a44e0e11",
                    "is_collector": true,
                    "isrequired": false,
                    "issearchable": true,
                    "istopnode": true,
                    "name": "Death",
                    "nodegroup_id": "048d199e-9924-11ea-be3f-f875a44e0e11",
                    "nodeid": "048d199e-9924-11ea-be3f-f875a44e0e11",
                    "ontologyclass": "http://www.cidoc-crm.org/cidoc-crm/E69_Death",
                    "parentproperty": "",
                    "sortorder": 0
                }
            ],
            "ontology_id": "e6e8db47-2ccf-11e6-927e-b8f6b115d7dd",
            "relatable_resource_model_ids": [],
            "resource_2_resource_constraints": [],
            "root": {
                "config": {
                    "fillColor": "rgba(233,112,111,0.8)"
                },
                "datatype": "semantic",
                "description": "",
                "exportable": false,
                "fieldname": "",
                "graph_id": "048cf280-9924-11ea-a9c7-f875a44e0e11",
                "is_collector": true,
                "isrequired": false,
                "issearchable": true,
                "istopnode": true,
                "name": "Death",
                "nodegroup_id": "048d199e-9924-11ea-be3f-f875a44e0e11",
                "nodeid": "048d199e-9924-11ea-be3f-f875a44e0e11",
                "ontologyclass": "http://www.cidoc-crm.org/cidoc-crm/E69_Death",
                "sortorder": 0
            },
            "slug": null,
            "subtitle": "",
            "template_id": "50000000-0000-0000-0000-000000000003",
            "version": ""
        }
    ]
}