{
    "graph": [
        {
            "author": "",
            "cards": [
                {
                    "active": true,
                    "cardid": "5dc5de2f-8554-11ea-94f1-f875a44e0e11",
                    "component_id": "f05e4d3a-53c1-11e8-b0ea-784f435179ea",
                    "config": null,
                    "constraints": [
                        {
                            "card_id": "5dc5de2f-8554-11ea-94f1-f875a44e0e11",
                            "constraintid": "a9009eaa-5d91-4c39-94ff-0ca8c10468ca",
                            "nodes": [],
                            "uniquetoallinstances": false
                        }
                    ],
                    "cssclass": null,
                    "description": "",
                    "graph_id": "5dc5de2c-8554-11ea-b812-f875a44e0e11",
                    "helpenabled": false,
                    "helptext": null,
                    "helptitle": null,
                    "instructions": null,
                    "is_editable": true,
                    "name": "Digital File(s)",
                    "nodegroup_id": "5dc5de2d-8554-11ea-bb7d-f875a44e0e11",
                    "sortorder": null,
                    "visible": true
                }
            ],
            "cards_x_nodes_x_widgets": [
                {
                    "card_id": "5dc5de2f-8554-11ea-94f1-f875a44e0e11",
                    "config": {
                        "label": "Digital File(s)",
                        "placeholder": ""
                    },
                    "id": "c402dc6f-8554-11ea-a225-f875a44e0e11",
                    "label": "Digital File(s)",
                    "node_id": "5dc5de2d-8554-11ea-bb7d-f875a44e0e11",
                    "sortorder": null,
                    "visible": true,
                    "widget_id": "31f3728c-7613-11e7-a139-784f435179ea"
                }
            ],
            "color": null,
            "config": {
                "basemap": "streets",
                "bearing": 0,
                "centerX": -1.5983286851933372,
                "centerY": 53.155430248627454,
                "featureColor": "rgba(0,41,255,1)",
                "featureEditingDisabled": true,
                "featureLineWidth": 1,
                "featurePointSize": 3,
                "geocodePlaceholder": "Search",
                "geocodeProvider": "10000000-0000-0000-0000-010000000000",
                "geocoderVisible": true,
                "geometryTypes": [
                    {
                        "id": "Point",
                        "text": "Point"
                    },
                    {
                        "id": "Line",
                        "text": "Line"
                    },
                    {
                        "id": "Polygon",
                        "text": "Polygon"
                    }
                ],
                "mapControlsHidden": false,
                "maxZoom": 20,
                "minZoom": 0,
                "overlayConfigs": [],
                "overlayOpacity": 0,
                "pitch": 0,
                "zoom": 5
            },
            "deploymentdate": null,
            "deploymentfile": null,
            "description": "",
            "edges": [],
            "functions_x_graphs": [],
            "graphid": "5dc5de2c-8554-11ea-b812-f875a44e0e11",
            "iconclass": "fa fa-files-o",
            "is_editable": true,
            "isactive": true,
            "isresource": false,
            "jsonldcontext": null,
            "name": "Digital File(s)",
            "nodegroups": [
                {
                    "cardinality": "n",
                    "legacygroupid": null,
                    "nodegroupid": "5dc5de2d-8554-11ea-bb7d-f875a44e0e11",
                    "parentnodegroup_id": null
                }
            ],
            "nodes": [
                {
                    "config": {
                        "graphid": [
                            "a535a235-8481-11ea-a6b9-f875a44e0e11"
                        ],
                        "graphs": [
                            {
                                "graphid": "a535a235-8481-11ea-a6b9-f875a44e0e11",
                                "name": "Digital_Object"
                            }
                        ]
                    },
                    "datatype": "resource-instance",
                    "description": null,
                    "exportable": false,
                    "fieldname": null,
                    "graph_id": "5dc5de2c-8554-11ea-b812-f875a44e0e11",
                    "is_collector": true,
                    "isrequired": false,
                    "issearchable": true,
                    "istopnode": true,
                    "name": "Digital File(s)",
                    "nodegroup_id": "5dc5de2d-8554-11ea-bb7d-f875a44e0e11",
                    "nodeid": "5dc5de2d-8554-11ea-bb7d-f875a44e0e11",
                    "ontologyclass": "http://www.ics.forth.gr/isl/CRMdig/D1_Digital_Object",
                    "parentproperty": "",
                    "sortorder": 0
                }
            ],
            "ontology_id": "e6e8db47-2ccf-11e6-927e-b8f6b115d7dd",
            "relatable_resource_model_ids": [],
            "resource_2_resource_constraints": [],
            "root": {
                "config": {
                    "graphid": [
                        "a535a235-8481-11ea-a6b9-f875a44e0e11"
                    ],
                    "graphs": [
                        {
                            "graphid": "a535a235-8481-11ea-a6b9-f875a44e0e11",
                            "name": "Digital_Object"
                        }
                    ]
                },
                "datatype": "resource-instance",
                "description": null,
                "exportable": false,
                "fieldname": null,
                "graph_id": "5dc5de2c-8554-11ea-b812-f875a44e0e11",
                "is_collector": true,
                "isrequired": false,
                "issearchable": true,
                "istopnode": true,
                "name": "Digital File(s)",
                "nodegroup_id": "5dc5de2d-8554-11ea-bb7d-f875a44e0e11",
                "nodeid": "5dc5de2d-8554-11ea-bb7d-f875a44e0e11",
                "ontologyclass": "http://www.ics.forth.gr/isl/CRMdig/D1_Digital_Object",
                "sortorder": 0
            },
            "slug": null,
            "subtitle": "",
            "template_id": "50000000-0000-0000-0000-000000000002",
            "version": ""
        }
    ]
}