{
    "graph": [
        {
            "author": "",
            "cards": [
                {
                    "active": true,
                    "cardid": "c3cea10b-9b68-11ea-be2f-f875a44e0e11",
                    "component_id": "f05e4d3a-53c1-11e8-b0ea-784f435179ea",
                    "config": null,
                    "constraints": [
                        {
                            "card_id": "c3cea10b-9b68-11ea-be2f-f875a44e0e11",
                            "constraintid": "535902d5-2883-427f-96b6-fad5fc7fd746",
                            "nodes": [],
                            "uniquetoallinstances": false
                        }
                    ],
                    "cssclass": null,
                    "description": "",
                    "graph_id": "c3cea108-9b68-11ea-85fa-f875a44e0e11",
                    "helpenabled": false,
                    "helptext": null,
                    "helptitle": null,
                    "instructions": null,
                    "is_editable": true,
                    "name": "Extent",
                    "nodegroup_id": "c3cea109-9b68-11ea-9ab0-f875a44e0e11",
                    "sortorder": null,
                    "visible": true
                }
            ],
            "cards_x_nodes_x_widgets": [
                {
                    "card_id": "c3cea10b-9b68-11ea-be2f-f875a44e0e11",
                    "config": {
                        "defaultValue": "495ecc6a-a265-434b-8708-d6b76bd9a30e",
                        "label": "Extent Measurement Unit Metatype",
                        "options": [],
                        "placeholder": "Select an option"
                    },
                    "id": "15a45024-9b69-11ea-8338-f875a44e0e11",
                    "label": "Extent Measurement Unit Metatype",
                    "node_id": "c3cea10c-9b68-11ea-8081-f875a44e0e11",
                    "sortorder": 1,
                    "visible": false,
                    "widget_id": "10000000-0000-0000-0000-000000000002"
                },
                {
                    "card_id": "c3cea10b-9b68-11ea-be2f-f875a44e0e11",
                    "config": {
                        "defaultValue": "",
                        "label": "Extent Measurement Unit",
                        "options": [],
                        "placeholder": "Select an option"
                    },
                    "id": "15a624c3-9b69-11ea-bd7c-f875a44e0e11",
                    "label": "Extent Measurement Unit",
                    "node_id": "c3cea10e-9b68-11ea-b3b9-f875a44e0e11",
                    "sortorder": 0,
                    "visible": true,
                    "widget_id": "10000000-0000-0000-0000-000000000002"
                },
                {
                    "card_id": "c3cea10b-9b68-11ea-be2f-f875a44e0e11",
                    "config": {
                        "defaultValue": "",
                        "format": "",
                        "label": "Quantity",
                        "max": "",
                        "min": "",
                        "placeholder": "Enter number",
                        "precision": "",
                        "prefix": "",
                        "step": "",
                        "suffix": "",
                        "width": "100%"
                    },
                    "id": "15a78465-9b69-11ea-872d-f875a44e0e11",
                    "label": "Quantity",
                    "node_id": "c3cea10d-9b68-11ea-a492-f875a44e0e11",
                    "sortorder": 2,
                    "visible": true,
                    "widget_id": "10000000-0000-0000-0000-000000000008"
                }
            ],
            "color": null,
            "config": {},
            "deploymentdate": null,
            "deploymentfile": null,
            "description": "",
            "edges": [
                {
                    "description": null,
                    "domainnode_id": "c3cea10e-9b68-11ea-b3b9-f875a44e0e11",
                    "edgeid": "c3cea10f-9b68-11ea-87e3-f875a44e0e11",
                    "graph_id": "c3cea108-9b68-11ea-85fa-f875a44e0e11",
                    "name": null,
                    "ontologyproperty": "http://www.cidoc-crm.org/cidoc-crm/P2_has_type",
                    "rangenode_id": "c3cea10c-9b68-11ea-8081-f875a44e0e11"
                },
                {
                    "description": null,
                    "domainnode_id": "c3cea109-9b68-11ea-9ab0-f875a44e0e11",
                    "edgeid": "c3cea110-9b68-11ea-bdfe-f875a44e0e11",
                    "graph_id": "c3cea108-9b68-11ea-85fa-f875a44e0e11",
                    "name": null,
                    "ontologyproperty": "http://www.cidoc-crm.org/cidoc-crm/P90_has_value",
                    "rangenode_id": "c3cea10d-9b68-11ea-a492-f875a44e0e11"
                },
                {
                    "description": null,
                    "domainnode_id": "c3cea109-9b68-11ea-9ab0-f875a44e0e11",
                    "edgeid": "c3cea111-9b68-11ea-b01b-f875a44e0e11",
                    "graph_id": "c3cea108-9b68-11ea-85fa-f875a44e0e11",
                    "name": null,
                    "ontologyproperty": "http://www.cidoc-crm.org/cidoc-crm/P91_has_unit",
                    "rangenode_id": "c3cea10e-9b68-11ea-b3b9-f875a44e0e11"
                }
            ],
            "functions_x_graphs": [],
            "graphid": "c3cea108-9b68-11ea-85fa-f875a44e0e11",
            "iconclass": "fa fa-archive",
            "is_editable": true,
            "isactive": true,
            "isresource": false,
            "jsonldcontext": null,
            "name": "Extent",
            "nodegroups": [
                {
                    "cardinality": "1",
                    "legacygroupid": null,
                    "nodegroupid": "c3cea109-9b68-11ea-9ab0-f875a44e0e11",
                    "parentnodegroup_id": null
                }
            ],
            "nodes": [
                {
                    "config": {
                        "rdmCollection": "1e63c514-eb9d-48d3-94b5-35e060e5f368"
                    },
                    "datatype": "concept",
                    "description": null,
                    "exportable": false,
                    "fieldname": null,
                    "graph_id": "c3cea108-9b68-11ea-85fa-f875a44e0e11",
                    "is_collector": false,
                    "isrequired": false,
                    "issearchable": true,
                    "istopnode": false,
                    "name": "Extent Measurement Unit Metatype",
                    "nodegroup_id": "c3cea109-9b68-11ea-9ab0-f875a44e0e11",
                    "nodeid": "c3cea10c-9b68-11ea-8081-f875a44e0e11",
                    "ontologyclass": "http://www.cidoc-crm.org/cidoc-crm/E55_Type",
                    "parentproperty": "http://www.cidoc-crm.org/cidoc-crm/P2_has_type",
                    "sortorder": 0
                },
                {
                    "config": null,
                    "datatype": "number",
                    "description": "Represents a single node in a graph",
                    "exportable": false,
                    "fieldname": "",
                    "graph_id": "c3cea108-9b68-11ea-85fa-f875a44e0e11",
                    "is_collector": false,
                    "isrequired": false,
                    "issearchable": true,
                    "istopnode": false,
                    "name": "Quantity",
                    "nodegroup_id": "c3cea109-9b68-11ea-9ab0-f875a44e0e11",
                    "nodeid": "c3cea10d-9b68-11ea-a492-f875a44e0e11",
                    "ontologyclass": "http://www.w3.org/2000/01/rdf-schema#Literal",
                    "parentproperty": "http://www.cidoc-crm.org/cidoc-crm/P90_has_value",
                    "sortorder": 0
                },
                {
                    "config": {
                        "rdmCollection": "51407fe6-9f8d-439d-8309-d6804b4437d2"
                    },
                    "datatype": "concept",
                    "description": "Represents a single node in a graph",
                    "exportable": false,
                    "fieldname": "",
                    "graph_id": "c3cea108-9b68-11ea-85fa-f875a44e0e11",
                    "is_collector": false,
                    "isrequired": false,
                    "issearchable": true,
                    "istopnode": false,
                    "name": "Extent Measurement Unit",
                    "nodegroup_id": "c3cea109-9b68-11ea-9ab0-f875a44e0e11",
                    "nodeid": "c3cea10e-9b68-11ea-b3b9-f875a44e0e11",
                    "ontologyclass": "http://www.cidoc-crm.org/cidoc-crm/E58_Measurement_Unit",
                    "parentproperty": "http://www.cidoc-crm.org/cidoc-crm/P91_has_unit",
                    "sortorder": 0
                },
                {
                    "config": null,
                    "datatype": "semantic",
                    "description": "Represents a single node in a graph",
                    "exportable": false,
                    "fieldname": "",
                    "graph_id": "c3cea108-9b68-11ea-85fa-f875a44e0e11",
                    "is_collector": true,
                    "isrequired": false,
                    "issearchable": true,
                    "istopnode": true,
                    "name": "Extent",
                    "nodegroup_id": "c3cea109-9b68-11ea-9ab0-f875a44e0e11",
                    "nodeid": "c3cea109-9b68-11ea-9ab0-f875a44e0e11",
                    "ontologyclass": "http://www.cidoc-crm.org/cidoc-crm/E54_Dimension",
                    "parentproperty": "",
                    "sortorder": 0
                }
            ],
            "ontology_id": "e6e8db47-2ccf-11e6-927e-b8f6b115d7dd",
            "relatable_resource_model_ids": [],
            "resource_2_resource_constraints": [],
            "root": {
                "config": null,
                "datatype": "semantic",
                "description": "Represents a single node in a graph",
                "exportable": false,
                "fieldname": "",
                "graph_id": "c3cea108-9b68-11ea-85fa-f875a44e0e11",
                "is_collector": true,
                "isrequired": false,
                "issearchable": true,
                "istopnode": true,
                "name": "Extent",
                "nodegroup_id": "c3cea109-9b68-11ea-9ab0-f875a44e0e11",
                "nodeid": "c3cea109-9b68-11ea-9ab0-f875a44e0e11",
                "ontologyclass": "http://www.cidoc-crm.org/cidoc-crm/E54_Dimension",
                "sortorder": 0
            },
            "slug": null,
            "subtitle": "",
            "template_id": "50000000-0000-0000-0000-000000000001",
            "version": ""
        }
    ]
}