{
    "graph": [
        {
            "author": "Phil Carlisle",
            "cards": [
                {
                    "active": true,
                    "cardid": "beabc9b3-59db-11e9-a572-18cf5eb368c4",
                    "component_id": "f05e4d3a-53c1-11e8-b0ea-784f435179ea",
                    "config": null,
                    "constraints": [
                        {
                            "card_id": "beabc9b3-59db-11e9-a572-18cf5eb368c4",
                            "constraintid": "495d0b88-4389-4ecb-9050-354ad2d046f3",
                            "nodes": [],
                            "uniquetoallinstances": false
                        }
                    ],
                    "cssclass": null,
                    "description": "",
                    "graph_id": "beabc9b0-59db-11e9-bad6-18cf5eb368c4",
                    "helpenabled": false,
                    "helptext": null,
                    "helptitle": null,
                    "instructions": "Used to record the details of any flights undertaken by the aircraft",
                    "is_editable": true,
                    "name": "Flights",
                    "nodegroup_id": "beabc9b1-59db-11e9-994e-18cf5eb368c4",
                    "sortorder": null,
                    "visible": true
                },
                {
                    "active": true,
                    "cardid": "beabc9b6-59db-11e9-932e-18cf5eb368c4",
                    "component_id": "f05e4d3a-53c1-11e8-b0ea-784f435179ea",
                    "config": null,
                    "constraints": [],
                    "cssclass": null,
                    "description": "",
                    "graph_id": "beabc9b0-59db-11e9-bad6-18cf5eb368c4",
                    "helpenabled": false,
                    "helptext": null,
                    "helptitle": null,
                    "instructions": null,
                    "is_editable": true,
                    "name": "Flight Descriptions",
                    "nodegroup_id": "beabc9b4-59db-11e9-bd6d-18cf5eb368c4",
                    "sortorder": 1,
                    "visible": true
                },
                {
                    "active": true,
                    "cardid": "beabc9b9-59db-11e9-8a38-18cf5eb368c4",
                    "component_id": "f05e4d3a-53c1-11e8-b0ea-784f435179ea",
                    "config": null,
                    "constraints": [],
                    "cssclass": null,
                    "description": "Represents a single node in a graph",
                    "graph_id": "beabc9b0-59db-11e9-bad6-18cf5eb368c4",
                    "helpenabled": false,
                    "helptext": null,
                    "helptitle": null,
                    "instructions": null,
                    "is_editable": true,
                    "name": "Crew Members",
                    "nodegroup_id": "beabc9b7-59db-11e9-a785-18cf5eb368c4",
                    "sortorder": null,
                    "visible": true
                }
            ],
            "cards_x_nodes_x_widgets": [
                {
                    "card_id": "beabc9b3-59db-11e9-a572-18cf5eb368c4",
                    "config": {
                        "displayOnlySelectedNode": false,
                        "label": "Crash",
                        "placeholder": ""
                    },
                    "id": "5fd080d3-7343-11ea-bd14-287fcf6a5e72",
                    "label": "Crash",
                    "node_id": "87e53ba1-5aad-11e9-8a93-000d3ab1e588",
                    "sortorder": 1,
                    "visible": true,
                    "widget_id": "f5d6b190-bbf0-4dc9-b991-1debab8cb4a9"
                },
                {
                    "card_id": "beabc9b9-59db-11e9-8a38-18cf5eb368c4",
                    "config": {
                        "defaultValue": "",
                        "label": "Role",
                        "options": [],
                        "placeholder": "Select an option"
                    },
                    "id": "beabf0cf-59db-11e9-90bb-18cf5eb368c4",
                    "label": "Role",
                    "node_id": "beabf0c3-59db-11e9-a50e-18cf5eb368c4",
                    "sortorder": 1,
                    "visible": true,
                    "widget_id": "10000000-0000-0000-0000-000000000012"
                },
                {
                    "card_id": "beabc9b9-59db-11e9-8a38-18cf5eb368c4",
                    "config": {
                        "defaultValue": "",
                        "label": "Crew Member Name",
                        "maxLength": null,
                        "placeholder": "Enter text",
                        "width": "100%"
                    },
                    "id": "beabf0d0-59db-11e9-a06b-18cf5eb368c4",
                    "label": "Crew Member Name",
                    "node_id": "beabf0c7-59db-11e9-853f-18cf5eb368c4",
                    "sortorder": 0,
                    "visible": true,
                    "widget_id": "10000000-0000-0000-0000-000000000001"
                },
                {
                    "card_id": "beabc9b3-59db-11e9-a572-18cf5eb368c4",
                    "config": {
                        "defaultValue": "",
                        "label": "Place of Departure Name",
                        "options": [],
                        "placeholder": "Select an option"
                    },
                    "id": "3d28bd90-59df-11e9-8294-18cf5eb368c4",
                    "label": "Place of Departure Name",
                    "node_id": "beabf0c1-59db-11e9-8a52-18cf5eb368c4",
                    "sortorder": 5,
                    "visible": true,
                    "widget_id": "10000000-0000-0000-0000-000000000012"
                },
                {
                    "card_id": "beabc9b3-59db-11e9-a572-18cf5eb368c4",
                    "config": {
                        "defaultValue": "",
                        "label": "Place of Destination Name",
                        "options": [],
                        "placeholder": "Select an option"
                    },
                    "id": "3d231841-59df-11e9-8cad-18cf5eb368c4",
                    "label": "Place of Destination Name",
                    "node_id": "beabf0c2-59db-11e9-b375-18cf5eb368c4",
                    "sortorder": 4,
                    "visible": true,
                    "widget_id": "10000000-0000-0000-0000-000000000012"
                },
                {
                    "card_id": "beabc9b3-59db-11e9-a572-18cf5eb368c4",
                    "config": {
                        "dateFormat": "YYYY-MM-DD",
                        "defaultValue": "",
                        "label": "Date of Departure",
                        "maxDate": false,
                        "minDate": false,
                        "placeholder": "Enter date",
                        "viewMode": "days"
                    },
                    "id": "3d25d75f-59df-11e9-9e8e-18cf5eb368c4",
                    "label": "Date of Departure",
                    "node_id": "beabf0ca-59db-11e9-b40a-18cf5eb368c4",
                    "sortorder": 2,
                    "visible": true,
                    "widget_id": "10000000-0000-0000-0000-000000000004"
                },
                {
                    "card_id": "beabc9b3-59db-11e9-a572-18cf5eb368c4",
                    "config": {
                        "defaultValue": "",
                        "label": "Flight Type",
                        "options": [],
                        "placeholder": "Select an option"
                    },
                    "id": "3d275e01-59df-11e9-a6f2-18cf5eb368c4",
                    "label": "Flight Type",
                    "node_id": "beabf0ce-59db-11e9-99ff-18cf5eb368c4",
                    "sortorder": 0,
                    "visible": true,
                    "widget_id": "10000000-0000-0000-0000-000000000002"
                },
                {
                    "card_id": "beabc9b3-59db-11e9-a572-18cf5eb368c4",
                    "config": {
                        "defaultValue": "",
                        "label": "Cargo Type",
                        "options": [],
                        "placeholder": "Select an option"
                    },
                    "id": "3d28214f-59df-11e9-aff4-18cf5eb368c4",
                    "label": "Cargo Type",
                    "node_id": "beabf0c0-59db-11e9-a799-18cf5eb368c4",
                    "sortorder": 6,
                    "visible": true,
                    "widget_id": "10000000-0000-0000-0000-000000000012"
                },
                {
                    "card_id": "beabc9b3-59db-11e9-a572-18cf5eb368c4",
                    "config": {
                        "dateFormat": "YYYY-MM-DD",
                        "defaultValue": "",
                        "label": "Date of Arrival",
                        "maxDate": false,
                        "minDate": false,
                        "placeholder": "Enter date",
                        "viewMode": "days"
                    },
                    "id": "beabf0d2-59db-11e9-806b-18cf5eb368c4",
                    "label": "Date of Arrival",
                    "node_id": "beabf0c4-59db-11e9-beaf-18cf5eb368c4",
                    "sortorder": 3,
                    "visible": true,
                    "widget_id": "10000000-0000-0000-0000-000000000004"
                },
                {
                    "card_id": "beabc9b6-59db-11e9-932e-18cf5eb368c4",
                    "config": {
                        "defaultValue": "",
                        "label": "Flight Description Type",
                        "options": [],
                        "placeholder": "Select an option"
                    },
                    "id": "beabf0d3-59db-11e9-91db-18cf5eb368c4",
                    "label": "Flight Description Type",
                    "node_id": "beabf0cc-59db-11e9-9390-18cf5eb368c4",
                    "sortorder": 1,
                    "visible": true,
                    "widget_id": "10000000-0000-0000-0000-000000000002"
                },
                {
                    "card_id": "beabc9b6-59db-11e9-932e-18cf5eb368c4",
                    "config": {
                        "label": "Flight Description",
                        "maxLength": null,
                        "placeholder": "Enter text",
                        "width": "100%"
                    },
                    "id": "beabf0d1-59db-11e9-89ce-18cf5eb368c4",
                    "label": "Flight Description",
                    "node_id": "beabf0cb-59db-11e9-aa23-18cf5eb368c4",
                    "sortorder": 0,
                    "visible": true,
                    "widget_id": "10000000-0000-0000-0000-000000000005"
                }
            ],
            "color": null,
            "config": {},
            "deploymentdate": null,
            "deploymentfile": null,
            "description": "",
            "edges": [
                {
                    "description": null,
                    "domainnode_id": "beabc9b1-59db-11e9-994e-18cf5eb368c4",
                    "edgeid": "87e53ba2-5aad-11e9-9fb2-000d3ab1e588",
                    "graph_id": "beabc9b0-59db-11e9-bad6-18cf5eb368c4",
                    "name": null,
                    "ontologyproperty": "http://www.cidoc-crm.org/cidoc-crm/P119i_is_met_in_time_by",
                    "rangenode_id": "87e53ba1-5aad-11e9-8a93-000d3ab1e588"
                },
                {
                    "description": null,
                    "domainnode_id": "beabc9b1-59db-11e9-994e-18cf5eb368c4",
                    "edgeid": "beac3ee5-59db-11e9-b949-18cf5eb368c4",
                    "graph_id": "beabc9b0-59db-11e9-bad6-18cf5eb368c4",
                    "name": null,
                    "ontologyproperty": "http://www.cidoc-crm.org/cidoc-crm/P2_has_type",
                    "rangenode_id": "beabf0ce-59db-11e9-99ff-18cf5eb368c4"
                },
                {
                    "description": null,
                    "domainnode_id": "beabf0c9-59db-11e9-b685-18cf5eb368c4",
                    "edgeid": "beac3ee6-59db-11e9-a805-18cf5eb368c4",
                    "graph_id": "beabc9b0-59db-11e9-bad6-18cf5eb368c4",
                    "name": null,
                    "ontologyproperty": "http://www.cidoc-crm.org/cidoc-crm/P1_is_identified_by",
                    "rangenode_id": "beabf0c4-59db-11e9-beaf-18cf5eb368c4"
                },
                {
                    "description": null,
                    "domainnode_id": "beabc9b1-59db-11e9-994e-18cf5eb368c4",
                    "edgeid": "beac3ee7-59db-11e9-bc47-18cf5eb368c4",
                    "graph_id": "beabc9b0-59db-11e9-bad6-18cf5eb368c4",
                    "name": null,
                    "ontologyproperty": "http://www.cidoc-crm.org/cidoc-crm/P4_has_time-span",
                    "rangenode_id": "beabf0c9-59db-11e9-b685-18cf5eb368c4"
                },
                {
                    "description": null,
                    "domainnode_id": "beabc9b1-59db-11e9-994e-18cf5eb368c4",
                    "edgeid": "beac3ee8-59db-11e9-8eb2-18cf5eb368c4",
                    "graph_id": "beabc9b0-59db-11e9-bad6-18cf5eb368c4",
                    "name": null,
                    "ontologyproperty": "http://www.cidoc-crm.org/cidoc-crm/P27_moved_from",
                    "rangenode_id": "beabf0c6-59db-11e9-9871-18cf5eb368c4"
                },
                {
                    "description": null,
                    "domainnode_id": "beabf0c8-59db-11e9-8bf1-18cf5eb368c4",
                    "edgeid": "beac3ee9-59db-11e9-aefc-18cf5eb368c4",
                    "graph_id": "beabc9b0-59db-11e9-bad6-18cf5eb368c4",
                    "name": null,
                    "ontologyproperty": "http://www.cidoc-crm.org/cidoc-crm/P1_is_identified_by",
                    "rangenode_id": "beabf0c7-59db-11e9-853f-18cf5eb368c4"
                },
                {
                    "description": null,
                    "domainnode_id": "beabc9b7-59db-11e9-a785-18cf5eb368c4",
                    "edgeid": "beac3eea-59db-11e9-a36d-18cf5eb368c4",
                    "graph_id": "beabc9b0-59db-11e9-bad6-18cf5eb368c4",
                    "name": null,
                    "ontologyproperty": "http://www.cidoc-crm.org/cidoc-crm/P107_has_current_or_former_member",
                    "rangenode_id": "beabf0c8-59db-11e9-8bf1-18cf5eb368c4"
                },
                {
                    "description": null,
                    "domainnode_id": "beabf0c9-59db-11e9-b685-18cf5eb368c4",
                    "edgeid": "beac3eeb-59db-11e9-9375-18cf5eb368c4",
                    "graph_id": "beabc9b0-59db-11e9-bad6-18cf5eb368c4",
                    "name": null,
                    "ontologyproperty": "http://www.cidoc-crm.org/cidoc-crm/P1_is_identified_by",
                    "rangenode_id": "beabf0ca-59db-11e9-b40a-18cf5eb368c4"
                },
                {
                    "description": null,
                    "domainnode_id": "beabc9b1-59db-11e9-994e-18cf5eb368c4",
                    "edgeid": "beac3eec-59db-11e9-a324-18cf5eb368c4",
                    "graph_id": "beabc9b0-59db-11e9-bad6-18cf5eb368c4",
                    "name": null,
                    "ontologyproperty": "http://www.cidoc-crm.org/cidoc-crm/P26_moved_to",
                    "rangenode_id": "beabf0c5-59db-11e9-8f96-18cf5eb368c4"
                },
                {
                    "description": null,
                    "domainnode_id": "beabc9b4-59db-11e9-bd6d-18cf5eb368c4",
                    "edgeid": "beac3eee-59db-11e9-a5c1-18cf5eb368c4",
                    "graph_id": "beabc9b0-59db-11e9-bad6-18cf5eb368c4",
                    "name": null,
                    "ontologyproperty": "http://www.cidoc-crm.org/cidoc-crm/P2_has_type",
                    "rangenode_id": "beabf0cc-59db-11e9-9390-18cf5eb368c4"
                },
                {
                    "description": null,
                    "domainnode_id": "beabc9b1-59db-11e9-994e-18cf5eb368c4",
                    "edgeid": "beac3eef-59db-11e9-93e2-18cf5eb368c4",
                    "graph_id": "beabc9b0-59db-11e9-bad6-18cf5eb368c4",
                    "name": null,
                    "ontologyproperty": "http://www.cidoc-crm.org/cidoc-crm/P140i_was_attributed_by",
                    "rangenode_id": "beabc9b4-59db-11e9-bd6d-18cf5eb368c4"
                },
                {
                    "description": null,
                    "domainnode_id": "beabc9b1-59db-11e9-994e-18cf5eb368c4",
                    "edgeid": "beac3ef0-59db-11e9-9962-18cf5eb368c4",
                    "graph_id": "beabc9b0-59db-11e9-bad6-18cf5eb368c4",
                    "name": null,
                    "ontologyproperty": "http://www.cidoc-crm.org/cidoc-crm/P25_moved",
                    "rangenode_id": "beabf0cd-59db-11e9-91fb-18cf5eb368c4"
                },
                {
                    "description": null,
                    "domainnode_id": "beabc9b1-59db-11e9-994e-18cf5eb368c4",
                    "edgeid": "beac3ef1-59db-11e9-8c04-18cf5eb368c4",
                    "graph_id": "beabc9b0-59db-11e9-bad6-18cf5eb368c4",
                    "name": null,
                    "ontologyproperty": "http://www.cidoc-crm.org/cidoc-crm/P11_had_participant",
                    "rangenode_id": "beabc9b7-59db-11e9-a785-18cf5eb368c4"
                },
                {
                    "description": null,
                    "domainnode_id": "beabf0c8-59db-11e9-8bf1-18cf5eb368c4",
                    "edgeid": "beac3ee4-59db-11e9-8147-18cf5eb368c4",
                    "graph_id": "beabc9b0-59db-11e9-bad6-18cf5eb368c4",
                    "name": null,
                    "ontologyproperty": "http://www.cidoc-crm.org/cidoc-crm/P2_has_type",
                    "rangenode_id": "beabf0c3-59db-11e9-a50e-18cf5eb368c4"
                },
                {
                    "description": null,
                    "domainnode_id": "beabf0c6-59db-11e9-9871-18cf5eb368c4",
                    "edgeid": "beac3ee2-59db-11e9-85b7-18cf5eb368c4",
                    "graph_id": "beabc9b0-59db-11e9-bad6-18cf5eb368c4",
                    "name": null,
                    "ontologyproperty": "http://www.cidoc-crm.org/cidoc-crm/P1_is_identified_by",
                    "rangenode_id": "beabf0c1-59db-11e9-8a52-18cf5eb368c4"
                },
                {
                    "description": null,
                    "domainnode_id": "beabf0c5-59db-11e9-8f96-18cf5eb368c4",
                    "edgeid": "beac3ee3-59db-11e9-ab0f-18cf5eb368c4",
                    "graph_id": "beabc9b0-59db-11e9-bad6-18cf5eb368c4",
                    "name": null,
                    "ontologyproperty": "http://www.cidoc-crm.org/cidoc-crm/P1_is_identified_by",
                    "rangenode_id": "beabf0c2-59db-11e9-b375-18cf5eb368c4"
                },
                {
                    "description": null,
                    "domainnode_id": "beabc9b4-59db-11e9-bd6d-18cf5eb368c4",
                    "edgeid": "beac3eed-59db-11e9-8567-18cf5eb368c4",
                    "graph_id": "beabc9b0-59db-11e9-bad6-18cf5eb368c4",
                    "name": null,
                    "ontologyproperty": "http://www.cidoc-crm.org/cidoc-crm/P3_has_note",
                    "rangenode_id": "beabf0cb-59db-11e9-aa23-18cf5eb368c4"
                },
                {
                    "description": null,
                    "domainnode_id": "beabf0cd-59db-11e9-91fb-18cf5eb368c4",
                    "edgeid": "beac3ee1-59db-11e9-990e-18cf5eb368c4",
                    "graph_id": "beabc9b0-59db-11e9-bad6-18cf5eb368c4",
                    "name": null,
                    "ontologyproperty": "http://www.cidoc-crm.org/cidoc-crm/P2_has_type",
                    "rangenode_id": "beabf0c0-59db-11e9-a799-18cf5eb368c4"
                }
            ],
            "functions_x_graphs": [],
            "graphid": "beabc9b0-59db-11e9-bad6-18cf5eb368c4",
            "iconclass": "fa fa-plane",
            "is_editable": true,
            "isactive": true,
            "isresource": false,
            "jsonldcontext": null,
            "name": "Flights",
            "nodegroups": [
                {
                    "cardinality": "n",
                    "legacygroupid": null,
                    "nodegroupid": "beabc9b1-59db-11e9-994e-18cf5eb368c4",
                    "parentnodegroup_id": null
                },
                {
                    "cardinality": "1",
                    "legacygroupid": null,
                    "nodegroupid": "beabc9b4-59db-11e9-bd6d-18cf5eb368c4",
                    "parentnodegroup_id": "beabc9b1-59db-11e9-994e-18cf5eb368c4"
                },
                {
                    "cardinality": "n",
                    "legacygroupid": null,
                    "nodegroupid": "beabc9b7-59db-11e9-a785-18cf5eb368c4",
                    "parentnodegroup_id": "beabc9b1-59db-11e9-994e-18cf5eb368c4"
                }
            ],
            "nodes": [
                {
                    "config": null,
                    "datatype": "semantic",
                    "description": "Represents a single node in a graph",
                    "exportable": false,
                    "fieldname": "",
                    "graph_id": "beabc9b0-59db-11e9-bad6-18cf5eb368c4",
                    "is_collector": false,
                    "isrequired": false,
                    "issearchable": true,
                    "istopnode": false,
                    "name": "Place of Destination",
                    "nodegroup_id": "beabc9b1-59db-11e9-994e-18cf5eb368c4",
                    "nodeid": "beabf0c5-59db-11e9-8f96-18cf5eb368c4",
                    "ontologyclass": "http://www.cidoc-crm.org/cidoc-crm/E53_Place",
                    "parentproperty": "http://www.cidoc-crm.org/cidoc-crm/P26_moved_to",
                    "sortorder": 0
                },
                {
                    "config": null,
                    "datatype": "string",
                    "description": "Represents a single node in a graph",
                    "exportable": false,
                    "fieldname": "",
                    "graph_id": "beabc9b0-59db-11e9-bad6-18cf5eb368c4",
                    "is_collector": false,
                    "isrequired": false,
                    "issearchable": true,
                    "istopnode": false,
                    "name": "Crew Member Name",
                    "nodegroup_id": "beabc9b7-59db-11e9-a785-18cf5eb368c4",
                    "nodeid": "beabf0c7-59db-11e9-853f-18cf5eb368c4",
                    "ontologyclass": "http://www.cidoc-crm.org/cidoc-crm/E41_Appellation",
                    "parentproperty": "http://www.cidoc-crm.org/cidoc-crm/P1_is_identified_by",
                    "sortorder": 0
                },
                {
                    "config": null,
                    "datatype": "semantic",
                    "description": "Represents a single node in a graph",
                    "exportable": false,
                    "fieldname": "",
                    "graph_id": "beabc9b0-59db-11e9-bad6-18cf5eb368c4",
                    "is_collector": false,
                    "isrequired": false,
                    "issearchable": true,
                    "istopnode": false,
                    "name": "Crew member",
                    "nodegroup_id": "beabc9b7-59db-11e9-a785-18cf5eb368c4",
                    "nodeid": "beabf0c8-59db-11e9-8bf1-18cf5eb368c4",
                    "ontologyclass": "http://www.cidoc-crm.org/cidoc-crm/E21_Person",
                    "parentproperty": "http://www.cidoc-crm.org/cidoc-crm/P107_has_current_or_former_member",
                    "sortorder": 0
                },
                {
                    "config": null,
                    "datatype": "semantic",
                    "description": "Represents a single node in a graph",
                    "exportable": false,
                    "fieldname": "",
                    "graph_id": "beabc9b0-59db-11e9-bad6-18cf5eb368c4",
                    "is_collector": false,
                    "isrequired": false,
                    "issearchable": true,
                    "istopnode": false,
                    "name": "Flight Time Span",
                    "nodegroup_id": "beabc9b1-59db-11e9-994e-18cf5eb368c4",
                    "nodeid": "beabf0c9-59db-11e9-b685-18cf5eb368c4",
                    "ontologyclass": "http://www.cidoc-crm.org/cidoc-crm/E52_Time-Span",
                    "parentproperty": "http://www.cidoc-crm.org/cidoc-crm/P4_has_time-span",
                    "sortorder": 0
                },
                {
                    "config": null,
                    "datatype": "string",
                    "description": "Represents a single node in a graph",
                    "exportable": false,
                    "fieldname": "",
                    "graph_id": "beabc9b0-59db-11e9-bad6-18cf5eb368c4",
                    "is_collector": false,
                    "isrequired": false,
                    "issearchable": true,
                    "istopnode": false,
                    "name": "Description of Flight",
                    "nodegroup_id": "beabc9b4-59db-11e9-bd6d-18cf5eb368c4",
                    "nodeid": "beabf0cb-59db-11e9-aa23-18cf5eb368c4",
                    "ontologyclass": "http://www.cidoc-crm.org/cidoc-crm/E62_String",
                    "parentproperty": "http://www.cidoc-crm.org/cidoc-crm/P3_has_note",
                    "sortorder": 0
                },
                {
                    "config": {
                        "rdmCollection": "0ff39ed3-cc95-4c60-9321-6d4e65fb1f2d"
                    },
                    "datatype": "concept",
                    "description": "Represents a single node in a graph",
                    "exportable": false,
                    "fieldname": "",
                    "graph_id": "beabc9b0-59db-11e9-bad6-18cf5eb368c4",
                    "is_collector": false,
                    "isrequired": false,
                    "issearchable": true,
                    "istopnode": false,
                    "name": "Flight Description Type",
                    "nodegroup_id": "beabc9b4-59db-11e9-bd6d-18cf5eb368c4",
                    "nodeid": "beabf0cc-59db-11e9-9390-18cf5eb368c4",
                    "ontologyclass": "http://www.cidoc-crm.org/cidoc-crm/E55_Type",
                    "parentproperty": "http://www.cidoc-crm.org/cidoc-crm/P2_has_type",
                    "sortorder": 0
                },
                {
                    "config": null,
                    "datatype": "semantic",
                    "description": "Represents a single node in a graph",
                    "exportable": false,
                    "fieldname": "",
                    "graph_id": "beabc9b0-59db-11e9-bad6-18cf5eb368c4",
                    "is_collector": false,
                    "isrequired": false,
                    "issearchable": true,
                    "istopnode": false,
                    "name": "Cargo",
                    "nodegroup_id": "beabc9b1-59db-11e9-994e-18cf5eb368c4",
                    "nodeid": "beabf0cd-59db-11e9-91fb-18cf5eb368c4",
                    "ontologyclass": "http://www.cidoc-crm.org/cidoc-crm/E19_Physical_Object",
                    "parentproperty": "http://www.cidoc-crm.org/cidoc-crm/P25_moved",
                    "sortorder": 0
                },
                {
                    "config": {
                        "rdmCollection": "f8ff8b9b-d6ae-4b98-9cd9-6d065b7fa220"
                    },
                    "datatype": "concept",
                    "description": "",
                    "exportable": false,
                    "fieldname": "",
                    "graph_id": "beabc9b0-59db-11e9-bad6-18cf5eb368c4",
                    "is_collector": false,
                    "isrequired": false,
                    "issearchable": true,
                    "istopnode": false,
                    "name": "Flight Type",
                    "nodegroup_id": "beabc9b1-59db-11e9-994e-18cf5eb368c4",
                    "nodeid": "beabf0ce-59db-11e9-99ff-18cf5eb368c4",
                    "ontologyclass": "http://www.cidoc-crm.org/cidoc-crm/E55_Type",
                    "parentproperty": "http://www.cidoc-crm.org/cidoc-crm/P2_has_type",
                    "sortorder": 0
                },
                {
                    "config": {
                        "fillColor": "rgba(233,112,111,0.8)"
                    },
                    "datatype": "semantic",
                    "description": "",
                    "exportable": false,
                    "fieldname": "",
                    "graph_id": "beabc9b0-59db-11e9-bad6-18cf5eb368c4",
                    "is_collector": true,
                    "isrequired": false,
                    "issearchable": true,
                    "istopnode": true,
                    "name": "Flights",
                    "nodegroup_id": "beabc9b1-59db-11e9-994e-18cf5eb368c4",
                    "nodeid": "beabc9b1-59db-11e9-994e-18cf5eb368c4",
                    "ontologyclass": "http://www.cidoc-crm.org/cidoc-crm/E9_Move",
                    "parentproperty": "",
                    "sortorder": 0
                },
                {
                    "config": null,
                    "datatype": "semantic",
                    "description": "",
                    "exportable": false,
                    "fieldname": "",
                    "graph_id": "beabc9b0-59db-11e9-bad6-18cf5eb368c4",
                    "is_collector": true,
                    "isrequired": false,
                    "issearchable": true,
                    "istopnode": false,
                    "name": "Flight Descriptions",
                    "nodegroup_id": "beabc9b4-59db-11e9-bd6d-18cf5eb368c4",
                    "nodeid": "beabc9b4-59db-11e9-bd6d-18cf5eb368c4",
                    "ontologyclass": "http://www.cidoc-crm.org/cidoc-crm/E13_Attribute_Assignment",
                    "parentproperty": "http://www.cidoc-crm.org/cidoc-crm/P140i_was_attributed_by",
                    "sortorder": 0
                },
                {
                    "config": null,
                    "datatype": "semantic",
                    "description": "Represents a single node in a graph",
                    "exportable": false,
                    "fieldname": "",
                    "graph_id": "beabc9b0-59db-11e9-bad6-18cf5eb368c4",
                    "is_collector": true,
                    "isrequired": false,
                    "issearchable": true,
                    "istopnode": false,
                    "name": "Crew",
                    "nodegroup_id": "beabc9b7-59db-11e9-a785-18cf5eb368c4",
                    "nodeid": "beabc9b7-59db-11e9-a785-18cf5eb368c4",
                    "ontologyclass": "http://www.cidoc-crm.org/cidoc-crm/E74_Group",
                    "parentproperty": "http://www.cidoc-crm.org/cidoc-crm/P11_had_participant",
                    "sortorder": 0
                },
                {
                    "config": {
                        "nodeid": null,
                        "property": null
                    },
                    "datatype": "node-value",
                    "description": null,
                    "exportable": false,
                    "fieldname": "",
                    "graph_id": "beabc9b0-59db-11e9-bad6-18cf5eb368c4",
                    "is_collector": false,
                    "isrequired": false,
                    "issearchable": true,
                    "istopnode": false,
                    "name": "Crash",
                    "nodegroup_id": "beabc9b1-59db-11e9-994e-18cf5eb368c4",
                    "nodeid": "87e53ba1-5aad-11e9-8a93-000d3ab1e588",
                    "ontologyclass": "http://www.cidoc-crm.org/cidoc-crm/E81_Transformation",
                    "parentproperty": "http://www.cidoc-crm.org/cidoc-crm/P119i_is_met_in_time_by",
                    "sortorder": 0
                },
                {
                    "config": null,
                    "datatype": "semantic",
                    "description": "Represents a single node in a graph",
                    "exportable": false,
                    "fieldname": "",
                    "graph_id": "beabc9b0-59db-11e9-bad6-18cf5eb368c4",
                    "is_collector": false,
                    "isrequired": false,
                    "issearchable": true,
                    "istopnode": false,
                    "name": "Place of Departure",
                    "nodegroup_id": "beabc9b1-59db-11e9-994e-18cf5eb368c4",
                    "nodeid": "beabf0c6-59db-11e9-9871-18cf5eb368c4",
                    "ontologyclass": "http://www.cidoc-crm.org/cidoc-crm/E53_Place",
                    "parentproperty": "http://www.cidoc-crm.org/cidoc-crm/P27_moved_from",
                    "sortorder": 0
                },
                {
                    "config": {
                        "rdmCollection": "b237606c-ed18-4b8d-bf97-7714353995a8"
                    },
                    "datatype": "concept-list",
                    "description": "Represents a single node in a graph",
                    "exportable": false,
                    "fieldname": "",
                    "graph_id": "beabc9b0-59db-11e9-bad6-18cf5eb368c4",
                    "is_collector": false,
                    "isrequired": false,
                    "issearchable": true,
                    "istopnode": false,
                    "name": "Cargo Type",
                    "nodegroup_id": "beabc9b1-59db-11e9-994e-18cf5eb368c4",
                    "nodeid": "beabf0c0-59db-11e9-a799-18cf5eb368c4",
                    "ontologyclass": "http://www.cidoc-crm.org/cidoc-crm/E55_Type",
                    "parentproperty": "http://www.cidoc-crm.org/cidoc-crm/P2_has_type",
                    "sortorder": 0
                },
                {
                    "config": {
                        "rdmCollection": "a563b3af-a4b2-4ffa-bc6c-11d540677351"
                    },
                    "datatype": "concept-list",
                    "description": "Represents a single node in a graph",
                    "exportable": false,
                    "fieldname": "",
                    "graph_id": "beabc9b0-59db-11e9-bad6-18cf5eb368c4",
                    "is_collector": false,
                    "isrequired": false,
                    "issearchable": true,
                    "istopnode": false,
                    "name": "Place of Departure Name",
                    "nodegroup_id": "beabc9b1-59db-11e9-994e-18cf5eb368c4",
                    "nodeid": "beabf0c1-59db-11e9-8a52-18cf5eb368c4",
                    "ontologyclass": "http://www.cidoc-crm.org/cidoc-crm/E41_Appellation",
                    "parentproperty": "http://www.cidoc-crm.org/cidoc-crm/P1_is_identified_by",
                    "sortorder": 0
                },
                {
                    "config": {
                        "rdmCollection": "a563b3af-a4b2-4ffa-bc6c-11d540677351"
                    },
                    "datatype": "concept-list",
                    "description": "Represents a single node in a graph",
                    "exportable": false,
                    "fieldname": "",
                    "graph_id": "beabc9b0-59db-11e9-bad6-18cf5eb368c4",
                    "is_collector": false,
                    "isrequired": false,
                    "issearchable": true,
                    "istopnode": false,
                    "name": "Place of Destination Name",
                    "nodegroup_id": "beabc9b1-59db-11e9-994e-18cf5eb368c4",
                    "nodeid": "beabf0c2-59db-11e9-b375-18cf5eb368c4",
                    "ontologyclass": "http://www.cidoc-crm.org/cidoc-crm/E41_Appellation",
                    "parentproperty": "http://www.cidoc-crm.org/cidoc-crm/P1_is_identified_by",
                    "sortorder": 0
                },
                {
                    "config": {
                        "rdmCollection": "0cdf5418-d21b-4d01-9760-8edad86ac4f0"
                    },
                    "datatype": "concept-list",
                    "description": "Represents a single node in a graph",
                    "exportable": false,
                    "fieldname": "",
                    "graph_id": "beabc9b0-59db-11e9-bad6-18cf5eb368c4",
                    "is_collector": false,
                    "isrequired": false,
                    "issearchable": true,
                    "istopnode": false,
                    "name": "Role",
                    "nodegroup_id": "beabc9b7-59db-11e9-a785-18cf5eb368c4",
                    "nodeid": "beabf0c3-59db-11e9-a50e-18cf5eb368c4",
                    "ontologyclass": "http://www.cidoc-crm.org/cidoc-crm/E55_Type",
                    "parentproperty": "http://www.cidoc-crm.org/cidoc-crm/P2_has_type",
                    "sortorder": 0
                },
                {
                    "config": {
                        "dateFormat": "YYYY-MM-DD"
                    },
                    "datatype": "date",
                    "description": "Represents a single node in a graph",
                    "exportable": false,
                    "fieldname": "",
                    "graph_id": "beabc9b0-59db-11e9-bad6-18cf5eb368c4",
                    "is_collector": false,
                    "isrequired": false,
                    "issearchable": true,
                    "istopnode": false,
                    "name": "Date of Departure",
                    "nodegroup_id": "beabc9b1-59db-11e9-994e-18cf5eb368c4",
                    "nodeid": "beabf0ca-59db-11e9-b40a-18cf5eb368c4",
                    "ontologyclass": "http://www.cidoc-crm.org/cidoc-crm/E41_Appellation",
                    "parentproperty": "http://www.cidoc-crm.org/cidoc-crm/P1_is_identified_by",
                    "sortorder": 0
                },
                {
                    "config": {
                        "dateFormat": "YYYY-MM-DD"
                    },
                    "datatype": "date",
                    "description": null,
                    "exportable": false,
                    "fieldname": "",
                    "graph_id": "beabc9b0-59db-11e9-bad6-18cf5eb368c4",
                    "is_collector": false,
                    "isrequired": false,
                    "issearchable": true,
                    "istopnode": false,
                    "name": "Date of Arrival",
                    "nodegroup_id": "beabc9b1-59db-11e9-994e-18cf5eb368c4",
                    "nodeid": "beabf0c4-59db-11e9-beaf-18cf5eb368c4",
                    "ontologyclass": "http://www.cidoc-crm.org/cidoc-crm/E41_Appellation",
                    "parentproperty": "http://www.cidoc-crm.org/cidoc-crm/P1_is_identified_by",
                    "sortorder": 0
                }
            ],
            "ontology_id": "e6e8db47-2ccf-11e6-927e-b8f6b115d7dd",
            "relatable_resource_model_ids": [],
            "resource_2_resource_constraints": [],
            "root": {
                "config": {
                    "fillColor": "rgba(233,112,111,0.8)"
                },
                "datatype": "semantic",
                "description": "",
                "exportable": false,
                "fieldname": "",
                "graph_id": "beabc9b0-59db-11e9-bad6-18cf5eb368c4",
                "is_collector": true,
                "isrequired": false,
                "issearchable": true,
                "istopnode": true,
                "name": "Flights",
                "nodegroup_id": "beabc9b1-59db-11e9-994e-18cf5eb368c4",
                "nodeid": "beabc9b1-59db-11e9-994e-18cf5eb368c4",
                "ontologyclass": "http://www.cidoc-crm.org/cidoc-crm/E9_Move",
                "sortorder": 0
            },
            "slug": null,
            "subtitle": "Details of the flights taken by an aircraft.",
            "template_id": "50000000-0000-0000-0000-000000000001",
            "version": ""
        }
    ]
}