{
    "graph": [
        {
            "author": "",
            "cards": [
                {
                    "active": true,
                    "cardid": "a8a60969-413e-11eb-9172-f875a44e0e11",
                    "component_id": "f05e4d3a-53c1-11e8-b0ea-784f435179ea",
                    "config": null,
                    "constraints": [
                        {
                            "card_id": "a8a60969-413e-11eb-9172-f875a44e0e11",
                            "constraintid": "139c9cfc-33a4-488c-8242-7978235c1706",
                            "nodes": [],
                            "uniquetoallinstances": false
                        }
                    ],
                    "cssclass": null,
                    "description": "",
                    "graph_id": "a3570880-9b5c-11ea-af46-f875a44e0e11",
                    "helpenabled": false,
                    "helptext": null,
                    "helptitle": null,
                    "instructions": "Used to record text descriptions associated with a resource. Where appropriate different types of description may be recorded.",
                    "is_editable": true,
                    "name": "Caption Note",
                    "nodegroup_id": "a8a60967-413e-11eb-bf09-f875a44e0e11",
                    "sortorder": null,
                    "visible": true
                },
                {
                    "active": true,
                    "cardid": "a3572f87-9b5c-11ea-b8d2-f875a44e0e11",
                    "component_id": "4e40b397-d6bc-4660-a398-4a72c90dba07",
                    "config": null,
                    "constraints": [
                        {
                            "card_id": "a3572f87-9b5c-11ea-b8d2-f875a44e0e11",
                            "constraintid": "447dd042-aa4f-4927-aa9a-dca80b32a98a",
                            "nodes": [],
                            "uniquetoallinstances": false
                        }
                    ],
                    "cssclass": null,
                    "description": "",
                    "graph_id": "a3570880-9b5c-11ea-af46-f875a44e0e11",
                    "helpenabled": false,
                    "helptext": null,
                    "helptitle": null,
                    "instructions": null,
                    "is_editable": true,
                    "name": "Images",
                    "nodegroup_id": "a3570881-9b5c-11ea-914d-f875a44e0e11",
                    "sortorder": null,
                    "visible": true
                },
                {
                    "active": true,
                    "cardid": "277e27a4-413f-11eb-bee5-f875a44e0e11",
                    "component_id": "f05e4d3a-53c1-11e8-b0ea-784f435179ea",
                    "config": null,
                    "constraints": [
                        {
                            "card_id": "277e27a4-413f-11eb-bee5-f875a44e0e11",
                            "constraintid": "6624352a-d3ec-433c-9b59-4b6dd0a10f8e",
                            "nodes": [],
                            "uniquetoallinstances": false
                        }
                    ],
                    "cssclass": null,
                    "description": "",
                    "graph_id": "a3570880-9b5c-11ea-af46-f875a44e0e11",
                    "helpenabled": false,
                    "helptext": null,
                    "helptitle": null,
                    "instructions": null,
                    "is_editable": true,
                    "name": "Copyright",
                    "nodegroup_id": "1fed0114-413d-11eb-94c4-f875a44e0e11",
                    "sortorder": null,
                    "visible": true
                }
            ],
            "cards_x_nodes_x_widgets": [
                {
                    "card_id": "a3572f87-9b5c-11ea-b8d2-f875a44e0e11",
                    "config": {
                        "acceptedFiles": "",
                        "label": "Images",
                        "maxFilesize": "200",
                        "rerender": true
                    },
                    "id": "a3572f8e-9b5c-11ea-8db2-f875a44e0e11",
                    "label": "Images",
                    "node_id": "a3570881-9b5c-11ea-914d-f875a44e0e11",
                    "sortorder": 0,
                    "visible": true,
                    "widget_id": "31bc729d-6126-4301-8ec1-d6c4d98c68f8"
                },
                {
                    "card_id": "a3572f87-9b5c-11ea-b8d2-f875a44e0e11",
                    "config": {
                        "defaultValue": "daa4cddc-8636-4842-b836-eb2e10aabe18",
                        "label": "Copyright Note Type",
                        "options": [],
                        "placeholder": "Select an option"
                    },
                    "id": "64aba94c-413d-11eb-94c0-f875a44e0e11",
                    "label": "Copyright Note Type",
                    "node_id": "1fed0117-413d-11eb-b8a7-f875a44e0e11",
                    "sortorder": 5,
                    "visible": false,
                    "widget_id": "10000000-0000-0000-0000-000000000002"
                },
                {
                    "card_id": "a3572f87-9b5c-11ea-b8d2-f875a44e0e11",
                    "config": {
                        "defaultValue": "561dc137-3557-4e2f-986e-a8855cad74cf",
                        "label": "Copyright Metatype",
                        "options": [],
                        "placeholder": "Select an option"
                    },
                    "id": "64ae67db-413d-11eb-a120-f875a44e0e11",
                    "label": "Copyright Metatype",
                    "node_id": "1fed0118-413d-11eb-b7ae-f875a44e0e11",
                    "sortorder": 3,
                    "visible": false,
                    "widget_id": "10000000-0000-0000-0000-000000000002"
                },
                {
                    "card_id": "a3572f87-9b5c-11ea-b8d2-f875a44e0e11",
                    "config": {
                        "defaultValue": "",
                        "label": "Copyright Note Text",
                        "maxLength": null,
                        "placeholder": "Enter text",
                        "width": "100%"
                    },
                    "id": "64b0b0a3-413d-11eb-8db2-f875a44e0e11",
                    "label": "Copyright Note Text",
                    "node_id": "1fed011d-413d-11eb-b536-f875a44e0e11",
                    "sortorder": 4,
                    "visible": true,
                    "widget_id": "10000000-0000-0000-0000-000000000001"
                },
                {
                    "card_id": "a3572f87-9b5c-11ea-b8d2-f875a44e0e11",
                    "config": {
                        "label": "Copyright Holder",
                        "placeholder": ""
                    },
                    "id": "64b48153-413d-11eb-b111-f875a44e0e11",
                    "label": "Copyright Holder",
                    "node_id": "1fed011a-413d-11eb-80ed-f875a44e0e11",
                    "sortorder": 1,
                    "visible": true,
                    "widget_id": "ff3c400a-76ec-11e7-a793-784f435179ea"
                },
                {
                    "card_id": "a3572f87-9b5c-11ea-b8d2-f875a44e0e11",
                    "config": {
                        "defaultValue": "6fbe3775-e51d-4f90-af53-5695dd204c9a",
                        "label": "Copyright Note Metatype",
                        "options": [],
                        "placeholder": "Select an option"
                    },
                    "id": "64b2fab7-413d-11eb-84f8-f875a44e0e11",
                    "label": "Copyright Note Metatype",
                    "node_id": "1fed0119-413d-11eb-bd6c-f875a44e0e11",
                    "sortorder": 6,
                    "visible": false,
                    "widget_id": "10000000-0000-0000-0000-000000000002"
                },
                {
                    "card_id": "a3572f87-9b5c-11ea-b8d2-f875a44e0e11",
                    "config": {
                        "defaultValue": "",
                        "label": "Copyright Type",
                        "options": [],
                        "placeholder": "Select an option"
                    },
                    "id": "64b62f43-413d-11eb-bf36-f875a44e0e11",
                    "label": "Copyright Type",
                    "node_id": "1fed011b-413d-11eb-b48e-f875a44e0e11",
                    "sortorder": 2,
                    "visible": true,
                    "widget_id": "10000000-0000-0000-0000-000000000002"
                },
                {
                    "card_id": "a8a60969-413e-11eb-9172-f875a44e0e11",
                    "config": {
                        "defaultValue": "b5f1ff2d-d667-4c4e-86a1-c17fa4b9447b",
                        "label": "Caption Note Language",
                        "options": [],
                        "placeholder": "Select an option"
                    },
                    "id": "a8a6096f-413e-11eb-b73e-f875a44e0e11",
                    "label": "Caption Note Language",
                    "node_id": "a8a6096d-413e-11eb-942f-f875a44e0e11",
                    "sortorder": 3,
                    "visible": false,
                    "widget_id": "10000000-0000-0000-0000-000000000002"
                },
                {
                    "card_id": "a8a60969-413e-11eb-9172-f875a44e0e11",
                    "config": {
                        "defaultValue": "d5366899-09ec-4db1-8a49-a32b7e4784e3",
                        "label": "Caption Note Language Metatype",
                        "options": [],
                        "placeholder": "Select an option"
                    },
                    "id": "a8a60970-413e-11eb-b2d3-f875a44e0e11",
                    "label": "Caption Note Language Metatype",
                    "node_id": "a8a6096e-413e-11eb-b4fd-f875a44e0e11",
                    "sortorder": 4,
                    "visible": false,
                    "widget_id": "10000000-0000-0000-0000-000000000002"
                },
                {
                    "card_id": "a8a60969-413e-11eb-9172-f875a44e0e11",
                    "config": {
                        "defaultValue": "daa4cddc-8636-4842-b836-eb2e10aabe18",
                        "label": "Caption Note Type",
                        "options": [],
                        "placeholder": "Select an option"
                    },
                    "id": "a8a60971-413e-11eb-8f91-f875a44e0e11",
                    "label": "Caption Note Type",
                    "node_id": "a8a6096b-413e-11eb-8c8e-f875a44e0e11",
                    "sortorder": 1,
                    "visible": false,
                    "widget_id": "10000000-0000-0000-0000-000000000002"
                },
                {
                    "card_id": "a8a60969-413e-11eb-9172-f875a44e0e11",
                    "config": {
                        "defaultValue": "",
                        "label": "Caption Note Metatype",
                        "options": [],
                        "placeholder": "Select an option"
                    },
                    "id": "a8a60973-413e-11eb-80d0-f875a44e0e11",
                    "label": "Caption Note Metatype",
                    "node_id": "a8a6096c-413e-11eb-b924-f875a44e0e11",
                    "sortorder": 2,
                    "visible": false,
                    "widget_id": "10000000-0000-0000-0000-000000000002"
                },
                {
                    "card_id": "a8a60969-413e-11eb-9172-f875a44e0e11",
                    "config": {
                        "defaultValue": "",
                        "label": "Caption Note",
                        "maxLength": null,
                        "placeholder": "Enter text",
                        "width": "100%"
                    },
                    "id": "a8a60972-413e-11eb-ae77-f875a44e0e11",
                    "label": "Caption Note",
                    "node_id": "a8a6096a-413e-11eb-9440-f875a44e0e11",
                    "sortorder": 0,
                    "visible": true,
                    "widget_id": "10000000-0000-0000-0000-000000000001"
                },
                {
                    "card_id": "277e27a4-413f-11eb-bee5-f875a44e0e11",
                    "config": {
                        "defaultValue": "daa4cddc-8636-4842-b836-eb2e10aabe18",
                        "label": "Copyright Note Type",
                        "options": [],
                        "placeholder": "Select an option"
                    },
                    "id": "30d70b39-413f-11eb-9c4c-f875a44e0e11",
                    "label": "Copyright Note Type",
                    "node_id": "1fed0117-413d-11eb-b8a7-f875a44e0e11",
                    "sortorder": 4,
                    "visible": false,
                    "widget_id": "10000000-0000-0000-0000-000000000002"
                },
                {
                    "card_id": "277e27a4-413f-11eb-bee5-f875a44e0e11",
                    "config": {
                        "defaultValue": "",
                        "label": "Copyright Type",
                        "options": [],
                        "placeholder": "Select an option"
                    },
                    "id": "30d92e1b-413f-11eb-b2a9-f875a44e0e11",
                    "label": "Copyright Type",
                    "node_id": "1fed011b-413d-11eb-b48e-f875a44e0e11",
                    "sortorder": 0,
                    "visible": true,
                    "widget_id": "10000000-0000-0000-0000-000000000002"
                },
                {
                    "card_id": "277e27a4-413f-11eb-bee5-f875a44e0e11",
                    "config": {
                        "defaultValue": "561dc137-3557-4e2f-986e-a8855cad74cf",
                        "label": "Copyright Metatype",
                        "options": [],
                        "placeholder": "Select an option"
                    },
                    "id": "30dab4c1-413f-11eb-97bc-f875a44e0e11",
                    "label": "Copyright Metatype",
                    "node_id": "1fed0118-413d-11eb-b7ae-f875a44e0e11",
                    "sortorder": 1,
                    "visible": false,
                    "widget_id": "10000000-0000-0000-0000-000000000002"
                },
                {
                    "card_id": "277e27a4-413f-11eb-bee5-f875a44e0e11",
                    "config": {
                        "label": "Copyright Holder",
                        "placeholder": ""
                    },
                    "id": "30ddc1fb-413f-11eb-a7fa-f875a44e0e11",
                    "label": "Copyright Holder",
                    "node_id": "1fed011a-413d-11eb-80ed-f875a44e0e11",
                    "sortorder": 2,
                    "visible": true,
                    "widget_id": "ff3c400a-76ec-11e7-a793-784f435179ea"
                },
                {
                    "card_id": "277e27a4-413f-11eb-bee5-f875a44e0e11",
                    "config": {
                        "defaultValue": "",
                        "label": "Copyright Note Text",
                        "maxLength": null,
                        "placeholder": "Enter text",
                        "width": "100%"
                    },
                    "id": "30df488d-413f-11eb-a54b-f875a44e0e11",
                    "label": "Copyright Note Text",
                    "node_id": "1fed011d-413d-11eb-b536-f875a44e0e11",
                    "sortorder": 3,
                    "visible": true,
                    "widget_id": "10000000-0000-0000-0000-000000000001"
                },
                {
                    "card_id": "277e27a4-413f-11eb-bee5-f875a44e0e11",
                    "config": {
                        "defaultValue": "6fbe3775-e51d-4f90-af53-5695dd204c9a",
                        "label": "Copyright Note Metatype",
                        "options": [],
                        "placeholder": "Select an option"
                    },
                    "id": "30dc3b4b-413f-11eb-9aa2-f875a44e0e11",
                    "label": "Copyright Note Metatype",
                    "node_id": "1fed0119-413d-11eb-bd6c-f875a44e0e11",
                    "sortorder": 5,
                    "visible": false,
                    "widget_id": "10000000-0000-0000-0000-000000000002"
                }
            ],
            "color": null,
            "config": {
                "nodes": [
                    "df371f4a-9b31-11ea-9868-f875a44e0e11"
                ]
            },
            "deploymentdate": null,
            "deploymentfile": null,
            "description": "",
            "edges": [
                {
                    "description": null,
                    "domainnode_id": "1fed0114-413d-11eb-94c4-f875a44e0e11",
                    "edgeid": "1fed0124-413d-11eb-9d63-f875a44e0e11",
                    "graph_id": "a3570880-9b5c-11ea-af46-f875a44e0e11",
                    "name": null,
                    "ontologyproperty": "http://www.cidoc-crm.org/cidoc-crm/P75i_is_possessed_by",
                    "rangenode_id": "1fed011a-413d-11eb-80ed-f875a44e0e11"
                },
                {
                    "description": null,
                    "domainnode_id": "1fed0114-413d-11eb-94c4-f875a44e0e11",
                    "edgeid": "1fed0125-413d-11eb-bdde-f875a44e0e11",
                    "graph_id": "a3570880-9b5c-11ea-af46-f875a44e0e11",
                    "name": null,
                    "ontologyproperty": "http://www.cidoc-crm.org/cidoc-crm/P2_has_type",
                    "rangenode_id": "1fed011b-413d-11eb-b48e-f875a44e0e11"
                },
                {
                    "description": null,
                    "domainnode_id": "1fed011c-413d-11eb-a1b7-f875a44e0e11",
                    "edgeid": "1fed0126-413d-11eb-9014-f875a44e0e11",
                    "graph_id": "a3570880-9b5c-11ea-af46-f875a44e0e11",
                    "name": null,
                    "ontologyproperty": "http://www.cidoc-crm.org/cidoc-crm/P2_has_type",
                    "rangenode_id": "1fed0117-413d-11eb-b8a7-f875a44e0e11"
                },
                {
                    "description": null,
                    "domainnode_id": "1fed0114-413d-11eb-94c4-f875a44e0e11",
                    "edgeid": "1fed0127-413d-11eb-80a8-f875a44e0e11",
                    "graph_id": "a3570880-9b5c-11ea-af46-f875a44e0e11",
                    "name": null,
                    "ontologyproperty": "http://www.cidoc-crm.org/cidoc-crm/P67i_is_referred_to_by",
                    "rangenode_id": "1fed011c-413d-11eb-a1b7-f875a44e0e11"
                },
                {
                    "description": null,
                    "domainnode_id": "a3570881-9b5c-11ea-914d-f875a44e0e11",
                    "edgeid": "1fed012b-413d-11eb-a307-f875a44e0e11",
                    "graph_id": "a3570880-9b5c-11ea-af46-f875a44e0e11",
                    "name": null,
                    "ontologyproperty": "http://www.cidoc-crm.org/cidoc-crm/P104_is_subject_to",
                    "rangenode_id": "1fed0114-413d-11eb-94c4-f875a44e0e11"
                },
                {
                    "description": null,
                    "domainnode_id": "1fed011c-413d-11eb-a1b7-f875a44e0e11",
                    "edgeid": "1fed0128-413d-11eb-bfed-f875a44e0e11",
                    "graph_id": "a3570880-9b5c-11ea-af46-f875a44e0e11",
                    "name": null,
                    "ontologyproperty": "http://www.cidoc-crm.org/cidoc-crm/P3_has_note",
                    "rangenode_id": "1fed011d-413d-11eb-b536-f875a44e0e11"
                },
                {
                    "description": null,
                    "domainnode_id": "1fed011b-413d-11eb-b48e-f875a44e0e11",
                    "edgeid": "1fed0129-413d-11eb-9041-f875a44e0e11",
                    "graph_id": "a3570880-9b5c-11ea-af46-f875a44e0e11",
                    "name": null,
                    "ontologyproperty": "http://www.cidoc-crm.org/cidoc-crm/P2_has_type",
                    "rangenode_id": "1fed0118-413d-11eb-b7ae-f875a44e0e11"
                },
                {
                    "description": null,
                    "domainnode_id": "1fed0117-413d-11eb-b8a7-f875a44e0e11",
                    "edgeid": "1fed012a-413d-11eb-a3c7-f875a44e0e11",
                    "graph_id": "a3570880-9b5c-11ea-af46-f875a44e0e11",
                    "name": null,
                    "ontologyproperty": "http://www.cidoc-crm.org/cidoc-crm/P2_has_type",
                    "rangenode_id": "1fed0119-413d-11eb-bd6c-f875a44e0e11"
                },
                {
                    "description": null,
                    "domainnode_id": "a8a60967-413e-11eb-bf09-f875a44e0e11",
                    "edgeid": "a8a60974-413e-11eb-825b-f875a44e0e11",
                    "graph_id": "a3570880-9b5c-11ea-af46-f875a44e0e11",
                    "name": null,
                    "ontologyproperty": "http://www.cidoc-crm.org/cidoc-crm/P3_has_note",
                    "rangenode_id": "a8a6096a-413e-11eb-9440-f875a44e0e11"
                },
                {
                    "description": null,
                    "domainnode_id": "a8a60967-413e-11eb-bf09-f875a44e0e11",
                    "edgeid": "a8a60975-413e-11eb-82ce-f875a44e0e11",
                    "graph_id": "a3570880-9b5c-11ea-af46-f875a44e0e11",
                    "name": null,
                    "ontologyproperty": "http://www.cidoc-crm.org/cidoc-crm/P2_has_type",
                    "rangenode_id": "a8a6096b-413e-11eb-8c8e-f875a44e0e11"
                },
                {
                    "description": null,
                    "domainnode_id": "a8a6096b-413e-11eb-8c8e-f875a44e0e11",
                    "edgeid": "a8a60976-413e-11eb-9524-f875a44e0e11",
                    "graph_id": "a3570880-9b5c-11ea-af46-f875a44e0e11",
                    "name": null,
                    "ontologyproperty": "http://www.cidoc-crm.org/cidoc-crm/P2_has_type",
                    "rangenode_id": "a8a6096c-413e-11eb-b924-f875a44e0e11"
                },
                {
                    "description": null,
                    "domainnode_id": "a8a60967-413e-11eb-bf09-f875a44e0e11",
                    "edgeid": "a8a63094-413e-11eb-a15a-f875a44e0e11",
                    "graph_id": "a3570880-9b5c-11ea-af46-f875a44e0e11",
                    "name": null,
                    "ontologyproperty": "http://www.cidoc-crm.org/cidoc-crm/P72_has_language",
                    "rangenode_id": "a8a6096d-413e-11eb-942f-f875a44e0e11"
                },
                {
                    "description": null,
                    "domainnode_id": "a8a6096d-413e-11eb-942f-f875a44e0e11",
                    "edgeid": "a8a63095-413e-11eb-acc9-f875a44e0e11",
                    "graph_id": "a3570880-9b5c-11ea-af46-f875a44e0e11",
                    "name": null,
                    "ontologyproperty": "http://www.cidoc-crm.org/cidoc-crm/P2_has_type",
                    "rangenode_id": "a8a6096e-413e-11eb-b4fd-f875a44e0e11"
                },
                {
                    "description": null,
                    "domainnode_id": "a3570881-9b5c-11ea-914d-f875a44e0e11",
                    "edgeid": "a8a63096-413e-11eb-b547-f875a44e0e11",
                    "graph_id": "a3570880-9b5c-11ea-af46-f875a44e0e11",
                    "name": null,
                    "ontologyproperty": "http://www.cidoc-crm.org/cidoc-crm/P129i_is_subject_of",
                    "rangenode_id": "a8a60967-413e-11eb-bf09-f875a44e0e11"
                }
            ],
            "functions_x_graphs": [],
            "graphid": "a3570880-9b5c-11ea-af46-f875a44e0e11",
            "iconclass": "fa fa-picture-o",
            "is_editable": true,
            "isactive": true,
            "isresource": false,
            "jsonldcontext": null,
            "name": "Images",
            "nodegroups": [
                {
                    "cardinality": "1",
                    "legacygroupid": null,
                    "nodegroupid": "a8a60967-413e-11eb-bf09-f875a44e0e11",
                    "parentnodegroup_id": "a3570881-9b5c-11ea-914d-f875a44e0e11"
                },
                {
                    "cardinality": "1",
                    "legacygroupid": null,
                    "nodegroupid": "1fed0114-413d-11eb-94c4-f875a44e0e11",
                    "parentnodegroup_id": "a3570881-9b5c-11ea-914d-f875a44e0e11"
                },
                {
                    "cardinality": "n",
                    "legacygroupid": null,
                    "nodegroupid": "a3570881-9b5c-11ea-914d-f875a44e0e11",
                    "parentnodegroup_id": null
                }
            ],
            "nodes": [
                {
                    "config": {
                        "activateMax": false,
                        "maxFileSize": null,
                        "maxFiles": 1
                    },
                    "datatype": "file-list",
                    "description": null,
                    "exportable": false,
                    "fieldname": null,
                    "graph_id": "a3570880-9b5c-11ea-af46-f875a44e0e11",
                    "is_collector": true,
                    "isrequired": false,
                    "issearchable": true,
                    "istopnode": true,
                    "name": "Images",
                    "nodegroup_id": "a3570881-9b5c-11ea-914d-f875a44e0e11",
                    "nodeid": "a3570881-9b5c-11ea-914d-f875a44e0e11",
                    "ontologyclass": "http://www.cidoc-crm.org/cidoc-crm/E36_Visual_Item",
                    "parentproperty": "",
                    "sortorder": 0
                },
                {
                    "config": {
                        "rdmCollection": "0ff39ed3-cc95-4c60-9321-6d4e65fb1f2d"
                    },
                    "datatype": "concept",
                    "description": null,
                    "exportable": false,
                    "fieldname": null,
                    "graph_id": "a3570880-9b5c-11ea-af46-f875a44e0e11",
                    "is_collector": false,
                    "isrequired": false,
                    "issearchable": true,
                    "istopnode": false,
                    "name": "Copyright Note Type",
                    "nodegroup_id": "1fed0114-413d-11eb-94c4-f875a44e0e11",
                    "nodeid": "1fed0117-413d-11eb-b8a7-f875a44e0e11",
                    "ontologyclass": "http://www.cidoc-crm.org/cidoc-crm/E55_Type",
                    "parentproperty": "http://www.cidoc-crm.org/cidoc-crm/P2_has_type",
                    "sortorder": 0
                },
                {
                    "config": {
                        "fillColor": "rgba(233,112,111,0.8)"
                    },
                    "datatype": "semantic",
                    "description": "",
                    "exportable": false,
                    "fieldname": "",
                    "graph_id": "a3570880-9b5c-11ea-af46-f875a44e0e11",
                    "is_collector": true,
                    "isrequired": false,
                    "issearchable": true,
                    "istopnode": false,
                    "name": "Copyright",
                    "nodegroup_id": "1fed0114-413d-11eb-94c4-f875a44e0e11",
                    "nodeid": "1fed0114-413d-11eb-94c4-f875a44e0e11",
                    "ontologyclass": "http://www.cidoc-crm.org/cidoc-crm/E30_Right",
                    "parentproperty": "http://www.cidoc-crm.org/cidoc-crm/P104_is_subject_to",
                    "sortorder": 0
                },
                {
                    "config": {
                        "rdmCollection": "c73164aa-acbd-4d7b-878b-1e8b723d0e57"
                    },
                    "datatype": "concept",
                    "description": "Represents a single node in a graph",
                    "exportable": false,
                    "fieldname": "",
                    "graph_id": "a3570880-9b5c-11ea-af46-f875a44e0e11",
                    "is_collector": false,
                    "isrequired": false,
                    "issearchable": true,
                    "istopnode": false,
                    "name": "Copyright Type",
                    "nodegroup_id": "1fed0114-413d-11eb-94c4-f875a44e0e11",
                    "nodeid": "1fed011b-413d-11eb-b48e-f875a44e0e11",
                    "ontologyclass": "http://www.cidoc-crm.org/cidoc-crm/E55_Type",
                    "parentproperty": "http://www.cidoc-crm.org/cidoc-crm/P2_has_type",
                    "sortorder": 0
                },
                {
                    "config": null,
                    "datatype": "semantic",
                    "description": null,
                    "exportable": false,
                    "fieldname": null,
                    "graph_id": "a3570880-9b5c-11ea-af46-f875a44e0e11",
                    "is_collector": false,
                    "isrequired": false,
                    "issearchable": true,
                    "istopnode": false,
                    "name": "Copyright Note",
                    "nodegroup_id": "1fed0114-413d-11eb-94c4-f875a44e0e11",
                    "nodeid": "1fed011c-413d-11eb-a1b7-f875a44e0e11",
                    "ontologyclass": "http://www.cidoc-crm.org/cidoc-crm/E33_Linguistic_Object",
                    "parentproperty": "http://www.cidoc-crm.org/cidoc-crm/P67i_is_referred_to_by",
                    "sortorder": 0
                },
                {
                    "config": null,
                    "datatype": "string",
                    "description": null,
                    "exportable": false,
                    "fieldname": null,
                    "graph_id": "a3570880-9b5c-11ea-af46-f875a44e0e11",
                    "is_collector": false,
                    "isrequired": false,
                    "issearchable": true,
                    "istopnode": false,
                    "name": "Copyright Note Text",
                    "nodegroup_id": "1fed0114-413d-11eb-94c4-f875a44e0e11",
                    "nodeid": "1fed011d-413d-11eb-b536-f875a44e0e11",
                    "ontologyclass": "http://www.w3.org/2000/01/rdf-schema#Literal",
                    "parentproperty": "http://www.cidoc-crm.org/cidoc-crm/P3_has_note",
                    "sortorder": 0
                },
                {
                    "config": {
                        "rdmCollection": "1e63c514-eb9d-48d3-94b5-35e060e5f368"
                    },
                    "datatype": "concept",
                    "description": null,
                    "exportable": false,
                    "fieldname": null,
                    "graph_id": "a3570880-9b5c-11ea-af46-f875a44e0e11",
                    "is_collector": false,
                    "isrequired": false,
                    "issearchable": true,
                    "istopnode": false,
                    "name": "Copyright Metatype",
                    "nodegroup_id": "1fed0114-413d-11eb-94c4-f875a44e0e11",
                    "nodeid": "1fed0118-413d-11eb-b7ae-f875a44e0e11",
                    "ontologyclass": "http://www.cidoc-crm.org/cidoc-crm/E55_Type",
                    "parentproperty": "http://www.cidoc-crm.org/cidoc-crm/P2_has_type",
                    "sortorder": 0
                },
                {
                    "config": {
                        "rdmCollection": "1e63c514-eb9d-48d3-94b5-35e060e5f368"
                    },
                    "datatype": "concept",
                    "description": null,
                    "exportable": false,
                    "fieldname": null,
                    "graph_id": "a3570880-9b5c-11ea-af46-f875a44e0e11",
                    "is_collector": false,
                    "isrequired": false,
                    "issearchable": true,
                    "istopnode": false,
                    "name": "Copyright Note Metatype",
                    "nodegroup_id": "1fed0114-413d-11eb-94c4-f875a44e0e11",
                    "nodeid": "1fed0119-413d-11eb-bd6c-f875a44e0e11",
                    "ontologyclass": "http://www.cidoc-crm.org/cidoc-crm/E55_Type",
                    "parentproperty": "http://www.cidoc-crm.org/cidoc-crm/P2_has_type",
                    "sortorder": 0
                },
                {
                    "config": {
                        "graphid": [
                            "d4a88461-5463-11e9-90d9-000d3ab1e588",
                            "22477f01-1a44-11e9-b0a9-000d3ab1e588"
                        ],
                        "graphs": [
                            {
                                "graphid": "22477f01-1a44-11e9-b0a9-000d3ab1e588",
                                "name": "Person"
                            },
                            {
                                "graphid": "d4a88461-5463-11e9-90d9-000d3ab1e588",
                                "name": "Organization"
                            }
                        ]
                    },
                    "datatype": "resource-instance-list",
                    "description": "Represents a single node in a graph",
                    "exportable": false,
                    "fieldname": "",
                    "graph_id": "a3570880-9b5c-11ea-af46-f875a44e0e11",
                    "is_collector": false,
                    "isrequired": false,
                    "issearchable": true,
                    "istopnode": false,
                    "name": "Copyright Holder",
                    "nodegroup_id": "1fed0114-413d-11eb-94c4-f875a44e0e11",
                    "nodeid": "1fed011a-413d-11eb-80ed-f875a44e0e11",
                    "ontologyclass": "http://www.cidoc-crm.org/cidoc-crm/E39_Actor",
                    "parentproperty": "http://www.cidoc-crm.org/cidoc-crm/P75i_is_possessed_by",
                    "sortorder": 0
                },
                {
                    "config": {
                        "rdmCollection": "0ff39ed3-cc95-4c60-9321-6d4e65fb1f2d"
                    },
                    "datatype": "concept",
                    "description": null,
                    "exportable": false,
                    "fieldname": null,
                    "graph_id": "a3570880-9b5c-11ea-af46-f875a44e0e11",
                    "is_collector": false,
                    "isrequired": false,
                    "issearchable": true,
                    "istopnode": false,
                    "name": "Caption Note Type",
                    "nodegroup_id": "a8a60967-413e-11eb-bf09-f875a44e0e11",
                    "nodeid": "a8a6096b-413e-11eb-8c8e-f875a44e0e11",
                    "ontologyclass": "http://www.cidoc-crm.org/cidoc-crm/E55_Type",
                    "parentproperty": "http://www.cidoc-crm.org/cidoc-crm/P2_has_type",
                    "sortorder": 0
                },
                {
                    "config": {
                        "rdmCollection": "daacadea-1454-4cf4-8b14-9ade8069f4d7"
                    },
                    "datatype": "concept",
                    "description": "",
                    "exportable": false,
                    "fieldname": null,
                    "graph_id": "a3570880-9b5c-11ea-af46-f875a44e0e11",
                    "is_collector": false,
                    "isrequired": false,
                    "issearchable": true,
                    "istopnode": false,
                    "name": "Caption Note Language",
                    "nodegroup_id": "a8a60967-413e-11eb-bf09-f875a44e0e11",
                    "nodeid": "a8a6096d-413e-11eb-942f-f875a44e0e11",
                    "ontologyclass": "http://www.cidoc-crm.org/cidoc-crm/E56_Language",
                    "parentproperty": "http://www.cidoc-crm.org/cidoc-crm/P72_has_language",
                    "sortorder": 0
                },
                {
                    "config": {
                        "rdmCollection": "1e63c514-eb9d-48d3-94b5-35e060e5f368"
                    },
                    "datatype": "concept",
                    "description": null,
                    "exportable": false,
                    "fieldname": null,
                    "graph_id": "a3570880-9b5c-11ea-af46-f875a44e0e11",
                    "is_collector": false,
                    "isrequired": false,
                    "issearchable": true,
                    "istopnode": false,
                    "name": "Caption Note Language Metatype",
                    "nodegroup_id": "a8a60967-413e-11eb-bf09-f875a44e0e11",
                    "nodeid": "a8a6096e-413e-11eb-b4fd-f875a44e0e11",
                    "ontologyclass": "http://www.cidoc-crm.org/cidoc-crm/E55_Type",
                    "parentproperty": "http://www.cidoc-crm.org/cidoc-crm/P2_has_type",
                    "sortorder": 0
                },
                {
                    "config": {
                        "rdmCollection": "1e63c514-eb9d-48d3-94b5-35e060e5f368"
                    },
                    "datatype": "concept",
                    "description": null,
                    "exportable": false,
                    "fieldname": null,
                    "graph_id": "a3570880-9b5c-11ea-af46-f875a44e0e11",
                    "is_collector": false,
                    "isrequired": false,
                    "issearchable": true,
                    "istopnode": false,
                    "name": "Caption Note Metatype",
                    "nodegroup_id": "a8a60967-413e-11eb-bf09-f875a44e0e11",
                    "nodeid": "a8a6096c-413e-11eb-b924-f875a44e0e11",
                    "ontologyclass": "http://www.cidoc-crm.org/cidoc-crm/E55_Type",
                    "parentproperty": "http://www.cidoc-crm.org/cidoc-crm/P2_has_type",
                    "sortorder": 0
                },
                {
                    "config": null,
                    "datatype": "semantic",
                    "description": "",
                    "exportable": false,
                    "fieldname": null,
                    "graph_id": "a3570880-9b5c-11ea-af46-f875a44e0e11",
                    "is_collector": true,
                    "isrequired": false,
                    "issearchable": true,
                    "istopnode": false,
                    "name": "Caption Notes",
                    "nodegroup_id": "a8a60967-413e-11eb-bf09-f875a44e0e11",
                    "nodeid": "a8a60967-413e-11eb-bf09-f875a44e0e11",
                    "ontologyclass": "http://www.cidoc-crm.org/cidoc-crm/E33_Linguistic_Object",
                    "parentproperty": "http://www.cidoc-crm.org/cidoc-crm/P129i_is_subject_of",
                    "sortorder": 0
                },
                {
                    "config": null,
                    "datatype": "string",
                    "description": null,
                    "exportable": false,
                    "fieldname": null,
                    "graph_id": "a3570880-9b5c-11ea-af46-f875a44e0e11",
                    "is_collector": false,
                    "isrequired": false,
                    "issearchable": true,
                    "istopnode": false,
                    "name": "Caption Note",
                    "nodegroup_id": "a8a60967-413e-11eb-bf09-f875a44e0e11",
                    "nodeid": "a8a6096a-413e-11eb-9440-f875a44e0e11",
                    "ontologyclass": "http://www.w3.org/2000/01/rdf-schema#Literal",
                    "parentproperty": "http://www.cidoc-crm.org/cidoc-crm/P3_has_note",
                    "sortorder": 0
                }
            ],
            "ontology_id": "e6e8db47-2ccf-11e6-927e-b8f6b115d7dd",
            "relatable_resource_model_ids": [],
            "resource_2_resource_constraints": [],
            "root": {
                "config": {
                    "activateMax": false,
                    "maxFileSize": null,
                    "maxFiles": 1
                },
                "datatype": "file-list",
                "description": null,
                "exportable": false,
                "fieldname": null,
                "graph_id": "a3570880-9b5c-11ea-af46-f875a44e0e11",
                "is_collector": true,
                "isrequired": false,
                "issearchable": true,
                "istopnode": true,
                "name": "Images",
                "nodegroup_id": "a3570881-9b5c-11ea-914d-f875a44e0e11",
                "nodeid": "a3570881-9b5c-11ea-914d-f875a44e0e11",
                "ontologyclass": "http://www.cidoc-crm.org/cidoc-crm/E36_Visual_Item",
                "sortorder": 0
            },
            "slug": null,
            "subtitle": "",
            "template_id": "50000000-0000-0000-0000-000000000003",
            "version": ""
        }
    ]
}