{
    "graph": [
        {
            "author": "",
            "cards": [
                {
                    "active": true,
                    "cardid": "fc0a29eb-28c3-11eb-b85c-f875a44e0e11",
                    "component_id": "f05e4d3a-53c1-11e8-b0ea-784f435179ea",
                    "config": null,
                    "constraints": [],
                    "cssclass": null,
                    "description": "",
                    "graph_id": "fc0a29e8-28c3-11eb-a8cf-f875a44e0e11",
                    "helpenabled": false,
                    "helptext": null,
                    "helptitle": null,
                    "instructions": null,
                    "is_editable": true,
                    "name": "Land Use Classification Assignment",
                    "nodegroup_id": "fc0a29e9-28c3-11eb-be01-f875a44e0e11",
                    "sortorder": null,
                    "visible": true
                }
            ],
            "cards_x_nodes_x_widgets": [
                {
                    "card_id": "fc0a29eb-28c3-11eb-b85c-f875a44e0e11",
                    "config": {
                        "defaultValue": null,
                        "label": "Geology",
                        "options": [],
                        "placeholder": "Select an option"
                    },
                    "id": "fc0a4bd0-28c3-11eb-8dab-f875a44e0e11",
                    "label": "Geology",
                    "node_id": "fc0a29f6-28c3-11eb-ab4f-f875a44e0e11",
                    "sortorder": 9,
                    "visible": true,
                    "widget_id": "10000000-0000-0000-0000-000000000002"
                },
                {
                    "card_id": "fc0a29eb-28c3-11eb-b85c-f875a44e0e11",
                    "config": {
                        "defaultValue": null,
                        "label": "Land Use Note",
                        "maxLength": null,
                        "placeholder": "Enter text",
                        "width": "100%"
                    },
                    "id": "fc0a4bd2-28c3-11eb-90d3-f875a44e0e11",
                    "label": "Land Use Note",
                    "node_id": "fc0a29fa-28c3-11eb-b9b5-f875a44e0e11",
                    "sortorder": 2,
                    "visible": true,
                    "widget_id": "10000000-0000-0000-0000-000000000005"
                },
                {
                    "card_id": "fc0a29eb-28c3-11eb-b85c-f875a44e0e11",
                    "config": {
                        "defaultValue": "daa4cddc-8636-4842-b836-eb2e10aabe18",
                        "label": "Land Use Notes Type",
                        "options": [],
                        "placeholder": "Select an option"
                    },
                    "id": "fc0a29fb-28c3-11eb-9f59-f875a44e0e11",
                    "label": "Land Use Notes Type",
                    "node_id": "fc0a29ee-28c3-11eb-a910-f875a44e0e11",
                    "sortorder": 3,
                    "visible": false,
                    "widget_id": "10000000-0000-0000-0000-000000000002"
                },
                {
                    "card_id": "fc0a29eb-28c3-11eb-b85c-f875a44e0e11",
                    "config": {
                        "defaultValue": "6fbe3775-e51d-4f90-af53-5695dd204c9a",
                        "label": "Land Use Notes Metatype",
                        "options": [],
                        "placeholder": "Select an option"
                    },
                    "id": "fc0a29fc-28c3-11eb-a246-f875a44e0e11",
                    "label": "Land Use Notes Metatype",
                    "node_id": "fc0a29ec-28c3-11eb-808d-f875a44e0e11",
                    "sortorder": 4,
                    "visible": false,
                    "widget_id": "10000000-0000-0000-0000-000000000002"
                },
                {
                    "card_id": "fc0a29eb-28c3-11eb-b85c-f875a44e0e11",
                    "config": {
                        "defaultValue": "b5f1ff2d-d667-4c4e-86a1-c17fa4b9447b",
                        "label": "Land Use Notes Language",
                        "options": [],
                        "placeholder": "Select an option"
                    },
                    "id": "fc0a4bc8-28c3-11eb-a386-f875a44e0e11",
                    "label": "Land Use Notes Language",
                    "node_id": "fc0a29f0-28c3-11eb-885d-f875a44e0e11",
                    "sortorder": 5,
                    "visible": false,
                    "widget_id": "10000000-0000-0000-0000-000000000002"
                },
                {
                    "card_id": "fc0a29eb-28c3-11eb-b85c-f875a44e0e11",
                    "config": {
                        "defaultValue": "b022dbc0-b722-4e12-a675-12fca24ddffa",
                        "label": "Land Use Metatype",
                        "options": [],
                        "placeholder": "Select an option"
                    },
                    "id": "fc0a4bc9-28c3-11eb-ae60-f875a44e0e11",
                    "label": "Land Use Metatype",
                    "node_id": "fc0a29ed-28c3-11eb-99ec-f875a44e0e11",
                    "sortorder": 1,
                    "visible": false,
                    "widget_id": "10000000-0000-0000-0000-000000000002"
                },
                {
                    "card_id": "fc0a29eb-28c3-11eb-b85c-f875a44e0e11",
                    "config": {
                        "defaultValue": "d5366899-09ec-4db1-8a49-a32b7e4784e3",
                        "label": "Land Use Notes Language Metatype",
                        "options": [],
                        "placeholder": "Select an option"
                    },
                    "id": "fc0a4bca-28c3-11eb-b55c-f875a44e0e11",
                    "label": "Land Use Notes Language Metatype",
                    "node_id": "fc0a29f1-28c3-11eb-bf5a-f875a44e0e11",
                    "sortorder": 6,
                    "visible": false,
                    "widget_id": "10000000-0000-0000-0000-000000000002"
                },
                {
                    "card_id": "fc0a29eb-28c3-11eb-b85c-f875a44e0e11",
                    "config": {
                        "dateFormat": "YYYY-MM-DD",
                        "defaultValue": "",
                        "label": "Land Use Assessment Start Date",
                        "maxDate": false,
                        "minDate": false,
                        "placeholder": "Enter date",
                        "viewMode": "days"
                    },
                    "id": "fc0a4bcb-28c3-11eb-9b47-f875a44e0e11",
                    "label": "Land Use Assessment Start Date",
                    "node_id": "fc0a29f8-28c3-11eb-a400-f875a44e0e11",
                    "sortorder": 7,
                    "visible": true,
                    "widget_id": "10000000-0000-0000-0000-000000000004"
                },
                {
                    "card_id": "fc0a29eb-28c3-11eb-b85c-f875a44e0e11",
                    "config": {
                        "dateFormat": "YYYY-MM-DD",
                        "defaultValue": "",
                        "label": "Land Use Assessment End Date",
                        "maxDate": false,
                        "minDate": false,
                        "placeholder": "Enter date",
                        "viewMode": "days"
                    },
                    "id": "fc0a4bcc-28c3-11eb-983b-f875a44e0e11",
                    "label": "Land Use Assessment End Date",
                    "node_id": "fc0a29f9-28c3-11eb-b559-f875a44e0e11",
                    "sortorder": 8,
                    "visible": true,
                    "widget_id": "10000000-0000-0000-0000-000000000004"
                },
                {
                    "card_id": "fc0a29eb-28c3-11eb-b85c-f875a44e0e11",
                    "config": {
                        "defaultValue": "b022dbc0-b722-4e12-a675-12fca24ddffa",
                        "label": "Geology Metatype",
                        "options": [],
                        "placeholder": "Select an option"
                    },
                    "id": "fc0a4bcd-28c3-11eb-b9f1-f875a44e0e11",
                    "label": "Geology Metatype",
                    "node_id": "fc0a29f3-28c3-11eb-a042-f875a44e0e11",
                    "sortorder": 10,
                    "visible": false,
                    "widget_id": "10000000-0000-0000-0000-000000000002"
                },
                {
                    "card_id": "fc0a29eb-28c3-11eb-b85c-f875a44e0e11",
                    "config": {
                        "defaultValue": "",
                        "label": "Land Use Classification",
                        "options": [],
                        "placeholder": "Use to record a particular status associated with the Asset."
                    },
                    "id": "fc0a4bce-28c3-11eb-85c6-f875a44e0e11",
                    "label": "Land Use Classification",
                    "node_id": "fc0a29f7-28c3-11eb-986c-f875a44e0e11",
                    "sortorder": 0,
                    "visible": true,
                    "widget_id": "10000000-0000-0000-0000-000000000002"
                },
                {
                    "card_id": "fc0a29eb-28c3-11eb-b85c-f875a44e0e11",
                    "config": {
                        "defaultValue": "b022dbc0-b722-4e12-a675-12fca24ddffa",
                        "label": "Sub-Soil Metatype",
                        "options": [],
                        "placeholder": "Select an option"
                    },
                    "id": "fc0a4bcf-28c3-11eb-b93f-f875a44e0e11",
                    "label": "Sub-Soil Metatype",
                    "node_id": "fc0a29f2-28c3-11eb-bd72-f875a44e0e11",
                    "sortorder": 12,
                    "visible": false,
                    "widget_id": "10000000-0000-0000-0000-000000000002"
                },
                {
                    "card_id": "fc0a29eb-28c3-11eb-b85c-f875a44e0e11",
                    "config": {
                        "defaultValue": "",
                        "label": "Sub-Soil",
                        "options": [],
                        "placeholder": "Select an option"
                    },
                    "id": "fc0a4bd1-28c3-11eb-ba70-f875a44e0e11",
                    "label": "Sub-Soil",
                    "node_id": "fc0a29f5-28c3-11eb-910d-f875a44e0e11",
                    "sortorder": 11,
                    "visible": true,
                    "widget_id": "10000000-0000-0000-0000-000000000002"
                }
            ],
            "color": null,
            "config": {
                "basemap": "streets",
                "bearing": 0,
                "centerX": 1,
                "centerY": 53,
                "defaultValue": "",
                "defaultValueType": 0,
                "featureColor": "#FF0000",
                "featureEditingDisabled": true,
                "featureLineWidth": 1,
                "featurePointSize": 3,
                "geocodePlaceholder": "Search",
                "geocodeProvider": "10000000-0000-0000-0000-010000000000",
                "geocoderVisible": true,
                "geometryTypes": [
                    {
                        "id": "Point",
                        "text": "Point"
                    },
                    {
                        "id": "Line",
                        "text": "Line"
                    },
                    {
                        "id": "Polygon",
                        "text": "Polygon"
                    }
                ],
                "mapControlsHidden": false,
                "maxZoom": "17",
                "minZoom": "1",
                "overlayConfigs": [],
                "overlayOpacity": 0,
                "pitch": 0,
                "zoom": 5
            },
            "deploymentdate": null,
            "deploymentfile": null,
            "description": "",
            "edges": [
                {
                    "description": null,
                    "domainnode_id": "fc0a29e9-28c3-11eb-be01-f875a44e0e11",
                    "edgeid": "fc0a4bd3-28c3-11eb-9938-f875a44e0e11",
                    "graph_id": "fc0a29e8-28c3-11eb-a8cf-f875a44e0e11",
                    "name": null,
                    "ontologyproperty": "http://www.cidoc-crm.org/cidoc-crm/P141_assigned",
                    "rangenode_id": "fc0a29f4-28c3-11eb-9fd5-f875a44e0e11"
                },
                {
                    "description": null,
                    "domainnode_id": "fc0a29f7-28c3-11eb-986c-f875a44e0e11",
                    "edgeid": "fc0a4bd4-28c3-11eb-b54a-f875a44e0e11",
                    "graph_id": "fc0a29e8-28c3-11eb-a8cf-f875a44e0e11",
                    "name": null,
                    "ontologyproperty": "http://www.cidoc-crm.org/cidoc-crm/P2_has_type",
                    "rangenode_id": "fc0a29ed-28c3-11eb-99ec-f875a44e0e11"
                },
                {
                    "description": null,
                    "domainnode_id": "fc0a29ee-28c3-11eb-a910-f875a44e0e11",
                    "edgeid": "fc0a4bd5-28c3-11eb-b8b4-f875a44e0e11",
                    "graph_id": "fc0a29e8-28c3-11eb-a8cf-f875a44e0e11",
                    "name": null,
                    "ontologyproperty": "http://www.cidoc-crm.org/cidoc-crm/P2_has_type",
                    "rangenode_id": "fc0a29ec-28c3-11eb-808d-f875a44e0e11"
                },
                {
                    "description": null,
                    "domainnode_id": "fc0a29f0-28c3-11eb-885d-f875a44e0e11",
                    "edgeid": "fc0a4bd6-28c3-11eb-a7a8-f875a44e0e11",
                    "graph_id": "fc0a29e8-28c3-11eb-a8cf-f875a44e0e11",
                    "name": null,
                    "ontologyproperty": "http://www.cidoc-crm.org/cidoc-crm/P2_has_type",
                    "rangenode_id": "fc0a29f1-28c3-11eb-bf5a-f875a44e0e11"
                },
                {
                    "description": null,
                    "domainnode_id": "fc0a29e9-28c3-11eb-be01-f875a44e0e11",
                    "edgeid": "fc0a72c8-28c3-11eb-bb36-f875a44e0e11",
                    "graph_id": "fc0a29e8-28c3-11eb-a8cf-f875a44e0e11",
                    "name": null,
                    "ontologyproperty": "http://www.cidoc-crm.org/cidoc-crm/P141_assigned",
                    "rangenode_id": "fc0a29ef-28c3-11eb-85f7-f875a44e0e11"
                },
                {
                    "description": null,
                    "domainnode_id": "fc0a29e9-28c3-11eb-be01-f875a44e0e11",
                    "edgeid": "fc0a72c9-28c3-11eb-9322-f875a44e0e11",
                    "graph_id": "fc0a29e8-28c3-11eb-a8cf-f875a44e0e11",
                    "name": null,
                    "ontologyproperty": "http://www.cidoc-crm.org/cidoc-crm/P141_assigned",
                    "rangenode_id": "fc0a29f6-28c3-11eb-ab4f-f875a44e0e11"
                },
                {
                    "description": null,
                    "domainnode_id": "fc0a29ef-28c3-11eb-85f7-f875a44e0e11",
                    "edgeid": "fc0a72ca-28c3-11eb-a8d6-f875a44e0e11",
                    "graph_id": "fc0a29e8-28c3-11eb-a8cf-f875a44e0e11",
                    "name": null,
                    "ontologyproperty": "http://www.cidoc-crm.org/cidoc-crm/P3_has_note",
                    "rangenode_id": "fc0a29fa-28c3-11eb-b9b5-f875a44e0e11"
                },
                {
                    "description": null,
                    "domainnode_id": "fc0a29ef-28c3-11eb-85f7-f875a44e0e11",
                    "edgeid": "fc0a72cb-28c3-11eb-bd2e-f875a44e0e11",
                    "graph_id": "fc0a29e8-28c3-11eb-a8cf-f875a44e0e11",
                    "name": null,
                    "ontologyproperty": "http://www.cidoc-crm.org/cidoc-crm/P72_has_language",
                    "rangenode_id": "fc0a29f0-28c3-11eb-885d-f875a44e0e11"
                },
                {
                    "description": null,
                    "domainnode_id": "fc0a29ef-28c3-11eb-85f7-f875a44e0e11",
                    "edgeid": "fc0a72cc-28c3-11eb-bc32-f875a44e0e11",
                    "graph_id": "fc0a29e8-28c3-11eb-a8cf-f875a44e0e11",
                    "name": null,
                    "ontologyproperty": "http://www.cidoc-crm.org/cidoc-crm/P2_has_type",
                    "rangenode_id": "fc0a29ee-28c3-11eb-a910-f875a44e0e11"
                },
                {
                    "description": null,
                    "domainnode_id": "fc0a29f4-28c3-11eb-9fd5-f875a44e0e11",
                    "edgeid": "fc0a72cd-28c3-11eb-be8e-f875a44e0e11",
                    "graph_id": "fc0a29e8-28c3-11eb-a8cf-f875a44e0e11",
                    "name": null,
                    "ontologyproperty": "http://www.cidoc-crm.org/cidoc-crm/P82a_begin_of_the_begin",
                    "rangenode_id": "fc0a29f8-28c3-11eb-a400-f875a44e0e11"
                },
                {
                    "description": null,
                    "domainnode_id": "fc0a29f4-28c3-11eb-9fd5-f875a44e0e11",
                    "edgeid": "fc0a72ce-28c3-11eb-ac57-f875a44e0e11",
                    "graph_id": "fc0a29e8-28c3-11eb-a8cf-f875a44e0e11",
                    "name": null,
                    "ontologyproperty": "http://www.cidoc-crm.org/cidoc-crm/P82b_end_of_the_end",
                    "rangenode_id": "fc0a29f9-28c3-11eb-b559-f875a44e0e11"
                },
                {
                    "description": null,
                    "domainnode_id": "fc0a29e9-28c3-11eb-be01-f875a44e0e11",
                    "edgeid": "fc0a72cf-28c3-11eb-8d43-f875a44e0e11",
                    "graph_id": "fc0a29e8-28c3-11eb-a8cf-f875a44e0e11",
                    "name": null,
                    "ontologyproperty": "http://www.cidoc-crm.org/cidoc-crm/P141_assigned",
                    "rangenode_id": "fc0a29f7-28c3-11eb-986c-f875a44e0e11"
                },
                {
                    "description": null,
                    "domainnode_id": "fc0a29f5-28c3-11eb-910d-f875a44e0e11",
                    "edgeid": "fc0a72d0-28c3-11eb-be57-f875a44e0e11",
                    "graph_id": "fc0a29e8-28c3-11eb-a8cf-f875a44e0e11",
                    "name": null,
                    "ontologyproperty": "http://www.cidoc-crm.org/cidoc-crm/P2_has_type",
                    "rangenode_id": "fc0a29f2-28c3-11eb-bd72-f875a44e0e11"
                },
                {
                    "description": null,
                    "domainnode_id": "fc0a29e9-28c3-11eb-be01-f875a44e0e11",
                    "edgeid": "fc0a72d1-28c3-11eb-9446-f875a44e0e11",
                    "graph_id": "fc0a29e8-28c3-11eb-a8cf-f875a44e0e11",
                    "name": null,
                    "ontologyproperty": "http://www.cidoc-crm.org/cidoc-crm/P141_assigned",
                    "rangenode_id": "fc0a29f5-28c3-11eb-910d-f875a44e0e11"
                },
                {
                    "description": null,
                    "domainnode_id": "fc0a29f6-28c3-11eb-ab4f-f875a44e0e11",
                    "edgeid": "fc0a72d2-28c3-11eb-8c22-f875a44e0e11",
                    "graph_id": "fc0a29e8-28c3-11eb-a8cf-f875a44e0e11",
                    "name": null,
                    "ontologyproperty": "http://www.cidoc-crm.org/cidoc-crm/P2_has_type",
                    "rangenode_id": "fc0a29f3-28c3-11eb-a042-f875a44e0e11"
                }
            ],
            "functions_x_graphs": [],
            "graphid": "fc0a29e8-28c3-11eb-a8cf-f875a44e0e11",
            "iconclass": "fa fa-leaf",
            "is_editable": true,
            "isactive": true,
            "isresource": false,
            "jsonldcontext": null,
            "name": "Land Use Classification Assignment",
            "nodegroups": [
                {
                    "cardinality": "1",
                    "legacygroupid": null,
                    "nodegroupid": "fc0a29e9-28c3-11eb-be01-f875a44e0e11",
                    "parentnodegroup_id": null
                }
            ],
            "nodes": [
                {
                    "config": {
                        "rdmCollection": "1e63c514-eb9d-48d3-94b5-35e060e5f368"
                    },
                    "datatype": "concept",
                    "description": null,
                    "exportable": false,
                    "fieldname": null,
                    "graph_id": "fc0a29e8-28c3-11eb-a8cf-f875a44e0e11",
                    "is_collector": false,
                    "isrequired": false,
                    "issearchable": true,
                    "istopnode": false,
                    "name": "Land Use Notes Metatype",
                    "nodegroup_id": "fc0a29e9-28c3-11eb-be01-f875a44e0e11",
                    "nodeid": "fc0a29ec-28c3-11eb-808d-f875a44e0e11",
                    "ontologyclass": "http://www.cidoc-crm.org/cidoc-crm/E55_Type",
                    "parentproperty": "http://www.cidoc-crm.org/cidoc-crm/P2_has_type",
                    "sortorder": 0
                },
                {
                    "config": {
                        "rdmCollection": "1e63c514-eb9d-48d3-94b5-35e060e5f368"
                    },
                    "datatype": "concept",
                    "description": null,
                    "exportable": false,
                    "fieldname": null,
                    "graph_id": "fc0a29e8-28c3-11eb-a8cf-f875a44e0e11",
                    "is_collector": false,
                    "isrequired": false,
                    "issearchable": true,
                    "istopnode": false,
                    "name": "Land Use Metatype",
                    "nodegroup_id": "fc0a29e9-28c3-11eb-be01-f875a44e0e11",
                    "nodeid": "fc0a29ed-28c3-11eb-99ec-f875a44e0e11",
                    "ontologyclass": "http://www.cidoc-crm.org/cidoc-crm/E55_Type",
                    "parentproperty": "http://www.cidoc-crm.org/cidoc-crm/P2_has_type",
                    "sortorder": 0
                },
                {
                    "config": {
                        "rdmCollection": "0ff39ed3-cc95-4c60-9321-6d4e65fb1f2d"
                    },
                    "datatype": "concept",
                    "description": null,
                    "exportable": false,
                    "fieldname": null,
                    "graph_id": "fc0a29e8-28c3-11eb-a8cf-f875a44e0e11",
                    "is_collector": false,
                    "isrequired": false,
                    "issearchable": true,
                    "istopnode": false,
                    "name": "Land Use Notes Type",
                    "nodegroup_id": "fc0a29e9-28c3-11eb-be01-f875a44e0e11",
                    "nodeid": "fc0a29ee-28c3-11eb-a910-f875a44e0e11",
                    "ontologyclass": "http://www.cidoc-crm.org/cidoc-crm/E55_Type",
                    "parentproperty": "http://www.cidoc-crm.org/cidoc-crm/P2_has_type",
                    "sortorder": 0
                },
                {
                    "config": null,
                    "datatype": "semantic",
                    "description": "",
                    "exportable": false,
                    "fieldname": null,
                    "graph_id": "fc0a29e8-28c3-11eb-a8cf-f875a44e0e11",
                    "is_collector": false,
                    "isrequired": false,
                    "issearchable": true,
                    "istopnode": false,
                    "name": "Land Use Notes",
                    "nodegroup_id": "fc0a29e9-28c3-11eb-be01-f875a44e0e11",
                    "nodeid": "fc0a29ef-28c3-11eb-85f7-f875a44e0e11",
                    "ontologyclass": "http://www.cidoc-crm.org/cidoc-crm/E33_Linguistic_Object",
                    "parentproperty": "http://www.cidoc-crm.org/cidoc-crm/P141_assigned",
                    "sortorder": 0
                },
                {
                    "config": {
                        "rdmCollection": "daacadea-1454-4cf4-8b14-9ade8069f4d7"
                    },
                    "datatype": "concept",
                    "description": "",
                    "exportable": false,
                    "fieldname": null,
                    "graph_id": "fc0a29e8-28c3-11eb-a8cf-f875a44e0e11",
                    "is_collector": false,
                    "isrequired": false,
                    "issearchable": true,
                    "istopnode": false,
                    "name": "Land Use Notes Language",
                    "nodegroup_id": "fc0a29e9-28c3-11eb-be01-f875a44e0e11",
                    "nodeid": "fc0a29f0-28c3-11eb-885d-f875a44e0e11",
                    "ontologyclass": "http://www.cidoc-crm.org/cidoc-crm/E56_Language",
                    "parentproperty": "http://www.cidoc-crm.org/cidoc-crm/P72_has_language",
                    "sortorder": 0
                },
                {
                    "config": {
                        "rdmCollection": "1e63c514-eb9d-48d3-94b5-35e060e5f368"
                    },
                    "datatype": "concept",
                    "description": null,
                    "exportable": false,
                    "fieldname": null,
                    "graph_id": "fc0a29e8-28c3-11eb-a8cf-f875a44e0e11",
                    "is_collector": false,
                    "isrequired": false,
                    "issearchable": true,
                    "istopnode": false,
                    "name": "Land Use Notes Language Metatype",
                    "nodegroup_id": "fc0a29e9-28c3-11eb-be01-f875a44e0e11",
                    "nodeid": "fc0a29f1-28c3-11eb-bf5a-f875a44e0e11",
                    "ontologyclass": "http://www.cidoc-crm.org/cidoc-crm/E55_Type",
                    "parentproperty": "http://www.cidoc-crm.org/cidoc-crm/P2_has_type",
                    "sortorder": 0
                },
                {
                    "config": {
                        "rdmCollection": "1e63c514-eb9d-48d3-94b5-35e060e5f368"
                    },
                    "datatype": "concept",
                    "description": null,
                    "exportable": false,
                    "fieldname": null,
                    "graph_id": "fc0a29e8-28c3-11eb-a8cf-f875a44e0e11",
                    "is_collector": false,
                    "isrequired": false,
                    "issearchable": true,
                    "istopnode": false,
                    "name": "Sub-Soil Metatype",
                    "nodegroup_id": "fc0a29e9-28c3-11eb-be01-f875a44e0e11",
                    "nodeid": "fc0a29f2-28c3-11eb-bd72-f875a44e0e11",
                    "ontologyclass": "http://www.cidoc-crm.org/cidoc-crm/E55_Type",
                    "parentproperty": "http://www.cidoc-crm.org/cidoc-crm/P2_has_type",
                    "sortorder": 0
                },
                {
                    "config": {
                        "rdmCollection": "1e63c514-eb9d-48d3-94b5-35e060e5f368"
                    },
                    "datatype": "concept",
                    "description": null,
                    "exportable": false,
                    "fieldname": null,
                    "graph_id": "fc0a29e8-28c3-11eb-a8cf-f875a44e0e11",
                    "is_collector": false,
                    "isrequired": false,
                    "issearchable": true,
                    "istopnode": false,
                    "name": "Geology Metatype",
                    "nodegroup_id": "fc0a29e9-28c3-11eb-be01-f875a44e0e11",
                    "nodeid": "fc0a29f3-28c3-11eb-a042-f875a44e0e11",
                    "ontologyclass": "http://www.cidoc-crm.org/cidoc-crm/E55_Type",
                    "parentproperty": "http://www.cidoc-crm.org/cidoc-crm/P2_has_type",
                    "sortorder": 0
                },
                {
                    "config": null,
                    "datatype": "semantic",
                    "description": "",
                    "exportable": false,
                    "fieldname": null,
                    "graph_id": "fc0a29e8-28c3-11eb-a8cf-f875a44e0e11",
                    "is_collector": false,
                    "isrequired": false,
                    "issearchable": true,
                    "istopnode": false,
                    "name": "Land Use Assessment Timespan",
                    "nodegroup_id": "fc0a29e9-28c3-11eb-be01-f875a44e0e11",
                    "nodeid": "fc0a29f4-28c3-11eb-9fd5-f875a44e0e11",
                    "ontologyclass": "http://www.cidoc-crm.org/cidoc-crm/E52_Time-Span",
                    "parentproperty": "http://www.cidoc-crm.org/cidoc-crm/P141_assigned",
                    "sortorder": 0
                },
                {
                    "config": {
                        "rdmCollection": "dcab7c77-02ab-4c21-9afd-ca5a5fcc1bad"
                    },
                    "datatype": "concept",
                    "description": "Allows a concept collection to be typed. Useful for data sharing.",
                    "exportable": true,
                    "fieldname": "Sub_Soil",
                    "graph_id": "fc0a29e8-28c3-11eb-a8cf-f875a44e0e11",
                    "is_collector": false,
                    "isrequired": false,
                    "issearchable": true,
                    "istopnode": false,
                    "name": "Sub-Soil",
                    "nodegroup_id": "fc0a29e9-28c3-11eb-be01-f875a44e0e11",
                    "nodeid": "fc0a29f5-28c3-11eb-910d-f875a44e0e11",
                    "ontologyclass": "http://www.cidoc-crm.org/cidoc-crm/E55_Type",
                    "parentproperty": "http://www.cidoc-crm.org/cidoc-crm/P141_assigned",
                    "sortorder": 0
                },
                {
                    "config": {
                        "rdmCollection": "dcab7c77-02ab-4c21-9afd-ca5a5fcc1bad"
                    },
                    "datatype": "concept",
                    "description": "Allows a concept collection to be typed. Useful for data sharing.",
                    "exportable": true,
                    "fieldname": "Geology",
                    "graph_id": "fc0a29e8-28c3-11eb-a8cf-f875a44e0e11",
                    "is_collector": false,
                    "isrequired": false,
                    "issearchable": true,
                    "istopnode": false,
                    "name": "Geology",
                    "nodegroup_id": "fc0a29e9-28c3-11eb-be01-f875a44e0e11",
                    "nodeid": "fc0a29f6-28c3-11eb-ab4f-f875a44e0e11",
                    "ontologyclass": "http://www.cidoc-crm.org/cidoc-crm/E55_Type",
                    "parentproperty": "http://www.cidoc-crm.org/cidoc-crm/P141_assigned",
                    "sortorder": 0
                },
                {
                    "config": {
                        "rdmCollection": "dcab7c77-02ab-4c21-9afd-ca5a5fcc1bad"
                    },
                    "datatype": "concept",
                    "description": null,
                    "exportable": true,
                    "fieldname": "Land_Use",
                    "graph_id": "fc0a29e8-28c3-11eb-a8cf-f875a44e0e11",
                    "is_collector": false,
                    "isrequired": false,
                    "issearchable": true,
                    "istopnode": false,
                    "name": "Land Use Classification",
                    "nodegroup_id": "fc0a29e9-28c3-11eb-be01-f875a44e0e11",
                    "nodeid": "fc0a29f7-28c3-11eb-986c-f875a44e0e11",
                    "ontologyclass": "http://www.cidoc-crm.org/cidoc-crm/E55_Type",
                    "parentproperty": "http://www.cidoc-crm.org/cidoc-crm/P141_assigned",
                    "sortorder": 0
                },
                {
                    "config": {
                        "dateFormat": "YYYY-MM-DD"
                    },
                    "datatype": "date",
                    "description": null,
                    "exportable": true,
                    "fieldname": "LU_Date",
                    "graph_id": "fc0a29e8-28c3-11eb-a8cf-f875a44e0e11",
                    "is_collector": false,
                    "isrequired": false,
                    "issearchable": true,
                    "istopnode": false,
                    "name": "Land Use Assessment Start Date",
                    "nodegroup_id": "fc0a29e9-28c3-11eb-be01-f875a44e0e11",
                    "nodeid": "fc0a29f8-28c3-11eb-a400-f875a44e0e11",
                    "ontologyclass": "http://www.cidoc-crm.org/cidoc-crm/E61_Time_Primitive",
                    "parentproperty": "http://www.cidoc-crm.org/cidoc-crm/P82a_begin_of_the_begin",
                    "sortorder": 0
                },
                {
                    "config": {
                        "dateFormat": "YYYY-MM-DD"
                    },
                    "datatype": "date",
                    "description": null,
                    "exportable": false,
                    "fieldname": null,
                    "graph_id": "fc0a29e8-28c3-11eb-a8cf-f875a44e0e11",
                    "is_collector": false,
                    "isrequired": false,
                    "issearchable": true,
                    "istopnode": false,
                    "name": "Land Use Assessment End Date",
                    "nodegroup_id": "fc0a29e9-28c3-11eb-be01-f875a44e0e11",
                    "nodeid": "fc0a29f9-28c3-11eb-b559-f875a44e0e11",
                    "ontologyclass": "http://www.cidoc-crm.org/cidoc-crm/E61_Time_Primitive",
                    "parentproperty": "http://www.cidoc-crm.org/cidoc-crm/P82b_end_of_the_end",
                    "sortorder": 0
                },
                {
                    "config": null,
                    "datatype": "string",
                    "description": null,
                    "exportable": true,
                    "fieldname": "LU_Notes",
                    "graph_id": "fc0a29e8-28c3-11eb-a8cf-f875a44e0e11",
                    "is_collector": false,
                    "isrequired": false,
                    "issearchable": true,
                    "istopnode": false,
                    "name": "Land Use Notes Value",
                    "nodegroup_id": "fc0a29e9-28c3-11eb-be01-f875a44e0e11",
                    "nodeid": "fc0a29fa-28c3-11eb-b9b5-f875a44e0e11",
                    "ontologyclass": "http://www.w3.org/2000/01/rdf-schema#Literal",
                    "parentproperty": "http://www.cidoc-crm.org/cidoc-crm/P3_has_note",
                    "sortorder": 0
                },
                {
                    "config": {},
                    "datatype": "semantic",
                    "description": "Links an E13_Attribute_Assignment to an E!8_Physical_ThingUsed to record the Land Use Classification associated with a heritage asset. Included for migration purposes.Dependencies:> Land Use concept collection available in the RDM",
                    "exportable": false,
                    "fieldname": "",
                    "graph_id": "fc0a29e8-28c3-11eb-a8cf-f875a44e0e11",
                    "is_collector": true,
                    "isrequired": false,
                    "issearchable": true,
                    "istopnode": true,
                    "name": "Land Use Classification Assignment",
                    "nodegroup_id": "fc0a29e9-28c3-11eb-be01-f875a44e0e11",
                    "nodeid": "fc0a29e9-28c3-11eb-be01-f875a44e0e11",
                    "ontologyclass": "http://www.cidoc-crm.org/cidoc-crm/E13_Attribute_Assignment",
                    "parentproperty": "",
                    "sortorder": 0
                }
            ],
            "ontology_id": "e6e8db47-2ccf-11e6-927e-b8f6b115d7dd",
            "relatable_resource_model_ids": [],
            "resource_2_resource_constraints": [],
            "root": {
                "config": {},
                "datatype": "semantic",
                "description": "Links an E13_Attribute_Assignment to an E!8_Physical_ThingUsed to record the Land Use Classification associated with a heritage asset. Included for migration purposes.Dependencies:> Land Use concept collection available in the RDM",
                "exportable": false,
                "fieldname": "",
                "graph_id": "fc0a29e8-28c3-11eb-a8cf-f875a44e0e11",
                "is_collector": true,
                "isrequired": false,
                "issearchable": true,
                "istopnode": true,
                "name": "Land Use Classification Assignment",
                "nodegroup_id": "fc0a29e9-28c3-11eb-be01-f875a44e0e11",
                "nodeid": "fc0a29e9-28c3-11eb-be01-f875a44e0e11",
                "ontologyclass": "http://www.cidoc-crm.org/cidoc-crm/E13_Attribute_Assignment",
                "sortorder": 0
            },
            "slug": null,
            "subtitle": "Use to record various attributes to do with the geology and land use of a site.",
            "template_id": "50000000-0000-0000-0000-000000000002",
            "version": ""
        }
    ]
}