{
    "graph": [
        {
            "author": "",
            "cards": [
                {
                    "active": true,
                    "cardid": "db618aaf-993a-11ea-8611-f875a44e0e11",
                    "component_id": "f05e4d3a-53c1-11e8-b0ea-784f435179ea",
                    "config": null,
                    "constraints": [],
                    "cssclass": null,
                    "description": "",
                    "graph_id": "db618aac-993a-11ea-9bde-f875a44e0e11",
                    "helpenabled": false,
                    "helptext": null,
                    "helptitle": null,
                    "instructions": null,
                    "is_editable": true,
                    "name": "Location Descriptions",
                    "nodegroup_id": "db618aad-993a-11ea-82cc-f875a44e0e11",
                    "sortorder": 3,
                    "visible": true
                }
            ],
            "cards_x_nodes_x_widgets": [
                {
                    "card_id": "db618aaf-993a-11ea-8611-f875a44e0e11",
                    "config": {
                        "defaultValue": "6fbe3775-e51d-4f90-af53-5695dd204c9a",
                        "label": "Location Description Metatype",
                        "options": [],
                        "placeholder": "Select an option"
                    },
                    "id": "db61b1f1-993a-11ea-b71d-f875a44e0e11",
                    "label": "Location Description Metatype",
                    "node_id": "db61b1f0-993a-11ea-b610-f875a44e0e11",
                    "sortorder": 2,
                    "visible": false,
                    "widget_id": "10000000-0000-0000-0000-000000000002"
                },
                {
                    "card_id": "db618aaf-993a-11ea-8611-f875a44e0e11",
                    "config": {
                        "defaultValue": "",
                        "label": "Location Description Type",
                        "options": [],
                        "placeholder": "Select an option"
                    },
                    "id": "db61b1f2-993a-11ea-9808-f875a44e0e11",
                    "label": "Location Description Type",
                    "node_id": "db61b1ef-993a-11ea-800a-f875a44e0e11",
                    "sortorder": 1,
                    "visible": true,
                    "widget_id": "10000000-0000-0000-0000-000000000002"
                },
                {
                    "card_id": "db618aaf-993a-11ea-8611-f875a44e0e11",
                    "config": {
                        "defaultValue": "",
                        "label": "Location Description",
                        "maxLength": null,
                        "placeholder": "Enter text",
                        "width": "100%"
                    },
                    "id": "db61b1f3-993a-11ea-9322-f875a44e0e11",
                    "label": "Location Description",
                    "node_id": "db61b1ee-993a-11ea-9588-f875a44e0e11",
                    "sortorder": 0,
                    "visible": true,
                    "widget_id": "10000000-0000-0000-0000-000000000005"
                }
            ],
            "color": null,
            "config": {},
            "deploymentdate": null,
            "deploymentfile": null,
            "description": "",
            "edges": [
                {
                    "description": null,
                    "domainnode_id": "db61b1ef-993a-11ea-800a-f875a44e0e11",
                    "edgeid": "db61b1f4-993a-11ea-8b58-f875a44e0e11",
                    "graph_id": "db618aac-993a-11ea-9bde-f875a44e0e11",
                    "name": null,
                    "ontologyproperty": "http://www.cidoc-crm.org/cidoc-crm/P2_has_type",
                    "rangenode_id": "db61b1f0-993a-11ea-b610-f875a44e0e11"
                },
                {
                    "description": null,
                    "domainnode_id": "db618aad-993a-11ea-82cc-f875a44e0e11",
                    "edgeid": "db61b1f5-993a-11ea-964e-f875a44e0e11",
                    "graph_id": "db618aac-993a-11ea-9bde-f875a44e0e11",
                    "name": null,
                    "ontologyproperty": "http://www.cidoc-crm.org/cidoc-crm/P3_has_note",
                    "rangenode_id": "db61b1ee-993a-11ea-9588-f875a44e0e11"
                },
                {
                    "description": null,
                    "domainnode_id": "db618aad-993a-11ea-82cc-f875a44e0e11",
                    "edgeid": "db61b1f6-993a-11ea-9919-f875a44e0e11",
                    "graph_id": "db618aac-993a-11ea-9bde-f875a44e0e11",
                    "name": null,
                    "ontologyproperty": "http://www.cidoc-crm.org/cidoc-crm/P2_has_type",
                    "rangenode_id": "db61b1ef-993a-11ea-800a-f875a44e0e11"
                }
            ],
            "functions_x_graphs": [],
            "graphid": "db618aac-993a-11ea-9bde-f875a44e0e11",
            "iconclass": "fa fa-map-marker",
            "is_editable": true,
            "isactive": true,
            "isresource": false,
            "jsonldcontext": null,
            "name": "Location Descriptions",
            "nodegroups": [
                {
                    "cardinality": "n",
                    "legacygroupid": null,
                    "nodegroupid": "db618aad-993a-11ea-82cc-f875a44e0e11",
                    "parentnodegroup_id": null
                }
            ],
            "nodes": [
                {
                    "config": {
                        "rdmCollection": "0ff39ed3-cc95-4c60-9321-6d4e65fb1f2d"
                    },
                    "datatype": "concept",
                    "description": null,
                    "exportable": false,
                    "fieldname": null,
                    "graph_id": "db618aac-993a-11ea-9bde-f875a44e0e11",
                    "is_collector": false,
                    "isrequired": false,
                    "issearchable": true,
                    "istopnode": false,
                    "name": "Location Description Type",
                    "nodegroup_id": "db618aad-993a-11ea-82cc-f875a44e0e11",
                    "nodeid": "db61b1ef-993a-11ea-800a-f875a44e0e11",
                    "ontologyclass": "http://www.cidoc-crm.org/cidoc-crm/E55_Type",
                    "parentproperty": "http://www.cidoc-crm.org/cidoc-crm/P2_has_type",
                    "sortorder": 0
                },
                {
                    "config": {
                        "rdmCollection": "1e63c514-eb9d-48d3-94b5-35e060e5f368"
                    },
                    "datatype": "concept",
                    "description": null,
                    "exportable": false,
                    "fieldname": null,
                    "graph_id": "db618aac-993a-11ea-9bde-f875a44e0e11",
                    "is_collector": false,
                    "isrequired": false,
                    "issearchable": true,
                    "istopnode": false,
                    "name": "Location Description Metatype",
                    "nodegroup_id": "db618aad-993a-11ea-82cc-f875a44e0e11",
                    "nodeid": "db61b1f0-993a-11ea-b610-f875a44e0e11",
                    "ontologyclass": "http://www.cidoc-crm.org/cidoc-crm/E55_Type",
                    "parentproperty": "http://www.cidoc-crm.org/cidoc-crm/P2_has_type",
                    "sortorder": 0
                },
                {
                    "config": null,
                    "datatype": "semantic",
                    "description": null,
                    "exportable": false,
                    "fieldname": null,
                    "graph_id": "db618aac-993a-11ea-9bde-f875a44e0e11",
                    "is_collector": true,
                    "isrequired": false,
                    "issearchable": true,
                    "istopnode": true,
                    "name": "Location Descriptions",
                    "nodegroup_id": "db618aad-993a-11ea-82cc-f875a44e0e11",
                    "nodeid": "db618aad-993a-11ea-82cc-f875a44e0e11",
                    "ontologyclass": "http://www.cidoc-crm.org/cidoc-crm/E33_Linguistic_Object",
                    "parentproperty": "",
                    "sortorder": 0
                },
                {
                    "config": null,
                    "datatype": "string",
                    "description": null,
                    "exportable": true,
                    "fieldname": "Loc_Desc",
                    "graph_id": "db618aac-993a-11ea-9bde-f875a44e0e11",
                    "is_collector": false,
                    "isrequired": false,
                    "issearchable": true,
                    "istopnode": false,
                    "name": "Location Description",
                    "nodegroup_id": "db618aad-993a-11ea-82cc-f875a44e0e11",
                    "nodeid": "db61b1ee-993a-11ea-9588-f875a44e0e11",
                    "ontologyclass": "http://www.w3.org/2000/01/rdf-schema#Literal",
                    "parentproperty": "http://www.cidoc-crm.org/cidoc-crm/P3_has_note",
                    "sortorder": 0
                }
            ],
            "ontology_id": "e6e8db47-2ccf-11e6-927e-b8f6b115d7dd",
            "relatable_resource_model_ids": [],
            "resource_2_resource_constraints": [],
            "root": {
                "config": null,
                "datatype": "semantic",
                "description": null,
                "exportable": false,
                "fieldname": null,
                "graph_id": "db618aac-993a-11ea-9bde-f875a44e0e11",
                "is_collector": true,
                "isrequired": false,
                "issearchable": true,
                "istopnode": true,
                "name": "Location Descriptions",
                "nodegroup_id": "db618aad-993a-11ea-82cc-f875a44e0e11",
                "nodeid": "db618aad-993a-11ea-82cc-f875a44e0e11",
                "ontologyclass": "http://www.cidoc-crm.org/cidoc-crm/E33_Linguistic_Object",
                "sortorder": 0
            },
            "slug": null,
            "subtitle": "",
            "template_id": "50000000-0000-0000-0000-000000000001",
            "version": ""
        }
    ]
}