{
    "graph": [
        {
            "author": "",
            "cards": [
                {
                    "active": true,
                    "cardid": "8fd433ee-993a-11ea-b64d-f875a44e0e11",
                    "component_id": "f05e4d3a-53c1-11e8-b0ea-784f435179ea",
                    "config": null,
                    "constraints": [],
                    "cssclass": null,
                    "description": "",
                    "graph_id": "8fd40cd0-993a-11ea-a3b9-f875a44e0e11",
                    "helpenabled": false,
                    "helptext": null,
                    "helptitle": null,
                    "instructions": "Administrative, geopolitical areas, localities, and other areas (e.g.: Research or zoning areas)  ",
                    "is_editable": true,
                    "name": "Localities/Administrative Areas",
                    "nodegroup_id": "8fd433ec-993a-11ea-a799-f875a44e0e11",
                    "sortorder": 4,
                    "visible": true
                }
            ],
            "cards_x_nodes_x_widgets": [
                {
                    "card_id": "8fd433ee-993a-11ea-b64d-f875a44e0e11",
                    "config": {
                        "defaultValue": "35999571-5ac9-4bca-abc6-db5ba2588253",
                        "label": "Area Name Metatype",
                        "options": [],
                        "placeholder": "Select an option"
                    },
                    "id": "8fd433f7-993a-11ea-9f00-f875a44e0e11",
                    "label": "Area Name Metatype",
                    "node_id": "8fd433f2-993a-11ea-a009-f875a44e0e11",
                    "sortorder": 2,
                    "visible": false,
                    "widget_id": "10000000-0000-0000-0000-000000000002"
                },
                {
                    "card_id": "8fd433ee-993a-11ea-b64d-f875a44e0e11",
                    "config": {
                        "defaultValue": "5a88136a-bf3a-4b48-a830-a7f42000dd24",
                        "label": "Area Currency Metatype",
                        "options": [],
                        "placeholder": "Select an option"
                    },
                    "id": "8fd433f8-993a-11ea-976c-f875a44e0e11",
                    "label": "Area Currency Metatype",
                    "node_id": "8fd433ef-993a-11ea-b2b6-f875a44e0e11",
                    "sortorder": 6,
                    "visible": false,
                    "widget_id": "10000000-0000-0000-0000-000000000002"
                },
                {
                    "card_id": "8fd433ee-993a-11ea-b64d-f875a44e0e11",
                    "config": {
                        "defaultValue": "",
                        "label": "Area Type",
                        "options": [],
                        "placeholder": "Select an option"
                    },
                    "id": "8fd433f9-993a-11ea-81a0-f875a44e0e11",
                    "label": "Area Type",
                    "node_id": "8fd433f6-993a-11ea-a1bd-f875a44e0e11",
                    "sortorder": 3,
                    "visible": true,
                    "widget_id": "10000000-0000-0000-0000-000000000002"
                },
                {
                    "card_id": "8fd433ee-993a-11ea-b64d-f875a44e0e11",
                    "config": {
                        "defaultValue": null,
                        "label": "Currency",
                        "options": [],
                        "placeholder": "Select an option"
                    },
                    "id": "8fd433fa-993a-11ea-a3e1-f875a44e0e11",
                    "label": "Currency",
                    "node_id": "8fd433f3-993a-11ea-bc35-f875a44e0e11",
                    "sortorder": 5,
                    "visible": true,
                    "widget_id": "10000000-0000-0000-0000-000000000002"
                },
                {
                    "card_id": "8fd433ee-993a-11ea-b64d-f875a44e0e11",
                    "config": {
                        "defaultValue": "f1ec77ee-c2f2-4cad-a128-87c1537adb54",
                        "label": "Area Name Type",
                        "options": [],
                        "placeholder": "Select an option"
                    },
                    "id": "8fd433fb-993a-11ea-a192-f875a44e0e11",
                    "label": "Area Name Type",
                    "node_id": "8fd433f4-993a-11ea-841d-f875a44e0e11",
                    "sortorder": 1,
                    "visible": false,
                    "widget_id": "10000000-0000-0000-0000-000000000002"
                },
                {
                    "card_id": "8fd433ee-993a-11ea-b64d-f875a44e0e11",
                    "config": {
                        "defaultValue": "",
                        "label": "Area Name",
                        "options": [],
                        "placeholder": "Select an option"
                    },
                    "id": "8fd433fc-993a-11ea-bad6-f875a44e0e11",
                    "label": "Area Name",
                    "node_id": "8fd433f5-993a-11ea-956a-f875a44e0e11",
                    "sortorder": 0,
                    "visible": true,
                    "widget_id": "10000000-0000-0000-0000-000000000002"
                },
                {
                    "card_id": "8fd433ee-993a-11ea-b64d-f875a44e0e11",
                    "config": {
                        "defaultValue": "35999571-5ac9-4bca-abc6-db5ba2588253",
                        "label": "Area Metatype",
                        "options": [],
                        "placeholder": "Select an option"
                    },
                    "id": "8fd433fd-993a-11ea-8cbb-f875a44e0e11",
                    "label": "Area Metatype",
                    "node_id": "8fd433f1-993a-11ea-a316-f875a44e0e11",
                    "sortorder": 4,
                    "visible": false,
                    "widget_id": "10000000-0000-0000-0000-000000000002"
                }
            ],
            "color": null,
            "config": {},
            "deploymentdate": null,
            "deploymentfile": null,
            "description": "",
            "edges": [
                {
                    "description": null,
                    "domainnode_id": "8fd433ec-993a-11ea-a799-f875a44e0e11",
                    "edgeid": "8fd45b00-993a-11ea-a5f9-f875a44e0e11",
                    "graph_id": "8fd40cd0-993a-11ea-a3b9-f875a44e0e11",
                    "name": null,
                    "ontologyproperty": "http://www.cidoc-crm.org/cidoc-crm/P2_has_type",
                    "rangenode_id": "8fd433f3-993a-11ea-bc35-f875a44e0e11"
                },
                {
                    "description": null,
                    "domainnode_id": "8fd433f0-993a-11ea-9ddb-f875a44e0e11",
                    "edgeid": "8fd45b01-993a-11ea-b7c4-f875a44e0e11",
                    "graph_id": "8fd40cd0-993a-11ea-a3b9-f875a44e0e11",
                    "name": null,
                    "ontologyproperty": "http://www.cidoc-crm.org/cidoc-crm/P3_has_note",
                    "rangenode_id": "8fd433f5-993a-11ea-956a-f875a44e0e11"
                },
                {
                    "description": null,
                    "domainnode_id": "8fd433f0-993a-11ea-9ddb-f875a44e0e11",
                    "edgeid": "8fd45b02-993a-11ea-86b8-f875a44e0e11",
                    "graph_id": "8fd40cd0-993a-11ea-a3b9-f875a44e0e11",
                    "name": null,
                    "ontologyproperty": "http://www.cidoc-crm.org/cidoc-crm/P2_has_type",
                    "rangenode_id": "8fd433f4-993a-11ea-841d-f875a44e0e11"
                },
                {
                    "description": null,
                    "domainnode_id": "8fd433ec-993a-11ea-a799-f875a44e0e11",
                    "edgeid": "8fd45b03-993a-11ea-889f-f875a44e0e11",
                    "graph_id": "8fd40cd0-993a-11ea-a3b9-f875a44e0e11",
                    "name": null,
                    "ontologyproperty": "http://www.cidoc-crm.org/cidoc-crm/P1_is_identified_by",
                    "rangenode_id": "8fd433f0-993a-11ea-9ddb-f875a44e0e11"
                },
                {
                    "description": null,
                    "domainnode_id": "8fd433ec-993a-11ea-a799-f875a44e0e11",
                    "edgeid": "8fd45b04-993a-11ea-be32-f875a44e0e11",
                    "graph_id": "8fd40cd0-993a-11ea-a3b9-f875a44e0e11",
                    "name": null,
                    "ontologyproperty": "http://www.cidoc-crm.org/cidoc-crm/P2_has_type",
                    "rangenode_id": "8fd433f6-993a-11ea-a1bd-f875a44e0e11"
                },
                {
                    "description": null,
                    "domainnode_id": "8fd433f6-993a-11ea-a1bd-f875a44e0e11",
                    "edgeid": "8fd45b05-993a-11ea-a3cc-f875a44e0e11",
                    "graph_id": "8fd40cd0-993a-11ea-a3b9-f875a44e0e11",
                    "name": null,
                    "ontologyproperty": "http://www.cidoc-crm.org/cidoc-crm/P2_has_type",
                    "rangenode_id": "8fd433f1-993a-11ea-a316-f875a44e0e11"
                },
                {
                    "description": null,
                    "domainnode_id": "8fd433f4-993a-11ea-841d-f875a44e0e11",
                    "edgeid": "8fd45b06-993a-11ea-9a1a-f875a44e0e11",
                    "graph_id": "8fd40cd0-993a-11ea-a3b9-f875a44e0e11",
                    "name": null,
                    "ontologyproperty": "http://www.cidoc-crm.org/cidoc-crm/P2_has_type",
                    "rangenode_id": "8fd433f2-993a-11ea-a009-f875a44e0e11"
                },
                {
                    "description": null,
                    "domainnode_id": "8fd433f3-993a-11ea-bc35-f875a44e0e11",
                    "edgeid": "8fd45b07-993a-11ea-b6e4-f875a44e0e11",
                    "graph_id": "8fd40cd0-993a-11ea-a3b9-f875a44e0e11",
                    "name": null,
                    "ontologyproperty": "http://www.cidoc-crm.org/cidoc-crm/P2_has_type",
                    "rangenode_id": "8fd433ef-993a-11ea-b2b6-f875a44e0e11"
                }
            ],
            "functions_x_graphs": [],
            "graphid": "8fd40cd0-993a-11ea-a3b9-f875a44e0e11",
            "iconclass": "fa fa-map-marker",
            "is_editable": true,
            "isactive": true,
            "isresource": false,
            "jsonldcontext": null,
            "name": "Localities/Administrative Areas",
            "nodegroups": [
                {
                    "cardinality": "n",
                    "legacygroupid": null,
                    "nodegroupid": "8fd433ec-993a-11ea-a799-f875a44e0e11",
                    "parentnodegroup_id": null
                }
            ],
            "nodes": [
                {
                    "config": null,
                    "datatype": "semantic",
                    "description": "",
                    "exportable": false,
                    "fieldname": "",
                    "graph_id": "8fd40cd0-993a-11ea-a3b9-f875a44e0e11",
                    "is_collector": false,
                    "isrequired": false,
                    "issearchable": true,
                    "istopnode": false,
                    "name": "Area Names",
                    "nodegroup_id": "8fd433ec-993a-11ea-a799-f875a44e0e11",
                    "nodeid": "8fd433f0-993a-11ea-9ddb-f875a44e0e11",
                    "ontologyclass": "http://www.cidoc-crm.org/cidoc-crm/E41_Appellation",
                    "parentproperty": "http://www.cidoc-crm.org/cidoc-crm/P1_is_identified_by",
                    "sortorder": 0
                },
                {
                    "config": {
                        "rdmCollection": "1e63c514-eb9d-48d3-94b5-35e060e5f368"
                    },
                    "datatype": "concept",
                    "description": null,
                    "exportable": false,
                    "fieldname": null,
                    "graph_id": "8fd40cd0-993a-11ea-a3b9-f875a44e0e11",
                    "is_collector": false,
                    "isrequired": false,
                    "issearchable": true,
                    "istopnode": false,
                    "name": "Area Currency Metatype",
                    "nodegroup_id": "8fd433ec-993a-11ea-a799-f875a44e0e11",
                    "nodeid": "8fd433ef-993a-11ea-b2b6-f875a44e0e11",
                    "ontologyclass": "http://www.cidoc-crm.org/cidoc-crm/E55_Type",
                    "parentproperty": "http://www.cidoc-crm.org/cidoc-crm/P2_has_type",
                    "sortorder": 0
                },
                {
                    "config": {
                        "rdmCollection": "1e63c514-eb9d-48d3-94b5-35e060e5f368"
                    },
                    "datatype": "concept",
                    "description": null,
                    "exportable": false,
                    "fieldname": null,
                    "graph_id": "8fd40cd0-993a-11ea-a3b9-f875a44e0e11",
                    "is_collector": false,
                    "isrequired": false,
                    "issearchable": true,
                    "istopnode": false,
                    "name": "Area Metatype",
                    "nodegroup_id": "8fd433ec-993a-11ea-a799-f875a44e0e11",
                    "nodeid": "8fd433f1-993a-11ea-a316-f875a44e0e11",
                    "ontologyclass": "http://www.cidoc-crm.org/cidoc-crm/E55_Type",
                    "parentproperty": "http://www.cidoc-crm.org/cidoc-crm/P2_has_type",
                    "sortorder": 0
                },
                {
                    "config": {
                        "rdmCollection": "1e63c514-eb9d-48d3-94b5-35e060e5f368"
                    },
                    "datatype": "concept",
                    "description": null,
                    "exportable": false,
                    "fieldname": null,
                    "graph_id": "8fd40cd0-993a-11ea-a3b9-f875a44e0e11",
                    "is_collector": false,
                    "isrequired": false,
                    "issearchable": true,
                    "istopnode": false,
                    "name": "Area Name Metadata",
                    "nodegroup_id": "8fd433ec-993a-11ea-a799-f875a44e0e11",
                    "nodeid": "8fd433f2-993a-11ea-a009-f875a44e0e11",
                    "ontologyclass": "http://www.cidoc-crm.org/cidoc-crm/E55_Type",
                    "parentproperty": "http://www.cidoc-crm.org/cidoc-crm/P2_has_type",
                    "sortorder": 0
                },
                {
                    "config": {
                        "rdmCollection": "a346ee99-67f6-44cd-87f7-b564ce32cdf3"
                    },
                    "datatype": "concept",
                    "description": null,
                    "exportable": false,
                    "fieldname": "",
                    "graph_id": "8fd40cd0-993a-11ea-a3b9-f875a44e0e11",
                    "is_collector": false,
                    "isrequired": false,
                    "issearchable": true,
                    "istopnode": false,
                    "name": "Area Currency Type",
                    "nodegroup_id": "8fd433ec-993a-11ea-a799-f875a44e0e11",
                    "nodeid": "8fd433f3-993a-11ea-bc35-f875a44e0e11",
                    "ontologyclass": "http://www.cidoc-crm.org/cidoc-crm/E55_Type",
                    "parentproperty": "http://www.cidoc-crm.org/cidoc-crm/P2_has_type",
                    "sortorder": 0
                },
                {
                    "config": {
                        "rdmCollection": "3e545767-c46c-4fe7-8754-c24528ba0842"
                    },
                    "datatype": "concept",
                    "description": null,
                    "exportable": false,
                    "fieldname": null,
                    "graph_id": "8fd40cd0-993a-11ea-a3b9-f875a44e0e11",
                    "is_collector": false,
                    "isrequired": false,
                    "issearchable": true,
                    "istopnode": false,
                    "name": "Area Name Type",
                    "nodegroup_id": "8fd433ec-993a-11ea-a799-f875a44e0e11",
                    "nodeid": "8fd433f4-993a-11ea-841d-f875a44e0e11",
                    "ontologyclass": "http://www.cidoc-crm.org/cidoc-crm/E55_Type",
                    "parentproperty": "http://www.cidoc-crm.org/cidoc-crm/P2_has_type",
                    "sortorder": 0
                },
                {
                    "config": {
                        "rdmCollection": "acb5feaf-e491-4e53-bff2-2801167fd65a"
                    },
                    "datatype": "concept",
                    "description": null,
                    "exportable": false,
                    "fieldname": null,
                    "graph_id": "8fd40cd0-993a-11ea-a3b9-f875a44e0e11",
                    "is_collector": false,
                    "isrequired": false,
                    "issearchable": true,
                    "istopnode": false,
                    "name": "Area Name",
                    "nodegroup_id": "8fd433ec-993a-11ea-a799-f875a44e0e11",
                    "nodeid": "8fd433f5-993a-11ea-956a-f875a44e0e11",
                    "ontologyclass": "http://www.w3.org/2000/01/rdf-schema#Literal",
                    "parentproperty": "http://www.cidoc-crm.org/cidoc-crm/P3_has_note",
                    "sortorder": 0
                },
                {
                    "config": {
                        "rdmCollection": "59a0a035-bbd0-4e5e-9528-862790edc610"
                    },
                    "datatype": "concept",
                    "description": null,
                    "exportable": false,
                    "fieldname": null,
                    "graph_id": "8fd40cd0-993a-11ea-a3b9-f875a44e0e11",
                    "is_collector": false,
                    "isrequired": false,
                    "issearchable": true,
                    "istopnode": false,
                    "name": "Area Type",
                    "nodegroup_id": "8fd433ec-993a-11ea-a799-f875a44e0e11",
                    "nodeid": "8fd433f6-993a-11ea-a1bd-f875a44e0e11",
                    "ontologyclass": "http://www.cidoc-crm.org/cidoc-crm/E55_Type",
                    "parentproperty": "http://www.cidoc-crm.org/cidoc-crm/P2_has_type",
                    "sortorder": 0
                },
                {
                    "config": null,
                    "datatype": "semantic",
                    "description": "Represents a single node in a graph",
                    "exportable": false,
                    "fieldname": "",
                    "graph_id": "8fd40cd0-993a-11ea-a3b9-f875a44e0e11",
                    "is_collector": true,
                    "isrequired": false,
                    "issearchable": true,
                    "istopnode": true,
                    "name": "Localities/Administrative Areas",
                    "nodegroup_id": "8fd433ec-993a-11ea-a799-f875a44e0e11",
                    "nodeid": "8fd433ec-993a-11ea-a799-f875a44e0e11",
                    "ontologyclass": "http://www.cidoc-crm.org/cidoc-crm/E53_Place",
                    "parentproperty": "",
                    "sortorder": 0
                }
            ],
            "ontology_id": "e6e8db47-2ccf-11e6-927e-b8f6b115d7dd",
            "relatable_resource_model_ids": [],
            "resource_2_resource_constraints": [],
            "root": {
                "config": null,
                "datatype": "semantic",
                "description": "Represents a single node in a graph",
                "exportable": false,
                "fieldname": "",
                "graph_id": "8fd40cd0-993a-11ea-a3b9-f875a44e0e11",
                "is_collector": true,
                "isrequired": false,
                "issearchable": true,
                "istopnode": true,
                "name": "Localities/Administrative Areas",
                "nodegroup_id": "8fd433ec-993a-11ea-a799-f875a44e0e11",
                "nodeid": "8fd433ec-993a-11ea-a799-f875a44e0e11",
                "ontologyclass": "http://www.cidoc-crm.org/cidoc-crm/E53_Place",
                "sortorder": 0
            },
            "slug": null,
            "subtitle": "",
            "template_id": "50000000-0000-0000-0000-000000000001",
            "version": ""
        }
    ]
}