{
    "graph": [
        {
            "author": "",
            "cards": [
                {
                    "active": true,
                    "cardid": "4a6c95f9-1298-11e9-a882-000d3ab1e588",
                    "component_id": "f05e4d3a-53c1-11e8-b0ea-784f435179ea",
                    "config": null,
                    "constraints": [],
                    "cssclass": null,
                    "description": "Represents a single node in a graph",
                    "graph_id": "4a6c95f0-1298-11e9-ba52-000d3ab1e588",
                    "helpenabled": false,
                    "helptext": null,
                    "helptitle": null,
                    "instructions": "Arches uses the Mapbox mapping library for map display and data creation.  Arches also supports Mapbox basemaps and other services",
                    "is_editable": true,
                    "name": "Mapbox API",
                    "nodegroup_id": "4a6c95f7-1298-11e9-a738-000d3ab1e588",
                    "sortorder": 0,
                    "visible": true
                },
                {
                    "active": true,
                    "cardid": "4a6c95f3-1298-11e9-8c66-000d3ab1e588",
                    "component_id": "f05e4d3a-53c1-11e8-b0ea-784f435179ea",
                    "config": null,
                    "constraints": [],
                    "cssclass": null,
                    "description": "Represents a single node in a graph",
                    "graph_id": "4a6c95f0-1298-11e9-ba52-000d3ab1e588",
                    "helpenabled": false,
                    "helptext": null,
                    "helptitle": null,
                    "instructions": "Draw a polygon representing your project's extent. These bounds will serve as the default for the cache seed bounds, search result grid bounds, and map bounds in search, cards, and reports",
                    "is_editable": true,
                    "name": "Project Extent",
                    "nodegroup_id": "4a6c95f1-1298-11e9-a56a-000d3ab1e588",
                    "sortorder": 1,
                    "visible": true
                },
                {
                    "active": true,
                    "cardid": "4a6c95fc-1298-11e9-8dfa-000d3ab1e588",
                    "component_id": "f05e4d3a-53c1-11e8-b0ea-784f435179ea",
                    "config": null,
                    "constraints": [],
                    "cssclass": null,
                    "description": "Represents a single node in a graph",
                    "graph_id": "4a6c95f0-1298-11e9-ba52-000d3ab1e588",
                    "helpenabled": false,
                    "helptext": null,
                    "helptitle": null,
                    "instructions": "You can define the zoom behavior of your maps by specifying max/min and default values.  Zoom level 0 shows the whole world (and is the minimum zoom level).  Most map services support a maximum of 20 or so zoom levels",
                    "is_editable": true,
                    "name": "Map Zoom",
                    "nodegroup_id": "4a6c95fa-1298-11e9-a881-000d3ab1e588",
                    "sortorder": 2,
                    "visible": true
                },
                {
                    "active": true,
                    "cardid": "4a6c95ff-1298-11e9-b4ac-000d3ab1e588",
                    "component_id": "f05e4d3a-53c1-11e8-b0ea-784f435179ea",
                    "config": null,
                    "constraints": [],
                    "cssclass": null,
                    "description": "",
                    "graph_id": "4a6c95f0-1298-11e9-ba52-000d3ab1e588",
                    "helpenabled": false,
                    "helptext": null,
                    "helptitle": null,
                    "instructions": null,
                    "is_editable": true,
                    "name": "Map Settings",
                    "nodegroup_id": "4a6c95fd-1298-11e9-814b-000d3ab1e588",
                    "sortorder": null,
                    "visible": true
                },
                {
                    "active": true,
                    "cardid": "4a6c95f6-1298-11e9-bfdc-000d3ab1e588",
                    "component_id": "f05e4d3a-53c1-11e8-b0ea-784f435179ea",
                    "config": null,
                    "constraints": [],
                    "cssclass": null,
                    "description": "Represents a single node in a graph",
                    "graph_id": "4a6c95f0-1298-11e9-ba52-000d3ab1e588",
                    "helpenabled": false,
                    "helptext": null,
                    "helptitle": null,
                    "instructions": "Arches aggregates search results and displays them as hexagons.  You will need to set default parameters for the hexagon size  and its precision.",
                    "is_editable": true,
                    "name": "Search Results Grid",
                    "nodegroup_id": "4a6c95f4-1298-11e9-a6af-000d3ab1e588",
                    "sortorder": 3,
                    "visible": true
                }
            ],
            "cards_x_nodes_x_widgets": [
                {
                    "card_id": "4a6c95f6-1298-11e9-bfdc-000d3ab1e588",
                    "config": {
                        "defaultValue": "",
                        "format": "",
                        "label": "Hexagon Grid Precision (Integer, larger numbers ensuer more precise counts at a performanace cost)",
                        "max": "",
                        "min": "",
                        "placeholder": "e.g.: 4",
                        "precision": "",
                        "prefix": "",
                        "step": "",
                        "suffix": "",
                        "width": "100%"
                    },
                    "id": "4a6c960d-1298-11e9-ac48-000d3ab1e588",
                    "label": "Hexagon Grid Precision (Integer, larger numbers ensuer more precise counts at a performanace cost)",
                    "node_id": "4a6c9604-1298-11e9-8ec8-000d3ab1e588",
                    "sortorder": 1,
                    "visible": true,
                    "widget_id": "10000000-0000-0000-0000-000000000008"
                },
                {
                    "card_id": "4a6c95fc-1298-11e9-8dfa-000d3ab1e588",
                    "config": {
                        "defaultValue": "",
                        "format": "",
                        "label": "Default Zoom",
                        "max": "",
                        "min": "",
                        "placeholder": "Enter number",
                        "precision": "",
                        "prefix": "",
                        "step": "",
                        "suffix": "",
                        "width": "100%"
                    },
                    "id": "4a6c9611-1298-11e9-9f35-000d3ab1e588",
                    "label": "Default Zoom",
                    "node_id": "4a6c9602-1298-11e9-b1b6-000d3ab1e588",
                    "sortorder": 0,
                    "visible": true,
                    "widget_id": "10000000-0000-0000-0000-000000000008"
                },
                {
                    "card_id": "4a6c95f6-1298-11e9-bfdc-000d3ab1e588",
                    "config": {
                        "defaultValue": "",
                        "format": "",
                        "label": "Hexagon Size (in km)",
                        "max": "",
                        "min": "",
                        "placeholder": "e.g.: 2",
                        "precision": "",
                        "prefix": "",
                        "step": "",
                        "suffix": "",
                        "width": "100%"
                    },
                    "id": "4a6c9612-1298-11e9-b7b8-000d3ab1e588",
                    "label": "Hexagon Size (in km)",
                    "node_id": "4a6c9600-1298-11e9-be24-000d3ab1e588",
                    "sortorder": 0,
                    "visible": true,
                    "widget_id": "10000000-0000-0000-0000-000000000008"
                },
                {
                    "card_id": "4a6c95f9-1298-11e9-a882-000d3ab1e588",
                    "config": {
                        "defaultValue": "",
                        "label": "Mapbox Sprites",
                        "maxLength": "Sprites",
                        "placeholder": "Enter text",
                        "width": "100%"
                    },
                    "id": "4a6c960a-1298-11e9-880c-000d3ab1e588",
                    "label": "Mapbox Sprites",
                    "node_id": "4a6c9603-1298-11e9-8a49-000d3ab1e588",
                    "sortorder": 1,
                    "visible": true,
                    "widget_id": "10000000-0000-0000-0000-000000000001"
                },
                {
                    "card_id": "4a6c95f3-1298-11e9-8c66-000d3ab1e588",
                    "config": {
                        "basemap": "streets",
                        "bearing": 0,
                        "centerX": -1,
                        "centerY": 53,
                        "defaultValue": "",
                        "defaultValueType": 0,
                        "featureColor": "#FF0000",
                        "featureLineWidth": 1,
                        "featurePointSize": 3,
                        "geocodePlaceholder": "Search",
                        "geocodeProvider": "10000000-0000-0000-0000-010000000000",
                        "geocoderVisible": false,
                        "geometryTypes": [
                            {
                                "id": "Polygon",
                                "text": "Polygon"
                            }
                        ],
                        "label": "Project map extent",
                        "maxZoom": 20,
                        "minZoom": 0,
                        "overlayConfigs": [],
                        "overlayOpacity": 0,
                        "pitch": 0,
                        "rerender": true,
                        "zoom": 5
                    },
                    "id": "4a6c960b-1298-11e9-a118-000d3ab1e588",
                    "label": "Project map extent",
                    "node_id": "4a6c9601-1298-11e9-a3a5-000d3ab1e588",
                    "sortorder": 0,
                    "visible": true,
                    "widget_id": "10000000-0000-0000-0000-000000000007"
                },
                {
                    "card_id": "4a6c95f3-1298-11e9-8c66-000d3ab1e588",
                    "config": {
                        "basemap": "streets",
                        "bearing": 0,
                        "centerX": 0,
                        "centerY": 0,
                        "defaultValue": "",
                        "defaultValueType": "",
                        "featureColor": "#FF0000",
                        "featureLineWidth": 1,
                        "featurePointSize": 3,
                        "geocodePlaceholder": "Search",
                        "geocodeProvider": "10000000-0000-0000-0000-010000000000",
                        "geocoderVisible": true,
                        "geometryTypes": [
                            {
                                "id": "Point",
                                "text": "Point"
                            },
                            {
                                "id": "Line",
                                "text": "Line"
                            },
                            {
                                "id": "Polygon",
                                "text": "Polygon"
                            }
                        ],
                        "label": "Map",
                        "maxZoom": 20,
                        "minZoom": 0,
                        "overlayConfigs": [],
                        "overlayOpacity": 0,
                        "pitch": 0,
                        "rerender": true,
                        "zoom": 0
                    },
                    "id": "4a6c9609-1298-11e9-95d9-000d3ab1e588",
                    "label": "Map",
                    "node_id": "4a6c95f1-1298-11e9-a56a-000d3ab1e588",
                    "sortorder": 0,
                    "visible": true,
                    "widget_id": "10000000-0000-0000-0000-000000000007"
                },
                {
                    "card_id": "4a6c95f9-1298-11e9-a882-000d3ab1e588",
                    "config": {
                        "defaultValue": "",
                        "label": "Mapbox Glyphs",
                        "maxLength": null,
                        "placeholder": "Enter text",
                        "width": "100%"
                    },
                    "id": "4a6c960c-1298-11e9-9059-000d3ab1e588",
                    "label": "Mapbox Glyphs",
                    "node_id": "4a6c9606-1298-11e9-b51f-000d3ab1e588",
                    "sortorder": 2,
                    "visible": true,
                    "widget_id": "10000000-0000-0000-0000-000000000001"
                },
                {
                    "card_id": "4a6c95fc-1298-11e9-8dfa-000d3ab1e588",
                    "config": {
                        "defaultValue": "",
                        "format": "",
                        "label": "Max Zoom",
                        "max": "",
                        "min": "",
                        "placeholder": "Enter number",
                        "precision": "",
                        "prefix": "",
                        "step": "",
                        "suffix": "",
                        "width": "100%"
                    },
                    "id": "4a6c960e-1298-11e9-be8a-000d3ab1e588",
                    "label": "Max Zoom",
                    "node_id": "4a6c9607-1298-11e9-8495-000d3ab1e588",
                    "sortorder": 2,
                    "visible": true,
                    "widget_id": "10000000-0000-0000-0000-000000000008"
                },
                {
                    "card_id": "4a6c95fc-1298-11e9-8dfa-000d3ab1e588",
                    "config": {
                        "defaultValue": "",
                        "format": "",
                        "label": "Min Zoom",
                        "max": "",
                        "min": "",
                        "placeholder": "Enter number",
                        "precision": "",
                        "prefix": "",
                        "step": "",
                        "suffix": "",
                        "width": "100%"
                    },
                    "id": "4a6c960f-1298-11e9-96be-000d3ab1e588",
                    "label": "Min Zoom",
                    "node_id": "4a6c9605-1298-11e9-a2db-000d3ab1e588",
                    "sortorder": 1,
                    "visible": true,
                    "widget_id": "10000000-0000-0000-0000-000000000008"
                },
                {
                    "card_id": "4a6c95f9-1298-11e9-a882-000d3ab1e588",
                    "config": {
                        "defaultValue": "",
                        "label": "MapBox API Key (Optional)",
                        "maxLength": null,
                        "placeholder": "Enter text",
                        "width": "100%"
                    },
                    "id": "4a6c9610-1298-11e9-b1ce-000d3ab1e588",
                    "label": "MapBox API Key (Optional)",
                    "node_id": "4a6c9608-1298-11e9-8669-000d3ab1e588",
                    "sortorder": 0,
                    "visible": true,
                    "widget_id": "10000000-0000-0000-0000-000000000001"
                }
            ],
            "color": null,
            "config": {},
            "deploymentdate": null,
            "deploymentfile": null,
            "description": "",
            "edges": [
                {
                    "description": null,
                    "domainnode_id": "4a6c95f4-1298-11e9-a6af-000d3ab1e588",
                    "edgeid": "4a6c961b-1298-11e9-bbf5-000d3ab1e588",
                    "graph_id": "4a6c95f0-1298-11e9-ba52-000d3ab1e588",
                    "name": null,
                    "ontologyproperty": null,
                    "rangenode_id": "4a6c9600-1298-11e9-be24-000d3ab1e588"
                },
                {
                    "description": null,
                    "domainnode_id": "4a6c95fa-1298-11e9-a881-000d3ab1e588",
                    "edgeid": "4a6c9613-1298-11e9-a405-000d3ab1e588",
                    "graph_id": "4a6c95f0-1298-11e9-ba52-000d3ab1e588",
                    "name": null,
                    "ontologyproperty": null,
                    "rangenode_id": "4a6c9605-1298-11e9-a2db-000d3ab1e588"
                },
                {
                    "description": null,
                    "domainnode_id": "4a6c95f7-1298-11e9-a738-000d3ab1e588",
                    "edgeid": "4a6c9614-1298-11e9-ada7-000d3ab1e588",
                    "graph_id": "4a6c95f0-1298-11e9-ba52-000d3ab1e588",
                    "name": null,
                    "ontologyproperty": null,
                    "rangenode_id": "4a6c9608-1298-11e9-8669-000d3ab1e588"
                },
                {
                    "description": null,
                    "domainnode_id": "4a6c95fa-1298-11e9-a881-000d3ab1e588",
                    "edgeid": "4a6c9615-1298-11e9-be08-000d3ab1e588",
                    "graph_id": "4a6c95f0-1298-11e9-ba52-000d3ab1e588",
                    "name": null,
                    "ontologyproperty": null,
                    "rangenode_id": "4a6c9602-1298-11e9-b1b6-000d3ab1e588"
                },
                {
                    "description": null,
                    "domainnode_id": "4a6c95fd-1298-11e9-814b-000d3ab1e588",
                    "edgeid": "4a6c9616-1298-11e9-975d-000d3ab1e588",
                    "graph_id": "4a6c95f0-1298-11e9-ba52-000d3ab1e588",
                    "name": null,
                    "ontologyproperty": null,
                    "rangenode_id": "4a6c95f4-1298-11e9-a6af-000d3ab1e588"
                },
                {
                    "description": null,
                    "domainnode_id": "4a6c95fd-1298-11e9-814b-000d3ab1e588",
                    "edgeid": "4a6c9617-1298-11e9-b7af-000d3ab1e588",
                    "graph_id": "4a6c95f0-1298-11e9-ba52-000d3ab1e588",
                    "name": null,
                    "ontologyproperty": null,
                    "rangenode_id": "4a6c95f7-1298-11e9-a738-000d3ab1e588"
                },
                {
                    "description": null,
                    "domainnode_id": "4a6c95f4-1298-11e9-a6af-000d3ab1e588",
                    "edgeid": "4a6c9618-1298-11e9-80a0-000d3ab1e588",
                    "graph_id": "4a6c95f0-1298-11e9-ba52-000d3ab1e588",
                    "name": null,
                    "ontologyproperty": null,
                    "rangenode_id": "4a6c9604-1298-11e9-8ec8-000d3ab1e588"
                },
                {
                    "description": null,
                    "domainnode_id": "4a6c95fa-1298-11e9-a881-000d3ab1e588",
                    "edgeid": "4a6c9619-1298-11e9-a1b5-000d3ab1e588",
                    "graph_id": "4a6c95f0-1298-11e9-ba52-000d3ab1e588",
                    "name": null,
                    "ontologyproperty": null,
                    "rangenode_id": "4a6c9607-1298-11e9-8495-000d3ab1e588"
                },
                {
                    "description": null,
                    "domainnode_id": "4a6c95fd-1298-11e9-814b-000d3ab1e588",
                    "edgeid": "4a6c961a-1298-11e9-8a0d-000d3ab1e588",
                    "graph_id": "4a6c95f0-1298-11e9-ba52-000d3ab1e588",
                    "name": null,
                    "ontologyproperty": null,
                    "rangenode_id": "4a6c95fa-1298-11e9-a881-000d3ab1e588"
                },
                {
                    "description": null,
                    "domainnode_id": "4a6c95f1-1298-11e9-a56a-000d3ab1e588",
                    "edgeid": "4a6c961c-1298-11e9-ae46-000d3ab1e588",
                    "graph_id": "4a6c95f0-1298-11e9-ba52-000d3ab1e588",
                    "name": null,
                    "ontologyproperty": null,
                    "rangenode_id": "4a6c9601-1298-11e9-a3a5-000d3ab1e588"
                },
                {
                    "description": null,
                    "domainnode_id": "4a6c95f7-1298-11e9-a738-000d3ab1e588",
                    "edgeid": "4a6c961d-1298-11e9-9dfb-000d3ab1e588",
                    "graph_id": "4a6c95f0-1298-11e9-ba52-000d3ab1e588",
                    "name": null,
                    "ontologyproperty": null,
                    "rangenode_id": "4a6c9603-1298-11e9-8a49-000d3ab1e588"
                },
                {
                    "description": null,
                    "domainnode_id": "4a6c95f7-1298-11e9-a738-000d3ab1e588",
                    "edgeid": "4a6c961e-1298-11e9-835a-000d3ab1e588",
                    "graph_id": "4a6c95f0-1298-11e9-ba52-000d3ab1e588",
                    "name": null,
                    "ontologyproperty": null,
                    "rangenode_id": "4a6c9606-1298-11e9-b51f-000d3ab1e588"
                },
                {
                    "description": null,
                    "domainnode_id": "4a6c95fd-1298-11e9-814b-000d3ab1e588",
                    "edgeid": "4a6c961f-1298-11e9-bcb0-000d3ab1e588",
                    "graph_id": "4a6c95f0-1298-11e9-ba52-000d3ab1e588",
                    "name": null,
                    "ontologyproperty": null,
                    "rangenode_id": "4a6c95f1-1298-11e9-a56a-000d3ab1e588"
                }
            ],
            "functions_x_graphs": [],
            "graphid": "4a6c95f0-1298-11e9-ba52-000d3ab1e588",
            "iconclass": "fa fa-sliders",
            "is_editable": true,
            "isactive": true,
            "isresource": false,
            "jsonldcontext": null,
            "name": "Map Settings",
            "nodegroups": [
                {
                    "cardinality": "1",
                    "legacygroupid": null,
                    "nodegroupid": "4a6c95fd-1298-11e9-814b-000d3ab1e588",
                    "parentnodegroup_id": null
                },
                {
                    "cardinality": "1",
                    "legacygroupid": null,
                    "nodegroupid": "4a6c95fa-1298-11e9-a881-000d3ab1e588",
                    "parentnodegroup_id": "4a6c95fd-1298-11e9-814b-000d3ab1e588"
                },
                {
                    "cardinality": "1",
                    "legacygroupid": null,
                    "nodegroupid": "4a6c95f1-1298-11e9-a56a-000d3ab1e588",
                    "parentnodegroup_id": "4a6c95fd-1298-11e9-814b-000d3ab1e588"
                },
                {
                    "cardinality": "1",
                    "legacygroupid": null,
                    "nodegroupid": "4a6c95f7-1298-11e9-a738-000d3ab1e588",
                    "parentnodegroup_id": "4a6c95fd-1298-11e9-814b-000d3ab1e588"
                },
                {
                    "cardinality": "1",
                    "legacygroupid": null,
                    "nodegroupid": "4a6c95f4-1298-11e9-a6af-000d3ab1e588",
                    "parentnodegroup_id": "4a6c95fd-1298-11e9-814b-000d3ab1e588"
                }
            ],
            "nodes": [
                {
                    "config": null,
                    "datatype": "number",
                    "description": "Represents a single node in a graph",
                    "exportable": false,
                    "fieldname": "",
                    "graph_id": "4a6c95f0-1298-11e9-ba52-000d3ab1e588",
                    "is_collector": false,
                    "isrequired": false,
                    "issearchable": false,
                    "istopnode": false,
                    "name": "HEX_BIN_PRECISION",
                    "nodegroup_id": "4a6c95f4-1298-11e9-a6af-000d3ab1e588",
                    "nodeid": "4a6c9604-1298-11e9-8ec8-000d3ab1e588",
                    "ontologyclass": null,
                    "parentproperty": null,
                    "sortorder": 0
                },
                {
                    "config": null,
                    "datatype": "string",
                    "description": "Represents a single node in a graph",
                    "exportable": false,
                    "fieldname": "",
                    "graph_id": "4a6c95f0-1298-11e9-ba52-000d3ab1e588",
                    "is_collector": false,
                    "isrequired": false,
                    "issearchable": false,
                    "istopnode": false,
                    "name": "MAPBOX_GLYPHS",
                    "nodegroup_id": "4a6c95f7-1298-11e9-a738-000d3ab1e588",
                    "nodeid": "4a6c9606-1298-11e9-b51f-000d3ab1e588",
                    "ontologyclass": null,
                    "parentproperty": null,
                    "sortorder": 0
                },
                {
                    "config": null,
                    "datatype": "number",
                    "description": "Represents a single node in a graph",
                    "exportable": false,
                    "fieldname": "",
                    "graph_id": "4a6c95f0-1298-11e9-ba52-000d3ab1e588",
                    "is_collector": false,
                    "isrequired": false,
                    "issearchable": false,
                    "istopnode": false,
                    "name": "MAP_MIN_ZOOM",
                    "nodegroup_id": "4a6c95fa-1298-11e9-a881-000d3ab1e588",
                    "nodeid": "4a6c9605-1298-11e9-a2db-000d3ab1e588",
                    "ontologyclass": null,
                    "parentproperty": null,
                    "sortorder": 0
                },
                {
                    "config": null,
                    "datatype": "semantic",
                    "description": "Represents a single node in a graph",
                    "exportable": false,
                    "fieldname": "",
                    "graph_id": "4a6c95f0-1298-11e9-ba52-000d3ab1e588",
                    "is_collector": true,
                    "isrequired": false,
                    "issearchable": true,
                    "istopnode": false,
                    "name": "Search Results Grid",
                    "nodegroup_id": "4a6c95f4-1298-11e9-a6af-000d3ab1e588",
                    "nodeid": "4a6c95f4-1298-11e9-a6af-000d3ab1e588",
                    "ontologyclass": null,
                    "parentproperty": null,
                    "sortorder": 0
                },
                {
                    "config": null,
                    "datatype": "number",
                    "description": "Represents a single node in a graph",
                    "exportable": false,
                    "fieldname": "",
                    "graph_id": "4a6c95f0-1298-11e9-ba52-000d3ab1e588",
                    "is_collector": false,
                    "isrequired": false,
                    "issearchable": false,
                    "istopnode": false,
                    "name": "DEFAULT_MAP_ZOOM",
                    "nodegroup_id": "4a6c95fa-1298-11e9-a881-000d3ab1e588",
                    "nodeid": "4a6c9602-1298-11e9-b1b6-000d3ab1e588",
                    "ontologyclass": null,
                    "parentproperty": null,
                    "sortorder": 0
                },
                {
                    "config": null,
                    "datatype": "string",
                    "description": "Represents a single node in a graph",
                    "exportable": false,
                    "fieldname": "",
                    "graph_id": "4a6c95f0-1298-11e9-ba52-000d3ab1e588",
                    "is_collector": false,
                    "isrequired": false,
                    "issearchable": false,
                    "istopnode": false,
                    "name": "MAPBOX_SPRITES",
                    "nodegroup_id": "4a6c95f7-1298-11e9-a738-000d3ab1e588",
                    "nodeid": "4a6c9603-1298-11e9-8a49-000d3ab1e588",
                    "ontologyclass": null,
                    "parentproperty": null,
                    "sortorder": 0
                },
                {
                    "config": null,
                    "datatype": "number",
                    "description": "Represents a single node in a graph",
                    "exportable": false,
                    "fieldname": "",
                    "graph_id": "4a6c95f0-1298-11e9-ba52-000d3ab1e588",
                    "is_collector": false,
                    "isrequired": false,
                    "issearchable": false,
                    "istopnode": false,
                    "name": "MAP_MAX_ZOOM",
                    "nodegroup_id": "4a6c95fa-1298-11e9-a881-000d3ab1e588",
                    "nodeid": "4a6c9607-1298-11e9-8495-000d3ab1e588",
                    "ontologyclass": null,
                    "parentproperty": null,
                    "sortorder": 0
                },
                {
                    "config": null,
                    "datatype": "string",
                    "description": "Represents a single node in a graph",
                    "exportable": false,
                    "fieldname": "",
                    "graph_id": "4a6c95f0-1298-11e9-ba52-000d3ab1e588",
                    "is_collector": false,
                    "isrequired": false,
                    "issearchable": false,
                    "istopnode": false,
                    "name": "MAPBOX_API_KEY",
                    "nodegroup_id": "4a6c95f7-1298-11e9-a738-000d3ab1e588",
                    "nodeid": "4a6c9608-1298-11e9-8669-000d3ab1e588",
                    "ontologyclass": null,
                    "parentproperty": null,
                    "sortorder": 0
                },
                {
                    "config": null,
                    "datatype": "semantic",
                    "description": "Represents a single node in a graph",
                    "exportable": false,
                    "fieldname": "",
                    "graph_id": "4a6c95f0-1298-11e9-ba52-000d3ab1e588",
                    "is_collector": true,
                    "isrequired": false,
                    "issearchable": true,
                    "istopnode": false,
                    "name": "Project Extent",
                    "nodegroup_id": "4a6c95f1-1298-11e9-a56a-000d3ab1e588",
                    "nodeid": "4a6c95f1-1298-11e9-a56a-000d3ab1e588",
                    "ontologyclass": null,
                    "parentproperty": null,
                    "sortorder": 0
                },
                {
                    "config": null,
                    "datatype": "semantic",
                    "description": "",
                    "exportable": false,
                    "fieldname": "",
                    "graph_id": "4a6c95f0-1298-11e9-ba52-000d3ab1e588",
                    "is_collector": true,
                    "isrequired": false,
                    "issearchable": true,
                    "istopnode": true,
                    "name": "Map Settings",
                    "nodegroup_id": "4a6c95fd-1298-11e9-814b-000d3ab1e588",
                    "nodeid": "4a6c95fd-1298-11e9-814b-000d3ab1e588",
                    "ontologyclass": null,
                    "parentproperty": "",
                    "sortorder": 0
                },
                {
                    "config": {
                        "addToMap": false,
                        "advancedStyle": "",
                        "advancedStyling": false,
                        "autoManageCache": false,
                        "cacheTiles": false,
                        "clusterDistance": 20,
                        "clusterMaxZoom": 5,
                        "clusterMinPoints": 3,
                        "fillColor": "rgba(130, 130, 130, 0.5)",
                        "haloRadius": 4,
                        "haloWeight": 4,
                        "layerActivated": true,
                        "layerIcon": "",
                        "layerLegend": "",
                        "layerName": "",
                        "lineColor": "rgba(130, 130, 130, 0.7)",
                        "lineHaloColor": "rgba(200, 200, 200, 0.5)",
                        "outlineColor": "rgba(200, 200, 200, 0.7)",
                        "outlineWeight": 2,
                        "pointColor": "rgba(130, 130, 130, 0.7)",
                        "pointHaloColor": "rgba(200, 200, 200, 0.5)",
                        "radius": 2,
                        "simplification": 0.3,
                        "weight": 2
                    },
                    "datatype": "geojson-feature-collection",
                    "description": "Represents a single node in a graph",
                    "exportable": false,
                    "fieldname": "",
                    "graph_id": "4a6c95f0-1298-11e9-ba52-000d3ab1e588",
                    "is_collector": false,
                    "isrequired": false,
                    "issearchable": true,
                    "istopnode": false,
                    "name": "DEFAULT_BOUNDS",
                    "nodegroup_id": "4a6c95f1-1298-11e9-a56a-000d3ab1e588",
                    "nodeid": "4a6c9601-1298-11e9-a3a5-000d3ab1e588",
                    "ontologyclass": null,
                    "parentproperty": null,
                    "sortorder": 0
                },
                {
                    "config": null,
                    "datatype": "semantic",
                    "description": "Represents a single node in a graph",
                    "exportable": false,
                    "fieldname": "",
                    "graph_id": "4a6c95f0-1298-11e9-ba52-000d3ab1e588",
                    "is_collector": true,
                    "isrequired": false,
                    "issearchable": true,
                    "istopnode": false,
                    "name": "Mapbox",
                    "nodegroup_id": "4a6c95f7-1298-11e9-a738-000d3ab1e588",
                    "nodeid": "4a6c95f7-1298-11e9-a738-000d3ab1e588",
                    "ontologyclass": null,
                    "parentproperty": null,
                    "sortorder": 0
                },
                {
                    "config": null,
                    "datatype": "semantic",
                    "description": "Represents a single node in a graph",
                    "exportable": false,
                    "fieldname": "",
                    "graph_id": "4a6c95f0-1298-11e9-ba52-000d3ab1e588",
                    "is_collector": true,
                    "isrequired": false,
                    "issearchable": true,
                    "istopnode": false,
                    "name": "Map Zoom",
                    "nodegroup_id": "4a6c95fa-1298-11e9-a881-000d3ab1e588",
                    "nodeid": "4a6c95fa-1298-11e9-a881-000d3ab1e588",
                    "ontologyclass": null,
                    "parentproperty": null,
                    "sortorder": 0
                },
                {
                    "config": null,
                    "datatype": "number",
                    "description": "Represents a single node in a graph",
                    "exportable": false,
                    "fieldname": "",
                    "graph_id": "4a6c95f0-1298-11e9-ba52-000d3ab1e588",
                    "is_collector": false,
                    "isrequired": false,
                    "issearchable": false,
                    "istopnode": false,
                    "name": "HEX_BIN_SIZE",
                    "nodegroup_id": "4a6c95f4-1298-11e9-a6af-000d3ab1e588",
                    "nodeid": "4a6c9600-1298-11e9-be24-000d3ab1e588",
                    "ontologyclass": null,
                    "parentproperty": null,
                    "sortorder": 0
                }
            ],
            "ontology_id": null,
            "relatable_resource_model_ids": [],
            "resource_2_resource_constraints": [],
            "root": {
                "config": null,
                "datatype": "semantic",
                "description": "",
                "exportable": false,
                "fieldname": "",
                "graph_id": "4a6c95f0-1298-11e9-ba52-000d3ab1e588",
                "is_collector": true,
                "isrequired": false,
                "issearchable": true,
                "istopnode": true,
                "name": "Map Settings",
                "nodegroup_id": "4a6c95fd-1298-11e9-814b-000d3ab1e588",
                "nodeid": "4a6c95fd-1298-11e9-814b-000d3ab1e588",
                "ontologyclass": null,
                "sortorder": 0
            },
            "slug": null,
            "subtitle": "",
            "template_id": "50000000-0000-0000-0000-000000000001",
            "version": ""
        }
    ]
}