{
    "graph": [
        {
            "author": "Phil",
            "cards": [
                {
                    "active": true,
                    "cardid": "bbd0d025-955d-11e6-b664-024f9e178154",
                    "component_id": "f05e4d3a-53c1-11e8-b0ea-784f435179ea",
                    "config": null,
                    "constraints": [
                        {
                            "card_id": "bbd0d025-955d-11e6-b664-024f9e178154",
                            "constraintid": "436400bc-cd28-4a81-aa14-106dfd1200fa",
                            "nodes": [],
                            "uniquetoallinstances": false
                        }
                    ],
                    "cssclass": null,
                    "description": "The name of a resource.Applies to Heritage Resource, Heritage Resource Group, Activity, and Historical Event.  Actors receive their 'names' from the Appellation branch.",
                    "graph_id": "bbd0d023-955d-11e6-b664-024f9e178154",
                    "helpenabled": false,
                    "helptext": null,
                    "helptitle": null,
                    "instructions": "Enter the resource name and its respective type.",
                    "is_editable": true,
                    "name": "Names",
                    "nodegroup_id": "bbd0d022-955d-11e6-b664-024f9e178154",
                    "sortorder": null,
                    "visible": true
                }
            ],
            "cards_x_nodes_x_widgets": [
                {
                    "card_id": "bbd0d025-955d-11e6-b664-024f9e178154",
                    "config": {
                        "defaultValue": "04a4c4d5-5a5e-4018-93aa-65abaa53fb53",
                        "label": "Name Use Metatype",
                        "options": [],
                        "placeholder": "Select an option"
                    },
                    "id": "091b73a5-9938-11ea-a250-f875a44e0e11",
                    "label": "Name Use Metatype",
                    "node_id": "dec3d1cc-9937-11ea-8074-f875a44e0e11",
                    "sortorder": 4,
                    "visible": false,
                    "widget_id": "10000000-0000-0000-0000-000000000002"
                },
                {
                    "card_id": "bbd0d025-955d-11e6-b664-024f9e178154",
                    "config": {
                        "defaultValue": "5a88136a-bf3a-4b48-a830-a7f42000dd24",
                        "label": "Name Currency Metatype",
                        "options": [],
                        "placeholder": "Select an option"
                    },
                    "id": "091d2191-9938-11ea-a0d9-f875a44e0e11",
                    "label": "Name Currency Metatype",
                    "node_id": "eda13d22-9937-11ea-b8ae-f875a44e0e11",
                    "sortorder": 6,
                    "visible": false,
                    "widget_id": "10000000-0000-0000-0000-000000000002"
                },
                {
                    "card_id": "bbd0d025-955d-11e6-b664-024f9e178154",
                    "config": {
                        "defaultValue": null,
                        "label": "Currency",
                        "options": [],
                        "placeholder": "Select an option"
                    },
                    "id": "09183f63-9938-11ea-8ea8-f875a44e0e11",
                    "label": "Currency",
                    "node_id": "e29da3f8-847f-11ea-8b25-f875a44e0e11",
                    "sortorder": 5,
                    "visible": true,
                    "widget_id": "10000000-0000-0000-0000-000000000002"
                },
                {
                    "card_id": "bbd0d025-955d-11e6-b664-024f9e178154",
                    "config": {
                        "defaultValue": "a0e096e2-f5ae-4579-950d-3040714713b4",
                        "label": "Name Metatype",
                        "options": [],
                        "placeholder": "Select an option"
                    },
                    "id": "0919ed55-9938-11ea-bd4d-f875a44e0e11",
                    "label": "Name Metatype",
                    "node_id": "ce311cee-9937-11ea-aa37-f875a44e0e11",
                    "sortorder": 2,
                    "visible": false,
                    "widget_id": "10000000-0000-0000-0000-000000000002"
                },
                {
                    "card_id": "bbd0d025-955d-11e6-b664-024f9e178154",
                    "config": {
                        "defaultValue": "",
                        "label": "Name",
                        "maxLength": null,
                        "placeholder": "Enter text",
                        "width": "100%"
                    },
                    "id": "9dacd447-7263-11ea-8450-287fcf6a5e72",
                    "label": "Name",
                    "node_id": "bbd0d022-955d-11e6-b664-024f9e178154",
                    "sortorder": 0,
                    "visible": true,
                    "widget_id": "10000000-0000-0000-0000-000000000001"
                },
                {
                    "card_id": "bbd0d025-955d-11e6-b664-024f9e178154",
                    "config": {
                        "defaultValue": "",
                        "label": "Name",
                        "maxLength": null,
                        "placeholder": "Enter text",
                        "width": "100%"
                    },
                    "id": "d6507834-7e58-11ea-95eb-f875a44e0e11",
                    "label": "Name",
                    "node_id": "c97bc762-7b43-11ea-92ac-f875a44e0e11",
                    "sortorder": 0,
                    "visible": true,
                    "widget_id": "10000000-0000-0000-0000-000000000001"
                },
                {
                    "card_id": "bbd0d025-955d-11e6-b664-024f9e178154",
                    "config": {
                        "defaultValue": "",
                        "label": "Name Type",
                        "options": [],
                        "placeholder": "Select an option"
                    },
                    "id": "d653853b-7e58-11ea-878e-f875a44e0e11",
                    "label": "Name Type",
                    "node_id": "b0852c9c-7b43-11ea-b346-f875a44e0e11",
                    "sortorder": 1,
                    "visible": false,
                    "widget_id": "10000000-0000-0000-0000-000000000002"
                },
                {
                    "card_id": "bbd0d025-955d-11e6-b664-024f9e178154",
                    "config": {
                        "defaultValue": "",
                        "label": "Name Use Type",
                        "options": [],
                        "placeholder": "Select an option"
                    },
                    "id": "2ef78129-80ab-11ea-832a-f875a44e0e11",
                    "label": "Name Use Type",
                    "node_id": "11eb3ea2-80ab-11ea-acbe-f875a44e0e11",
                    "sortorder": 3,
                    "visible": true,
                    "widget_id": "10000000-0000-0000-0000-000000000002"
                }
            ],
            "color": null,
            "config": {},
            "deploymentdate": null,
            "deploymentfile": null,
            "description": "The name of a resource.Applies to Heritage Resource, Heritage Resource Group, Activity, and Historical Event.  Actors receive their 'names' from the Appellation branch.",
            "edges": [
                {
                    "description": null,
                    "domainnode_id": "bbd0d022-955d-11e6-b664-024f9e178154",
                    "edgeid": "e29da3f9-847f-11ea-b672-f875a44e0e11",
                    "graph_id": "bbd0d023-955d-11e6-b664-024f9e178154",
                    "name": null,
                    "ontologyproperty": "http://www.cidoc-crm.org/cidoc-crm/P2_has_type",
                    "rangenode_id": "e29da3f8-847f-11ea-8b25-f875a44e0e11"
                },
                {
                    "description": null,
                    "domainnode_id": "bbd0d022-955d-11e6-b664-024f9e178154",
                    "edgeid": "11eb659c-80ab-11ea-8a59-f875a44e0e11",
                    "graph_id": "bbd0d023-955d-11e6-b664-024f9e178154",
                    "name": null,
                    "ontologyproperty": "http://www.cidoc-crm.org/cidoc-crm/P2_has_type",
                    "rangenode_id": "11eb3ea2-80ab-11ea-acbe-f875a44e0e11"
                },
                {
                    "description": null,
                    "domainnode_id": "bbd0d022-955d-11e6-b664-024f9e178154",
                    "edgeid": "b0852c9d-7b43-11ea-809d-f875a44e0e11",
                    "graph_id": "bbd0d023-955d-11e6-b664-024f9e178154",
                    "name": null,
                    "ontologyproperty": "http://www.cidoc-crm.org/cidoc-crm/P2_has_type",
                    "rangenode_id": "b0852c9c-7b43-11ea-b346-f875a44e0e11"
                },
                {
                    "description": null,
                    "domainnode_id": "bbd0d022-955d-11e6-b664-024f9e178154",
                    "edgeid": "c97bee52-7b43-11ea-979c-f875a44e0e11",
                    "graph_id": "bbd0d023-955d-11e6-b664-024f9e178154",
                    "name": null,
                    "ontologyproperty": "http://www.cidoc-crm.org/cidoc-crm/P3_has_note",
                    "rangenode_id": "c97bc762-7b43-11ea-92ac-f875a44e0e11"
                },
                {
                    "description": null,
                    "domainnode_id": "b0852c9c-7b43-11ea-b346-f875a44e0e11",
                    "edgeid": "ce311cef-9937-11ea-8b58-f875a44e0e11",
                    "graph_id": "bbd0d023-955d-11e6-b664-024f9e178154",
                    "name": null,
                    "ontologyproperty": "http://www.cidoc-crm.org/cidoc-crm/P2_has_type",
                    "rangenode_id": "ce311cee-9937-11ea-aa37-f875a44e0e11"
                },
                {
                    "description": null,
                    "domainnode_id": "11eb3ea2-80ab-11ea-acbe-f875a44e0e11",
                    "edgeid": "dec3f8de-9937-11ea-b67d-f875a44e0e11",
                    "graph_id": "bbd0d023-955d-11e6-b664-024f9e178154",
                    "name": null,
                    "ontologyproperty": "http://www.cidoc-crm.org/cidoc-crm/P2_has_type",
                    "rangenode_id": "dec3d1cc-9937-11ea-8074-f875a44e0e11"
                },
                {
                    "description": null,
                    "domainnode_id": "e29da3f8-847f-11ea-8b25-f875a44e0e11",
                    "edgeid": "eda13d23-9937-11ea-a6d9-f875a44e0e11",
                    "graph_id": "bbd0d023-955d-11e6-b664-024f9e178154",
                    "name": null,
                    "ontologyproperty": "http://www.cidoc-crm.org/cidoc-crm/P2_has_type",
                    "rangenode_id": "eda13d22-9937-11ea-b8ae-f875a44e0e11"
                }
            ],
            "functions_x_graphs": [],
            "graphid": "bbd0d023-955d-11e6-b664-024f9e178154",
            "iconclass": "fa fa-tag",
            "is_editable": true,
            "isactive": true,
            "isresource": false,
            "jsonldcontext": null,
            "name": "Names",
            "nodegroups": [
                {
                    "cardinality": "n",
                    "legacygroupid": null,
                    "nodegroupid": "bbd0d022-955d-11e6-b664-024f9e178154",
                    "parentnodegroup_id": null
                }
            ],
            "nodes": [
                {
                    "config": {
                        "rdmCollection": "1e4df896-992b-475e-bb5a-78817d3066d7"
                    },
                    "datatype": "concept",
                    "description": null,
                    "exportable": false,
                    "fieldname": null,
                    "graph_id": "bbd0d023-955d-11e6-b664-024f9e178154",
                    "is_collector": false,
                    "isrequired": false,
                    "issearchable": true,
                    "istopnode": false,
                    "name": "Name Use Type",
                    "nodegroup_id": "bbd0d022-955d-11e6-b664-024f9e178154",
                    "nodeid": "11eb3ea2-80ab-11ea-acbe-f875a44e0e11",
                    "ontologyclass": "http://www.cidoc-crm.org/cidoc-crm/E55_Type",
                    "parentproperty": "http://www.cidoc-crm.org/cidoc-crm/P2_has_type",
                    "sortorder": 0
                },
                {
                    "config": {
                        "rdmCollection": "a346ee99-67f6-44cd-87f7-b564ce32cdf3"
                    },
                    "datatype": "concept",
                    "description": null,
                    "exportable": false,
                    "fieldname": null,
                    "graph_id": "bbd0d023-955d-11e6-b664-024f9e178154",
                    "is_collector": false,
                    "isrequired": false,
                    "issearchable": true,
                    "istopnode": false,
                    "name": "Name Currency",
                    "nodegroup_id": "bbd0d022-955d-11e6-b664-024f9e178154",
                    "nodeid": "e29da3f8-847f-11ea-8b25-f875a44e0e11",
                    "ontologyclass": "http://www.cidoc-crm.org/cidoc-crm/E55_Type",
                    "parentproperty": "http://www.cidoc-crm.org/cidoc-crm/P2_has_type",
                    "sortorder": 0
                },
                {
                    "config": null,
                    "datatype": "semantic",
                    "description": "",
                    "exportable": false,
                    "fieldname": "",
                    "graph_id": "bbd0d023-955d-11e6-b664-024f9e178154",
                    "is_collector": true,
                    "isrequired": false,
                    "issearchable": true,
                    "istopnode": true,
                    "name": "Names",
                    "nodegroup_id": "bbd0d022-955d-11e6-b664-024f9e178154",
                    "nodeid": "bbd0d022-955d-11e6-b664-024f9e178154",
                    "ontologyclass": "http://www.cidoc-crm.org/cidoc-crm/E41_Appellation",
                    "parentproperty": "",
                    "sortorder": 0
                },
                {
                    "config": null,
                    "datatype": "string",
                    "description": null,
                    "exportable": false,
                    "fieldname": null,
                    "graph_id": "bbd0d023-955d-11e6-b664-024f9e178154",
                    "is_collector": false,
                    "isrequired": false,
                    "issearchable": true,
                    "istopnode": false,
                    "name": "Name",
                    "nodegroup_id": "bbd0d022-955d-11e6-b664-024f9e178154",
                    "nodeid": "c97bc762-7b43-11ea-92ac-f875a44e0e11",
                    "ontologyclass": "http://www.w3.org/2000/01/rdf-schema#Literal",
                    "parentproperty": "http://www.cidoc-crm.org/cidoc-crm/P3_has_note",
                    "sortorder": 0
                },
                {
                    "config": {
                        "rdmCollection": "1e63c514-eb9d-48d3-94b5-35e060e5f368"
                    },
                    "datatype": "concept",
                    "description": null,
                    "exportable": false,
                    "fieldname": null,
                    "graph_id": "bbd0d023-955d-11e6-b664-024f9e178154",
                    "is_collector": false,
                    "isrequired": false,
                    "issearchable": true,
                    "istopnode": false,
                    "name": "Name Metatype",
                    "nodegroup_id": "bbd0d022-955d-11e6-b664-024f9e178154",
                    "nodeid": "ce311cee-9937-11ea-aa37-f875a44e0e11",
                    "ontologyclass": "http://www.cidoc-crm.org/cidoc-crm/E55_Type",
                    "parentproperty": "http://www.cidoc-crm.org/cidoc-crm/P2_has_type",
                    "sortorder": 0
                },
                {
                    "config": {
                        "rdmCollection": "1e63c514-eb9d-48d3-94b5-35e060e5f368"
                    },
                    "datatype": "concept",
                    "description": null,
                    "exportable": false,
                    "fieldname": null,
                    "graph_id": "bbd0d023-955d-11e6-b664-024f9e178154",
                    "is_collector": false,
                    "isrequired": false,
                    "issearchable": true,
                    "istopnode": false,
                    "name": "Name Use Metatype",
                    "nodegroup_id": "bbd0d022-955d-11e6-b664-024f9e178154",
                    "nodeid": "dec3d1cc-9937-11ea-8074-f875a44e0e11",
                    "ontologyclass": "http://www.cidoc-crm.org/cidoc-crm/E55_Type",
                    "parentproperty": "http://www.cidoc-crm.org/cidoc-crm/P2_has_type",
                    "sortorder": 0
                },
                {
                    "config": {
                        "rdmCollection": "1e63c514-eb9d-48d3-94b5-35e060e5f368"
                    },
                    "datatype": "concept",
                    "description": null,
                    "exportable": false,
                    "fieldname": null,
                    "graph_id": "bbd0d023-955d-11e6-b664-024f9e178154",
                    "is_collector": false,
                    "isrequired": false,
                    "issearchable": true,
                    "istopnode": false,
                    "name": "Name Currency Metatype",
                    "nodegroup_id": "bbd0d022-955d-11e6-b664-024f9e178154",
                    "nodeid": "eda13d22-9937-11ea-b8ae-f875a44e0e11",
                    "ontologyclass": "http://www.cidoc-crm.org/cidoc-crm/E55_Type",
                    "parentproperty": "http://www.cidoc-crm.org/cidoc-crm/P2_has_type",
                    "sortorder": 0
                },
                {
                    "config": {
                        "rdmCollection": "3e545767-c46c-4fe7-8754-c24528ba0842"
                    },
                    "datatype": "concept",
                    "description": null,
                    "exportable": false,
                    "fieldname": null,
                    "graph_id": "bbd0d023-955d-11e6-b664-024f9e178154",
                    "is_collector": false,
                    "isrequired": false,
                    "issearchable": true,
                    "istopnode": false,
                    "name": "Name Type",
                    "nodegroup_id": "bbd0d022-955d-11e6-b664-024f9e178154",
                    "nodeid": "b0852c9c-7b43-11ea-b346-f875a44e0e11",
                    "ontologyclass": "http://www.cidoc-crm.org/cidoc-crm/E55_Type",
                    "parentproperty": "http://www.cidoc-crm.org/cidoc-crm/P2_has_type",
                    "sortorder": 0
                }
            ],
            "ontology_id": "e6e8db47-2ccf-11e6-927e-b8f6b115d7dd",
            "relatable_resource_model_ids": [],
            "resource_2_resource_constraints": [],
            "root": {
                "config": null,
                "datatype": "semantic",
                "description": "",
                "exportable": false,
                "fieldname": "",
                "graph_id": "bbd0d023-955d-11e6-b664-024f9e178154",
                "is_collector": true,
                "isrequired": false,
                "issearchable": true,
                "istopnode": true,
                "name": "Names",
                "nodegroup_id": "bbd0d022-955d-11e6-b664-024f9e178154",
                "nodeid": "bbd0d022-955d-11e6-b664-024f9e178154",
                "ontologyclass": "http://www.cidoc-crm.org/cidoc-crm/E41_Appellation",
                "sortorder": 0
            },
            "slug": null,
            "subtitle": "Stores the name(s) of a resource.",
            "template_id": "50000000-0000-0000-0000-000000000001",
            "version": ""
        }
    ]
}