{
    "graph": [
        {
            "author": "Phil Carlisle",
            "cards": [
                {
                    "active": true,
                    "cardid": "b53d88d2-5780-11e9-a87d-18cf5eb368c4",
                    "component_id": "f05e4d3a-53c1-11e8-b0ea-784f435179ea",
                    "config": null,
                    "constraints": [
                        {
                            "card_id": "b53d88d2-5780-11e9-a87d-18cf5eb368c4",
                            "constraintid": "6f12151d-bbb2-4239-9e44-6e94c6354021",
                            "nodes": [],
                            "uniquetoallinstances": false
                        }
                    ],
                    "cssclass": null,
                    "description": "Used to record the OSGB Grid ReferenceDependencies:> bngcentrepoint datatype",
                    "graph_id": "b53d88cf-5780-11e9-86b6-18cf5eb368c4",
                    "helpenabled": false,
                    "helptext": null,
                    "helptitle": null,
                    "instructions": "National Grid references, map names, and other common location identifiers for the resource",
                    "is_editable": true,
                    "name": "National Grid References",
                    "nodegroup_id": "b53d88d0-5780-11e9-9be9-18cf5eb368c4",
                    "sortorder": 5,
                    "visible": true
                }
            ],
            "cards_x_nodes_x_widgets": [],
            "color": null,
            "config": {},
            "deploymentdate": null,
            "deploymentfile": null,
            "description": "Used to record the OSGB Grid ReferenceDependencies:> bngcentrepoint datatype",
            "edges": [
                {
                    "description": null,
                    "domainnode_id": "b53d88d0-5780-11e9-9be9-18cf5eb368c4",
                    "edgeid": "e88ed1cb-993b-11ea-934b-f875a44e0e11",
                    "graph_id": "b53d88cf-5780-11e9-86b6-18cf5eb368c4",
                    "name": null,
                    "ontologyproperty": "http://www.cidoc-crm.org/cidoc-crm/P168_place_is_defined_by",
                    "rangenode_id": "e88ed1ca-993b-11ea-aafb-f875a44e0e11"
                }
            ],
            "functions_x_graphs": [],
            "graphid": "b53d88cf-5780-11e9-86b6-18cf5eb368c4",
            "iconclass": "fa fa-map-marker",
            "is_editable": true,
            "isactive": true,
            "isresource": false,
            "jsonldcontext": null,
            "name": "National Grid References",
            "nodegroups": [
                {
                    "cardinality": "n",
                    "legacygroupid": null,
                    "nodegroupid": "b53d88d0-5780-11e9-9be9-18cf5eb368c4",
                    "parentnodegroup_id": null
                }
            ],
            "nodes": [
                {
                    "config": null,
                    "datatype": "semantic",
                    "description": "Represents a single node in a graph",
                    "exportable": false,
                    "fieldname": "",
                    "graph_id": "b53d88cf-5780-11e9-86b6-18cf5eb368c4",
                    "is_collector": true,
                    "isrequired": false,
                    "issearchable": true,
                    "istopnode": true,
                    "name": "National Grid References",
                    "nodegroup_id": "b53d88d0-5780-11e9-9be9-18cf5eb368c4",
                    "nodeid": "b53d88d0-5780-11e9-9be9-18cf5eb368c4",
                    "ontologyclass": "http://www.ics.forth.gr/isl/CRMgeo/SP6_Declarative_Place",
                    "parentproperty": "",
                    "sortorder": 0
                },
                {
                    "config": null,
                    "datatype": "bngcentrepoint",
                    "description": null,
                    "exportable": false,
                    "fieldname": null,
                    "graph_id": "b53d88cf-5780-11e9-86b6-18cf5eb368c4",
                    "is_collector": false,
                    "isrequired": false,
                    "issearchable": true,
                    "istopnode": false,
                    "name": "National Grid Reference",
                    "nodegroup_id": "b53d88d0-5780-11e9-9be9-18cf5eb368c4",
                    "nodeid": "e88ed1ca-993b-11ea-aafb-f875a44e0e11",
                    "ontologyclass": "http://www.cidoc-crm.org/cidoc-crm/E94_Space_Primitive",
                    "parentproperty": "http://www.cidoc-crm.org/cidoc-crm/P168_place_is_defined_by",
                    "sortorder": 0
                }
            ],
            "ontology_id": "e6e8db47-2ccf-11e6-927e-b8f6b115d7dd",
            "relatable_resource_model_ids": [],
            "resource_2_resource_constraints": [],
            "root": {
                "config": null,
                "datatype": "semantic",
                "description": "Represents a single node in a graph",
                "exportable": false,
                "fieldname": "",
                "graph_id": "b53d88cf-5780-11e9-86b6-18cf5eb368c4",
                "is_collector": true,
                "isrequired": false,
                "issearchable": true,
                "istopnode": true,
                "name": "National Grid References",
                "nodegroup_id": "b53d88d0-5780-11e9-9be9-18cf5eb368c4",
                "nodeid": "b53d88d0-5780-11e9-9be9-18cf5eb368c4",
                "ontologyclass": "http://www.ics.forth.gr/isl/CRMgeo/SP6_Declarative_Place",
                "sortorder": 0
            },
            "slug": null,
            "subtitle": "Used to record the OSGB Grid Reference",
            "template_id": "50000000-0000-0000-0000-000000000001",
            "version": ""
        }
    ]
}