{
    "graph": [
        {
            "author": "",
            "cards": [
                {
                    "active": true,
                    "cardid": "e90c0ff9-992e-11ea-9cd6-f875a44e0e11",
                    "component_id": "f05e4d3a-53c1-11e8-b0ea-784f435179ea",
                    "config": null,
                    "constraints": [],
                    "cssclass": null,
                    "description": "",
                    "graph_id": "e90c0ff6-992e-11ea-ace2-f875a44e0e11",
                    "helpenabled": false,
                    "helptext": null,
                    "helptitle": null,
                    "instructions": null,
                    "is_editable": true,
                    "name": "Pages",
                    "nodegroup_id": "e90c0ff7-992e-11ea-bc2e-f875a44e0e11",
                    "sortorder": 6,
                    "visible": true
                }
            ],
            "cards_x_nodes_x_widgets": [
                {
                    "card_id": "e90c0ff9-992e-11ea-9cd6-f875a44e0e11",
                    "config": {
                        "defaultValue": "",
                        "label": "Number of Pages",
                        "maxLength": null,
                        "placeholder": "Enter text",
                        "width": "100%"
                    },
                    "id": "e90c0ffd-992e-11ea-98a1-f875a44e0e11",
                    "label": "Number of Pages",
                    "node_id": "e90c0ffa-992e-11ea-aeb9-f875a44e0e11",
                    "sortorder": null,
                    "visible": true,
                    "widget_id": "10000000-0000-0000-0000-000000000001"
                },
                {
                    "card_id": "e90c0ff9-992e-11ea-9cd6-f875a44e0e11",
                    "config": {
                        "defaultValue": "66360af9-2da2-46af-95fc-83ef87b34d23",
                        "label": "Measurement Unit",
                        "options": [],
                        "placeholder": "Select an option"
                    },
                    "id": "e90c0ffe-992e-11ea-bc7b-f875a44e0e11",
                    "label": "Measurement Unit",
                    "node_id": "e90c0ffb-992e-11ea-a3fa-f875a44e0e11",
                    "sortorder": null,
                    "visible": false,
                    "widget_id": "10000000-0000-0000-0000-000000000002"
                },
                {
                    "card_id": "e90c0ff9-992e-11ea-9cd6-f875a44e0e11",
                    "config": {
                        "defaultValue": "495ecc6a-a265-434b-8708-d6b76bd9a30e",
                        "label": "Measurement Unit Metatype",
                        "options": [],
                        "placeholder": "Select an option"
                    },
                    "id": "e90c0fff-992e-11ea-8e87-f875a44e0e11",
                    "label": "Measurement Unit Metatype",
                    "node_id": "e90c0ffc-992e-11ea-8444-f875a44e0e11",
                    "sortorder": null,
                    "visible": false,
                    "widget_id": "10000000-0000-0000-0000-000000000002"
                }
            ],
            "color": null,
            "config": {},
            "deploymentdate": null,
            "deploymentfile": null,
            "description": "",
            "edges": [
                {
                    "description": null,
                    "domainnode_id": "e90c0ff7-992e-11ea-bc2e-f875a44e0e11",
                    "edgeid": "e90c1000-992e-11ea-8723-f875a44e0e11",
                    "graph_id": "e90c0ff6-992e-11ea-ace2-f875a44e0e11",
                    "name": null,
                    "ontologyproperty": "http://www.cidoc-crm.org/cidoc-crm/P91_has_unit",
                    "rangenode_id": "e90c0ffb-992e-11ea-a3fa-f875a44e0e11"
                },
                {
                    "description": null,
                    "domainnode_id": "e90c0ffb-992e-11ea-a3fa-f875a44e0e11",
                    "edgeid": "e90c1001-992e-11ea-a21f-f875a44e0e11",
                    "graph_id": "e90c0ff6-992e-11ea-ace2-f875a44e0e11",
                    "name": null,
                    "ontologyproperty": "http://www.cidoc-crm.org/cidoc-crm/P2_has_type",
                    "rangenode_id": "e90c0ffc-992e-11ea-8444-f875a44e0e11"
                },
                {
                    "description": null,
                    "domainnode_id": "e90c0ff7-992e-11ea-bc2e-f875a44e0e11",
                    "edgeid": "e90c1002-992e-11ea-9a6b-f875a44e0e11",
                    "graph_id": "e90c0ff6-992e-11ea-ace2-f875a44e0e11",
                    "name": null,
                    "ontologyproperty": "http://www.cidoc-crm.org/cidoc-crm/P90_has_value",
                    "rangenode_id": "e90c0ffa-992e-11ea-aeb9-f875a44e0e11"
                }
            ],
            "functions_x_graphs": [],
            "graphid": "e90c0ff6-992e-11ea-ace2-f875a44e0e11",
            "iconclass": "fa fa-file-text",
            "is_editable": true,
            "isactive": true,
            "isresource": false,
            "jsonldcontext": null,
            "name": "Pages",
            "nodegroups": [
                {
                    "cardinality": "1",
                    "legacygroupid": null,
                    "nodegroupid": "e90c0ff7-992e-11ea-bc2e-f875a44e0e11",
                    "parentnodegroup_id": null
                }
            ],
            "nodes": [
                {
                    "config": null,
                    "datatype": "string",
                    "description": null,
                    "exportable": false,
                    "fieldname": null,
                    "graph_id": "e90c0ff6-992e-11ea-ace2-f875a44e0e11",
                    "is_collector": false,
                    "isrequired": false,
                    "issearchable": true,
                    "istopnode": false,
                    "name": "Number of Pages",
                    "nodegroup_id": "e90c0ff7-992e-11ea-bc2e-f875a44e0e11",
                    "nodeid": "e90c0ffa-992e-11ea-aeb9-f875a44e0e11",
                    "ontologyclass": "http://www.w3.org/2000/01/rdf-schema#Literal",
                    "parentproperty": "http://www.cidoc-crm.org/cidoc-crm/P90_has_value",
                    "sortorder": 0
                },
                {
                    "config": {
                        "rdmCollection": "51407fe6-9f8d-439d-8309-d6804b4437d2"
                    },
                    "datatype": "concept",
                    "description": null,
                    "exportable": false,
                    "fieldname": null,
                    "graph_id": "e90c0ff6-992e-11ea-ace2-f875a44e0e11",
                    "is_collector": false,
                    "isrequired": false,
                    "issearchable": true,
                    "istopnode": false,
                    "name": "Measurement Unit",
                    "nodegroup_id": "e90c0ff7-992e-11ea-bc2e-f875a44e0e11",
                    "nodeid": "e90c0ffb-992e-11ea-a3fa-f875a44e0e11",
                    "ontologyclass": "http://www.cidoc-crm.org/cidoc-crm/E58_Measurement_Unit",
                    "parentproperty": "http://www.cidoc-crm.org/cidoc-crm/P91_has_unit",
                    "sortorder": 0
                },
                {
                    "config": {
                        "rdmCollection": "1e63c514-eb9d-48d3-94b5-35e060e5f368"
                    },
                    "datatype": "concept",
                    "description": null,
                    "exportable": false,
                    "fieldname": null,
                    "graph_id": "e90c0ff6-992e-11ea-ace2-f875a44e0e11",
                    "is_collector": false,
                    "isrequired": false,
                    "issearchable": true,
                    "istopnode": false,
                    "name": "Measurement Unit Metatype",
                    "nodegroup_id": "e90c0ff7-992e-11ea-bc2e-f875a44e0e11",
                    "nodeid": "e90c0ffc-992e-11ea-8444-f875a44e0e11",
                    "ontologyclass": "http://www.cidoc-crm.org/cidoc-crm/E55_Type",
                    "parentproperty": "http://www.cidoc-crm.org/cidoc-crm/P2_has_type",
                    "sortorder": 0
                },
                {
                    "config": null,
                    "datatype": "semantic",
                    "description": null,
                    "exportable": false,
                    "fieldname": null,
                    "graph_id": "e90c0ff6-992e-11ea-ace2-f875a44e0e11",
                    "is_collector": true,
                    "isrequired": false,
                    "issearchable": true,
                    "istopnode": true,
                    "name": "Pages",
                    "nodegroup_id": "e90c0ff7-992e-11ea-bc2e-f875a44e0e11",
                    "nodeid": "e90c0ff7-992e-11ea-bc2e-f875a44e0e11",
                    "ontologyclass": "http://www.cidoc-crm.org/cidoc-crm/E54_Dimension",
                    "parentproperty": "",
                    "sortorder": 0
                }
            ],
            "ontology_id": "e6e8db47-2ccf-11e6-927e-b8f6b115d7dd",
            "relatable_resource_model_ids": [],
            "resource_2_resource_constraints": [],
            "root": {
                "config": null,
                "datatype": "semantic",
                "description": null,
                "exportable": false,
                "fieldname": null,
                "graph_id": "e90c0ff6-992e-11ea-ace2-f875a44e0e11",
                "is_collector": true,
                "isrequired": false,
                "issearchable": true,
                "istopnode": true,
                "name": "Pages",
                "nodegroup_id": "e90c0ff7-992e-11ea-bc2e-f875a44e0e11",
                "nodeid": "e90c0ff7-992e-11ea-bc2e-f875a44e0e11",
                "ontologyclass": "http://www.cidoc-crm.org/cidoc-crm/E54_Dimension",
                "sortorder": 0
            },
            "slug": null,
            "subtitle": "",
            "template_id": "50000000-0000-0000-0000-000000000001",
            "version": ""
        }
    ]
}