{
    "graph": [
        {
            "author": "",
            "cards": [
                {
                    "active": true,
                    "cardid": "f313164f-992f-11ea-b432-f875a44e0e11",
                    "component_id": "f05e4d3a-53c1-11e8-b0ea-784f435179ea",
                    "config": null,
                    "constraints": [],
                    "cssclass": null,
                    "description": "",
                    "graph_id": "f313164c-992f-11ea-a67e-f875a44e0e11",
                    "helpenabled": false,
                    "helptext": null,
                    "helptitle": null,
                    "instructions": "Use to record the page reference for an article or chapter in a serial, journal or monograph.",
                    "is_editable": true,
                    "name": "Page References",
                    "nodegroup_id": "f313164d-992f-11ea-af07-f875a44e0e11",
                    "sortorder": 4,
                    "visible": true
                }
            ],
            "cards_x_nodes_x_widgets": [
                {
                    "card_id": "f313164f-992f-11ea-b432-f875a44e0e11",
                    "config": {
                        "defaultValue": "",
                        "label": "Page(s)",
                        "maxLength": null,
                        "placeholder": "Enter text",
                        "width": "100%"
                    },
                    "id": "f3133d77-992f-11ea-b17c-f875a44e0e11",
                    "label": "Page(s)",
                    "node_id": "f3133d74-992f-11ea-9830-f875a44e0e11",
                    "sortorder": 0,
                    "visible": true,
                    "widget_id": "10000000-0000-0000-0000-000000000001"
                },
                {
                    "card_id": "f313164f-992f-11ea-b432-f875a44e0e11",
                    "config": {
                        "defaultValue": "9d51623c-3994-4074-9ed9-2abf04330ae6",
                        "label": "Page Reference  Metatype",
                        "options": [],
                        "placeholder": "Select an option"
                    },
                    "id": "f3133d78-992f-11ea-9ab2-f875a44e0e11",
                    "label": "Page Reference  Metatype",
                    "node_id": "f3131650-992f-11ea-8efa-f875a44e0e11",
                    "sortorder": 2,
                    "visible": false,
                    "widget_id": "10000000-0000-0000-0000-000000000002"
                },
                {
                    "card_id": "f313164f-992f-11ea-b432-f875a44e0e11",
                    "config": {
                        "defaultValue": "5e878125-f49a-438e-9256-10d36a39d4a9",
                        "label": "Page Reference Type",
                        "options": [],
                        "placeholder": "Select an option"
                    },
                    "id": "f3133d79-992f-11ea-b1f2-f875a44e0e11",
                    "label": "Page Reference Type",
                    "node_id": "f3133d75-992f-11ea-8b26-f875a44e0e11",
                    "sortorder": 1,
                    "visible": false,
                    "widget_id": "10000000-0000-0000-0000-000000000002"
                }
            ],
            "color": null,
            "config": {},
            "deploymentdate": null,
            "deploymentfile": null,
            "description": "",
            "edges": [
                {
                    "description": null,
                    "domainnode_id": "f3133d76-992f-11ea-88b0-f875a44e0e11",
                    "edgeid": "f3133d7a-992f-11ea-bd34-f875a44e0e11",
                    "graph_id": "f313164c-992f-11ea-a67e-f875a44e0e11",
                    "name": null,
                    "ontologyproperty": "http://www.cidoc-crm.org/cidoc-crm/P3_has_note",
                    "rangenode_id": "f3133d74-992f-11ea-9830-f875a44e0e11"
                },
                {
                    "description": null,
                    "domainnode_id": "f3133d76-992f-11ea-88b0-f875a44e0e11",
                    "edgeid": "f3133d7b-992f-11ea-99a2-f875a44e0e11",
                    "graph_id": "f313164c-992f-11ea-a67e-f875a44e0e11",
                    "name": null,
                    "ontologyproperty": "http://www.cidoc-crm.org/cidoc-crm/P2_has_type",
                    "rangenode_id": "f3133d75-992f-11ea-8b26-f875a44e0e11"
                },
                {
                    "description": null,
                    "domainnode_id": "f3133d75-992f-11ea-8b26-f875a44e0e11",
                    "edgeid": "f3133d7c-992f-11ea-90ca-f875a44e0e11",
                    "graph_id": "f313164c-992f-11ea-a67e-f875a44e0e11",
                    "name": null,
                    "ontologyproperty": "http://www.cidoc-crm.org/cidoc-crm/P2_has_type",
                    "rangenode_id": "f3131650-992f-11ea-8efa-f875a44e0e11"
                },
                {
                    "description": null,
                    "domainnode_id": "f313164d-992f-11ea-af07-f875a44e0e11",
                    "edgeid": "f3133d7d-992f-11ea-ace6-f875a44e0e11",
                    "graph_id": "f313164c-992f-11ea-a67e-f875a44e0e11",
                    "name": null,
                    "ontologyproperty": "http://www.cidoc-crm.org/cidoc-crm/P141_assigned",
                    "rangenode_id": "f3133d76-992f-11ea-88b0-f875a44e0e11"
                }
            ],
            "functions_x_graphs": [],
            "graphid": "f313164c-992f-11ea-a67e-f875a44e0e11",
            "iconclass": "fa fa-file-text",
            "is_editable": true,
            "isactive": true,
            "isresource": false,
            "jsonldcontext": null,
            "name": "Page References",
            "nodegroups": [
                {
                    "cardinality": "1",
                    "legacygroupid": null,
                    "nodegroupid": "f313164d-992f-11ea-af07-f875a44e0e11",
                    "parentnodegroup_id": null
                }
            ],
            "nodes": [
                {
                    "config": {
                        "rdmCollection": "1e63c514-eb9d-48d3-94b5-35e060e5f368"
                    },
                    "datatype": "concept",
                    "description": null,
                    "exportable": false,
                    "fieldname": null,
                    "graph_id": "f313164c-992f-11ea-a67e-f875a44e0e11",
                    "is_collector": false,
                    "isrequired": false,
                    "issearchable": true,
                    "istopnode": false,
                    "name": "Page Reference  Metatype",
                    "nodegroup_id": "f313164d-992f-11ea-af07-f875a44e0e11",
                    "nodeid": "f3131650-992f-11ea-8efa-f875a44e0e11",
                    "ontologyclass": "http://www.cidoc-crm.org/cidoc-crm/E55_Type",
                    "parentproperty": "http://www.cidoc-crm.org/cidoc-crm/P2_has_type",
                    "sortorder": 0
                },
                {
                    "config": null,
                    "datatype": "string",
                    "description": null,
                    "exportable": false,
                    "fieldname": null,
                    "graph_id": "f313164c-992f-11ea-a67e-f875a44e0e11",
                    "is_collector": false,
                    "isrequired": false,
                    "issearchable": true,
                    "istopnode": false,
                    "name": "Page(s)",
                    "nodegroup_id": "f313164d-992f-11ea-af07-f875a44e0e11",
                    "nodeid": "f3133d74-992f-11ea-9830-f875a44e0e11",
                    "ontologyclass": "http://www.w3.org/2000/01/rdf-schema#Literal",
                    "parentproperty": "http://www.cidoc-crm.org/cidoc-crm/P3_has_note",
                    "sortorder": 0
                },
                {
                    "config": {
                        "rdmCollection": "3efb92ea-ae58-42a3-8374-db3653c36c9f"
                    },
                    "datatype": "concept",
                    "description": null,
                    "exportable": false,
                    "fieldname": null,
                    "graph_id": "f313164c-992f-11ea-a67e-f875a44e0e11",
                    "is_collector": false,
                    "isrequired": false,
                    "issearchable": true,
                    "istopnode": false,
                    "name": "Page Reference Type",
                    "nodegroup_id": "f313164d-992f-11ea-af07-f875a44e0e11",
                    "nodeid": "f3133d75-992f-11ea-8b26-f875a44e0e11",
                    "ontologyclass": "http://www.cidoc-crm.org/cidoc-crm/E55_Type",
                    "parentproperty": "http://www.cidoc-crm.org/cidoc-crm/P2_has_type",
                    "sortorder": 0
                },
                {
                    "config": {},
                    "datatype": "semantic",
                    "description": null,
                    "exportable": false,
                    "fieldname": null,
                    "graph_id": "f313164c-992f-11ea-a67e-f875a44e0e11",
                    "is_collector": true,
                    "isrequired": false,
                    "issearchable": true,
                    "istopnode": true,
                    "name": "Page References",
                    "nodegroup_id": "f313164d-992f-11ea-af07-f875a44e0e11",
                    "nodeid": "f313164d-992f-11ea-af07-f875a44e0e11",
                    "ontologyclass": "http://www.cidoc-crm.org/cidoc-crm/E15_Identifier_Assignment",
                    "parentproperty": "",
                    "sortorder": 0
                },
                {
                    "config": null,
                    "datatype": "semantic",
                    "description": null,
                    "exportable": false,
                    "fieldname": null,
                    "graph_id": "f313164c-992f-11ea-a67e-f875a44e0e11",
                    "is_collector": false,
                    "isrequired": false,
                    "issearchable": true,
                    "istopnode": false,
                    "name": "Page Reference",
                    "nodegroup_id": "f313164d-992f-11ea-af07-f875a44e0e11",
                    "nodeid": "f3133d76-992f-11ea-88b0-f875a44e0e11",
                    "ontologyclass": "http://www.cidoc-crm.org/cidoc-crm/E42_Identifier",
                    "parentproperty": "http://www.cidoc-crm.org/cidoc-crm/P141_assigned",
                    "sortorder": 0
                }
            ],
            "ontology_id": "e6e8db47-2ccf-11e6-927e-b8f6b115d7dd",
            "relatable_resource_model_ids": [],
            "resource_2_resource_constraints": [],
            "root": {
                "config": {},
                "datatype": "semantic",
                "description": null,
                "exportable": false,
                "fieldname": null,
                "graph_id": "f313164c-992f-11ea-a67e-f875a44e0e11",
                "is_collector": true,
                "isrequired": false,
                "issearchable": true,
                "istopnode": true,
                "name": "Page References",
                "nodegroup_id": "f313164d-992f-11ea-af07-f875a44e0e11",
                "nodeid": "f313164d-992f-11ea-af07-f875a44e0e11",
                "ontologyclass": "http://www.cidoc-crm.org/cidoc-crm/E15_Identifier_Assignment",
                "sortorder": 0
            },
            "slug": null,
            "subtitle": "",
            "template_id": "50000000-0000-0000-0000-000000000001",
            "version": ""
        }
    ]
}