{
    "graph": [
        {
            "author": "",
            "cards": [
                {
                    "active": true,
                    "cardid": "58eb83b3-3b98-11eb-9575-f875a44e0e11",
                    "component_id": "f05e4d3a-53c1-11e8-b0ea-784f435179ea",
                    "config": null,
                    "constraints": [
                        {
                            "card_id": "58eb83b3-3b98-11eb-9575-f875a44e0e11",
                            "constraintid": "e5136cc9-eea3-48fb-8655-1d6a5529a061",
                            "nodes": [],
                            "uniquetoallinstances": false
                        }
                    ],
                    "cssclass": null,
                    "description": "",
                    "graph_id": "58eb83b0-3b98-11eb-aa2f-f875a44e0e11",
                    "helpenabled": false,
                    "helptext": null,
                    "helptitle": null,
                    "instructions": null,
                    "is_editable": true,
                    "name": "Phase Classification",
                    "nodegroup_id": "58eb83b1-3b98-11eb-9e6e-f875a44e0e11",
                    "sortorder": null,
                    "visible": true
                }
            ],
            "cards_x_nodes_x_widgets": [
                {
                    "card_id": "58eb83b3-3b98-11eb-9575-f875a44e0e11",
                    "config": {
                        "defaultValue": "f2054168-b8dc-416a-b6df-f5aff733c0c3",
                        "label": "Phase Certainty Metatype",
                        "options": [],
                        "placeholder": "Select an option"
                    },
                    "id": "89a3caa5-3b98-11eb-bc44-f875a44e0e11",
                    "label": "Phase Certainty Metatype",
                    "node_id": "58eb83ba-3b98-11eb-bf28-f875a44e0e11",
                    "sortorder": 5,
                    "visible": false,
                    "widget_id": "10000000-0000-0000-0000-000000000002"
                },
                {
                    "card_id": "58eb83b3-3b98-11eb-9575-f875a44e0e11",
                    "config": {
                        "defaultValue": "",
                        "label": "Asset Type",
                        "options": [],
                        "placeholder": "Select an option"
                    },
                    "id": "899a0675-3b98-11eb-91d2-f875a44e0e11",
                    "label": "Asset Type",
                    "node_id": "58eb83b4-3b98-11eb-92fd-f875a44e0e11",
                    "sortorder": 0,
                    "visible": true,
                    "widget_id": "10000000-0000-0000-0000-000000000012"
                },
                {
                    "card_id": "58eb83b3-3b98-11eb-9575-f875a44e0e11",
                    "config": {
                        "defaultValue": "",
                        "label": "Asset Metatype",
                        "options": [],
                        "placeholder": "Select an option"
                    },
                    "id": "899bb41d-3b98-11eb-9594-f875a44e0e11",
                    "label": "Asset Metatype",
                    "node_id": "58eb83b6-3b98-11eb-9815-f875a44e0e11",
                    "sortorder": 1,
                    "visible": false,
                    "widget_id": "10000000-0000-0000-0000-000000000002"
                },
                {
                    "card_id": "58eb83b3-3b98-11eb-9575-f875a44e0e11",
                    "config": {
                        "defaultValue": "39a21ebf-7dd6-4a7f-a211-9453202f60aa",
                        "label": "Phase Description Type",
                        "options": [],
                        "placeholder": "Select an option"
                    },
                    "id": "89a1cee9-3b98-11eb-9966-f875a44e0e11",
                    "label": "Phase Description Type",
                    "node_id": "58eb83b8-3b98-11eb-a2a5-f875a44e0e11",
                    "sortorder": 7,
                    "visible": false,
                    "widget_id": "10000000-0000-0000-0000-000000000002"
                },
                {
                    "card_id": "58eb83b3-3b98-11eb-9575-f875a44e0e11",
                    "config": {
                        "defaultValue": "1cc6f0e9-432f-4177-bae1-16cab5afd3ac",
                        "label": "Phase Evidence Metatype",
                        "options": [],
                        "placeholder": "Select an option"
                    },
                    "id": "89a6f393-3b98-11eb-ae34-f875a44e0e11",
                    "label": "Phase Evidence Metatype",
                    "node_id": "58eb83bd-3b98-11eb-aa62-f875a44e0e11",
                    "sortorder": 3,
                    "visible": false,
                    "widget_id": "10000000-0000-0000-0000-000000000002"
                },
                {
                    "card_id": "58eb83b3-3b98-11eb-9575-f875a44e0e11",
                    "config": {
                        "defaultValue": "",
                        "label": "Phase Evidence Type",
                        "options": [],
                        "placeholder": "Select an option"
                    },
                    "id": "89a0485d-3b98-11eb-bb1c-f875a44e0e11",
                    "label": "Phase Evidence Type",
                    "node_id": "58eb83bc-3b98-11eb-8864-f875a44e0e11",
                    "sortorder": 2,
                    "visible": true,
                    "widget_id": "10000000-0000-0000-0000-000000000012"
                },
                {
                    "card_id": "58eb83b3-3b98-11eb-9575-f875a44e0e11",
                    "config": {
                        "defaultValue": "6fbe3775-e51d-4f90-af53-5695dd204c9a",
                        "label": "Phase Desctiption Metatype",
                        "options": [],
                        "placeholder": "Select an option"
                    },
                    "id": "899d3aef-3b98-11eb-899a-f875a44e0e11",
                    "label": "Phase Desctiption Metatype",
                    "node_id": "58eb83b5-3b98-11eb-8b83-f875a44e0e11",
                    "sortorder": 8,
                    "visible": false,
                    "widget_id": "10000000-0000-0000-0000-000000000002"
                },
                {
                    "card_id": "58eb83b3-3b98-11eb-9575-f875a44e0e11",
                    "config": {
                        "defaultValue": "",
                        "label": "Phase Certainty",
                        "options": [],
                        "placeholder": "Select an option"
                    },
                    "id": "899ec177-3b98-11eb-ab52-f875a44e0e11",
                    "label": "Phase Certainty",
                    "node_id": "58eb83b7-3b98-11eb-be13-f875a44e0e11",
                    "sortorder": 4,
                    "visible": true,
                    "widget_id": "10000000-0000-0000-0000-000000000002"
                },
                {
                    "card_id": "58eb83b3-3b98-11eb-9575-f875a44e0e11",
                    "config": {
                        "defaultValue": "",
                        "label": "Phase Description",
                        "maxLength": null,
                        "placeholder": "Enter text",
                        "width": "100%"
                    },
                    "id": "89a56cc7-3b98-11eb-9431-f875a44e0e11",
                    "label": "Phase Description",
                    "node_id": "58eb83bb-3b98-11eb-8f84-f875a44e0e11",
                    "sortorder": 6,
                    "visible": true,
                    "widget_id": "10000000-0000-0000-0000-000000000005"
                }
            ],
            "color": "rgba(59,84,33,1)",
            "config": {
                "basemap": "streets",
                "bearing": 0,
                "centerX": 1,
                "centerY": 53,
                "defaultValue": "",
                "defaultValueType": 0,
                "featureColor": "#FF0000",
                "featureEditingDisabled": true,
                "featureLineWidth": 1,
                "featurePointSize": 3,
                "geocodePlaceholder": "Search",
                "geocodeProvider": "10000000-0000-0000-0000-010000000000",
                "geocoderVisible": true,
                "geometryTypes": [
                    {
                        "id": "Point",
                        "text": "Point"
                    },
                    {
                        "id": "Line",
                        "text": "Line"
                    },
                    {
                        "id": "Polygon",
                        "text": "Polygon"
                    }
                ],
                "mapControlsHidden": false,
                "maxZoom": "17",
                "minZoom": "1",
                "overlayConfigs": [],
                "overlayOpacity": 0,
                "pitch": 0,
                "zoom": 5
            },
            "deploymentdate": null,
            "deploymentfile": null,
            "description": "",
            "edges": [
                {
                    "description": null,
                    "domainnode_id": "58eb83b8-3b98-11eb-a2a5-f875a44e0e11",
                    "edgeid": "58ebaad7-3b98-11eb-81ea-f875a44e0e11",
                    "graph_id": "58eb83b0-3b98-11eb-aa2f-f875a44e0e11",
                    "name": null,
                    "ontologyproperty": "http://www.cidoc-crm.org/cidoc-crm/P2_has_type",
                    "rangenode_id": "58eb83b5-3b98-11eb-8b83-f875a44e0e11"
                },
                {
                    "description": null,
                    "domainnode_id": "58eb83b1-3b98-11eb-9e6e-f875a44e0e11",
                    "edgeid": "58ebaad8-3b98-11eb-a83c-f875a44e0e11",
                    "graph_id": "58eb83b0-3b98-11eb-aa2f-f875a44e0e11",
                    "name": null,
                    "ontologyproperty": "http://www.cidoc-crm.org/cidoc-crm/P42_assigned",
                    "rangenode_id": "58eb83b4-3b98-11eb-92fd-f875a44e0e11"
                },
                {
                    "description": null,
                    "domainnode_id": "58eb83b1-3b98-11eb-9e6e-f875a44e0e11",
                    "edgeid": "58ebaad9-3b98-11eb-ade1-f875a44e0e11",
                    "graph_id": "58eb83b0-3b98-11eb-aa2f-f875a44e0e11",
                    "name": null,
                    "ontologyproperty": "http://www.cidoc-crm.org/cidoc-crm/P141_assigned",
                    "rangenode_id": "58eb83b7-3b98-11eb-be13-f875a44e0e11"
                },
                {
                    "description": null,
                    "domainnode_id": "58eb83b9-3b98-11eb-83c3-f875a44e0e11",
                    "edgeid": "58ebaad0-3b98-11eb-932b-f875a44e0e11",
                    "graph_id": "58eb83b0-3b98-11eb-aa2f-f875a44e0e11",
                    "name": null,
                    "ontologyproperty": "http://www.cidoc-crm.org/cidoc-crm/P2_has_type",
                    "rangenode_id": "58eb83b8-3b98-11eb-a2a5-f875a44e0e11"
                },
                {
                    "description": null,
                    "domainnode_id": "58eb83b7-3b98-11eb-be13-f875a44e0e11",
                    "edgeid": "58ebaad1-3b98-11eb-8ac1-f875a44e0e11",
                    "graph_id": "58eb83b0-3b98-11eb-aa2f-f875a44e0e11",
                    "name": null,
                    "ontologyproperty": "http://www.cidoc-crm.org/cidoc-crm/P2_has_type",
                    "rangenode_id": "58eb83ba-3b98-11eb-bf28-f875a44e0e11"
                },
                {
                    "description": null,
                    "domainnode_id": "58eb83b4-3b98-11eb-92fd-f875a44e0e11",
                    "edgeid": "58ebaad2-3b98-11eb-84a5-f875a44e0e11",
                    "graph_id": "58eb83b0-3b98-11eb-aa2f-f875a44e0e11",
                    "name": null,
                    "ontologyproperty": "http://www.cidoc-crm.org/cidoc-crm/P2_has_type",
                    "rangenode_id": "58eb83b6-3b98-11eb-9815-f875a44e0e11"
                },
                {
                    "description": null,
                    "domainnode_id": "58eb83b1-3b98-11eb-9e6e-f875a44e0e11",
                    "edgeid": "58ebaad3-3b98-11eb-8474-f875a44e0e11",
                    "graph_id": "58eb83b0-3b98-11eb-aa2f-f875a44e0e11",
                    "name": null,
                    "ontologyproperty": "http://www.cidoc-crm.org/cidoc-crm/P67i_is_referred_to_by",
                    "rangenode_id": "58eb83b9-3b98-11eb-83c3-f875a44e0e11"
                },
                {
                    "description": null,
                    "domainnode_id": "58eb83b9-3b98-11eb-83c3-f875a44e0e11",
                    "edgeid": "58ebaad4-3b98-11eb-8959-f875a44e0e11",
                    "graph_id": "58eb83b0-3b98-11eb-aa2f-f875a44e0e11",
                    "name": null,
                    "ontologyproperty": "http://www.cidoc-crm.org/cidoc-crm/P3_has_note",
                    "rangenode_id": "58eb83bb-3b98-11eb-8f84-f875a44e0e11"
                },
                {
                    "description": null,
                    "domainnode_id": "58eb83bc-3b98-11eb-8864-f875a44e0e11",
                    "edgeid": "58ebaad5-3b98-11eb-8341-f875a44e0e11",
                    "graph_id": "58eb83b0-3b98-11eb-aa2f-f875a44e0e11",
                    "name": null,
                    "ontologyproperty": "http://www.cidoc-crm.org/cidoc-crm/P2_has_type",
                    "rangenode_id": "58eb83bd-3b98-11eb-aa62-f875a44e0e11"
                },
                {
                    "description": null,
                    "domainnode_id": "58eb83b1-3b98-11eb-9e6e-f875a44e0e11",
                    "edgeid": "58ebaad6-3b98-11eb-9bf7-f875a44e0e11",
                    "graph_id": "58eb83b0-3b98-11eb-aa2f-f875a44e0e11",
                    "name": null,
                    "ontologyproperty": "http://www.cidoc-crm.org/cidoc-crm/P32_used_general_technique",
                    "rangenode_id": "58eb83bc-3b98-11eb-8864-f875a44e0e11"
                }
            ],
            "functions_x_graphs": [],
            "graphid": "58eb83b0-3b98-11eb-aa2f-f875a44e0e11",
            "iconclass": "fa fa-bank",
            "is_editable": true,
            "isactive": true,
            "isresource": false,
            "jsonldcontext": null,
            "name": "Phase Classification",
            "nodegroups": [
                {
                    "cardinality": "1",
                    "legacygroupid": null,
                    "nodegroupid": "58eb83b1-3b98-11eb-9e6e-f875a44e0e11",
                    "parentnodegroup_id": null
                }
            ],
            "nodes": [
                {
                    "config": {
                        "rdmCollection": "9222b257-6015-4808-9dac-7b962a2679a8"
                    },
                    "datatype": "concept-list",
                    "description": null,
                    "exportable": false,
                    "fieldname": null,
                    "graph_id": "58eb83b0-3b98-11eb-aa2f-f875a44e0e11",
                    "is_collector": false,
                    "isrequired": false,
                    "issearchable": true,
                    "istopnode": false,
                    "name": "Asset Type",
                    "nodegroup_id": "58eb83b1-3b98-11eb-9e6e-f875a44e0e11",
                    "nodeid": "58eb83b4-3b98-11eb-92fd-f875a44e0e11",
                    "ontologyclass": "http://www.cidoc-crm.org/cidoc-crm/E55_Type",
                    "parentproperty": "http://www.cidoc-crm.org/cidoc-crm/P42_assigned",
                    "sortorder": 0
                },
                {
                    "config": {
                        "rdmCollection": "1e63c514-eb9d-48d3-94b5-35e060e5f368"
                    },
                    "datatype": "concept",
                    "description": null,
                    "exportable": false,
                    "fieldname": null,
                    "graph_id": "58eb83b0-3b98-11eb-aa2f-f875a44e0e11",
                    "is_collector": false,
                    "isrequired": false,
                    "issearchable": true,
                    "istopnode": false,
                    "name": "Phase Desctiption Metatype",
                    "nodegroup_id": "58eb83b1-3b98-11eb-9e6e-f875a44e0e11",
                    "nodeid": "58eb83b5-3b98-11eb-8b83-f875a44e0e11",
                    "ontologyclass": "http://www.cidoc-crm.org/cidoc-crm/E55_Type",
                    "parentproperty": "http://www.cidoc-crm.org/cidoc-crm/P2_has_type",
                    "sortorder": 0
                },
                {
                    "config": {
                        "rdmCollection": "1e63c514-eb9d-48d3-94b5-35e060e5f368"
                    },
                    "datatype": "concept",
                    "description": null,
                    "exportable": false,
                    "fieldname": null,
                    "graph_id": "58eb83b0-3b98-11eb-aa2f-f875a44e0e11",
                    "is_collector": false,
                    "isrequired": false,
                    "issearchable": true,
                    "istopnode": false,
                    "name": "Asset Metatype",
                    "nodegroup_id": "58eb83b1-3b98-11eb-9e6e-f875a44e0e11",
                    "nodeid": "58eb83b6-3b98-11eb-9815-f875a44e0e11",
                    "ontologyclass": "http://www.cidoc-crm.org/cidoc-crm/E55_Type",
                    "parentproperty": "http://www.cidoc-crm.org/cidoc-crm/P2_has_type",
                    "sortorder": 0
                },
                {
                    "config": {
                        "rdmCollection": "2b0f86cc-6d4a-483b-973e-9000c9d8b34d"
                    },
                    "datatype": "concept",
                    "description": null,
                    "exportable": false,
                    "fieldname": null,
                    "graph_id": "58eb83b0-3b98-11eb-aa2f-f875a44e0e11",
                    "is_collector": false,
                    "isrequired": false,
                    "issearchable": true,
                    "istopnode": false,
                    "name": "Phase Certainty",
                    "nodegroup_id": "58eb83b1-3b98-11eb-9e6e-f875a44e0e11",
                    "nodeid": "58eb83b7-3b98-11eb-be13-f875a44e0e11",
                    "ontologyclass": "http://www.cidoc-crm.org/cidoc-crm/E55_Type",
                    "parentproperty": "http://www.cidoc-crm.org/cidoc-crm/P141_assigned",
                    "sortorder": 0
                },
                {
                    "config": {
                        "rdmCollection": "02da8114-6a70-4fde-a022-2ee07acf17a3"
                    },
                    "datatype": "concept-list",
                    "description": null,
                    "exportable": false,
                    "fieldname": null,
                    "graph_id": "58eb83b0-3b98-11eb-aa2f-f875a44e0e11",
                    "is_collector": false,
                    "isrequired": false,
                    "issearchable": true,
                    "istopnode": false,
                    "name": "Phase Evidence Type",
                    "nodegroup_id": "58eb83b1-3b98-11eb-9e6e-f875a44e0e11",
                    "nodeid": "58eb83bc-3b98-11eb-8864-f875a44e0e11",
                    "ontologyclass": "http://www.cidoc-crm.org/cidoc-crm/E55_Type",
                    "parentproperty": "http://www.cidoc-crm.org/cidoc-crm/P32_used_general_technique",
                    "sortorder": 0
                },
                {
                    "config": {
                        "rdmCollection": "0ff39ed3-cc95-4c60-9321-6d4e65fb1f2d"
                    },
                    "datatype": "concept",
                    "description": null,
                    "exportable": false,
                    "fieldname": null,
                    "graph_id": "58eb83b0-3b98-11eb-aa2f-f875a44e0e11",
                    "is_collector": false,
                    "isrequired": false,
                    "issearchable": true,
                    "istopnode": false,
                    "name": "Phase Description Type",
                    "nodegroup_id": "58eb83b1-3b98-11eb-9e6e-f875a44e0e11",
                    "nodeid": "58eb83b8-3b98-11eb-a2a5-f875a44e0e11",
                    "ontologyclass": "http://www.cidoc-crm.org/cidoc-crm/E55_Type",
                    "parentproperty": "http://www.cidoc-crm.org/cidoc-crm/P2_has_type",
                    "sortorder": 0
                },
                {
                    "config": {
                        "rdmCollection": "1e63c514-eb9d-48d3-94b5-35e060e5f368"
                    },
                    "datatype": "concept",
                    "description": null,
                    "exportable": false,
                    "fieldname": null,
                    "graph_id": "58eb83b0-3b98-11eb-aa2f-f875a44e0e11",
                    "is_collector": false,
                    "isrequired": false,
                    "issearchable": true,
                    "istopnode": false,
                    "name": "Phase Certainty Metatype",
                    "nodegroup_id": "58eb83b1-3b98-11eb-9e6e-f875a44e0e11",
                    "nodeid": "58eb83ba-3b98-11eb-bf28-f875a44e0e11",
                    "ontologyclass": "http://www.cidoc-crm.org/cidoc-crm/E55_Type",
                    "parentproperty": "http://www.cidoc-crm.org/cidoc-crm/P2_has_type",
                    "sortorder": 0
                },
                {
                    "config": null,
                    "datatype": "string",
                    "description": null,
                    "exportable": false,
                    "fieldname": null,
                    "graph_id": "58eb83b0-3b98-11eb-aa2f-f875a44e0e11",
                    "is_collector": false,
                    "isrequired": false,
                    "issearchable": true,
                    "istopnode": false,
                    "name": "Phase Description",
                    "nodegroup_id": "58eb83b1-3b98-11eb-9e6e-f875a44e0e11",
                    "nodeid": "58eb83bb-3b98-11eb-8f84-f875a44e0e11",
                    "ontologyclass": "http://www.w3.org/2000/01/rdf-schema#Literal",
                    "parentproperty": "http://www.cidoc-crm.org/cidoc-crm/P3_has_note",
                    "sortorder": 0
                },
                {
                    "config": {
                        "rdmCollection": "1e63c514-eb9d-48d3-94b5-35e060e5f368"
                    },
                    "datatype": "concept",
                    "description": null,
                    "exportable": false,
                    "fieldname": null,
                    "graph_id": "58eb83b0-3b98-11eb-aa2f-f875a44e0e11",
                    "is_collector": false,
                    "isrequired": false,
                    "issearchable": true,
                    "istopnode": false,
                    "name": "Phase Evidence Metatype",
                    "nodegroup_id": "58eb83b1-3b98-11eb-9e6e-f875a44e0e11",
                    "nodeid": "58eb83bd-3b98-11eb-aa62-f875a44e0e11",
                    "ontologyclass": "http://www.cidoc-crm.org/cidoc-crm/E55_Type",
                    "parentproperty": "http://www.cidoc-crm.org/cidoc-crm/P2_has_type",
                    "sortorder": 0
                },
                {
                    "config": null,
                    "datatype": "semantic",
                    "description": "",
                    "exportable": false,
                    "fieldname": null,
                    "graph_id": "58eb83b0-3b98-11eb-aa2f-f875a44e0e11",
                    "is_collector": true,
                    "isrequired": false,
                    "issearchable": true,
                    "istopnode": true,
                    "name": "Phase Classification",
                    "nodegroup_id": "58eb83b1-3b98-11eb-9e6e-f875a44e0e11",
                    "nodeid": "58eb83b1-3b98-11eb-9e6e-f875a44e0e11",
                    "ontologyclass": "http://www.cidoc-crm.org/cidoc-crm/E17_Type_Assignment",
                    "parentproperty": "",
                    "sortorder": 0
                },
                {
                    "config": null,
                    "datatype": "semantic",
                    "description": null,
                    "exportable": false,
                    "fieldname": null,
                    "graph_id": "58eb83b0-3b98-11eb-aa2f-f875a44e0e11",
                    "is_collector": false,
                    "isrequired": false,
                    "issearchable": true,
                    "istopnode": false,
                    "name": "Phase Classification Description",
                    "nodegroup_id": "58eb83b1-3b98-11eb-9e6e-f875a44e0e11",
                    "nodeid": "58eb83b9-3b98-11eb-83c3-f875a44e0e11",
                    "ontologyclass": "http://www.cidoc-crm.org/cidoc-crm/E33_Linguistic_Object",
                    "parentproperty": "http://www.cidoc-crm.org/cidoc-crm/P67i_is_referred_to_by",
                    "sortorder": 0
                }
            ],
            "ontology_id": "e6e8db47-2ccf-11e6-927e-b8f6b115d7dd",
            "relatable_resource_model_ids": [],
            "resource_2_resource_constraints": [],
            "root": {
                "config": null,
                "datatype": "semantic",
                "description": "",
                "exportable": false,
                "fieldname": null,
                "graph_id": "58eb83b0-3b98-11eb-aa2f-f875a44e0e11",
                "is_collector": true,
                "isrequired": false,
                "issearchable": true,
                "istopnode": true,
                "name": "Phase Classification",
                "nodegroup_id": "58eb83b1-3b98-11eb-9e6e-f875a44e0e11",
                "nodeid": "58eb83b1-3b98-11eb-9e6e-f875a44e0e11",
                "ontologyclass": "http://www.cidoc-crm.org/cidoc-crm/E17_Type_Assignment",
                "sortorder": 0
            },
            "slug": null,
            "subtitle": "",
            "template_id": "50000000-0000-0000-0000-000000000002",
            "version": ""
        }
    ]
}