{
    "graph": [
        {
            "author": "",
            "cards": [
                {
                    "active": true,
                    "cardid": "c8e413a9-025b-11eb-b901-f875a44e0e11",
                    "component_id": "f05e4d3a-53c1-11e8-b0ea-784f435179ea",
                    "config": null,
                    "constraints": [],
                    "cssclass": null,
                    "description": "",
                    "graph_id": "c8e413a6-025b-11eb-9a3a-f875a44e0e11",
                    "helpenabled": false,
                    "helptext": null,
                    "helptitle": null,
                    "instructions": null,
                    "is_editable": true,
                    "name": "Proposal",
                    "nodegroup_id": "c8e413a7-025b-11eb-8180-f875a44e0e11",
                    "sortorder": 3,
                    "visible": true
                }
            ],
            "cards_x_nodes_x_widgets": [
                {
                    "card_id": "c8e413a9-025b-11eb-b901-f875a44e0e11",
                    "config": {
                        "defaultValue": "6fbe3775-e51d-4f90-af53-5695dd204c9a",
                        "label": "Proposal Description Metatype",
                        "options": [],
                        "placeholder": "Select an option"
                    },
                    "id": "c8e413ae-025b-11eb-9fbd-f875a44e0e11",
                    "label": "Proposal Description Metatype",
                    "node_id": "c8e413aa-025b-11eb-be31-f875a44e0e11",
                    "sortorder": 2,
                    "visible": false,
                    "widget_id": "10000000-0000-0000-0000-000000000002"
                },
                {
                    "card_id": "c8e413a9-025b-11eb-b901-f875a44e0e11",
                    "config": {
                        "defaultValue": null,
                        "label": "Proposal Description",
                        "maxLength": null,
                        "placeholder": "Enter text",
                        "width": "100%"
                    },
                    "id": "c8e413af-025b-11eb-a949-f875a44e0e11",
                    "label": "Proposal Description",
                    "node_id": "c8e413ac-025b-11eb-8292-f875a44e0e11",
                    "sortorder": 0,
                    "visible": true,
                    "widget_id": "10000000-0000-0000-0000-000000000005"
                },
                {
                    "card_id": "c8e413a9-025b-11eb-b901-f875a44e0e11",
                    "config": {
                        "label": "Proposal File(s)",
                        "placeholder": null
                    },
                    "id": "c8e413b0-025b-11eb-bd86-f875a44e0e11",
                    "label": "Proposal File(s)",
                    "node_id": "c8e413ab-025b-11eb-badc-f875a44e0e11",
                    "sortorder": 3,
                    "visible": true,
                    "widget_id": "31f3728c-7613-11e7-a139-784f435179ea"
                },
                {
                    "card_id": "c8e413a9-025b-11eb-b901-f875a44e0e11",
                    "config": {
                        "defaultValue": "39a21ebf-7dd6-4a7f-a211-9453202f60aa",
                        "label": "Proposal Description Type",
                        "options": [],
                        "placeholder": "Select an option"
                    },
                    "id": "c8e413b1-025b-11eb-9c7e-f875a44e0e11",
                    "label": "Proposal Description Type",
                    "node_id": "c8e413ad-025b-11eb-870d-f875a44e0e11",
                    "sortorder": 1,
                    "visible": false,
                    "widget_id": "10000000-0000-0000-0000-000000000002"
                }
            ],
            "color": "rgba(224,47,47,0.67)",
            "config": {
                "activeTabIndex": 0,
                "tabs": [
                    {
                        "header_component": "report-header-map",
                        "icon": "fa fa-tags",
                        "name": "Summary Report",
                        "nodegroup_ids": [
                            "8d41e4ba-a250-11e9-9b20-00224800b26d",
                            "8d41e4c0-a250-11e9-a7e3-00224800b26d",
                            "8d41e4a8-a250-11e9-aff0-00224800b26d",
                            "58a2b98f-a255-11e9-9a30-00224800b26d",
                            "8d41e4b7-a250-11e9-9b6c-00224800b26d",
                            "c32c7b62-a30f-11e9-a8f2-00224800b26d",
                            "8d41e4b1-a250-11e9-96d3-00224800b26d"
                        ],
                        "side_component": "consultations-status"
                    },
                    {
                        "icon": "fa fa-building",
                        "name": "Conditions/Mitigations",
                        "nodegroup_ids": [
                            "8d41e4bd-a250-11e9-89e8-00224800b26d",
                            "8d41e49f-a250-11e9-b6b3-00224800b26d",
                            "8d41e4ae-a250-11e9-8c00-00224800b26d"
                        ],
                        "side_component": "consultations-conditions-mitigations"
                    },
                    {
                        "empty_component": "consultations-site-visit-empty",
                        "icon": "fa fa-clipboard",
                        "main_component": "consultations-site-visit-main",
                        "name": "Site Visits",
                        "nodegroup_ids": [
                            "066cb8f0-a251-11e9-85d5-00224800b26d"
                        ],
                        "side_component": "consultations-site-visits-summary"
                    },
                    {
                        "icon": "fa fa-comment",
                        "name": "Communications",
                        "nodegroup_ids": [
                            "caf5bff1-a3d7-11e9-aa28-00224800b26d",
                            "8d41e4b4-a250-11e9-993d-00224800b26d"
                        ],
                        "side_component": "consultations-communications-summary"
                    }
                ]
            },
            "deploymentdate": null,
            "deploymentfile": null,
            "description": "",
            "edges": [
                {
                    "description": null,
                    "domainnode_id": "c8e413a7-025b-11eb-8180-f875a44e0e11",
                    "edgeid": "c8e413b2-025b-11eb-9bf8-f875a44e0e11",
                    "graph_id": "c8e413a6-025b-11eb-9a3a-f875a44e0e11",
                    "name": null,
                    "ontologyproperty": "http://www.cidoc-crm.org/cidoc-crm/P67i_is_referred_to_by",
                    "rangenode_id": "c8e413ab-025b-11eb-badc-f875a44e0e11"
                },
                {
                    "description": null,
                    "domainnode_id": "c8e413ad-025b-11eb-870d-f875a44e0e11",
                    "edgeid": "c8e413b3-025b-11eb-a8e3-f875a44e0e11",
                    "graph_id": "c8e413a6-025b-11eb-9a3a-f875a44e0e11",
                    "name": null,
                    "ontologyproperty": "http://www.cidoc-crm.org/cidoc-crm/P2_has_type",
                    "rangenode_id": "c8e413aa-025b-11eb-be31-f875a44e0e11"
                },
                {
                    "description": null,
                    "domainnode_id": "c8e413a7-025b-11eb-8180-f875a44e0e11",
                    "edgeid": "c8e413b4-025b-11eb-ac46-f875a44e0e11",
                    "graph_id": "c8e413a6-025b-11eb-9a3a-f875a44e0e11",
                    "name": null,
                    "ontologyproperty": "http://www.cidoc-crm.org/cidoc-crm/P3_has_note",
                    "rangenode_id": "c8e413ac-025b-11eb-8292-f875a44e0e11"
                },
                {
                    "description": null,
                    "domainnode_id": "c8e413a7-025b-11eb-8180-f875a44e0e11",
                    "edgeid": "c8e413b5-025b-11eb-a9c8-f875a44e0e11",
                    "graph_id": "c8e413a6-025b-11eb-9a3a-f875a44e0e11",
                    "name": null,
                    "ontologyproperty": "http://www.cidoc-crm.org/cidoc-crm/P2_has_type",
                    "rangenode_id": "c8e413ad-025b-11eb-870d-f875a44e0e11"
                }
            ],
            "functions_x_graphs": [],
            "graphid": "c8e413a6-025b-11eb-9a3a-f875a44e0e11",
            "iconclass": "fa fa-briefcase",
            "is_editable": true,
            "isactive": true,
            "isresource": false,
            "jsonldcontext": null,
            "name": "Proposal",
            "nodegroups": [
                {
                    "cardinality": "1",
                    "legacygroupid": null,
                    "nodegroupid": "c8e413a7-025b-11eb-8180-f875a44e0e11",
                    "parentnodegroup_id": null
                }
            ],
            "nodes": [
                {
                    "config": {
                        "rdmCollection": "1e63c514-eb9d-48d3-94b5-35e060e5f368"
                    },
                    "datatype": "concept",
                    "description": null,
                    "exportable": false,
                    "fieldname": null,
                    "graph_id": "c8e413a6-025b-11eb-9a3a-f875a44e0e11",
                    "is_collector": false,
                    "isrequired": false,
                    "issearchable": true,
                    "istopnode": false,
                    "name": "Proposal Description Metatype",
                    "nodegroup_id": "c8e413a7-025b-11eb-8180-f875a44e0e11",
                    "nodeid": "c8e413aa-025b-11eb-be31-f875a44e0e11",
                    "ontologyclass": "http://www.cidoc-crm.org/cidoc-crm/E55_Type",
                    "parentproperty": "http://www.cidoc-crm.org/cidoc-crm/P2_has_type",
                    "sortorder": 0
                },
                {
                    "config": {
                        "graphid": [
                            "a535a235-8481-11ea-a6b9-f875a44e0e11"
                        ],
                        "graphs": [
                            {
                                "graphid": "a535a235-8481-11ea-a6b9-f875a44e0e11",
                                "name": "Digital_Object"
                            }
                        ]
                    },
                    "datatype": "resource-instance",
                    "description": null,
                    "exportable": false,
                    "fieldname": null,
                    "graph_id": "c8e413a6-025b-11eb-9a3a-f875a44e0e11",
                    "is_collector": false,
                    "isrequired": false,
                    "issearchable": true,
                    "istopnode": false,
                    "name": "Digital File(s)",
                    "nodegroup_id": "c8e413a7-025b-11eb-8180-f875a44e0e11",
                    "nodeid": "c8e413ab-025b-11eb-badc-f875a44e0e11",
                    "ontologyclass": "http://www.ics.forth.gr/isl/CRMdig/D1_Digital_Object",
                    "parentproperty": "http://www.cidoc-crm.org/cidoc-crm/P67i_is_referred_to_by",
                    "sortorder": 0
                },
                {
                    "config": null,
                    "datatype": "string",
                    "description": null,
                    "exportable": false,
                    "fieldname": null,
                    "graph_id": "c8e413a6-025b-11eb-9a3a-f875a44e0e11",
                    "is_collector": false,
                    "isrequired": false,
                    "issearchable": true,
                    "istopnode": false,
                    "name": "Proposal Text",
                    "nodegroup_id": "c8e413a7-025b-11eb-8180-f875a44e0e11",
                    "nodeid": "c8e413ac-025b-11eb-8292-f875a44e0e11",
                    "ontologyclass": "http://www.w3.org/2000/01/rdf-schema#Literal",
                    "parentproperty": "http://www.cidoc-crm.org/cidoc-crm/P3_has_note",
                    "sortorder": 0
                },
                {
                    "config": {
                        "rdmCollection": "0ff39ed3-cc95-4c60-9321-6d4e65fb1f2d"
                    },
                    "datatype": "concept",
                    "description": null,
                    "exportable": false,
                    "fieldname": null,
                    "graph_id": "c8e413a6-025b-11eb-9a3a-f875a44e0e11",
                    "is_collector": false,
                    "isrequired": false,
                    "issearchable": true,
                    "istopnode": false,
                    "name": "Proposal Description Type",
                    "nodegroup_id": "c8e413a7-025b-11eb-8180-f875a44e0e11",
                    "nodeid": "c8e413ad-025b-11eb-870d-f875a44e0e11",
                    "ontologyclass": "http://www.cidoc-crm.org/cidoc-crm/E55_Type",
                    "parentproperty": "http://www.cidoc-crm.org/cidoc-crm/P2_has_type",
                    "sortorder": 0
                },
                {
                    "config": null,
                    "datatype": "semantic",
                    "description": null,
                    "exportable": false,
                    "fieldname": null,
                    "graph_id": "c8e413a6-025b-11eb-9a3a-f875a44e0e11",
                    "is_collector": true,
                    "isrequired": false,
                    "issearchable": true,
                    "istopnode": true,
                    "name": "Proposal",
                    "nodegroup_id": "c8e413a7-025b-11eb-8180-f875a44e0e11",
                    "nodeid": "c8e413a7-025b-11eb-8180-f875a44e0e11",
                    "ontologyclass": "http://www.cidoc-crm.org/cidoc-crm/E33_Linguistic_Object",
                    "parentproperty": "",
                    "sortorder": 0
                }
            ],
            "ontology_id": "e6e8db47-2ccf-11e6-927e-b8f6b115d7dd",
            "relatable_resource_model_ids": [],
            "resource_2_resource_constraints": [],
            "root": {
                "config": null,
                "datatype": "semantic",
                "description": null,
                "exportable": false,
                "fieldname": null,
                "graph_id": "c8e413a6-025b-11eb-9a3a-f875a44e0e11",
                "is_collector": true,
                "isrequired": false,
                "issearchable": true,
                "istopnode": true,
                "name": "Proposal",
                "nodegroup_id": "c8e413a7-025b-11eb-8180-f875a44e0e11",
                "nodeid": "c8e413a7-025b-11eb-8180-f875a44e0e11",
                "ontologyclass": "http://www.cidoc-crm.org/cidoc-crm/E33_Linguistic_Object",
                "sortorder": 0
            },
            "slug": null,
            "subtitle": "",
            "template_id": "50000000-0000-0000-0000-000000000004",
            "version": ""
        }
    ]
}