{
    "graph": [
        {
            "author": "",
            "cards": [
                {
                    "active": true,
                    "cardid": "92481b4c-992e-11ea-9b93-f875a44e0e11",
                    "component_id": "f05e4d3a-53c1-11e8-b0ea-784f435179ea",
                    "config": null,
                    "constraints": [],
                    "cssclass": null,
                    "description": "",
                    "graph_id": "9247f478-992e-11ea-9c2f-f875a44e0e11",
                    "helpenabled": false,
                    "helptext": null,
                    "helptitle": null,
                    "instructions": null,
                    "is_editable": true,
                    "name": "Publication",
                    "nodegroup_id": "9247f479-992e-11ea-867d-f875a44e0e11",
                    "sortorder": 7,
                    "visible": true
                }
            ],
            "cards_x_nodes_x_widgets": [
                {
                    "card_id": "92481b4c-992e-11ea-9b93-f875a44e0e11",
                    "config": {
                        "defaultValue": "c57fef44-32ca-4110-a16c-376502b174f9",
                        "label": "Publication Placename Type",
                        "options": [],
                        "placeholder": "Select an option"
                    },
                    "id": "92481b5e-992e-11ea-be1b-f875a44e0e11",
                    "label": "Publication Placename Type",
                    "node_id": "92481b52-992e-11ea-a505-f875a44e0e11",
                    "sortorder": 4,
                    "visible": false,
                    "widget_id": "10000000-0000-0000-0000-000000000002"
                },
                {
                    "card_id": "92481b4c-992e-11ea-9b93-f875a44e0e11",
                    "config": {
                        "defaultValue": "a0e096e2-f5ae-4579-950d-3040714713b4",
                        "label": "Publication Placename Metatype",
                        "options": [],
                        "placeholder": "Select an option"
                    },
                    "id": "92481b5f-992e-11ea-9343-f875a44e0e11",
                    "label": "Publication Placename Metatype",
                    "node_id": "92481b54-992e-11ea-beee-f875a44e0e11",
                    "sortorder": 5,
                    "visible": false,
                    "widget_id": "10000000-0000-0000-0000-000000000002"
                },
                {
                    "card_id": "92481b4c-992e-11ea-9b93-f875a44e0e11",
                    "config": {
                        "defaultValue": null,
                        "label": "Publisher",
                        "maxLength": null,
                        "placeholder": "Enter text",
                        "width": "100%"
                    },
                    "id": "92481b60-992e-11ea-adc1-f875a44e0e11",
                    "label": "Publisher",
                    "node_id": "92481b4e-992e-11ea-96b0-f875a44e0e11",
                    "sortorder": 0,
                    "visible": true,
                    "widget_id": "10000000-0000-0000-0000-000000000001"
                },
                {
                    "card_id": "92481b4c-992e-11ea-9b93-f875a44e0e11",
                    "config": {
                        "defaultValue": "a0e096e2-f5ae-4579-950d-3040714713b4",
                        "label": "Publisher Name Metatype",
                        "options": [],
                        "placeholder": "Select an option"
                    },
                    "id": "92481b61-992e-11ea-b01a-f875a44e0e11",
                    "label": "Publisher Name Metatype",
                    "node_id": "92481b4d-992e-11ea-bb63-f875a44e0e11",
                    "sortorder": 2,
                    "visible": false,
                    "widget_id": "10000000-0000-0000-0000-000000000002"
                },
                {
                    "card_id": "92481b4c-992e-11ea-9b93-f875a44e0e11",
                    "config": {
                        "defaultValue": "dae93567-aaa7-432c-a2b6-51ac9c0dc237",
                        "label": "Publisher Name Type",
                        "options": [],
                        "placeholder": "Select an option"
                    },
                    "id": "92481b62-992e-11ea-a338-f875a44e0e11",
                    "label": "Publisher Name Type",
                    "node_id": "92481b51-992e-11ea-b413-f875a44e0e11",
                    "sortorder": 1,
                    "visible": false,
                    "widget_id": "10000000-0000-0000-0000-000000000002"
                },
                {
                    "card_id": "92481b4c-992e-11ea-9b93-f875a44e0e11",
                    "config": {
                        "defaultValue": "",
                        "label": "Place of Publication",
                        "maxLength": null,
                        "placeholder": "Enter text",
                        "width": "100%"
                    },
                    "id": "92481b5a-992e-11ea-a1c9-f875a44e0e11",
                    "label": "Place of Publication",
                    "node_id": "92481b58-992e-11ea-a41b-f875a44e0e11",
                    "sortorder": 4,
                    "visible": true,
                    "widget_id": "10000000-0000-0000-0000-000000000001"
                },
                {
                    "card_id": "92481b4c-992e-11ea-9b93-f875a44e0e11",
                    "config": {
                        "defaultValue": "",
                        "label": "Publisher",
                        "maxLength": null,
                        "placeholder": "Enter the name of the publisher",
                        "width": "100%"
                    },
                    "id": "92481b5b-992e-11ea-8f1e-f875a44e0e11",
                    "label": "Publisher",
                    "node_id": "92481b56-992e-11ea-97e8-f875a44e0e11",
                    "sortorder": 0,
                    "visible": true,
                    "widget_id": "10000000-0000-0000-0000-000000000001"
                },
                {
                    "card_id": "92481b4c-992e-11ea-9b93-f875a44e0e11",
                    "config": {
                        "dateFormat": "YYYY",
                        "defaultValue": "",
                        "label": "Date of Publication",
                        "maxDate": false,
                        "minDate": null,
                        "placeholder": "Enter date",
                        "viewMode": "years"
                    },
                    "id": "92481b5c-992e-11ea-8ff4-f875a44e0e11",
                    "label": "Date of Publication",
                    "node_id": "92481b59-992e-11ea-86a8-f875a44e0e11",
                    "sortorder": 6,
                    "visible": true,
                    "widget_id": "10000000-0000-0000-0000-000000000004"
                },
                {
                    "card_id": "92481b4c-992e-11ea-9b93-f875a44e0e11",
                    "config": {
                        "defaultValue": "",
                        "label": "Publication Placename",
                        "maxLength": null,
                        "placeholder": "Enter text",
                        "width": "100%"
                    },
                    "id": "92481b5d-992e-11ea-9b68-f875a44e0e11",
                    "label": "Publication Placename",
                    "node_id": "92481b50-992e-11ea-b46b-f875a44e0e11",
                    "sortorder": 3,
                    "visible": true,
                    "widget_id": "10000000-0000-0000-0000-000000000001"
                }
            ],
            "color": null,
            "config": {},
            "deploymentdate": null,
            "deploymentfile": null,
            "description": "",
            "edges": [
                {
                    "description": null,
                    "domainnode_id": "92481b4f-992e-11ea-814f-f875a44e0e11",
                    "edgeid": "9248423a-992e-11ea-a4dc-f875a44e0e11",
                    "graph_id": "9247f478-992e-11ea-9c2f-f875a44e0e11",
                    "name": null,
                    "ontologyproperty": "http://www.cidoc-crm.org/cidoc-crm/P2_has_type",
                    "rangenode_id": "92481b51-992e-11ea-b413-f875a44e0e11"
                },
                {
                    "description": null,
                    "domainnode_id": "92481b4f-992e-11ea-814f-f875a44e0e11",
                    "edgeid": "9248423b-992e-11ea-b0c1-f875a44e0e11",
                    "graph_id": "9247f478-992e-11ea-9c2f-f875a44e0e11",
                    "name": null,
                    "ontologyproperty": "http://www.cidoc-crm.org/cidoc-crm/P3_has_note",
                    "rangenode_id": "92481b4e-992e-11ea-96b0-f875a44e0e11"
                },
                {
                    "description": null,
                    "domainnode_id": "92481b51-992e-11ea-b413-f875a44e0e11",
                    "edgeid": "9248423c-992e-11ea-995d-f875a44e0e11",
                    "graph_id": "9247f478-992e-11ea-9c2f-f875a44e0e11",
                    "name": null,
                    "ontologyproperty": "http://www.cidoc-crm.org/cidoc-crm/P2_has_type",
                    "rangenode_id": "92481b4d-992e-11ea-bb63-f875a44e0e11"
                },
                {
                    "description": null,
                    "domainnode_id": "92481b56-992e-11ea-97e8-f875a44e0e11",
                    "edgeid": "9248423d-992e-11ea-80db-f875a44e0e11",
                    "graph_id": "9247f478-992e-11ea-9c2f-f875a44e0e11",
                    "name": null,
                    "ontologyproperty": "http://www.cidoc-crm.org/cidoc-crm/P1_is_identified_by",
                    "rangenode_id": "92481b4f-992e-11ea-814f-f875a44e0e11"
                },
                {
                    "description": null,
                    "domainnode_id": "92481b57-992e-11ea-81cf-f875a44e0e11",
                    "edgeid": "9248423e-992e-11ea-b8ac-f875a44e0e11",
                    "graph_id": "9247f478-992e-11ea-9c2f-f875a44e0e11",
                    "name": null,
                    "ontologyproperty": "http://www.cidoc-crm.org/cidoc-crm/P7_took_place_at",
                    "rangenode_id": "92481b58-992e-11ea-a41b-f875a44e0e11"
                },
                {
                    "description": null,
                    "domainnode_id": "92481b57-992e-11ea-81cf-f875a44e0e11",
                    "edgeid": "9248423f-992e-11ea-bd89-f875a44e0e11",
                    "graph_id": "9247f478-992e-11ea-9c2f-f875a44e0e11",
                    "name": null,
                    "ontologyproperty": "http://www.cidoc-crm.org/cidoc-crm/P4_has_time-span",
                    "rangenode_id": "92481b55-992e-11ea-a516-f875a44e0e11"
                },
                {
                    "description": null,
                    "domainnode_id": "92481b57-992e-11ea-81cf-f875a44e0e11",
                    "edgeid": "92484240-992e-11ea-b92c-f875a44e0e11",
                    "graph_id": "9247f478-992e-11ea-9c2f-f875a44e0e11",
                    "name": null,
                    "ontologyproperty": "http://www.cidoc-crm.org/cidoc-crm/P14_carried_out_by",
                    "rangenode_id": "92481b56-992e-11ea-97e8-f875a44e0e11"
                },
                {
                    "description": null,
                    "domainnode_id": "9247f479-992e-11ea-867d-f875a44e0e11",
                    "edgeid": "92484241-992e-11ea-a6c2-f875a44e0e11",
                    "graph_id": "9247f478-992e-11ea-9c2f-f875a44e0e11",
                    "name": null,
                    "ontologyproperty": "http://www.cidoc-crm.org/cidoc-crm/P108i_was_produced_by",
                    "rangenode_id": "92481b57-992e-11ea-81cf-f875a44e0e11"
                },
                {
                    "description": null,
                    "domainnode_id": "92481b55-992e-11ea-a516-f875a44e0e11",
                    "edgeid": "92484242-992e-11ea-b031-f875a44e0e11",
                    "graph_id": "9247f478-992e-11ea-9c2f-f875a44e0e11",
                    "name": null,
                    "ontologyproperty": "http://www.cidoc-crm.org/cidoc-crm/P82_at_some_time_within",
                    "rangenode_id": "92481b59-992e-11ea-86a8-f875a44e0e11"
                },
                {
                    "description": null,
                    "domainnode_id": "92481b53-992e-11ea-81b8-f875a44e0e11",
                    "edgeid": "92484243-992e-11ea-aecf-f875a44e0e11",
                    "graph_id": "9247f478-992e-11ea-9c2f-f875a44e0e11",
                    "name": null,
                    "ontologyproperty": "http://www.cidoc-crm.org/cidoc-crm/P2_has_type",
                    "rangenode_id": "92481b52-992e-11ea-a505-f875a44e0e11"
                },
                {
                    "description": null,
                    "domainnode_id": "92481b53-992e-11ea-81b8-f875a44e0e11",
                    "edgeid": "92484244-992e-11ea-8b4a-f875a44e0e11",
                    "graph_id": "9247f478-992e-11ea-9c2f-f875a44e0e11",
                    "name": null,
                    "ontologyproperty": "http://www.cidoc-crm.org/cidoc-crm/P3_has_note",
                    "rangenode_id": "92481b50-992e-11ea-b46b-f875a44e0e11"
                },
                {
                    "description": null,
                    "domainnode_id": "92481b52-992e-11ea-a505-f875a44e0e11",
                    "edgeid": "92484245-992e-11ea-b4f4-f875a44e0e11",
                    "graph_id": "9247f478-992e-11ea-9c2f-f875a44e0e11",
                    "name": null,
                    "ontologyproperty": "http://www.cidoc-crm.org/cidoc-crm/P2_has_type",
                    "rangenode_id": "92481b54-992e-11ea-beee-f875a44e0e11"
                },
                {
                    "description": null,
                    "domainnode_id": "92481b58-992e-11ea-a41b-f875a44e0e11",
                    "edgeid": "92484246-992e-11ea-97d1-f875a44e0e11",
                    "graph_id": "9247f478-992e-11ea-9c2f-f875a44e0e11",
                    "name": null,
                    "ontologyproperty": "http://www.cidoc-crm.org/cidoc-crm/P1_is_identified_by",
                    "rangenode_id": "92481b53-992e-11ea-81b8-f875a44e0e11"
                }
            ],
            "functions_x_graphs": [],
            "graphid": "9247f478-992e-11ea-9c2f-f875a44e0e11",
            "iconclass": "fa fa-file-text",
            "is_editable": true,
            "isactive": true,
            "isresource": false,
            "jsonldcontext": null,
            "name": "Publication",
            "nodegroups": [
                {
                    "cardinality": "1",
                    "legacygroupid": null,
                    "nodegroupid": "9247f479-992e-11ea-867d-f875a44e0e11",
                    "parentnodegroup_id": null
                }
            ],
            "nodes": [
                {
                    "config": {
                        "fillColor": "rgba(233,112,111,0.8)"
                    },
                    "datatype": "semantic",
                    "description": "",
                    "exportable": false,
                    "fieldname": "",
                    "graph_id": "9247f478-992e-11ea-9c2f-f875a44e0e11",
                    "is_collector": true,
                    "isrequired": false,
                    "issearchable": true,
                    "istopnode": true,
                    "name": "Publication",
                    "nodegroup_id": "9247f479-992e-11ea-867d-f875a44e0e11",
                    "nodeid": "9247f479-992e-11ea-867d-f875a44e0e11",
                    "ontologyclass": "http://www.cidoc-crm.org/cidoc-crm/E22_Human-Made_Object",
                    "parentproperty": "",
                    "sortorder": 0
                },
                {
                    "config": {
                        "rdmCollection": "1e63c514-eb9d-48d3-94b5-35e060e5f368"
                    },
                    "datatype": "concept",
                    "description": null,
                    "exportable": false,
                    "fieldname": null,
                    "graph_id": "9247f478-992e-11ea-9c2f-f875a44e0e11",
                    "is_collector": false,
                    "isrequired": false,
                    "issearchable": true,
                    "istopnode": false,
                    "name": "Publisher Name Metatype",
                    "nodegroup_id": "9247f479-992e-11ea-867d-f875a44e0e11",
                    "nodeid": "92481b4d-992e-11ea-bb63-f875a44e0e11",
                    "ontologyclass": "http://www.cidoc-crm.org/cidoc-crm/E55_Type",
                    "parentproperty": "http://www.cidoc-crm.org/cidoc-crm/P2_has_type",
                    "sortorder": 0
                },
                {
                    "config": null,
                    "datatype": "string",
                    "description": null,
                    "exportable": false,
                    "fieldname": null,
                    "graph_id": "9247f478-992e-11ea-9c2f-f875a44e0e11",
                    "is_collector": false,
                    "isrequired": false,
                    "issearchable": true,
                    "istopnode": false,
                    "name": "Publisher",
                    "nodegroup_id": "9247f479-992e-11ea-867d-f875a44e0e11",
                    "nodeid": "92481b4e-992e-11ea-96b0-f875a44e0e11",
                    "ontologyclass": "http://www.w3.org/2000/01/rdf-schema#Literal",
                    "parentproperty": "http://www.cidoc-crm.org/cidoc-crm/P3_has_note",
                    "sortorder": 0
                },
                {
                    "config": null,
                    "datatype": "semantic",
                    "description": "",
                    "exportable": false,
                    "fieldname": "",
                    "graph_id": "9247f478-992e-11ea-9c2f-f875a44e0e11",
                    "is_collector": false,
                    "isrequired": false,
                    "issearchable": true,
                    "istopnode": false,
                    "name": "Publisher Names",
                    "nodegroup_id": "9247f479-992e-11ea-867d-f875a44e0e11",
                    "nodeid": "92481b4f-992e-11ea-814f-f875a44e0e11",
                    "ontologyclass": "http://www.cidoc-crm.org/cidoc-crm/E41_Appellation",
                    "parentproperty": "http://www.cidoc-crm.org/cidoc-crm/P1_is_identified_by",
                    "sortorder": 0
                },
                {
                    "config": {
                        "rdmCollection": "3e545767-c46c-4fe7-8754-c24528ba0842"
                    },
                    "datatype": "concept",
                    "description": null,
                    "exportable": false,
                    "fieldname": null,
                    "graph_id": "9247f478-992e-11ea-9c2f-f875a44e0e11",
                    "is_collector": false,
                    "isrequired": false,
                    "issearchable": true,
                    "istopnode": false,
                    "name": "Publisher Name Type",
                    "nodegroup_id": "9247f479-992e-11ea-867d-f875a44e0e11",
                    "nodeid": "92481b51-992e-11ea-b413-f875a44e0e11",
                    "ontologyclass": "http://www.cidoc-crm.org/cidoc-crm/E55_Type",
                    "parentproperty": "http://www.cidoc-crm.org/cidoc-crm/P2_has_type",
                    "sortorder": 0
                },
                {
                    "config": {
                        "rdmCollection": "3e545767-c46c-4fe7-8754-c24528ba0842"
                    },
                    "datatype": "concept",
                    "description": null,
                    "exportable": false,
                    "fieldname": null,
                    "graph_id": "9247f478-992e-11ea-9c2f-f875a44e0e11",
                    "is_collector": false,
                    "isrequired": false,
                    "issearchable": true,
                    "istopnode": false,
                    "name": "Publication Placename Type",
                    "nodegroup_id": "9247f479-992e-11ea-867d-f875a44e0e11",
                    "nodeid": "92481b52-992e-11ea-a505-f875a44e0e11",
                    "ontologyclass": "http://www.cidoc-crm.org/cidoc-crm/E55_Type",
                    "parentproperty": "http://www.cidoc-crm.org/cidoc-crm/P2_has_type",
                    "sortorder": 0
                },
                {
                    "config": {
                        "rdmCollection": "1e63c514-eb9d-48d3-94b5-35e060e5f368"
                    },
                    "datatype": "concept",
                    "description": null,
                    "exportable": false,
                    "fieldname": null,
                    "graph_id": "9247f478-992e-11ea-9c2f-f875a44e0e11",
                    "is_collector": false,
                    "isrequired": false,
                    "issearchable": true,
                    "istopnode": false,
                    "name": "Publication Placename Metatype",
                    "nodegroup_id": "9247f479-992e-11ea-867d-f875a44e0e11",
                    "nodeid": "92481b54-992e-11ea-beee-f875a44e0e11",
                    "ontologyclass": "http://www.cidoc-crm.org/cidoc-crm/E55_Type",
                    "parentproperty": "http://www.cidoc-crm.org/cidoc-crm/P2_has_type",
                    "sortorder": 0
                },
                {
                    "config": null,
                    "datatype": "semantic",
                    "description": "Represents a single node in a graph",
                    "exportable": false,
                    "fieldname": "",
                    "graph_id": "9247f478-992e-11ea-9c2f-f875a44e0e11",
                    "is_collector": false,
                    "isrequired": false,
                    "issearchable": true,
                    "istopnode": false,
                    "name": "Publication Time Span",
                    "nodegroup_id": "9247f479-992e-11ea-867d-f875a44e0e11",
                    "nodeid": "92481b55-992e-11ea-a516-f875a44e0e11",
                    "ontologyclass": "http://www.cidoc-crm.org/cidoc-crm/E52_Time-Span",
                    "parentproperty": "http://www.cidoc-crm.org/cidoc-crm/P4_has_time-span",
                    "sortorder": 0
                },
                {
                    "config": null,
                    "datatype": "semantic",
                    "description": "Represents a single node in a graph",
                    "exportable": false,
                    "fieldname": "",
                    "graph_id": "9247f478-992e-11ea-9c2f-f875a44e0e11",
                    "is_collector": false,
                    "isrequired": false,
                    "issearchable": true,
                    "istopnode": false,
                    "name": "Publishers",
                    "nodegroup_id": "9247f479-992e-11ea-867d-f875a44e0e11",
                    "nodeid": "92481b56-992e-11ea-97e8-f875a44e0e11",
                    "ontologyclass": "http://www.cidoc-crm.org/cidoc-crm/E39_Actor",
                    "parentproperty": "http://www.cidoc-crm.org/cidoc-crm/P14_carried_out_by",
                    "sortorder": 0
                },
                {
                    "config": null,
                    "datatype": "semantic",
                    "description": "Represents a single node in a graph",
                    "exportable": false,
                    "fieldname": "",
                    "graph_id": "9247f478-992e-11ea-9c2f-f875a44e0e11",
                    "is_collector": false,
                    "isrequired": false,
                    "issearchable": true,
                    "istopnode": false,
                    "name": "Publication Event",
                    "nodegroup_id": "9247f479-992e-11ea-867d-f875a44e0e11",
                    "nodeid": "92481b57-992e-11ea-81cf-f875a44e0e11",
                    "ontologyclass": "http://www.cidoc-crm.org/cidoc-crm/E12_Production",
                    "parentproperty": "http://www.cidoc-crm.org/cidoc-crm/P108i_was_produced_by",
                    "sortorder": 0
                },
                {
                    "config": {
                        "fuzzy_day_padding": 1,
                        "fuzzy_month_padding": 1,
                        "fuzzy_season_padding": 12,
                        "fuzzy_year_padding": 1,
                        "multiplier_if_approximate": 1,
                        "multiplier_if_both": 1,
                        "multiplier_if_uncertain": 1
                    },
                    "datatype": "edtf",
                    "description": "Represents a single node in a graph",
                    "exportable": false,
                    "fieldname": "",
                    "graph_id": "9247f478-992e-11ea-9c2f-f875a44e0e11",
                    "is_collector": false,
                    "isrequired": false,
                    "issearchable": true,
                    "istopnode": false,
                    "name": "Date of Publication",
                    "nodegroup_id": "9247f479-992e-11ea-867d-f875a44e0e11",
                    "nodeid": "92481b59-992e-11ea-86a8-f875a44e0e11",
                    "ontologyclass": "http://www.cidoc-crm.org/cidoc-crm/E61_Time_Primitive",
                    "parentproperty": "http://www.cidoc-crm.org/cidoc-crm/P82_at_some_time_within",
                    "sortorder": 0
                },
                {
                    "config": null,
                    "datatype": "semantic",
                    "description": "Represents a single node in a graph",
                    "exportable": false,
                    "fieldname": "",
                    "graph_id": "9247f478-992e-11ea-9c2f-f875a44e0e11",
                    "is_collector": false,
                    "isrequired": false,
                    "issearchable": true,
                    "istopnode": false,
                    "name": "Place of Publication",
                    "nodegroup_id": "9247f479-992e-11ea-867d-f875a44e0e11",
                    "nodeid": "92481b58-992e-11ea-a41b-f875a44e0e11",
                    "ontologyclass": "http://www.cidoc-crm.org/cidoc-crm/E53_Place",
                    "parentproperty": "http://www.cidoc-crm.org/cidoc-crm/P7_took_place_at",
                    "sortorder": 0
                },
                {
                    "config": null,
                    "datatype": "string",
                    "description": null,
                    "exportable": false,
                    "fieldname": null,
                    "graph_id": "9247f478-992e-11ea-9c2f-f875a44e0e11",
                    "is_collector": false,
                    "isrequired": false,
                    "issearchable": true,
                    "istopnode": false,
                    "name": "Publication Placename Value",
                    "nodegroup_id": "9247f479-992e-11ea-867d-f875a44e0e11",
                    "nodeid": "92481b50-992e-11ea-b46b-f875a44e0e11",
                    "ontologyclass": "http://www.w3.org/2000/01/rdf-schema#Literal",
                    "parentproperty": "http://www.cidoc-crm.org/cidoc-crm/P3_has_note",
                    "sortorder": 0
                },
                {
                    "config": null,
                    "datatype": "semantic",
                    "description": "",
                    "exportable": false,
                    "fieldname": "",
                    "graph_id": "9247f478-992e-11ea-9c2f-f875a44e0e11",
                    "is_collector": false,
                    "isrequired": false,
                    "issearchable": true,
                    "istopnode": false,
                    "name": "Publication Placename",
                    "nodegroup_id": "9247f479-992e-11ea-867d-f875a44e0e11",
                    "nodeid": "92481b53-992e-11ea-81b8-f875a44e0e11",
                    "ontologyclass": "http://www.cidoc-crm.org/cidoc-crm/E41_Appellation",
                    "parentproperty": "http://www.cidoc-crm.org/cidoc-crm/P1_is_identified_by",
                    "sortorder": 0
                }
            ],
            "ontology_id": "e6e8db47-2ccf-11e6-927e-b8f6b115d7dd",
            "relatable_resource_model_ids": [],
            "resource_2_resource_constraints": [],
            "root": {
                "config": {
                    "fillColor": "rgba(233,112,111,0.8)"
                },
                "datatype": "semantic",
                "description": "",
                "exportable": false,
                "fieldname": "",
                "graph_id": "9247f478-992e-11ea-9c2f-f875a44e0e11",
                "is_collector": true,
                "isrequired": false,
                "issearchable": true,
                "istopnode": true,
                "name": "Publication",
                "nodegroup_id": "9247f479-992e-11ea-867d-f875a44e0e11",
                "nodeid": "9247f479-992e-11ea-867d-f875a44e0e11",
                "ontologyclass": "http://www.cidoc-crm.org/cidoc-crm/E22_Human-Made_Object",
                "sortorder": 0
            },
            "slug": null,
            "subtitle": "",
            "template_id": "50000000-0000-0000-0000-000000000001",
            "version": ""
        }
    ]
}