{
    "graph": [
        {
            "author": "",
            "cards": [
                {
                    "active": true,
                    "cardid": "7e987d1f-992d-11ea-94cb-f875a44e0e11",
                    "component_id": "f05e4d3a-53c1-11e8-b0ea-784f435179ea",
                    "config": {
                        "displayAsTable": true
                    },
                    "constraints": [],
                    "cssclass": null,
                    "description": "",
                    "graph_id": "7e987d1c-992d-11ea-8117-f875a44e0e11",
                    "helpenabled": false,
                    "helptext": null,
                    "helptitle": null,
                    "instructions": null,
                    "is_editable": true,
                    "name": "References",
                    "nodegroup_id": "7e987d1d-992d-11ea-a956-f875a44e0e11",
                    "sortorder": 8,
                    "visible": true
                }
            ],
            "cards_x_nodes_x_widgets": [
                {
                    "card_id": "7e987d1f-992d-11ea-94cb-f875a44e0e11",
                    "config": {
                        "defaultValue": "7346be23-bff6-42dc-91d0-7c5182aa0031",
                        "label": "Reference Number Metatype",
                        "options": [],
                        "placeholder": "Select an option"
                    },
                    "id": "7e98a442-992d-11ea-9419-f875a44e0e11",
                    "label": "Reference Number Metatype",
                    "node_id": "7e98a441-992d-11ea-a507-f875a44e0e11",
                    "sortorder": 2,
                    "visible": false,
                    "widget_id": "10000000-0000-0000-0000-000000000002"
                },
                {
                    "card_id": "7e987d1f-992d-11ea-94cb-f875a44e0e11",
                    "config": {
                        "defaultValue": "",
                        "label": "Reference Number Type",
                        "options": [],
                        "placeholder": "Select an option"
                    },
                    "id": "7e98a443-992d-11ea-b188-f875a44e0e11",
                    "label": "Reference Number Type",
                    "node_id": "7e98a440-992d-11ea-9ced-f875a44e0e11",
                    "sortorder": 1,
                    "visible": true,
                    "widget_id": "10000000-0000-0000-0000-000000000015"
                },
                {
                    "card_id": "7e987d1f-992d-11ea-94cb-f875a44e0e11",
                    "config": {
                        "defaultValue": "",
                        "label": "Reference Number",
                        "maxLength": null,
                        "placeholder": "Enter text",
                        "width": "100%"
                    },
                    "id": "7e98a444-992d-11ea-85b5-f875a44e0e11",
                    "label": "Reference Number",
                    "node_id": "7e987d20-992d-11ea-b76b-f875a44e0e11",
                    "sortorder": 0,
                    "visible": true,
                    "widget_id": "10000000-0000-0000-0000-000000000001"
                }
            ],
            "color": null,
            "config": {},
            "deploymentdate": null,
            "deploymentfile": null,
            "description": "",
            "edges": [
                {
                    "description": null,
                    "domainnode_id": "7e987d1d-992d-11ea-a956-f875a44e0e11",
                    "edgeid": "7e98a445-992d-11ea-906f-f875a44e0e11",
                    "graph_id": "7e987d1c-992d-11ea-8117-f875a44e0e11",
                    "name": null,
                    "ontologyproperty": "http://www.cidoc-crm.org/cidoc-crm/P2_has_type",
                    "rangenode_id": "7e98a440-992d-11ea-9ced-f875a44e0e11"
                },
                {
                    "description": null,
                    "domainnode_id": "7e987d1d-992d-11ea-a956-f875a44e0e11",
                    "edgeid": "7e98a446-992d-11ea-8276-f875a44e0e11",
                    "graph_id": "7e987d1c-992d-11ea-8117-f875a44e0e11",
                    "name": null,
                    "ontologyproperty": "http://www.cidoc-crm.org/cidoc-crm/P3_has_note",
                    "rangenode_id": "7e987d20-992d-11ea-b76b-f875a44e0e11"
                },
                {
                    "description": null,
                    "domainnode_id": "7e98a440-992d-11ea-9ced-f875a44e0e11",
                    "edgeid": "7e98a447-992d-11ea-8f02-f875a44e0e11",
                    "graph_id": "7e987d1c-992d-11ea-8117-f875a44e0e11",
                    "name": null,
                    "ontologyproperty": "http://www.cidoc-crm.org/cidoc-crm/P2_has_type",
                    "rangenode_id": "7e98a441-992d-11ea-a507-f875a44e0e11"
                }
            ],
            "functions_x_graphs": [],
            "graphid": "7e987d1c-992d-11ea-8117-f875a44e0e11",
            "iconclass": "fa fa-square-o",
            "is_editable": true,
            "isactive": true,
            "isresource": false,
            "jsonldcontext": null,
            "name": "References",
            "nodegroups": [
                {
                    "cardinality": "n",
                    "legacygroupid": null,
                    "nodegroupid": "7e987d1d-992d-11ea-a956-f875a44e0e11",
                    "parentnodegroup_id": null
                }
            ],
            "nodes": [
                {
                    "config": null,
                    "datatype": "string",
                    "description": null,
                    "exportable": false,
                    "fieldname": "",
                    "graph_id": "7e987d1c-992d-11ea-8117-f875a44e0e11",
                    "is_collector": false,
                    "isrequired": true,
                    "issearchable": true,
                    "istopnode": false,
                    "name": "Reference Number",
                    "nodegroup_id": "7e987d1d-992d-11ea-a956-f875a44e0e11",
                    "nodeid": "7e987d20-992d-11ea-b76b-f875a44e0e11",
                    "ontologyclass": "http://www.w3.org/2000/01/rdf-schema#Literal",
                    "parentproperty": "http://www.cidoc-crm.org/cidoc-crm/P3_has_note",
                    "sortorder": 0
                },
                {
                    "config": {
                        "options": [],
                        "rdmCollection": "c223718d-cdc1-4c5f-997b-7d67018e27f7"
                    },
                    "datatype": "concept",
                    "description": null,
                    "exportable": false,
                    "fieldname": "",
                    "graph_id": "7e987d1c-992d-11ea-8117-f875a44e0e11",
                    "is_collector": false,
                    "isrequired": false,
                    "issearchable": true,
                    "istopnode": false,
                    "name": "Reference Number Type",
                    "nodegroup_id": "7e987d1d-992d-11ea-a956-f875a44e0e11",
                    "nodeid": "7e98a440-992d-11ea-9ced-f875a44e0e11",
                    "ontologyclass": "http://www.cidoc-crm.org/cidoc-crm/E55_Type",
                    "parentproperty": "http://www.cidoc-crm.org/cidoc-crm/P2_has_type",
                    "sortorder": 0
                },
                {
                    "config": {
                        "rdmCollection": "1e63c514-eb9d-48d3-94b5-35e060e5f368"
                    },
                    "datatype": "concept",
                    "description": null,
                    "exportable": false,
                    "fieldname": null,
                    "graph_id": "7e987d1c-992d-11ea-8117-f875a44e0e11",
                    "is_collector": false,
                    "isrequired": false,
                    "issearchable": true,
                    "istopnode": false,
                    "name": "Reference Number Metatype",
                    "nodegroup_id": "7e987d1d-992d-11ea-a956-f875a44e0e11",
                    "nodeid": "7e98a441-992d-11ea-a507-f875a44e0e11",
                    "ontologyclass": "http://www.cidoc-crm.org/cidoc-crm/E55_Type",
                    "parentproperty": "http://www.cidoc-crm.org/cidoc-crm/P2_has_type",
                    "sortorder": 0
                },
                {
                    "config": null,
                    "datatype": "semantic",
                    "description": null,
                    "exportable": false,
                    "fieldname": "",
                    "graph_id": "7e987d1c-992d-11ea-8117-f875a44e0e11",
                    "is_collector": true,
                    "isrequired": false,
                    "issearchable": true,
                    "istopnode": true,
                    "name": "References",
                    "nodegroup_id": "7e987d1d-992d-11ea-a956-f875a44e0e11",
                    "nodeid": "7e987d1d-992d-11ea-a956-f875a44e0e11",
                    "ontologyclass": "http://www.cidoc-crm.org/cidoc-crm/E42_Identifier",
                    "parentproperty": "",
                    "sortorder": 0
                }
            ],
            "ontology_id": "e6e8db47-2ccf-11e6-927e-b8f6b115d7dd",
            "relatable_resource_model_ids": [],
            "resource_2_resource_constraints": [],
            "root": {
                "config": null,
                "datatype": "semantic",
                "description": null,
                "exportable": false,
                "fieldname": "",
                "graph_id": "7e987d1c-992d-11ea-8117-f875a44e0e11",
                "is_collector": true,
                "isrequired": false,
                "issearchable": true,
                "istopnode": true,
                "name": "References",
                "nodegroup_id": "7e987d1d-992d-11ea-a956-f875a44e0e11",
                "nodeid": "7e987d1d-992d-11ea-a956-f875a44e0e11",
                "ontologyclass": "http://www.cidoc-crm.org/cidoc-crm/E42_Identifier",
                "sortorder": 0
            },
            "slug": null,
            "subtitle": "",
            "template_id": "50000000-0000-0000-0000-000000000001",
            "version": ""
        }
    ]
}