{
    "graph": [
        {
            "author": "",
            "cards": [
                {
                    "active": true,
                    "cardid": "e1853944-afcf-11ea-b77e-f875a44e0e11",
                    "component_id": "f05e4d3a-53c1-11e8-b0ea-784f435179ea",
                    "config": null,
                    "constraints": [],
                    "cssclass": null,
                    "description": "",
                    "graph_id": "e1851264-afcf-11ea-b2e2-f875a44e0e11",
                    "helpenabled": false,
                    "helptext": null,
                    "helptitle": null,
                    "instructions": "Details the current location and keeper of the resource.",
                    "is_editable": true,
                    "name": "Repository Storage Location",
                    "nodegroup_id": "e1853942-afcf-11ea-bbc9-f875a44e0e11",
                    "sortorder": null,
                    "visible": true
                }
            ],
            "cards_x_nodes_x_widgets": [
                {
                    "card_id": "e1853944-afcf-11ea-b77e-f875a44e0e11",
                    "config": {
                        "defaultValue": "c2051d53-40e7-4a2d-a4b4-02a31da37fd1",
                        "label": "Storage Building Name Currency",
                        "options": [],
                        "placeholder": "Select an option"
                    },
                    "id": "e1853954-afcf-11ea-ad3f-f875a44e0e11",
                    "label": "Storage Building Name Currency",
                    "node_id": "e1853947-afcf-11ea-9b18-f875a44e0e11",
                    "sortorder": 2,
                    "visible": false,
                    "widget_id": "10000000-0000-0000-0000-000000000002"
                },
                {
                    "card_id": "e1853944-afcf-11ea-b77e-f875a44e0e11",
                    "config": {
                        "defaultValue": "4e4e344a-8861-423b-8656-8c58749aaca6",
                        "label": "Storage Building Name Type",
                        "options": [],
                        "placeholder": "Select an option"
                    },
                    "id": "e1853955-afcf-11ea-b303-f875a44e0e11",
                    "label": "Storage Building Name Type",
                    "node_id": "e1853949-afcf-11ea-92c5-f875a44e0e11",
                    "sortorder": 3,
                    "visible": false,
                    "widget_id": "10000000-0000-0000-0000-000000000002"
                },
                {
                    "card_id": "e1853944-afcf-11ea-b77e-f875a44e0e11",
                    "config": {
                        "defaultValue": "a0e096e2-f5ae-4579-950d-3040714713b4",
                        "label": "Storage Building Name Metatype",
                        "options": [],
                        "placeholder": "Select an option"
                    },
                    "id": "e1853956-afcf-11ea-8b9e-f875a44e0e11",
                    "label": "Storage Building Name Metatype",
                    "node_id": "e185394b-afcf-11ea-9155-f875a44e0e11",
                    "sortorder": 4,
                    "visible": false,
                    "widget_id": "10000000-0000-0000-0000-000000000002"
                },
                {
                    "card_id": "e1853944-afcf-11ea-b77e-f875a44e0e11",
                    "config": {
                        "defaultValue": "04a4c4d5-5a5e-4018-93aa-65abaa53fb53",
                        "label": "Storage Building Name Use Metatype",
                        "options": [],
                        "placeholder": "Select an option"
                    },
                    "id": "e1853957-afcf-11ea-8a8c-f875a44e0e11",
                    "label": "Storage Building Name Use Metatype",
                    "node_id": "e185394c-afcf-11ea-b0f4-f875a44e0e11",
                    "sortorder": 6,
                    "visible": false,
                    "widget_id": "10000000-0000-0000-0000-000000000002"
                },
                {
                    "card_id": "e1853944-afcf-11ea-b77e-f875a44e0e11",
                    "config": {
                        "defaultValue": "5a88136a-bf3a-4b48-a830-a7f42000dd24",
                        "label": "Storage Building Name Currency Metatype",
                        "options": [],
                        "placeholder": "Select an option"
                    },
                    "id": "e1853958-afcf-11ea-b13b-f875a44e0e11",
                    "label": "Storage Building Name Currency Metatype",
                    "node_id": "e185394d-afcf-11ea-ab1f-f875a44e0e11",
                    "sortorder": 7,
                    "visible": false,
                    "widget_id": "10000000-0000-0000-0000-000000000002"
                },
                {
                    "card_id": "e1853944-afcf-11ea-b77e-f875a44e0e11",
                    "config": {
                        "defaultValue": null,
                        "label": "Storage Building Name",
                        "maxLength": null,
                        "placeholder": "Where known, enter the name of the building in which the resource is stored. This may differ from the name of the organization or repository that owns the object.",
                        "width": "100%"
                    },
                    "id": "e1853959-afcf-11ea-aa4c-f875a44e0e11",
                    "label": "Storage Building Name",
                    "node_id": "e1853951-afcf-11ea-91c2-f875a44e0e11",
                    "sortorder": 1,
                    "visible": true,
                    "widget_id": "10000000-0000-0000-0000-000000000001"
                },
                {
                    "card_id": "e1853944-afcf-11ea-b77e-f875a44e0e11",
                    "config": {
                        "defaultValue": "2df285fa-9cf2-45e7-bc05-a67b7d7ddc2f",
                        "label": "Storage Building Name Use Type",
                        "options": [],
                        "placeholder": "Select an option"
                    },
                    "id": "e185395a-afcf-11ea-8e3f-f875a44e0e11",
                    "label": "Storage Building Name Use Type",
                    "node_id": "e185394f-afcf-11ea-b93e-f875a44e0e11",
                    "sortorder": 5,
                    "visible": false,
                    "widget_id": "10000000-0000-0000-0000-000000000002"
                },
                {
                    "card_id": "e1853944-afcf-11ea-b77e-f875a44e0e11",
                    "config": {
                        "defaultValue": "c513dfd9-a447-48e0-ae58-8723804aec07",
                        "label": "Storage Area Name Type",
                        "options": [],
                        "placeholder": "Select an option"
                    },
                    "id": "e185395b-afcf-11ea-9394-f875a44e0e11",
                    "label": "Storage Area Name Type",
                    "node_id": "e1853945-afcf-11ea-afe1-f875a44e0e11",
                    "sortorder": 9,
                    "visible": false,
                    "widget_id": "10000000-0000-0000-0000-000000000002"
                },
                {
                    "card_id": "e1853944-afcf-11ea-b77e-f875a44e0e11",
                    "config": {
                        "defaultValue": "a0e096e2-f5ae-4579-950d-3040714713b4",
                        "label": "Storage Area Name Metatype",
                        "options": [],
                        "placeholder": "Select an option"
                    },
                    "id": "e185395c-afcf-11ea-8ffc-f875a44e0e11",
                    "label": "Storage Area Name Metatype",
                    "node_id": "e1853946-afcf-11ea-bbf6-f875a44e0e11",
                    "sortorder": 10,
                    "visible": false,
                    "widget_id": "10000000-0000-0000-0000-000000000002"
                },
                {
                    "card_id": "e1853944-afcf-11ea-b77e-f875a44e0e11",
                    "config": {
                        "label": "Repository owner",
                        "placeholder": "Select the Organization or Person that is the current keeper of the resource."
                    },
                    "id": "e1853952-afcf-11ea-86e3-f875a44e0e11",
                    "label": "Repository owner",
                    "node_id": "e1853950-afcf-11ea-b014-f875a44e0e11",
                    "sortorder": 0,
                    "visible": true,
                    "widget_id": "ff3c400a-76ec-11e7-a793-784f435179ea"
                },
                {
                    "card_id": "e1853944-afcf-11ea-b77e-f875a44e0e11",
                    "config": {
                        "defaultValue": null,
                        "label": "Storage Area Name",
                        "maxLength": null,
                        "placeholder": "Where known, enter the name of the storage area within the building, eg. Box 4, Shelf 3, Room 27",
                        "width": "100%"
                    },
                    "id": "e1853953-afcf-11ea-80e3-f875a44e0e11",
                    "label": "Storage Area Name",
                    "node_id": "e1853948-afcf-11ea-8e0c-f875a44e0e11",
                    "sortorder": 8,
                    "visible": true,
                    "widget_id": "10000000-0000-0000-0000-000000000001"
                }
            ],
            "color": null,
            "config": {
                "basemap": "Light Streets",
                "bearing": 0,
                "centerX": "-0.5386290125902633",
                "centerY": "53.22925936111753",
                "defaultValue": "",
                "defaultValueType": 0,
                "featureColor": "rgba(119,156,16,0.67)",
                "featureEditingDisabled": true,
                "featureLineWidth": 1,
                "featurePointSize": 6,
                "geocodePlaceholder": "Search",
                "geocodeProvider": "10000000-0000-0000-0000-010000000000",
                "geocoderVisible": true,
                "geometryTypes": [
                    {
                        "id": "Point",
                        "text": "Point"
                    },
                    {
                        "id": "Line",
                        "text": "Line"
                    },
                    {
                        "id": "Polygon",
                        "text": "Polygon"
                    }
                ],
                "mapControlsHidden": false,
                "maxZoom": "18",
                "minZoom": 0,
                "overlayConfigs": [],
                "overlayOpacity": 0,
                "pitch": 0,
                "zoom": "12.25666880448824"
            },
            "deploymentdate": null,
            "deploymentfile": null,
            "description": "",
            "edges": [
                {
                    "description": null,
                    "domainnode_id": "e1853947-afcf-11ea-9b18-f875a44e0e11",
                    "edgeid": "e185608c-afcf-11ea-b684-f875a44e0e11",
                    "graph_id": "e1851264-afcf-11ea-b2e2-f875a44e0e11",
                    "name": null,
                    "ontologyproperty": "http://www.cidoc-crm.org/cidoc-crm/P2_has_type",
                    "rangenode_id": "e185394d-afcf-11ea-ab1f-f875a44e0e11"
                },
                {
                    "description": null,
                    "domainnode_id": "e1853942-afcf-11ea-bbc9-f875a44e0e11",
                    "edgeid": "e185608d-afcf-11ea-954f-f875a44e0e11",
                    "graph_id": "e1851264-afcf-11ea-b2e2-f875a44e0e11",
                    "name": null,
                    "ontologyproperty": "http://www.cidoc-crm.org/cidoc-crm/P1_is_identified_by",
                    "rangenode_id": "e185394e-afcf-11ea-8640-f875a44e0e11"
                },
                {
                    "description": null,
                    "domainnode_id": "e185394a-afcf-11ea-b708-f875a44e0e11",
                    "edgeid": "e185608e-afcf-11ea-b596-f875a44e0e11",
                    "graph_id": "e1851264-afcf-11ea-b2e2-f875a44e0e11",
                    "name": null,
                    "ontologyproperty": "http://www.cidoc-crm.org/cidoc-crm/P2_has_type",
                    "rangenode_id": "e1853945-afcf-11ea-afe1-f875a44e0e11"
                },
                {
                    "description": null,
                    "domainnode_id": "e185394a-afcf-11ea-b708-f875a44e0e11",
                    "edgeid": "e1856082-afcf-11ea-8669-f875a44e0e11",
                    "graph_id": "e1851264-afcf-11ea-b2e2-f875a44e0e11",
                    "name": null,
                    "ontologyproperty": "http://www.cidoc-crm.org/cidoc-crm/P3_has_note",
                    "rangenode_id": "e1853948-afcf-11ea-8e0c-f875a44e0e11"
                },
                {
                    "description": null,
                    "domainnode_id": "e1853945-afcf-11ea-afe1-f875a44e0e11",
                    "edgeid": "e1856083-afcf-11ea-a4bc-f875a44e0e11",
                    "graph_id": "e1851264-afcf-11ea-b2e2-f875a44e0e11",
                    "name": null,
                    "ontologyproperty": "http://www.cidoc-crm.org/cidoc-crm/P2_has_type",
                    "rangenode_id": "e1853946-afcf-11ea-bbf6-f875a44e0e11"
                },
                {
                    "description": null,
                    "domainnode_id": "e185394e-afcf-11ea-8640-f875a44e0e11",
                    "edgeid": "e1856084-afcf-11ea-879a-f875a44e0e11",
                    "graph_id": "e1851264-afcf-11ea-b2e2-f875a44e0e11",
                    "name": null,
                    "ontologyproperty": "http://www.cidoc-crm.org/cidoc-crm/P2_has_type",
                    "rangenode_id": "e1853947-afcf-11ea-9b18-f875a44e0e11"
                },
                {
                    "description": null,
                    "domainnode_id": "e185394e-afcf-11ea-8640-f875a44e0e11",
                    "edgeid": "e1856085-afcf-11ea-ae04-f875a44e0e11",
                    "graph_id": "e1851264-afcf-11ea-b2e2-f875a44e0e11",
                    "name": null,
                    "ontologyproperty": "http://www.cidoc-crm.org/cidoc-crm/P2_has_type",
                    "rangenode_id": "e185394f-afcf-11ea-b93e-f875a44e0e11"
                },
                {
                    "description": null,
                    "domainnode_id": "e185394e-afcf-11ea-8640-f875a44e0e11",
                    "edgeid": "e1856086-afcf-11ea-b802-f875a44e0e11",
                    "graph_id": "e1851264-afcf-11ea-b2e2-f875a44e0e11",
                    "name": null,
                    "ontologyproperty": "http://www.cidoc-crm.org/cidoc-crm/P2_has_type",
                    "rangenode_id": "e1853949-afcf-11ea-92c5-f875a44e0e11"
                },
                {
                    "description": null,
                    "domainnode_id": "e185394e-afcf-11ea-8640-f875a44e0e11",
                    "edgeid": "e1856087-afcf-11ea-8e69-f875a44e0e11",
                    "graph_id": "e1851264-afcf-11ea-b2e2-f875a44e0e11",
                    "name": null,
                    "ontologyproperty": "http://www.cidoc-crm.org/cidoc-crm/P3_has_note",
                    "rangenode_id": "e1853951-afcf-11ea-91c2-f875a44e0e11"
                },
                {
                    "description": null,
                    "domainnode_id": "e1853949-afcf-11ea-92c5-f875a44e0e11",
                    "edgeid": "e1856088-afcf-11ea-a17a-f875a44e0e11",
                    "graph_id": "e1851264-afcf-11ea-b2e2-f875a44e0e11",
                    "name": null,
                    "ontologyproperty": "http://www.cidoc-crm.org/cidoc-crm/P2_has_type",
                    "rangenode_id": "e185394b-afcf-11ea-9155-f875a44e0e11"
                },
                {
                    "description": null,
                    "domainnode_id": "e1853942-afcf-11ea-bbc9-f875a44e0e11",
                    "edgeid": "e1856089-afcf-11ea-a62f-f875a44e0e11",
                    "graph_id": "e1851264-afcf-11ea-b2e2-f875a44e0e11",
                    "name": null,
                    "ontologyproperty": "http://www.cidoc-crm.org/cidoc-crm/P1_is_identified_by",
                    "rangenode_id": "e185394a-afcf-11ea-b708-f875a44e0e11"
                },
                {
                    "description": null,
                    "domainnode_id": "e1853942-afcf-11ea-bbc9-f875a44e0e11",
                    "edgeid": "e185608a-afcf-11ea-b224-f875a44e0e11",
                    "graph_id": "e1851264-afcf-11ea-b2e2-f875a44e0e11",
                    "name": null,
                    "ontologyproperty": "http://www.cidoc-crm.org/cidoc-crm/P74i_is_current_or_former_residence_of",
                    "rangenode_id": "e1853950-afcf-11ea-b014-f875a44e0e11"
                },
                {
                    "description": null,
                    "domainnode_id": "e185394f-afcf-11ea-b93e-f875a44e0e11",
                    "edgeid": "e185608b-afcf-11ea-94ae-f875a44e0e11",
                    "graph_id": "e1851264-afcf-11ea-b2e2-f875a44e0e11",
                    "name": null,
                    "ontologyproperty": "http://www.cidoc-crm.org/cidoc-crm/P2_has_type",
                    "rangenode_id": "e185394c-afcf-11ea-b0f4-f875a44e0e11"
                }
            ],
            "functions_x_graphs": [],
            "graphid": "e1851264-afcf-11ea-b2e2-f875a44e0e11",
            "iconclass": "fa fa-bank",
            "is_editable": true,
            "isactive": true,
            "isresource": false,
            "jsonldcontext": null,
            "name": "Repository Storage Location",
            "nodegroups": [
                {
                    "cardinality": "1",
                    "legacygroupid": null,
                    "nodegroupid": "e1853942-afcf-11ea-bbc9-f875a44e0e11",
                    "parentnodegroup_id": null
                }
            ],
            "nodes": [
                {
                    "config": null,
                    "datatype": "semantic",
                    "description": "Represents a single node in a graph",
                    "exportable": false,
                    "fieldname": "",
                    "graph_id": "e1851264-afcf-11ea-b2e2-f875a44e0e11",
                    "is_collector": true,
                    "isrequired": false,
                    "issearchable": true,
                    "istopnode": true,
                    "name": "Repository Storage Location",
                    "nodegroup_id": "e1853942-afcf-11ea-bbc9-f875a44e0e11",
                    "nodeid": "e1853942-afcf-11ea-bbc9-f875a44e0e11",
                    "ontologyclass": "http://www.cidoc-crm.org/cidoc-crm/E53_Place",
                    "parentproperty": "",
                    "sortorder": 0
                },
                {
                    "config": {
                        "rdmCollection": "3e545767-c46c-4fe7-8754-c24528ba0842"
                    },
                    "datatype": "concept",
                    "description": "",
                    "exportable": false,
                    "fieldname": null,
                    "graph_id": "e1851264-afcf-11ea-b2e2-f875a44e0e11",
                    "is_collector": false,
                    "isrequired": false,
                    "issearchable": true,
                    "istopnode": false,
                    "name": "Storage Area Name Type",
                    "nodegroup_id": "e1853942-afcf-11ea-bbc9-f875a44e0e11",
                    "nodeid": "e1853945-afcf-11ea-afe1-f875a44e0e11",
                    "ontologyclass": "http://www.cidoc-crm.org/cidoc-crm/E55_Type",
                    "parentproperty": "http://www.cidoc-crm.org/cidoc-crm/P2_has_type",
                    "sortorder": 0
                },
                {
                    "config": {
                        "rdmCollection": "1e63c514-eb9d-48d3-94b5-35e060e5f368"
                    },
                    "datatype": "concept",
                    "description": null,
                    "exportable": false,
                    "fieldname": null,
                    "graph_id": "e1851264-afcf-11ea-b2e2-f875a44e0e11",
                    "is_collector": false,
                    "isrequired": false,
                    "issearchable": true,
                    "istopnode": false,
                    "name": "Storage Area Name Metatype",
                    "nodegroup_id": "e1853942-afcf-11ea-bbc9-f875a44e0e11",
                    "nodeid": "e1853946-afcf-11ea-bbf6-f875a44e0e11",
                    "ontologyclass": "http://www.cidoc-crm.org/cidoc-crm/E55_Type",
                    "parentproperty": "http://www.cidoc-crm.org/cidoc-crm/P2_has_type",
                    "sortorder": 0
                },
                {
                    "config": {
                        "rdmCollection": "a346ee99-67f6-44cd-87f7-b564ce32cdf3"
                    },
                    "datatype": "concept",
                    "description": null,
                    "exportable": false,
                    "fieldname": null,
                    "graph_id": "e1851264-afcf-11ea-b2e2-f875a44e0e11",
                    "is_collector": false,
                    "isrequired": false,
                    "issearchable": true,
                    "istopnode": false,
                    "name": "Storage Building Name Currency",
                    "nodegroup_id": "e1853942-afcf-11ea-bbc9-f875a44e0e11",
                    "nodeid": "e1853947-afcf-11ea-9b18-f875a44e0e11",
                    "ontologyclass": "http://www.cidoc-crm.org/cidoc-crm/E55_Type",
                    "parentproperty": "http://www.cidoc-crm.org/cidoc-crm/P2_has_type",
                    "sortorder": 0
                },
                {
                    "config": null,
                    "datatype": "string",
                    "description": null,
                    "exportable": true,
                    "fieldname": "Store_Area",
                    "graph_id": "e1851264-afcf-11ea-b2e2-f875a44e0e11",
                    "is_collector": false,
                    "isrequired": false,
                    "issearchable": true,
                    "istopnode": false,
                    "name": "Storage Area Name",
                    "nodegroup_id": "e1853942-afcf-11ea-bbc9-f875a44e0e11",
                    "nodeid": "e1853948-afcf-11ea-8e0c-f875a44e0e11",
                    "ontologyclass": "http://www.w3.org/2000/01/rdf-schema#Literal",
                    "parentproperty": "http://www.cidoc-crm.org/cidoc-crm/P3_has_note",
                    "sortorder": 0
                },
                {
                    "config": null,
                    "datatype": "semantic",
                    "description": "Represents a single node in a graph",
                    "exportable": false,
                    "fieldname": "",
                    "graph_id": "e1851264-afcf-11ea-b2e2-f875a44e0e11",
                    "is_collector": false,
                    "isrequired": false,
                    "issearchable": true,
                    "istopnode": false,
                    "name": "Storage Area Names",
                    "nodegroup_id": "e1853942-afcf-11ea-bbc9-f875a44e0e11",
                    "nodeid": "e185394a-afcf-11ea-b708-f875a44e0e11",
                    "ontologyclass": "http://www.cidoc-crm.org/cidoc-crm/E41_Appellation",
                    "parentproperty": "http://www.cidoc-crm.org/cidoc-crm/P1_is_identified_by",
                    "sortorder": 0
                },
                {
                    "config": {
                        "rdmCollection": "3e545767-c46c-4fe7-8754-c24528ba0842"
                    },
                    "datatype": "concept",
                    "description": null,
                    "exportable": false,
                    "fieldname": null,
                    "graph_id": "e1851264-afcf-11ea-b2e2-f875a44e0e11",
                    "is_collector": false,
                    "isrequired": false,
                    "issearchable": true,
                    "istopnode": false,
                    "name": "Storage Building Name Type",
                    "nodegroup_id": "e1853942-afcf-11ea-bbc9-f875a44e0e11",
                    "nodeid": "e1853949-afcf-11ea-92c5-f875a44e0e11",
                    "ontologyclass": "http://www.cidoc-crm.org/cidoc-crm/E55_Type",
                    "parentproperty": "http://www.cidoc-crm.org/cidoc-crm/P2_has_type",
                    "sortorder": 0
                },
                {
                    "config": {
                        "rdmCollection": "1e63c514-eb9d-48d3-94b5-35e060e5f368"
                    },
                    "datatype": "concept",
                    "description": null,
                    "exportable": false,
                    "fieldname": null,
                    "graph_id": "e1851264-afcf-11ea-b2e2-f875a44e0e11",
                    "is_collector": false,
                    "isrequired": false,
                    "issearchable": true,
                    "istopnode": false,
                    "name": "Storage Building Name Metatype",
                    "nodegroup_id": "e1853942-afcf-11ea-bbc9-f875a44e0e11",
                    "nodeid": "e185394b-afcf-11ea-9155-f875a44e0e11",
                    "ontologyclass": "http://www.cidoc-crm.org/cidoc-crm/E55_Type",
                    "parentproperty": "http://www.cidoc-crm.org/cidoc-crm/P2_has_type",
                    "sortorder": 0
                },
                {
                    "config": {
                        "rdmCollection": "1e63c514-eb9d-48d3-94b5-35e060e5f368"
                    },
                    "datatype": "concept",
                    "description": null,
                    "exportable": false,
                    "fieldname": null,
                    "graph_id": "e1851264-afcf-11ea-b2e2-f875a44e0e11",
                    "is_collector": false,
                    "isrequired": false,
                    "issearchable": true,
                    "istopnode": false,
                    "name": "Storage Building Name Use Metatype",
                    "nodegroup_id": "e1853942-afcf-11ea-bbc9-f875a44e0e11",
                    "nodeid": "e185394c-afcf-11ea-b0f4-f875a44e0e11",
                    "ontologyclass": "http://www.cidoc-crm.org/cidoc-crm/E55_Type",
                    "parentproperty": "http://www.cidoc-crm.org/cidoc-crm/P2_has_type",
                    "sortorder": 0
                },
                {
                    "config": {
                        "rdmCollection": "1e63c514-eb9d-48d3-94b5-35e060e5f368"
                    },
                    "datatype": "concept",
                    "description": null,
                    "exportable": false,
                    "fieldname": null,
                    "graph_id": "e1851264-afcf-11ea-b2e2-f875a44e0e11",
                    "is_collector": false,
                    "isrequired": false,
                    "issearchable": true,
                    "istopnode": false,
                    "name": "Storage Building Name Currency Metatype",
                    "nodegroup_id": "e1853942-afcf-11ea-bbc9-f875a44e0e11",
                    "nodeid": "e185394d-afcf-11ea-ab1f-f875a44e0e11",
                    "ontologyclass": "http://www.cidoc-crm.org/cidoc-crm/E55_Type",
                    "parentproperty": "http://www.cidoc-crm.org/cidoc-crm/P2_has_type",
                    "sortorder": 0
                },
                {
                    "config": null,
                    "datatype": "semantic",
                    "description": "",
                    "exportable": false,
                    "fieldname": "",
                    "graph_id": "e1851264-afcf-11ea-b2e2-f875a44e0e11",
                    "is_collector": false,
                    "isrequired": false,
                    "issearchable": true,
                    "istopnode": false,
                    "name": "Storage Building",
                    "nodegroup_id": "e1853942-afcf-11ea-bbc9-f875a44e0e11",
                    "nodeid": "e185394e-afcf-11ea-8640-f875a44e0e11",
                    "ontologyclass": "http://www.cidoc-crm.org/cidoc-crm/E41_Appellation",
                    "parentproperty": "http://www.cidoc-crm.org/cidoc-crm/P1_is_identified_by",
                    "sortorder": 0
                },
                {
                    "config": {
                        "rdmCollection": "1e4df896-992b-475e-bb5a-78817d3066d7"
                    },
                    "datatype": "concept",
                    "description": null,
                    "exportable": false,
                    "fieldname": null,
                    "graph_id": "e1851264-afcf-11ea-b2e2-f875a44e0e11",
                    "is_collector": false,
                    "isrequired": false,
                    "issearchable": true,
                    "istopnode": false,
                    "name": "Storage Building Name Use Type",
                    "nodegroup_id": "e1853942-afcf-11ea-bbc9-f875a44e0e11",
                    "nodeid": "e185394f-afcf-11ea-b93e-f875a44e0e11",
                    "ontologyclass": "http://www.cidoc-crm.org/cidoc-crm/E55_Type",
                    "parentproperty": "http://www.cidoc-crm.org/cidoc-crm/P2_has_type",
                    "sortorder": 0
                },
                {
                    "config": {
                        "graphid": [
                            "d4a88461-5463-11e9-90d9-000d3ab1e588",
                            "22477f01-1a44-11e9-b0a9-000d3ab1e588"
                        ],
                        "graphs": []
                    },
                    "datatype": "resource-instance-list",
                    "description": null,
                    "exportable": true,
                    "fieldname": "Owner",
                    "graph_id": "e1851264-afcf-11ea-b2e2-f875a44e0e11",
                    "is_collector": false,
                    "isrequired": false,
                    "issearchable": true,
                    "istopnode": false,
                    "name": "Repository owner",
                    "nodegroup_id": "e1853942-afcf-11ea-bbc9-f875a44e0e11",
                    "nodeid": "e1853950-afcf-11ea-b014-f875a44e0e11",
                    "ontologyclass": "http://www.cidoc-crm.org/cidoc-crm/E39_Actor",
                    "parentproperty": "http://www.cidoc-crm.org/cidoc-crm/P74i_is_current_or_former_residence_of",
                    "sortorder": 0
                },
                {
                    "config": null,
                    "datatype": "string",
                    "description": null,
                    "exportable": true,
                    "fieldname": "Build_name",
                    "graph_id": "e1851264-afcf-11ea-b2e2-f875a44e0e11",
                    "is_collector": false,
                    "isrequired": false,
                    "issearchable": true,
                    "istopnode": false,
                    "name": "Storage Building Name",
                    "nodegroup_id": "e1853942-afcf-11ea-bbc9-f875a44e0e11",
                    "nodeid": "e1853951-afcf-11ea-91c2-f875a44e0e11",
                    "ontologyclass": "http://www.w3.org/2000/01/rdf-schema#Literal",
                    "parentproperty": "http://www.cidoc-crm.org/cidoc-crm/P3_has_note",
                    "sortorder": 0
                }
            ],
            "ontology_id": "e6e8db47-2ccf-11e6-927e-b8f6b115d7dd",
            "relatable_resource_model_ids": [],
            "resource_2_resource_constraints": [],
            "root": {
                "config": null,
                "datatype": "semantic",
                "description": "Represents a single node in a graph",
                "exportable": false,
                "fieldname": "",
                "graph_id": "e1851264-afcf-11ea-b2e2-f875a44e0e11",
                "is_collector": true,
                "isrequired": false,
                "issearchable": true,
                "istopnode": true,
                "name": "Repository Storage Location",
                "nodegroup_id": "e1853942-afcf-11ea-bbc9-f875a44e0e11",
                "nodeid": "e1853942-afcf-11ea-bbc9-f875a44e0e11",
                "ontologyclass": "http://www.cidoc-crm.org/cidoc-crm/E53_Place",
                "sortorder": 0
            },
            "slug": null,
            "subtitle": "",
            "template_id": "50000000-0000-0000-0000-000000000002",
            "version": ""
        }
    ]
}