{
    "graph": [
        {
            "author": "",
            "cards": [
                {
                    "active": true,
                    "cardid": "acb385bb-1862-11eb-ab70-f875a44e0e11",
                    "component_id": "f05e4d3a-53c1-11e8-b0ea-784f435179ea",
                    "config": null,
                    "constraints": [],
                    "cssclass": null,
                    "description": "",
                    "graph_id": "acb385b8-1862-11eb-8692-f875a44e0e11",
                    "helpenabled": false,
                    "helptext": null,
                    "helptitle": null,
                    "instructions": null,
                    "is_editable": true,
                    "name": "Scientific Date Assignment",
                    "nodegroup_id": "acb385b9-1862-11eb-a5e9-f875a44e0e11",
                    "sortorder": 10,
                    "visible": true
                }
            ],
            "cards_x_nodes_x_widgets": [
                {
                    "card_id": "acb385bb-1862-11eb-ab70-f875a44e0e11",
                    "config": {
                        "defaultValue": "",
                        "label": "Scientific Date Start Date",
                        "placeholder": ""
                    },
                    "id": "acb3accc-1862-11eb-8c7d-f875a44e0e11",
                    "label": "Scientific Date Start Date",
                    "node_id": "acb3acb3-1862-11eb-aaa8-f875a44e0e11",
                    "sortorder": 3,
                    "visible": true,
                    "widget_id": "adfd15ce-dbab-11e7-86d1-0fcf08612b27"
                },
                {
                    "card_id": "acb385bb-1862-11eb-ab70-f875a44e0e11",
                    "config": {
                        "defaultValue": "",
                        "label": "Standard Deviation Note",
                        "maxLength": null,
                        "placeholder": "Enter text",
                        "width": "100%"
                    },
                    "id": "acb3acc9-1862-11eb-b147-f875a44e0e11",
                    "label": "Standard Deviation Note",
                    "node_id": "acb3acb2-1862-11eb-91f3-f875a44e0e11",
                    "sortorder": 9,
                    "visible": true,
                    "widget_id": "10000000-0000-0000-0000-000000000005"
                },
                {
                    "card_id": "acb385bb-1862-11eb-ab70-f875a44e0e11",
                    "config": {
                        "displayOnlySelectedNode": false,
                        "label": "Associated Construction Phase",
                        "placeholder": ""
                    },
                    "id": "acb3acca-1862-11eb-b333-f875a44e0e11",
                    "label": "Associated Construction Phase",
                    "node_id": "acb3aca0-1862-11eb-919a-f875a44e0e11",
                    "sortorder": 0,
                    "visible": true,
                    "widget_id": "f5d6b190-bbf0-4dc9-b991-1debab8cb4a9"
                },
                {
                    "card_id": "acb385bb-1862-11eb-ab70-f875a44e0e11",
                    "config": {
                        "dateFormat": "YYYY-MM-DD",
                        "defaultValue": "",
                        "label": "When Determined Start Date",
                        "maxDate": false,
                        "minDate": false,
                        "placeholder": "Enter date",
                        "viewMode": "days"
                    },
                    "id": "acb3accb-1862-11eb-8b02-f875a44e0e11",
                    "label": "When Determined Start Date",
                    "node_id": "acb3acad-1862-11eb-9ad7-f875a44e0e11",
                    "sortorder": 17,
                    "visible": true,
                    "widget_id": "10000000-0000-0000-0000-000000000004"
                },
                {
                    "card_id": "acb385bb-1862-11eb-ab70-f875a44e0e11",
                    "config": {
                        "defaultValue": "",
                        "label": "Standard Deviation Type",
                        "placeholder": "Select an option"
                    },
                    "id": "acb3acbb-1862-11eb-ac9f-f875a44e0e11",
                    "label": "Standard Deviation Type",
                    "node_id": "acb3aca1-1862-11eb-a38a-f875a44e0e11",
                    "sortorder": 7,
                    "visible": true,
                    "widget_id": "10000000-0000-0000-0000-000000000015"
                },
                {
                    "card_id": "acb385bb-1862-11eb-ab70-f875a44e0e11",
                    "config": {
                        "defaultValue": "b022dbc0-b722-4e12-a675-12fca24ddffa",
                        "label": "Standard Deviation Metatype",
                        "options": [],
                        "placeholder": "Select an option"
                    },
                    "id": "acb3acbc-1862-11eb-9b1c-f875a44e0e11",
                    "label": "Standard Deviation Metatype",
                    "node_id": "acb385bc-1862-11eb-8f61-f875a44e0e11",
                    "sortorder": 8,
                    "visible": false,
                    "widget_id": "10000000-0000-0000-0000-000000000002"
                },
                {
                    "card_id": "acb385bb-1862-11eb-ab70-f875a44e0e11",
                    "config": {
                        "defaultValue": "b29ec4bd-8cbf-4a00-9762-4f51ba013469",
                        "label": "Laboratory Reference Type",
                        "options": [],
                        "placeholder": "Select an option"
                    },
                    "id": "acb3acbd-1862-11eb-b978-f875a44e0e11",
                    "label": "Laboratory Reference Type",
                    "node_id": "acb3aca8-1862-11eb-97ad-f875a44e0e11",
                    "sortorder": 15,
                    "visible": false,
                    "widget_id": "10000000-0000-0000-0000-000000000002"
                },
                {
                    "card_id": "acb385bb-1862-11eb-ab70-f875a44e0e11",
                    "config": {
                        "defaultValue": "fb777a57-43b4-4e51-9da5-3cc6c751fb35",
                        "label": "Dating Method Metatype",
                        "options": [],
                        "placeholder": "Select an option"
                    },
                    "id": "acb3acbe-1862-11eb-9102-f875a44e0e11",
                    "label": "Dating Method Metatype",
                    "node_id": "acb385be-1862-11eb-b991-f875a44e0e11",
                    "sortorder": 2,
                    "visible": false,
                    "widget_id": "10000000-0000-0000-0000-000000000002"
                },
                {
                    "card_id": "acb385bb-1862-11eb-ab70-f875a44e0e11",
                    "config": {
                        "defaultValue": "b5f1ff2d-d667-4c4e-86a1-c17fa4b9447b",
                        "label": "Note Language",
                        "options": [],
                        "placeholder": "Select an option"
                    },
                    "id": "acb3acbf-1862-11eb-948d-f875a44e0e11",
                    "label": "Note Language",
                    "node_id": "acb3ac9e-1862-11eb-899a-f875a44e0e11",
                    "sortorder": 24,
                    "visible": false,
                    "widget_id": "10000000-0000-0000-0000-000000000002"
                },
                {
                    "card_id": "acb385bb-1862-11eb-ab70-f875a44e0e11",
                    "config": {
                        "defaultValue": "6fbe3775-e51d-4f90-af53-5695dd204c9a",
                        "label": "Laboratory Reference Metatype",
                        "options": [],
                        "placeholder": "Select an option"
                    },
                    "id": "acb3acc0-1862-11eb-ab5a-f875a44e0e11",
                    "label": "Laboratory Reference Metatype",
                    "node_id": "acb3acb7-1862-11eb-a9df-f875a44e0e11",
                    "sortorder": 16,
                    "visible": false,
                    "widget_id": "10000000-0000-0000-0000-000000000002"
                },
                {
                    "card_id": "acb385bb-1862-11eb-ab70-f875a44e0e11",
                    "config": {
                        "defaultValue": "b5f1ff2d-d667-4c4e-86a1-c17fa4b9447b",
                        "label": "Standard Deviation Note Language",
                        "options": [],
                        "placeholder": "Select an option"
                    },
                    "id": "acb3acc1-1862-11eb-ab54-f875a44e0e11",
                    "label": "Standard Deviation Note Language",
                    "node_id": "acb3aca4-1862-11eb-b9f5-f875a44e0e11",
                    "sortorder": 12,
                    "visible": false,
                    "widget_id": "10000000-0000-0000-0000-000000000002"
                },
                {
                    "card_id": "acb385bb-1862-11eb-ab70-f875a44e0e11",
                    "config": {
                        "defaultValue": "59a0c936-3f60-44f9-9e37-67b6ed0f4fa4",
                        "label": "When Determined Date Qualifier Metatype",
                        "options": [],
                        "placeholder": "Select an option"
                    },
                    "id": "acb3acc2-1862-11eb-ba15-f875a44e0e11",
                    "label": "When Determined Date Qualifier Metatype",
                    "node_id": "acb3acb5-1862-11eb-b52b-f875a44e0e11",
                    "sortorder": 20,
                    "visible": false,
                    "widget_id": "10000000-0000-0000-0000-000000000002"
                },
                {
                    "card_id": "acb385bb-1862-11eb-ab70-f875a44e0e11",
                    "config": {
                        "defaultValue": "",
                        "label": "Scientific Date Qualifier",
                        "options": [],
                        "placeholder": "Select an option"
                    },
                    "id": "acb3acc3-1862-11eb-abb1-f875a44e0e11",
                    "label": "Scientific Date Qualifier",
                    "node_id": "acb3acaf-1862-11eb-bf85-f875a44e0e11",
                    "sortorder": 5,
                    "visible": true,
                    "widget_id": "10000000-0000-0000-0000-000000000002"
                },
                {
                    "card_id": "acb385bb-1862-11eb-ab70-f875a44e0e11",
                    "config": {
                        "defaultValue": "daa4cddc-8636-4842-b836-eb2e10aabe18",
                        "label": "Note Type",
                        "options": [],
                        "placeholder": "Select an option"
                    },
                    "id": "acb3acc4-1862-11eb-9762-f875a44e0e11",
                    "label": "Note Type",
                    "node_id": "acb3aca6-1862-11eb-b438-f875a44e0e11",
                    "sortorder": 22,
                    "visible": false,
                    "widget_id": "10000000-0000-0000-0000-000000000002"
                },
                {
                    "card_id": "acb385bb-1862-11eb-ab70-f875a44e0e11",
                    "config": {
                        "defaultValue": "6fbe3775-e51d-4f90-af53-5695dd204c9a",
                        "label": "Standard Deviation Note Metatype",
                        "options": [],
                        "placeholder": "Select an option"
                    },
                    "id": "acb3acc5-1862-11eb-ab43-f875a44e0e11",
                    "label": "Standard Deviation Note Metatype",
                    "node_id": "acb3aca3-1862-11eb-a499-f875a44e0e11",
                    "sortorder": 11,
                    "visible": false,
                    "widget_id": "10000000-0000-0000-0000-000000000002"
                },
                {
                    "card_id": "acb385bb-1862-11eb-ab70-f875a44e0e11",
                    "config": {
                        "defaultValue": "",
                        "label": "When Determined Date Qualifier",
                        "options": [],
                        "placeholder": "Select an option"
                    },
                    "id": "acb3acd1-1862-11eb-9a4c-f875a44e0e11",
                    "label": "When Determined Date Qualifier",
                    "node_id": "acb3ac9f-1862-11eb-b317-f875a44e0e11",
                    "sortorder": 19,
                    "visible": true,
                    "widget_id": "10000000-0000-0000-0000-000000000002"
                },
                {
                    "card_id": "acb385bb-1862-11eb-ab70-f875a44e0e11",
                    "config": {
                        "defaultValue": "daa4cddc-8636-4842-b836-eb2e10aabe18",
                        "label": "Standard Deviation Note Type",
                        "options": [],
                        "placeholder": "Select an option"
                    },
                    "id": "acb3acc6-1862-11eb-8f97-f875a44e0e11",
                    "label": "Standard Deviation Note Type",
                    "node_id": "acb3aca2-1862-11eb-aa1f-f875a44e0e11",
                    "sortorder": 10,
                    "visible": false,
                    "widget_id": "10000000-0000-0000-0000-000000000002"
                },
                {
                    "card_id": "acb385bb-1862-11eb-ab70-f875a44e0e11",
                    "config": {
                        "defaultValue": "",
                        "label": "Laboratory Reference",
                        "maxLength": null,
                        "placeholder": "Enter text",
                        "width": "100%"
                    },
                    "id": "acb3acc7-1862-11eb-8fc6-f875a44e0e11",
                    "label": "Laboratory Reference",
                    "node_id": "acb3acb9-1862-11eb-938b-f875a44e0e11",
                    "sortorder": 14,
                    "visible": true,
                    "widget_id": "10000000-0000-0000-0000-000000000001"
                },
                {
                    "card_id": "acb385bb-1862-11eb-ab70-f875a44e0e11",
                    "config": {
                        "defaultValue": "6fbe3775-e51d-4f90-af53-5695dd204c9a",
                        "label": "Note Metatype",
                        "options": [],
                        "placeholder": "Select an option"
                    },
                    "id": "acb3acc8-1862-11eb-9b64-f875a44e0e11",
                    "label": "Note Metatype",
                    "node_id": "acb3acaa-1862-11eb-86be-f875a44e0e11",
                    "sortorder": 23,
                    "visible": false,
                    "widget_id": "10000000-0000-0000-0000-000000000002"
                },
                {
                    "card_id": "acb385bb-1862-11eb-ab70-f875a44e0e11",
                    "config": {
                        "defaultValue": "",
                        "label": "Scientific Date End Date",
                        "placeholder": ""
                    },
                    "id": "acb3accd-1862-11eb-8c3b-f875a44e0e11",
                    "label": "Scientific Date End Date",
                    "node_id": "acb3aca9-1862-11eb-8818-f875a44e0e11",
                    "sortorder": 4,
                    "visible": true,
                    "widget_id": "adfd15ce-dbab-11e7-86d1-0fcf08612b27"
                },
                {
                    "card_id": "acb385bb-1862-11eb-ab70-f875a44e0e11",
                    "config": {
                        "defaultValue": "",
                        "label": "Dating Method",
                        "options": [],
                        "placeholder": "Select an option"
                    },
                    "id": "acb3acce-1862-11eb-a39d-f875a44e0e11",
                    "label": "Dating Method",
                    "node_id": "acb3acb8-1862-11eb-8b5a-f875a44e0e11",
                    "sortorder": 1,
                    "visible": true,
                    "widget_id": "10000000-0000-0000-0000-000000000002"
                },
                {
                    "card_id": "acb385bb-1862-11eb-ab70-f875a44e0e11",
                    "config": {
                        "defaultValue": "59a0c936-3f60-44f9-9e37-67b6ed0f4fa4",
                        "label": "Scientific Date Qualifier Metatype",
                        "options": [],
                        "placeholder": "Select an option"
                    },
                    "id": "acb3accf-1862-11eb-99c1-f875a44e0e11",
                    "label": "Scientific Date Qualifier Metatype",
                    "node_id": "acb3acb6-1862-11eb-b411-f875a44e0e11",
                    "sortorder": 6,
                    "visible": false,
                    "widget_id": "10000000-0000-0000-0000-000000000002"
                },
                {
                    "card_id": "acb385bb-1862-11eb-ab70-f875a44e0e11",
                    "config": {
                        "defaultValue": "",
                        "label": "Note",
                        "maxLength": null,
                        "placeholder": "Enter text",
                        "width": "100%"
                    },
                    "id": "acb3acd0-1862-11eb-bd3a-f875a44e0e11",
                    "label": "Note",
                    "node_id": "acb3aca7-1862-11eb-8397-f875a44e0e11",
                    "sortorder": 21,
                    "visible": true,
                    "widget_id": "10000000-0000-0000-0000-000000000005"
                },
                {
                    "card_id": "acb385bb-1862-11eb-ab70-f875a44e0e11",
                    "config": {
                        "defaultValue": "d5366899-09ec-4db1-8a49-a32b7e4784e3",
                        "label": "Note Language Metatype",
                        "options": [],
                        "placeholder": "Select an option"
                    },
                    "id": "acb3acd2-1862-11eb-bd67-f875a44e0e11",
                    "label": "Note Language Metatype",
                    "node_id": "acb3acb4-1862-11eb-b620-f875a44e0e11",
                    "sortorder": 25,
                    "visible": false,
                    "widget_id": "10000000-0000-0000-0000-000000000002"
                },
                {
                    "card_id": "acb385bb-1862-11eb-ab70-f875a44e0e11",
                    "config": {
                        "defaultValue": "d5366899-09ec-4db1-8a49-a32b7e4784e3",
                        "label": "Standard Deviation Note Language Metatype",
                        "options": [],
                        "placeholder": "Select an option"
                    },
                    "id": "acb3acd3-1862-11eb-be99-f875a44e0e11",
                    "label": "Standard Deviation Note Language Metatype",
                    "node_id": "acb3aca5-1862-11eb-9c42-f875a44e0e11",
                    "sortorder": 13,
                    "visible": false,
                    "widget_id": "10000000-0000-0000-0000-000000000002"
                },
                {
                    "card_id": "acb385bb-1862-11eb-ab70-f875a44e0e11",
                    "config": {
                        "dateFormat": "YYYY-MM-DD",
                        "defaultValue": "",
                        "label": "When Determined End Date",
                        "maxDate": false,
                        "minDate": false,
                        "placeholder": "Enter date",
                        "viewMode": "days"
                    },
                    "id": "acb3acd4-1862-11eb-a0e5-f875a44e0e11",
                    "label": "When Determined End Date",
                    "node_id": "acb3acba-1862-11eb-b34e-f875a44e0e11",
                    "sortorder": 18,
                    "visible": true,
                    "widget_id": "10000000-0000-0000-0000-000000000004"
                }
            ],
            "color": null,
            "config": {
                "basemap": "streets",
                "bearing": 0,
                "centerX": 1,
                "centerY": 53,
                "defaultValue": "",
                "defaultValueType": 0,
                "featureColor": "#FF0000",
                "featureEditingDisabled": true,
                "featureLineWidth": 1,
                "featurePointSize": 3,
                "geocodePlaceholder": "Search",
                "geocodeProvider": "10000000-0000-0000-0000-010000000000",
                "geocoderVisible": true,
                "geometryTypes": [
                    {
                        "id": "Point",
                        "text": "Point"
                    },
                    {
                        "id": "Line",
                        "text": "Line"
                    },
                    {
                        "id": "Polygon",
                        "text": "Polygon"
                    }
                ],
                "mapControlsHidden": false,
                "maxZoom": "17",
                "minZoom": "1",
                "overlayConfigs": [],
                "overlayOpacity": 0,
                "pitch": 0,
                "zoom": 5
            },
            "deploymentdate": null,
            "deploymentfile": null,
            "description": "",
            "edges": [
                {
                    "description": null,
                    "domainnode_id": "acb3acab-1862-11eb-a9b6-f875a44e0e11",
                    "edgeid": "acb448eb-1862-11eb-b420-f875a44e0e11",
                    "graph_id": "acb385b8-1862-11eb-8692-f875a44e0e11",
                    "name": null,
                    "ontologyproperty": "http://www.cidoc-crm.org/cidoc-crm/P3_has_note",
                    "rangenode_id": "acb3acb9-1862-11eb-938b-f875a44e0e11"
                },
                {
                    "description": null,
                    "domainnode_id": "acb3acb8-1862-11eb-8b5a-f875a44e0e11",
                    "edgeid": "acb448cc-1862-11eb-9e05-f875a44e0e11",
                    "graph_id": "acb385b8-1862-11eb-8692-f875a44e0e11",
                    "name": null,
                    "ontologyproperty": "http://www.cidoc-crm.org/cidoc-crm/P2_has_type",
                    "rangenode_id": "acb385be-1862-11eb-b991-f875a44e0e11"
                },
                {
                    "description": null,
                    "domainnode_id": "acb3acae-1862-11eb-8414-f875a44e0e11",
                    "edgeid": "acb448cd-1862-11eb-a4b1-f875a44e0e11",
                    "graph_id": "acb385b8-1862-11eb-8692-f875a44e0e11",
                    "name": null,
                    "ontologyproperty": "http://www.cidoc-crm.org/cidoc-crm/P3_has_note",
                    "rangenode_id": "acb3aca7-1862-11eb-8397-f875a44e0e11"
                },
                {
                    "description": null,
                    "domainnode_id": "acb3acae-1862-11eb-8414-f875a44e0e11",
                    "edgeid": "acb448ce-1862-11eb-8e36-f875a44e0e11",
                    "graph_id": "acb385b8-1862-11eb-8692-f875a44e0e11",
                    "name": null,
                    "ontologyproperty": "http://www.cidoc-crm.org/cidoc-crm/P2_has_type",
                    "rangenode_id": "acb3aca6-1862-11eb-b438-f875a44e0e11"
                },
                {
                    "description": null,
                    "domainnode_id": "acb3acae-1862-11eb-8414-f875a44e0e11",
                    "edgeid": "acb448cf-1862-11eb-ae4e-f875a44e0e11",
                    "graph_id": "acb385b8-1862-11eb-8692-f875a44e0e11",
                    "name": null,
                    "ontologyproperty": "http://www.cidoc-crm.org/cidoc-crm/P72_has_language",
                    "rangenode_id": "acb3ac9e-1862-11eb-899a-f875a44e0e11"
                },
                {
                    "description": null,
                    "domainnode_id": "acb3ac9e-1862-11eb-899a-f875a44e0e11",
                    "edgeid": "acb448d0-1862-11eb-9a63-f875a44e0e11",
                    "graph_id": "acb385b8-1862-11eb-8692-f875a44e0e11",
                    "name": null,
                    "ontologyproperty": "http://www.cidoc-crm.org/cidoc-crm/P2_has_type",
                    "rangenode_id": "acb3acb4-1862-11eb-b620-f875a44e0e11"
                },
                {
                    "description": null,
                    "domainnode_id": "acb385b9-1862-11eb-a5e9-f875a44e0e11",
                    "edgeid": "acb448d1-1862-11eb-9ced-f875a44e0e11",
                    "graph_id": "acb385b8-1862-11eb-8692-f875a44e0e11",
                    "name": null,
                    "ontologyproperty": "http://www.cidoc-crm.org/cidoc-crm/P33_used_specific_technique",
                    "rangenode_id": "acb3acb1-1862-11eb-b1ee-f875a44e0e11"
                },
                {
                    "description": null,
                    "domainnode_id": "acb3acab-1862-11eb-a9b6-f875a44e0e11",
                    "edgeid": "acb448d2-1862-11eb-a436-f875a44e0e11",
                    "graph_id": "acb385b8-1862-11eb-8692-f875a44e0e11",
                    "name": null,
                    "ontologyproperty": "http://www.cidoc-crm.org/cidoc-crm/P2_has_type",
                    "rangenode_id": "acb3aca8-1862-11eb-97ad-f875a44e0e11"
                },
                {
                    "description": null,
                    "domainnode_id": "acb385b9-1862-11eb-a5e9-f875a44e0e11",
                    "edgeid": "acb448d3-1862-11eb-b377-f875a44e0e11",
                    "graph_id": "acb385b8-1862-11eb-8692-f875a44e0e11",
                    "name": null,
                    "ontologyproperty": "http://www.cidoc-crm.org/cidoc-crm/P141_assigned",
                    "rangenode_id": "acb3acb0-1862-11eb-85af-f875a44e0e11"
                },
                {
                    "description": null,
                    "domainnode_id": "acb3acac-1862-11eb-8298-f875a44e0e11",
                    "edgeid": "acb448d4-1862-11eb-8f8f-f875a44e0e11",
                    "graph_id": "acb385b8-1862-11eb-8692-f875a44e0e11",
                    "name": null,
                    "ontologyproperty": "http://www.cidoc-crm.org/cidoc-crm/P82b_end_of_the_end",
                    "rangenode_id": "acb3acba-1862-11eb-b34e-f875a44e0e11"
                },
                {
                    "description": null,
                    "domainnode_id": "acb385bd-1862-11eb-bb9d-f875a44e0e11",
                    "edgeid": "acb448d5-1862-11eb-a581-f875a44e0e11",
                    "graph_id": "acb385b8-1862-11eb-8692-f875a44e0e11",
                    "name": null,
                    "ontologyproperty": "http://www.cidoc-crm.org/cidoc-crm/P2_has_type",
                    "rangenode_id": "acb3aca2-1862-11eb-aa1f-f875a44e0e11"
                },
                {
                    "description": null,
                    "domainnode_id": "acb3aca2-1862-11eb-aa1f-f875a44e0e11",
                    "edgeid": "acb448d6-1862-11eb-92fc-f875a44e0e11",
                    "graph_id": "acb385b8-1862-11eb-8692-f875a44e0e11",
                    "name": null,
                    "ontologyproperty": "http://www.cidoc-crm.org/cidoc-crm/P2_has_type",
                    "rangenode_id": "acb3aca3-1862-11eb-a499-f875a44e0e11"
                },
                {
                    "description": null,
                    "domainnode_id": "acb3acb1-1862-11eb-b1ee-f875a44e0e11",
                    "edgeid": "acb448d7-1862-11eb-ba7d-f875a44e0e11",
                    "graph_id": "acb385b8-1862-11eb-8692-f875a44e0e11",
                    "name": null,
                    "ontologyproperty": "http://www.cidoc-crm.org/cidoc-crm/P2_has_type",
                    "rangenode_id": "acb3aca1-1862-11eb-a38a-f875a44e0e11"
                },
                {
                    "description": null,
                    "domainnode_id": "acb385bd-1862-11eb-bb9d-f875a44e0e11",
                    "edgeid": "acb448d8-1862-11eb-ad4c-f875a44e0e11",
                    "graph_id": "acb385b8-1862-11eb-8692-f875a44e0e11",
                    "name": null,
                    "ontologyproperty": "http://www.cidoc-crm.org/cidoc-crm/P3_has_note",
                    "rangenode_id": "acb3acb2-1862-11eb-91f3-f875a44e0e11"
                },
                {
                    "description": null,
                    "domainnode_id": "acb3aca1-1862-11eb-a38a-f875a44e0e11",
                    "edgeid": "acb448d9-1862-11eb-b88e-f875a44e0e11",
                    "graph_id": "acb385b8-1862-11eb-8692-f875a44e0e11",
                    "name": null,
                    "ontologyproperty": "http://www.cidoc-crm.org/cidoc-crm/P2_has_type",
                    "rangenode_id": "acb385bc-1862-11eb-8f61-f875a44e0e11"
                },
                {
                    "description": null,
                    "domainnode_id": "acb3ac9f-1862-11eb-b317-f875a44e0e11",
                    "edgeid": "acb448da-1862-11eb-b8cf-f875a44e0e11",
                    "graph_id": "acb385b8-1862-11eb-8692-f875a44e0e11",
                    "name": null,
                    "ontologyproperty": "http://www.cidoc-crm.org/cidoc-crm/P2_has_type",
                    "rangenode_id": "acb3acb5-1862-11eb-b52b-f875a44e0e11"
                },
                {
                    "description": null,
                    "domainnode_id": "acb3aca8-1862-11eb-97ad-f875a44e0e11",
                    "edgeid": "acb448db-1862-11eb-85e6-f875a44e0e11",
                    "graph_id": "acb385b8-1862-11eb-8692-f875a44e0e11",
                    "name": null,
                    "ontologyproperty": "http://www.cidoc-crm.org/cidoc-crm/P2_has_type",
                    "rangenode_id": "acb3acb7-1862-11eb-a9df-f875a44e0e11"
                },
                {
                    "description": null,
                    "domainnode_id": "acb3acaf-1862-11eb-bf85-f875a44e0e11",
                    "edgeid": "acb448dc-1862-11eb-ab95-f875a44e0e11",
                    "graph_id": "acb385b8-1862-11eb-8692-f875a44e0e11",
                    "name": null,
                    "ontologyproperty": "http://www.cidoc-crm.org/cidoc-crm/P2_has_type",
                    "rangenode_id": "acb3acb6-1862-11eb-b411-f875a44e0e11"
                },
                {
                    "description": null,
                    "domainnode_id": "acb3acb0-1862-11eb-85af-f875a44e0e11",
                    "edgeid": "acb448dd-1862-11eb-8fc9-f875a44e0e11",
                    "graph_id": "acb385b8-1862-11eb-8692-f875a44e0e11",
                    "name": null,
                    "ontologyproperty": "http://www.cidoc-crm.org/cidoc-crm/P82a_begin_of_the_begin",
                    "rangenode_id": "acb3acb3-1862-11eb-aaa8-f875a44e0e11"
                },
                {
                    "description": null,
                    "domainnode_id": "acb3acb0-1862-11eb-85af-f875a44e0e11",
                    "edgeid": "acb448de-1862-11eb-bbf4-f875a44e0e11",
                    "graph_id": "acb385b8-1862-11eb-8692-f875a44e0e11",
                    "name": null,
                    "ontologyproperty": "http://www.cidoc-crm.org/cidoc-crm/P82b_end_of_the_end",
                    "rangenode_id": "acb3aca9-1862-11eb-8818-f875a44e0e11"
                },
                {
                    "description": null,
                    "domainnode_id": "acb3acb0-1862-11eb-85af-f875a44e0e11",
                    "edgeid": "acb448df-1862-11eb-9176-f875a44e0e11",
                    "graph_id": "acb385b8-1862-11eb-8692-f875a44e0e11",
                    "name": null,
                    "ontologyproperty": "http://www.cidoc-crm.org/cidoc-crm/P2_has_type",
                    "rangenode_id": "acb3acaf-1862-11eb-bf85-f875a44e0e11"
                },
                {
                    "description": null,
                    "domainnode_id": "acb385b9-1862-11eb-a5e9-f875a44e0e11",
                    "edgeid": "acb448e0-1862-11eb-94d9-f875a44e0e11",
                    "graph_id": "acb385b8-1862-11eb-8692-f875a44e0e11",
                    "name": null,
                    "ontologyproperty": "http://www.cidoc-crm.org/cidoc-crm/P125_used_object_of_type",
                    "rangenode_id": "acb3aca0-1862-11eb-919a-f875a44e0e11"
                },
                {
                    "description": null,
                    "domainnode_id": "acb3aca6-1862-11eb-b438-f875a44e0e11",
                    "edgeid": "acb448e1-1862-11eb-bc9d-f875a44e0e11",
                    "graph_id": "acb385b8-1862-11eb-8692-f875a44e0e11",
                    "name": null,
                    "ontologyproperty": "http://www.cidoc-crm.org/cidoc-crm/P2_has_type",
                    "rangenode_id": "acb3acaa-1862-11eb-86be-f875a44e0e11"
                },
                {
                    "description": null,
                    "domainnode_id": "acb385bd-1862-11eb-bb9d-f875a44e0e11",
                    "edgeid": "acb448e2-1862-11eb-9d20-f875a44e0e11",
                    "graph_id": "acb385b8-1862-11eb-8692-f875a44e0e11",
                    "name": null,
                    "ontologyproperty": "http://www.cidoc-crm.org/cidoc-crm/P72_has_language",
                    "rangenode_id": "acb3aca4-1862-11eb-b9f5-f875a44e0e11"
                },
                {
                    "description": null,
                    "domainnode_id": "acb3aca4-1862-11eb-b9f5-f875a44e0e11",
                    "edgeid": "acb448e3-1862-11eb-a741-f875a44e0e11",
                    "graph_id": "acb385b8-1862-11eb-8692-f875a44e0e11",
                    "name": null,
                    "ontologyproperty": "http://www.cidoc-crm.org/cidoc-crm/P2_has_type",
                    "rangenode_id": "acb3aca5-1862-11eb-9c42-f875a44e0e11"
                },
                {
                    "description": null,
                    "domainnode_id": "acb385b9-1862-11eb-a5e9-f875a44e0e11",
                    "edgeid": "acb448e4-1862-11eb-b363-f875a44e0e11",
                    "graph_id": "acb385b8-1862-11eb-8692-f875a44e0e11",
                    "name": null,
                    "ontologyproperty": "http://www.cidoc-crm.org/cidoc-crm/P129i_is_subject_of",
                    "rangenode_id": "acb3acae-1862-11eb-8414-f875a44e0e11"
                },
                {
                    "description": null,
                    "domainnode_id": "acb3acb1-1862-11eb-b1ee-f875a44e0e11",
                    "edgeid": "acb448e5-1862-11eb-9c08-f875a44e0e11",
                    "graph_id": "acb385b8-1862-11eb-8692-f875a44e0e11",
                    "name": null,
                    "ontologyproperty": "http://www.cidoc-crm.org/cidoc-crm/P106_is_composed_of",
                    "rangenode_id": "acb385bd-1862-11eb-bb9d-f875a44e0e11"
                },
                {
                    "description": null,
                    "domainnode_id": "acb3acac-1862-11eb-8298-f875a44e0e11",
                    "edgeid": "acb448e6-1862-11eb-ae34-f875a44e0e11",
                    "graph_id": "acb385b8-1862-11eb-8692-f875a44e0e11",
                    "name": null,
                    "ontologyproperty": "http://www.cidoc-crm.org/cidoc-crm/P2_has_type",
                    "rangenode_id": "acb3ac9f-1862-11eb-b317-f875a44e0e11"
                },
                {
                    "description": null,
                    "domainnode_id": "acb385b9-1862-11eb-a5e9-f875a44e0e11",
                    "edgeid": "acb448e7-1862-11eb-9d5c-f875a44e0e11",
                    "graph_id": "acb385b8-1862-11eb-8692-f875a44e0e11",
                    "name": null,
                    "ontologyproperty": "http://www.cidoc-crm.org/cidoc-crm/P32_used_general_technique",
                    "rangenode_id": "acb3acb8-1862-11eb-8b5a-f875a44e0e11"
                },
                {
                    "description": null,
                    "domainnode_id": "acb3acac-1862-11eb-8298-f875a44e0e11",
                    "edgeid": "acb448e8-1862-11eb-bb29-f875a44e0e11",
                    "graph_id": "acb385b8-1862-11eb-8692-f875a44e0e11",
                    "name": null,
                    "ontologyproperty": "http://www.cidoc-crm.org/cidoc-crm/P82a_begin_of_the_begin",
                    "rangenode_id": "acb3acad-1862-11eb-9ad7-f875a44e0e11"
                },
                {
                    "description": null,
                    "domainnode_id": "acb385b9-1862-11eb-a5e9-f875a44e0e11",
                    "edgeid": "acb448e9-1862-11eb-88e1-f875a44e0e11",
                    "graph_id": "acb385b8-1862-11eb-8692-f875a44e0e11",
                    "name": null,
                    "ontologyproperty": "http://www.cidoc-crm.org/cidoc-crm/P4_has_time-span",
                    "rangenode_id": "acb3acac-1862-11eb-8298-f875a44e0e11"
                },
                {
                    "description": null,
                    "domainnode_id": "acb385b9-1862-11eb-a5e9-f875a44e0e11",
                    "edgeid": "acb448ea-1862-11eb-bdb3-f875a44e0e11",
                    "graph_id": "acb385b8-1862-11eb-8692-f875a44e0e11",
                    "name": null,
                    "ontologyproperty": "http://www.cidoc-crm.org/cidoc-crm/P129i_is_subject_of",
                    "rangenode_id": "acb3acab-1862-11eb-a9b6-f875a44e0e11"
                }
            ],
            "functions_x_graphs": [],
            "graphid": "acb385b8-1862-11eb-8692-f875a44e0e11",
            "iconclass": "fa fa-calendar",
            "is_editable": true,
            "isactive": true,
            "isresource": false,
            "jsonldcontext": null,
            "name": "Scientific Date Assignment",
            "nodegroups": [
                {
                    "cardinality": "1",
                    "legacygroupid": null,
                    "nodegroupid": "acb385b9-1862-11eb-a5e9-f875a44e0e11",
                    "parentnodegroup_id": null
                }
            ],
            "nodes": [
                {
                    "config": {
                        "rdmCollection": "366686d6-deb0-4245-81a3-f94d791a388c"
                    },
                    "datatype": "concept",
                    "description": null,
                    "exportable": false,
                    "fieldname": null,
                    "graph_id": "acb385b8-1862-11eb-8692-f875a44e0e11",
                    "is_collector": false,
                    "isrequired": false,
                    "issearchable": true,
                    "istopnode": false,
                    "name": "Scientific Date Qualifier",
                    "nodegroup_id": "acb385b9-1862-11eb-a5e9-f875a44e0e11",
                    "nodeid": "acb3acaf-1862-11eb-bf85-f875a44e0e11",
                    "ontologyclass": "http://www.cidoc-crm.org/cidoc-crm/E55_Type",
                    "parentproperty": "http://www.cidoc-crm.org/cidoc-crm/P2_has_type",
                    "sortorder": 0
                },
                {
                    "config": null,
                    "datatype": "semantic",
                    "description": "",
                    "exportable": false,
                    "fieldname": null,
                    "graph_id": "acb385b8-1862-11eb-8692-f875a44e0e11",
                    "is_collector": false,
                    "isrequired": false,
                    "issearchable": true,
                    "istopnode": false,
                    "name": "Scientific Date Timespan",
                    "nodegroup_id": "acb385b9-1862-11eb-a5e9-f875a44e0e11",
                    "nodeid": "acb3acb0-1862-11eb-85af-f875a44e0e11",
                    "ontologyclass": "http://www.cidoc-crm.org/cidoc-crm/E52_Time-Span",
                    "parentproperty": "http://www.cidoc-crm.org/cidoc-crm/P141_assigned",
                    "sortorder": 0
                },
                {
                    "config": {
                        "rdmCollection": "c6a5328f-cae7-4984-a446-6f89edbeb49b"
                    },
                    "datatype": "concept",
                    "description": null,
                    "exportable": false,
                    "fieldname": "",
                    "graph_id": "acb385b8-1862-11eb-8692-f875a44e0e11",
                    "is_collector": false,
                    "isrequired": false,
                    "issearchable": true,
                    "istopnode": false,
                    "name": "Dating Method",
                    "nodegroup_id": "acb385b9-1862-11eb-a5e9-f875a44e0e11",
                    "nodeid": "acb3acb8-1862-11eb-8b5a-f875a44e0e11",
                    "ontologyclass": "http://www.cidoc-crm.org/cidoc-crm/E55_Type",
                    "parentproperty": "http://www.cidoc-crm.org/cidoc-crm/P32_used_general_technique",
                    "sortorder": 0
                },
                {
                    "config": null,
                    "datatype": "string",
                    "description": null,
                    "exportable": false,
                    "fieldname": null,
                    "graph_id": "acb385b8-1862-11eb-8692-f875a44e0e11",
                    "is_collector": false,
                    "isrequired": false,
                    "issearchable": true,
                    "istopnode": false,
                    "name": "Laboratory Reference",
                    "nodegroup_id": "acb385b9-1862-11eb-a5e9-f875a44e0e11",
                    "nodeid": "acb3acb9-1862-11eb-938b-f875a44e0e11",
                    "ontologyclass": "http://www.w3.org/2000/01/rdf-schema#Literal",
                    "parentproperty": "http://www.cidoc-crm.org/cidoc-crm/P3_has_note",
                    "sortorder": 0
                },
                {
                    "config": {},
                    "datatype": "semantic",
                    "description": "",
                    "exportable": false,
                    "fieldname": "",
                    "graph_id": "acb385b8-1862-11eb-8692-f875a44e0e11",
                    "is_collector": true,
                    "isrequired": false,
                    "issearchable": true,
                    "istopnode": true,
                    "name": "Scientific Date Assignment",
                    "nodegroup_id": "acb385b9-1862-11eb-a5e9-f875a44e0e11",
                    "nodeid": "acb385b9-1862-11eb-a5e9-f875a44e0e11",
                    "ontologyclass": "http://www.cidoc-crm.org/cidoc-crm/E13_Attribute_Assignment",
                    "parentproperty": "",
                    "sortorder": 0
                },
                {
                    "config": {
                        "rdmCollection": "1e63c514-eb9d-48d3-94b5-35e060e5f368"
                    },
                    "datatype": "concept",
                    "description": null,
                    "exportable": false,
                    "fieldname": null,
                    "graph_id": "acb385b8-1862-11eb-8692-f875a44e0e11",
                    "is_collector": false,
                    "isrequired": false,
                    "issearchable": true,
                    "istopnode": false,
                    "name": "Standard Deviation Metatype",
                    "nodegroup_id": "acb385b9-1862-11eb-a5e9-f875a44e0e11",
                    "nodeid": "acb385bc-1862-11eb-8f61-f875a44e0e11",
                    "ontologyclass": "http://www.cidoc-crm.org/cidoc-crm/E55_Type",
                    "parentproperty": "http://www.cidoc-crm.org/cidoc-crm/P2_has_type",
                    "sortorder": 0
                },
                {
                    "config": null,
                    "datatype": "semantic",
                    "description": "",
                    "exportable": false,
                    "fieldname": null,
                    "graph_id": "acb385b8-1862-11eb-8692-f875a44e0e11",
                    "is_collector": false,
                    "isrequired": false,
                    "issearchable": true,
                    "istopnode": false,
                    "name": "Standard Deviation Notes",
                    "nodegroup_id": "acb385b9-1862-11eb-a5e9-f875a44e0e11",
                    "nodeid": "acb385bd-1862-11eb-bb9d-f875a44e0e11",
                    "ontologyclass": "http://www.cidoc-crm.org/cidoc-crm/E33_Linguistic_Object",
                    "parentproperty": "http://www.cidoc-crm.org/cidoc-crm/P106_is_composed_of",
                    "sortorder": 0
                },
                {
                    "config": {
                        "rdmCollection": "1e63c514-eb9d-48d3-94b5-35e060e5f368"
                    },
                    "datatype": "concept",
                    "description": null,
                    "exportable": false,
                    "fieldname": null,
                    "graph_id": "acb385b8-1862-11eb-8692-f875a44e0e11",
                    "is_collector": false,
                    "isrequired": false,
                    "issearchable": true,
                    "istopnode": false,
                    "name": "Dating Method Metatype",
                    "nodegroup_id": "acb385b9-1862-11eb-a5e9-f875a44e0e11",
                    "nodeid": "acb385be-1862-11eb-b991-f875a44e0e11",
                    "ontologyclass": "http://www.cidoc-crm.org/cidoc-crm/E55_Type",
                    "parentproperty": "http://www.cidoc-crm.org/cidoc-crm/P2_has_type",
                    "sortorder": 0
                },
                {
                    "config": {
                        "rdmCollection": "daacadea-1454-4cf4-8b14-9ade8069f4d7"
                    },
                    "datatype": "concept",
                    "description": "",
                    "exportable": false,
                    "fieldname": "",
                    "graph_id": "acb385b8-1862-11eb-8692-f875a44e0e11",
                    "is_collector": false,
                    "isrequired": false,
                    "issearchable": true,
                    "istopnode": false,
                    "name": "Note Language",
                    "nodegroup_id": "acb385b9-1862-11eb-a5e9-f875a44e0e11",
                    "nodeid": "acb3ac9e-1862-11eb-899a-f875a44e0e11",
                    "ontologyclass": "http://www.cidoc-crm.org/cidoc-crm/E56_Language",
                    "parentproperty": "http://www.cidoc-crm.org/cidoc-crm/P72_has_language",
                    "sortorder": 0
                },
                {
                    "config": {
                        "rdmCollection": "366686d6-deb0-4245-81a3-f94d791a388c"
                    },
                    "datatype": "concept",
                    "description": null,
                    "exportable": false,
                    "fieldname": null,
                    "graph_id": "acb385b8-1862-11eb-8692-f875a44e0e11",
                    "is_collector": false,
                    "isrequired": false,
                    "issearchable": true,
                    "istopnode": false,
                    "name": "When Determined Date Qualifier",
                    "nodegroup_id": "acb385b9-1862-11eb-a5e9-f875a44e0e11",
                    "nodeid": "acb3ac9f-1862-11eb-b317-f875a44e0e11",
                    "ontologyclass": "http://www.cidoc-crm.org/cidoc-crm/E55_Type",
                    "parentproperty": "http://www.cidoc-crm.org/cidoc-crm/P2_has_type",
                    "sortorder": 0
                },
                {
                    "config": {
                        "nodeid": "a62c1156-04b4-11eb-9114-f875a44e0e11",
                        "property": "http://www.cidoc-crm.org/cidoc-crm/P1_is_identified_by"
                    },
                    "datatype": "node-value",
                    "description": null,
                    "exportable": false,
                    "fieldname": null,
                    "graph_id": "acb385b8-1862-11eb-8692-f875a44e0e11",
                    "is_collector": false,
                    "isrequired": false,
                    "issearchable": true,
                    "istopnode": false,
                    "name": "Associated Construction Phase",
                    "nodegroup_id": "acb385b9-1862-11eb-a5e9-f875a44e0e11",
                    "nodeid": "acb3aca0-1862-11eb-919a-f875a44e0e11",
                    "ontologyclass": "http://www.cidoc-crm.org/cidoc-crm/E55_Type",
                    "parentproperty": "http://www.cidoc-crm.org/cidoc-crm/P125_used_object_of_type",
                    "sortorder": 0
                },
                {
                    "config": {
                        "options": [
                            {
                                "id": "0f33011b-73d6-40c4-b0a3-247fa1709d25",
                                "selected": false,
                                "text": "Standard Deviation"
                            }
                        ],
                        "rdmCollection": null
                    },
                    "datatype": "domain-value",
                    "description": null,
                    "exportable": false,
                    "fieldname": null,
                    "graph_id": "acb385b8-1862-11eb-8692-f875a44e0e11",
                    "is_collector": false,
                    "isrequired": false,
                    "issearchable": true,
                    "istopnode": false,
                    "name": "Standard Deviation Type",
                    "nodegroup_id": "acb385b9-1862-11eb-a5e9-f875a44e0e11",
                    "nodeid": "acb3aca1-1862-11eb-a38a-f875a44e0e11",
                    "ontologyclass": "http://www.cidoc-crm.org/cidoc-crm/E55_Type",
                    "parentproperty": "http://www.cidoc-crm.org/cidoc-crm/P2_has_type",
                    "sortorder": 0
                },
                {
                    "config": {
                        "rdmCollection": "0ff39ed3-cc95-4c60-9321-6d4e65fb1f2d"
                    },
                    "datatype": "concept",
                    "description": null,
                    "exportable": false,
                    "fieldname": null,
                    "graph_id": "acb385b8-1862-11eb-8692-f875a44e0e11",
                    "is_collector": false,
                    "isrequired": false,
                    "issearchable": true,
                    "istopnode": false,
                    "name": "Standard Deviation Note Type",
                    "nodegroup_id": "acb385b9-1862-11eb-a5e9-f875a44e0e11",
                    "nodeid": "acb3aca2-1862-11eb-aa1f-f875a44e0e11",
                    "ontologyclass": "http://www.cidoc-crm.org/cidoc-crm/E55_Type",
                    "parentproperty": "http://www.cidoc-crm.org/cidoc-crm/P2_has_type",
                    "sortorder": 0
                },
                {
                    "config": {
                        "rdmCollection": "1e63c514-eb9d-48d3-94b5-35e060e5f368"
                    },
                    "datatype": "concept",
                    "description": null,
                    "exportable": false,
                    "fieldname": null,
                    "graph_id": "acb385b8-1862-11eb-8692-f875a44e0e11",
                    "is_collector": false,
                    "isrequired": false,
                    "issearchable": true,
                    "istopnode": false,
                    "name": "Standard Deviation Note Metatype",
                    "nodegroup_id": "acb385b9-1862-11eb-a5e9-f875a44e0e11",
                    "nodeid": "acb3aca3-1862-11eb-a499-f875a44e0e11",
                    "ontologyclass": "http://www.cidoc-crm.org/cidoc-crm/E55_Type",
                    "parentproperty": "http://www.cidoc-crm.org/cidoc-crm/P2_has_type",
                    "sortorder": 0
                },
                {
                    "config": {
                        "rdmCollection": "daacadea-1454-4cf4-8b14-9ade8069f4d7"
                    },
                    "datatype": "concept",
                    "description": "",
                    "exportable": false,
                    "fieldname": null,
                    "graph_id": "acb385b8-1862-11eb-8692-f875a44e0e11",
                    "is_collector": false,
                    "isrequired": false,
                    "issearchable": true,
                    "istopnode": false,
                    "name": "Standard Deviation Note Language",
                    "nodegroup_id": "acb385b9-1862-11eb-a5e9-f875a44e0e11",
                    "nodeid": "acb3aca4-1862-11eb-b9f5-f875a44e0e11",
                    "ontologyclass": "http://www.cidoc-crm.org/cidoc-crm/E56_Language",
                    "parentproperty": "http://www.cidoc-crm.org/cidoc-crm/P72_has_language",
                    "sortorder": 0
                },
                {
                    "config": {
                        "rdmCollection": "1e63c514-eb9d-48d3-94b5-35e060e5f368"
                    },
                    "datatype": "concept",
                    "description": null,
                    "exportable": false,
                    "fieldname": null,
                    "graph_id": "acb385b8-1862-11eb-8692-f875a44e0e11",
                    "is_collector": false,
                    "isrequired": false,
                    "issearchable": true,
                    "istopnode": false,
                    "name": "Standard Deviation Note Language Metatype",
                    "nodegroup_id": "acb385b9-1862-11eb-a5e9-f875a44e0e11",
                    "nodeid": "acb3aca5-1862-11eb-9c42-f875a44e0e11",
                    "ontologyclass": "http://www.cidoc-crm.org/cidoc-crm/E55_Type",
                    "parentproperty": "http://www.cidoc-crm.org/cidoc-crm/P2_has_type",
                    "sortorder": 0
                },
                {
                    "config": {
                        "rdmCollection": "0ff39ed3-cc95-4c60-9321-6d4e65fb1f2d"
                    },
                    "datatype": "concept",
                    "description": null,
                    "exportable": false,
                    "fieldname": null,
                    "graph_id": "acb385b8-1862-11eb-8692-f875a44e0e11",
                    "is_collector": false,
                    "isrequired": false,
                    "issearchable": true,
                    "istopnode": false,
                    "name": "Note Type",
                    "nodegroup_id": "acb385b9-1862-11eb-a5e9-f875a44e0e11",
                    "nodeid": "acb3aca6-1862-11eb-b438-f875a44e0e11",
                    "ontologyclass": "http://www.cidoc-crm.org/cidoc-crm/E55_Type",
                    "parentproperty": "http://www.cidoc-crm.org/cidoc-crm/P2_has_type",
                    "sortorder": 0
                },
                {
                    "config": null,
                    "datatype": "string",
                    "description": null,
                    "exportable": false,
                    "fieldname": null,
                    "graph_id": "acb385b8-1862-11eb-8692-f875a44e0e11",
                    "is_collector": false,
                    "isrequired": false,
                    "issearchable": true,
                    "istopnode": false,
                    "name": "Note",
                    "nodegroup_id": "acb385b9-1862-11eb-a5e9-f875a44e0e11",
                    "nodeid": "acb3aca7-1862-11eb-8397-f875a44e0e11",
                    "ontologyclass": "http://www.w3.org/2000/01/rdf-schema#Literal",
                    "parentproperty": "http://www.cidoc-crm.org/cidoc-crm/P3_has_note",
                    "sortorder": 0
                },
                {
                    "config": {
                        "rdmCollection": "0ff39ed3-cc95-4c60-9321-6d4e65fb1f2d"
                    },
                    "datatype": "concept",
                    "description": null,
                    "exportable": false,
                    "fieldname": null,
                    "graph_id": "acb385b8-1862-11eb-8692-f875a44e0e11",
                    "is_collector": false,
                    "isrequired": false,
                    "issearchable": true,
                    "istopnode": false,
                    "name": "Laboratory Reference Type",
                    "nodegroup_id": "acb385b9-1862-11eb-a5e9-f875a44e0e11",
                    "nodeid": "acb3aca8-1862-11eb-97ad-f875a44e0e11",
                    "ontologyclass": "http://www.cidoc-crm.org/cidoc-crm/E55_Type",
                    "parentproperty": "http://www.cidoc-crm.org/cidoc-crm/P2_has_type",
                    "sortorder": 0
                },
                {
                    "config": {
                        "fuzzy_day_padding": 1,
                        "fuzzy_month_padding": 1,
                        "fuzzy_season_padding": 12,
                        "fuzzy_year_padding": 1,
                        "multiplier_if_approximate": 1,
                        "multiplier_if_both": 1,
                        "multiplier_if_uncertain": 1
                    },
                    "datatype": "edtf",
                    "description": null,
                    "exportable": false,
                    "fieldname": null,
                    "graph_id": "acb385b8-1862-11eb-8692-f875a44e0e11",
                    "is_collector": false,
                    "isrequired": false,
                    "issearchable": true,
                    "istopnode": false,
                    "name": "Scientific Date End Date",
                    "nodegroup_id": "acb385b9-1862-11eb-a5e9-f875a44e0e11",
                    "nodeid": "acb3aca9-1862-11eb-8818-f875a44e0e11",
                    "ontologyclass": "http://www.cidoc-crm.org/cidoc-crm/E61_Time_Primitive",
                    "parentproperty": "http://www.cidoc-crm.org/cidoc-crm/P82b_end_of_the_end",
                    "sortorder": 0
                },
                {
                    "config": {
                        "rdmCollection": "1e63c514-eb9d-48d3-94b5-35e060e5f368"
                    },
                    "datatype": "concept",
                    "description": null,
                    "exportable": false,
                    "fieldname": null,
                    "graph_id": "acb385b8-1862-11eb-8692-f875a44e0e11",
                    "is_collector": false,
                    "isrequired": false,
                    "issearchable": true,
                    "istopnode": false,
                    "name": "Note Metatype",
                    "nodegroup_id": "acb385b9-1862-11eb-a5e9-f875a44e0e11",
                    "nodeid": "acb3acaa-1862-11eb-86be-f875a44e0e11",
                    "ontologyclass": "http://www.cidoc-crm.org/cidoc-crm/E55_Type",
                    "parentproperty": "http://www.cidoc-crm.org/cidoc-crm/P2_has_type",
                    "sortorder": 0
                },
                {
                    "config": null,
                    "datatype": "semantic",
                    "description": null,
                    "exportable": false,
                    "fieldname": null,
                    "graph_id": "acb385b8-1862-11eb-8692-f875a44e0e11",
                    "is_collector": false,
                    "isrequired": false,
                    "issearchable": true,
                    "istopnode": false,
                    "name": "Laboratory References",
                    "nodegroup_id": "acb385b9-1862-11eb-a5e9-f875a44e0e11",
                    "nodeid": "acb3acab-1862-11eb-a9b6-f875a44e0e11",
                    "ontologyclass": "http://www.cidoc-crm.org/cidoc-crm/E33_Linguistic_Object",
                    "parentproperty": "http://www.cidoc-crm.org/cidoc-crm/P129i_is_subject_of",
                    "sortorder": 0
                },
                {
                    "config": null,
                    "datatype": "semantic",
                    "description": null,
                    "exportable": false,
                    "fieldname": null,
                    "graph_id": "acb385b8-1862-11eb-8692-f875a44e0e11",
                    "is_collector": false,
                    "isrequired": false,
                    "issearchable": true,
                    "istopnode": false,
                    "name": "When Determined",
                    "nodegroup_id": "acb385b9-1862-11eb-a5e9-f875a44e0e11",
                    "nodeid": "acb3acac-1862-11eb-8298-f875a44e0e11",
                    "ontologyclass": "http://www.cidoc-crm.org/cidoc-crm/E52_Time-Span",
                    "parentproperty": "http://www.cidoc-crm.org/cidoc-crm/P4_has_time-span",
                    "sortorder": 0
                },
                {
                    "config": null,
                    "datatype": "semantic",
                    "description": null,
                    "exportable": false,
                    "fieldname": null,
                    "graph_id": "acb385b8-1862-11eb-8692-f875a44e0e11",
                    "is_collector": false,
                    "isrequired": false,
                    "issearchable": true,
                    "istopnode": false,
                    "name": "Notes",
                    "nodegroup_id": "acb385b9-1862-11eb-a5e9-f875a44e0e11",
                    "nodeid": "acb3acae-1862-11eb-8414-f875a44e0e11",
                    "ontologyclass": "http://www.cidoc-crm.org/cidoc-crm/E33_Linguistic_Object",
                    "parentproperty": "http://www.cidoc-crm.org/cidoc-crm/P129i_is_subject_of",
                    "sortorder": 0
                },
                {
                    "config": null,
                    "datatype": "semantic",
                    "description": null,
                    "exportable": false,
                    "fieldname": null,
                    "graph_id": "acb385b8-1862-11eb-8692-f875a44e0e11",
                    "is_collector": false,
                    "isrequired": false,
                    "issearchable": true,
                    "istopnode": false,
                    "name": "Standard Deviation",
                    "nodegroup_id": "acb385b9-1862-11eb-a5e9-f875a44e0e11",
                    "nodeid": "acb3acb1-1862-11eb-b1ee-f875a44e0e11",
                    "ontologyclass": "http://www.cidoc-crm.org/cidoc-crm/E29_Design_or_Procedure",
                    "parentproperty": "http://www.cidoc-crm.org/cidoc-crm/P33_used_specific_technique",
                    "sortorder": 0
                },
                {
                    "config": null,
                    "datatype": "string",
                    "description": null,
                    "exportable": false,
                    "fieldname": null,
                    "graph_id": "acb385b8-1862-11eb-8692-f875a44e0e11",
                    "is_collector": false,
                    "isrequired": false,
                    "issearchable": true,
                    "istopnode": false,
                    "name": "Standard Deviation Note",
                    "nodegroup_id": "acb385b9-1862-11eb-a5e9-f875a44e0e11",
                    "nodeid": "acb3acb2-1862-11eb-91f3-f875a44e0e11",
                    "ontologyclass": "http://www.w3.org/2000/01/rdf-schema#Literal",
                    "parentproperty": "http://www.cidoc-crm.org/cidoc-crm/P3_has_note",
                    "sortorder": 0
                },
                {
                    "config": {
                        "fuzzy_day_padding": 1,
                        "fuzzy_month_padding": 1,
                        "fuzzy_season_padding": 12,
                        "fuzzy_year_padding": 1,
                        "multiplier_if_approximate": 1,
                        "multiplier_if_both": 1,
                        "multiplier_if_uncertain": 1
                    },
                    "datatype": "edtf",
                    "description": null,
                    "exportable": false,
                    "fieldname": null,
                    "graph_id": "acb385b8-1862-11eb-8692-f875a44e0e11",
                    "is_collector": false,
                    "isrequired": false,
                    "issearchable": true,
                    "istopnode": false,
                    "name": "Scientific Date Start Date",
                    "nodegroup_id": "acb385b9-1862-11eb-a5e9-f875a44e0e11",
                    "nodeid": "acb3acb3-1862-11eb-aaa8-f875a44e0e11",
                    "ontologyclass": "http://www.cidoc-crm.org/cidoc-crm/E61_Time_Primitive",
                    "parentproperty": "http://www.cidoc-crm.org/cidoc-crm/P82a_begin_of_the_begin",
                    "sortorder": 0
                },
                {
                    "config": {
                        "rdmCollection": "1e63c514-eb9d-48d3-94b5-35e060e5f368"
                    },
                    "datatype": "concept",
                    "description": null,
                    "exportable": false,
                    "fieldname": null,
                    "graph_id": "acb385b8-1862-11eb-8692-f875a44e0e11",
                    "is_collector": false,
                    "isrequired": false,
                    "issearchable": true,
                    "istopnode": false,
                    "name": "Note Language Metatype",
                    "nodegroup_id": "acb385b9-1862-11eb-a5e9-f875a44e0e11",
                    "nodeid": "acb3acb4-1862-11eb-b620-f875a44e0e11",
                    "ontologyclass": "http://www.cidoc-crm.org/cidoc-crm/E55_Type",
                    "parentproperty": "http://www.cidoc-crm.org/cidoc-crm/P2_has_type",
                    "sortorder": 0
                },
                {
                    "config": {
                        "rdmCollection": "1e63c514-eb9d-48d3-94b5-35e060e5f368"
                    },
                    "datatype": "concept",
                    "description": null,
                    "exportable": false,
                    "fieldname": null,
                    "graph_id": "acb385b8-1862-11eb-8692-f875a44e0e11",
                    "is_collector": false,
                    "isrequired": false,
                    "issearchable": true,
                    "istopnode": false,
                    "name": "When Determined Date Qualifier Metatype",
                    "nodegroup_id": "acb385b9-1862-11eb-a5e9-f875a44e0e11",
                    "nodeid": "acb3acb5-1862-11eb-b52b-f875a44e0e11",
                    "ontologyclass": "http://www.cidoc-crm.org/cidoc-crm/E55_Type",
                    "parentproperty": "http://www.cidoc-crm.org/cidoc-crm/P2_has_type",
                    "sortorder": 0
                },
                {
                    "config": {
                        "rdmCollection": "1e63c514-eb9d-48d3-94b5-35e060e5f368"
                    },
                    "datatype": "concept",
                    "description": null,
                    "exportable": false,
                    "fieldname": null,
                    "graph_id": "acb385b8-1862-11eb-8692-f875a44e0e11",
                    "is_collector": false,
                    "isrequired": false,
                    "issearchable": true,
                    "istopnode": false,
                    "name": "Scientific Date Qualifier Metatype",
                    "nodegroup_id": "acb385b9-1862-11eb-a5e9-f875a44e0e11",
                    "nodeid": "acb3acb6-1862-11eb-b411-f875a44e0e11",
                    "ontologyclass": "http://www.cidoc-crm.org/cidoc-crm/E55_Type",
                    "parentproperty": "http://www.cidoc-crm.org/cidoc-crm/P2_has_type",
                    "sortorder": 0
                },
                {
                    "config": {
                        "rdmCollection": "1e63c514-eb9d-48d3-94b5-35e060e5f368"
                    },
                    "datatype": "concept",
                    "description": null,
                    "exportable": false,
                    "fieldname": null,
                    "graph_id": "acb385b8-1862-11eb-8692-f875a44e0e11",
                    "is_collector": false,
                    "isrequired": false,
                    "issearchable": true,
                    "istopnode": false,
                    "name": "Laboratory Reference Metatype",
                    "nodegroup_id": "acb385b9-1862-11eb-a5e9-f875a44e0e11",
                    "nodeid": "acb3acb7-1862-11eb-a9df-f875a44e0e11",
                    "ontologyclass": "http://www.cidoc-crm.org/cidoc-crm/E55_Type",
                    "parentproperty": "http://www.cidoc-crm.org/cidoc-crm/P2_has_type",
                    "sortorder": 0
                },
                {
                    "config": {
                        "dateFormat": "YYYY-MM-DD"
                    },
                    "datatype": "date",
                    "description": null,
                    "exportable": false,
                    "fieldname": null,
                    "graph_id": "acb385b8-1862-11eb-8692-f875a44e0e11",
                    "is_collector": false,
                    "isrequired": false,
                    "issearchable": true,
                    "istopnode": false,
                    "name": "When Determined Start Date",
                    "nodegroup_id": "acb385b9-1862-11eb-a5e9-f875a44e0e11",
                    "nodeid": "acb3acad-1862-11eb-9ad7-f875a44e0e11",
                    "ontologyclass": "http://www.cidoc-crm.org/cidoc-crm/E61_Time_Primitive",
                    "parentproperty": "http://www.cidoc-crm.org/cidoc-crm/P82a_begin_of_the_begin",
                    "sortorder": 0
                },
                {
                    "config": {
                        "dateFormat": "YYYY-MM-DD"
                    },
                    "datatype": "date",
                    "description": null,
                    "exportable": false,
                    "fieldname": null,
                    "graph_id": "acb385b8-1862-11eb-8692-f875a44e0e11",
                    "is_collector": false,
                    "isrequired": false,
                    "issearchable": true,
                    "istopnode": false,
                    "name": "When Determined End Date",
                    "nodegroup_id": "acb385b9-1862-11eb-a5e9-f875a44e0e11",
                    "nodeid": "acb3acba-1862-11eb-b34e-f875a44e0e11",
                    "ontologyclass": "http://www.cidoc-crm.org/cidoc-crm/E61_Time_Primitive",
                    "parentproperty": "http://www.cidoc-crm.org/cidoc-crm/P82b_end_of_the_end",
                    "sortorder": 0
                }
            ],
            "ontology_id": "e6e8db47-2ccf-11e6-927e-b8f6b115d7dd",
            "relatable_resource_model_ids": [],
            "resource_2_resource_constraints": [],
            "root": {
                "config": {},
                "datatype": "semantic",
                "description": "",
                "exportable": false,
                "fieldname": "",
                "graph_id": "acb385b8-1862-11eb-8692-f875a44e0e11",
                "is_collector": true,
                "isrequired": false,
                "issearchable": true,
                "istopnode": true,
                "name": "Scientific Date Assignment",
                "nodegroup_id": "acb385b9-1862-11eb-a5e9-f875a44e0e11",
                "nodeid": "acb385b9-1862-11eb-a5e9-f875a44e0e11",
                "ontologyclass": "http://www.cidoc-crm.org/cidoc-crm/E13_Attribute_Assignment",
                "sortorder": 0
            },
            "slug": null,
            "subtitle": "",
            "template_id": "50000000-0000-0000-0000-000000000002",
            "version": ""
        }
    ]
}