{
    "graph": [
        {
            "author": " Phil",
            "cards": [
                {
                    "active": true,
                    "cardid": "e806b718-8482-11ea-8c13-f875a44e0e11",
                    "component_id": "f05e4d3a-53c1-11e8-b0ea-784f435179ea",
                    "config": null,
                    "constraints": [],
                    "cssclass": null,
                    "description": "Allows a concept collection to be typed. Useful for data sharing.",
                    "graph_id": "e8036dc7-8482-11ea-bbe5-f875a44e0e11",
                    "helpenabled": false,
                    "helptext": null,
                    "helptitle": null,
                    "instructions": null,
                    "is_editable": true,
                    "name": "Type",
                    "nodegroup_id": "e8036dc6-8482-11ea-a944-f875a44e0e11",
                    "sortorder": null,
                    "visible": true
                }
            ],
            "cards_x_nodes_x_widgets": [],
            "color": null,
            "config": {},
            "deploymentdate": null,
            "deploymentfile": null,
            "description": "Allows a concept collection to be typed. Useful for data sharing.",
            "edges": [
                {
                    "description": null,
                    "domainnode_id": "e8036dc6-8482-11ea-a944-f875a44e0e11",
                    "edgeid": "fdb87611-8482-11ea-9475-f875a44e0e11",
                    "graph_id": "e8036dc7-8482-11ea-bbe5-f875a44e0e11",
                    "name": null,
                    "ontologyproperty": "http://www.cidoc-crm.org/cidoc-crm/P2_has_type",
                    "rangenode_id": "fdb87610-8482-11ea-9727-f875a44e0e11"
                }
            ],
            "functions_x_graphs": [],
            "graphid": "e8036dc7-8482-11ea-bbe5-f875a44e0e11",
            "iconclass": "fa fa-bookmark",
            "is_editable": true,
            "isactive": true,
            "isresource": false,
            "jsonldcontext": null,
            "name": "Type",
            "nodegroups": [
                {
                    "cardinality": "1",
                    "legacygroupid": null,
                    "nodegroupid": "e8036dc6-8482-11ea-a944-f875a44e0e11",
                    "parentnodegroup_id": null
                }
            ],
            "nodes": [
                {
                    "config": {
                        "rdmCollection": "1e63c514-eb9d-48d3-94b5-35e060e5f368"
                    },
                    "datatype": "concept",
                    "description": null,
                    "exportable": false,
                    "fieldname": null,
                    "graph_id": "e8036dc7-8482-11ea-bbe5-f875a44e0e11",
                    "is_collector": false,
                    "isrequired": false,
                    "issearchable": true,
                    "istopnode": false,
                    "name": "Metatype",
                    "nodegroup_id": "e8036dc6-8482-11ea-a944-f875a44e0e11",
                    "nodeid": "fdb87610-8482-11ea-9727-f875a44e0e11",
                    "ontologyclass": "http://www.cidoc-crm.org/cidoc-crm/E55_Type",
                    "parentproperty": "http://www.cidoc-crm.org/cidoc-crm/P2_has_type",
                    "sortorder": 0
                },
                {
                    "config": {
                        "rdmCollection": null
                    },
                    "datatype": "concept",
                    "description": "",
                    "exportable": false,
                    "fieldname": null,
                    "graph_id": "e8036dc7-8482-11ea-bbe5-f875a44e0e11",
                    "is_collector": true,
                    "isrequired": false,
                    "issearchable": true,
                    "istopnode": true,
                    "name": "Type",
                    "nodegroup_id": "e8036dc6-8482-11ea-a944-f875a44e0e11",
                    "nodeid": "e8036dc6-8482-11ea-a944-f875a44e0e11",
                    "ontologyclass": "http://www.cidoc-crm.org/cidoc-crm/E55_Type",
                    "parentproperty": "",
                    "sortorder": 0
                }
            ],
            "ontology_id": "e6e8db47-2ccf-11e6-927e-b8f6b115d7dd",
            "relatable_resource_model_ids": [],
            "resource_2_resource_constraints": [],
            "root": {
                "config": {
                    "rdmCollection": null
                },
                "datatype": "concept",
                "description": "",
                "exportable": false,
                "fieldname": null,
                "graph_id": "e8036dc7-8482-11ea-bbe5-f875a44e0e11",
                "is_collector": true,
                "isrequired": false,
                "issearchable": true,
                "istopnode": true,
                "name": "Type",
                "nodegroup_id": "e8036dc6-8482-11ea-a944-f875a44e0e11",
                "nodeid": "e8036dc6-8482-11ea-a944-f875a44e0e11",
                "ontologyclass": "http://www.cidoc-crm.org/cidoc-crm/E55_Type",
                "sortorder": 0
            },
            "slug": null,
            "subtitle": "",
            "template_id": "50000000-0000-0000-0000-000000000001",
            "version": ""
        }
    ]
}