{
    "graph": [
        {
            "author": "",
            "cards": [
                {
                    "active": true,
                    "cardid": "bf1dcecf-1861-11eb-bddd-f875a44e0e11",
                    "component_id": "f05e4d3a-53c1-11e8-b0ea-784f435179ea",
                    "config": null,
                    "constraints": [
                        {
                            "card_id": "bf1dcecf-1861-11eb-bddd-f875a44e0e11",
                            "constraintid": "62ee7376-5fd2-40c5-996e-380c301d8b54",
                            "nodes": [],
                            "uniquetoallinstances": false
                        }
                    ],
                    "cssclass": null,
                    "description": "",
                    "graph_id": "bf1dcecc-1861-11eb-8247-f875a44e0e11",
                    "helpenabled": false,
                    "helptext": null,
                    "helptitle": null,
                    "instructions": null,
                    "is_editable": true,
                    "name": "Use Phase",
                    "nodegroup_id": "bf1dcecd-1861-11eb-9b35-f875a44e0e11",
                    "sortorder": 8,
                    "visible": true
                }
            ],
            "cards_x_nodes_x_widgets": [
                {
                    "card_id": "bf1dcecf-1861-11eb-bddd-f875a44e0e11",
                    "config": {
                        "defaultValue": "",
                        "label": "Evidence Type",
                        "options": [],
                        "placeholder": "Select an option"
                    },
                    "id": "bf1df5fa-1861-11eb-8634-f875a44e0e11",
                    "label": "Evidence Type",
                    "node_id": "bf1df5ef-1861-11eb-b933-f875a44e0e11",
                    "sortorder": 8,
                    "visible": true,
                    "widget_id": "10000000-0000-0000-0000-000000000012"
                },
                {
                    "card_id": "bf1dcecf-1861-11eb-bddd-f875a44e0e11",
                    "config": {
                        "defaultValue": "",
                        "label": "Use Phase Start Date",
                        "placeholder": ""
                    },
                    "id": "bf1df5fb-1861-11eb-bd19-f875a44e0e11",
                    "label": "Use Phase Start Date",
                    "node_id": "bf1dced4-1861-11eb-9284-f875a44e0e11",
                    "sortorder": 1,
                    "visible": true,
                    "widget_id": "adfd15ce-dbab-11e7-86d1-0fcf08612b27"
                },
                {
                    "card_id": "bf1dcecf-1861-11eb-bddd-f875a44e0e11",
                    "config": {
                        "label": "Use Phase Period",
                        "placeholder": ""
                    },
                    "id": "bf1df5fc-1861-11eb-8af8-f875a44e0e11",
                    "label": "Use Phase Period",
                    "node_id": "bf1dced9-1861-11eb-8cc7-f875a44e0e11",
                    "sortorder": 0,
                    "visible": true,
                    "widget_id": "31f3728c-7613-11e7-a139-784f435179ea"
                },
                {
                    "card_id": "bf1dcecf-1861-11eb-bddd-f875a44e0e11",
                    "config": {
                        "defaultValue": "",
                        "label": "Use Phase End Date",
                        "placeholder": ""
                    },
                    "id": "bf1df5fd-1861-11eb-a99d-f875a44e0e11",
                    "label": "Use Phase End Date",
                    "node_id": "bf1dced6-1861-11eb-8c61-f875a44e0e11",
                    "sortorder": 2,
                    "visible": true,
                    "widget_id": "adfd15ce-dbab-11e7-86d1-0fcf08612b27"
                },
                {
                    "card_id": "bf1dcecf-1861-11eb-bddd-f875a44e0e11",
                    "config": {
                        "defaultValue": "",
                        "label": "Functional Type",
                        "options": [],
                        "placeholder": "Select an option"
                    },
                    "id": "bf1df5f5-1861-11eb-b671-f875a44e0e11",
                    "label": "Functional Type",
                    "node_id": "bf1dced8-1861-11eb-9fae-f875a44e0e11",
                    "sortorder": 6,
                    "visible": true,
                    "widget_id": "10000000-0000-0000-0000-000000000012"
                },
                {
                    "card_id": "bf1dcecf-1861-11eb-bddd-f875a44e0e11",
                    "config": {
                        "defaultValue": null,
                        "label": "Use Phase Description Type",
                        "options": [],
                        "placeholder": "Select an option"
                    },
                    "id": "bf1df5f4-1861-11eb-b23a-f875a44e0e11",
                    "label": "Use Phase Description Type",
                    "node_id": "bf1dced2-1861-11eb-b3b0-f875a44e0e11",
                    "sortorder": 11,
                    "visible": true,
                    "widget_id": "10000000-0000-0000-0000-000000000012"
                },
                {
                    "card_id": "bf1dcecf-1861-11eb-bddd-f875a44e0e11",
                    "config": {
                        "defaultValue": "6fbe3775-e51d-4f90-af53-5695dd204c9a",
                        "label": "Use Phase Description Metatype",
                        "options": [],
                        "placeholder": "Select an option"
                    },
                    "id": "bf1df5f9-1861-11eb-9eb2-f875a44e0e11",
                    "label": "Use Phase Description Metatype",
                    "node_id": "bf1dced5-1861-11eb-a277-f875a44e0e11",
                    "sortorder": 12,
                    "visible": false,
                    "widget_id": "10000000-0000-0000-0000-000000000002"
                },
                {
                    "card_id": "bf1dcecf-1861-11eb-bddd-f875a44e0e11",
                    "config": {
                        "defaultValue": null,
                        "label": "Use Phase Description",
                        "maxLength": null,
                        "placeholder": "Enter text",
                        "width": "100%"
                    },
                    "id": "bf1df5f1-1861-11eb-b8f7-f875a44e0e11",
                    "label": "Use Phase Description",
                    "node_id": "bf1dced0-1861-11eb-8cb4-f875a44e0e11",
                    "sortorder": 10,
                    "visible": true,
                    "widget_id": "10000000-0000-0000-0000-000000000005"
                },
                {
                    "card_id": "bf1dcecf-1861-11eb-bddd-f875a44e0e11",
                    "config": {
                        "defaultValue": "",
                        "label": "Use Phase Display Date",
                        "maxLength": null,
                        "placeholder": "Enter text",
                        "width": "100%"
                    },
                    "id": "bf1df5f3-1861-11eb-b5ca-f875a44e0e11",
                    "label": "Use Phase Display Date",
                    "node_id": "bf1dced7-1861-11eb-a0cc-f875a44e0e11",
                    "sortorder": 3,
                    "visible": true,
                    "widget_id": "10000000-0000-0000-0000-000000000001"
                },
                {
                    "card_id": "bf1dcecf-1861-11eb-bddd-f875a44e0e11",
                    "config": {
                        "defaultValue": "",
                        "label": "Use Phase Date Qualifier",
                        "options": [],
                        "placeholder": "Select an option"
                    },
                    "id": "bf1df5f2-1861-11eb-8d90-f875a44e0e11",
                    "label": "Use Phase Date Qualifier",
                    "node_id": "bf1df5ec-1861-11eb-bee7-f875a44e0e11",
                    "sortorder": 4,
                    "visible": true,
                    "widget_id": "10000000-0000-0000-0000-000000000002"
                },
                {
                    "card_id": "bf1dcecf-1861-11eb-bddd-f875a44e0e11",
                    "config": {
                        "defaultValue": "59a0c936-3f60-44f9-9e37-67b6ed0f4fa4",
                        "label": "Use Phase Date Qualifier Metatype",
                        "options": [],
                        "placeholder": "Select an option"
                    },
                    "id": "bf1df5f8-1861-11eb-8628-f875a44e0e11",
                    "label": "Use Phase Date Qualifier Metatype",
                    "node_id": "bf1dced1-1861-11eb-9d4b-f875a44e0e11",
                    "sortorder": 5,
                    "visible": false,
                    "widget_id": "10000000-0000-0000-0000-000000000002"
                },
                {
                    "card_id": "bf1dcecf-1861-11eb-bddd-f875a44e0e11",
                    "config": {
                        "defaultValue": "1cc6f0e9-432f-4177-bae1-16cab5afd3ac",
                        "label": "Evidence Metatype",
                        "options": [],
                        "placeholder": "Select an option"
                    },
                    "id": "bf1df5f7-1861-11eb-83c2-f875a44e0e11",
                    "label": "Evidence Metatype",
                    "node_id": "bf1df5f0-1861-11eb-a626-f875a44e0e11",
                    "sortorder": 9,
                    "visible": false,
                    "widget_id": "10000000-0000-0000-0000-000000000002"
                },
                {
                    "card_id": "bf1dcecf-1861-11eb-bddd-f875a44e0e11",
                    "config": {
                        "defaultValue": null,
                        "label": "Functional Metatype",
                        "options": [],
                        "placeholder": "Select an option"
                    },
                    "id": "bf1df5f6-1861-11eb-8d5b-f875a44e0e11",
                    "label": "Functional Metatype",
                    "node_id": "bf1dced3-1861-11eb-a3be-f875a44e0e11",
                    "sortorder": 7,
                    "visible": false,
                    "widget_id": "10000000-0000-0000-0000-000000000002"
                }
            ],
            "color": null,
            "config": {
                "basemap": "streets",
                "bearing": 0,
                "centerX": 1,
                "centerY": 53,
                "defaultValue": "",
                "defaultValueType": 0,
                "featureColor": "#FF0000",
                "featureEditingDisabled": true,
                "featureLineWidth": 1,
                "featurePointSize": 3,
                "geocodePlaceholder": "Search",
                "geocodeProvider": "10000000-0000-0000-0000-010000000000",
                "geocoderVisible": true,
                "geometryTypes": [
                    {
                        "id": "Point",
                        "text": "Point"
                    },
                    {
                        "id": "Line",
                        "text": "Line"
                    },
                    {
                        "id": "Polygon",
                        "text": "Polygon"
                    }
                ],
                "mapControlsHidden": false,
                "maxZoom": "17",
                "minZoom": "1",
                "overlayConfigs": [],
                "overlayOpacity": 0,
                "pitch": 0,
                "zoom": 5
            },
            "deploymentdate": null,
            "deploymentfile": null,
            "description": "",
            "edges": [
                {
                    "description": null,
                    "domainnode_id": "bf1df5ef-1861-11eb-b933-f875a44e0e11",
                    "edgeid": "bf1e43ff-1861-11eb-b163-f875a44e0e11",
                    "graph_id": "bf1dcecc-1861-11eb-8247-f875a44e0e11",
                    "name": null,
                    "ontologyproperty": "http://www.cidoc-crm.org/cidoc-crm/P2_has_type",
                    "rangenode_id": "bf1df5f0-1861-11eb-a626-f875a44e0e11"
                },
                {
                    "description": null,
                    "domainnode_id": "bf1dcecd-1861-11eb-9b35-f875a44e0e11",
                    "edgeid": "bf1e4400-1861-11eb-93af-f875a44e0e11",
                    "graph_id": "bf1dcecc-1861-11eb-8247-f875a44e0e11",
                    "name": null,
                    "ontologyproperty": "http://www.cidoc-crm.org/cidoc-crm/P4_has_time-span",
                    "rangenode_id": "bf1df5ed-1861-11eb-829b-f875a44e0e11"
                },
                {
                    "description": null,
                    "domainnode_id": "bf1dceda-1861-11eb-9eaa-f875a44e0e11",
                    "edgeid": "bf1e4401-1861-11eb-9aab-f875a44e0e11",
                    "graph_id": "bf1dcecc-1861-11eb-8247-f875a44e0e11",
                    "name": null,
                    "ontologyproperty": "http://www.cidoc-crm.org/cidoc-crm/P67i_is_referred_to_by",
                    "rangenode_id": "bf1df5ee-1861-11eb-b63c-f875a44e0e11"
                },
                {
                    "description": null,
                    "domainnode_id": "bf1dcecd-1861-11eb-9b35-f875a44e0e11",
                    "edgeid": "bf1e4402-1861-11eb-84dc-f875a44e0e11",
                    "graph_id": "bf1dcecc-1861-11eb-8247-f875a44e0e11",
                    "name": null,
                    "ontologyproperty": "http://www.cidoc-crm.org/cidoc-crm/P41i_was_classified_by",
                    "rangenode_id": "bf1dceda-1861-11eb-9eaa-f875a44e0e11"
                },
                {
                    "description": null,
                    "domainnode_id": "bf1dceda-1861-11eb-9eaa-f875a44e0e11",
                    "edgeid": "bf1e4403-1861-11eb-8fce-f875a44e0e11",
                    "graph_id": "bf1dcecc-1861-11eb-8247-f875a44e0e11",
                    "name": null,
                    "ontologyproperty": "http://www.cidoc-crm.org/cidoc-crm/P32_used_general_technique",
                    "rangenode_id": "bf1df5ef-1861-11eb-b933-f875a44e0e11"
                },
                {
                    "description": null,
                    "domainnode_id": "bf1df5ee-1861-11eb-b63c-f875a44e0e11",
                    "edgeid": "bf1e4404-1861-11eb-b5e2-f875a44e0e11",
                    "graph_id": "bf1dcecc-1861-11eb-8247-f875a44e0e11",
                    "name": null,
                    "ontologyproperty": "http://www.cidoc-crm.org/cidoc-crm/P2_has_type",
                    "rangenode_id": "bf1dced2-1861-11eb-b3b0-f875a44e0e11"
                },
                {
                    "description": null,
                    "domainnode_id": "bf1df5ed-1861-11eb-829b-f875a44e0e11",
                    "edgeid": "bf1e4405-1861-11eb-839c-f875a44e0e11",
                    "graph_id": "bf1dcecc-1861-11eb-8247-f875a44e0e11",
                    "name": null,
                    "ontologyproperty": "http://www.cidoc-crm.org/cidoc-crm/P82a_begin_of_the_begin",
                    "rangenode_id": "bf1dced4-1861-11eb-9284-f875a44e0e11"
                },
                {
                    "description": null,
                    "domainnode_id": "bf1df5ed-1861-11eb-829b-f875a44e0e11",
                    "edgeid": "bf1e4406-1861-11eb-8fed-f875a44e0e11",
                    "graph_id": "bf1dcecc-1861-11eb-8247-f875a44e0e11",
                    "name": null,
                    "ontologyproperty": "http://www.cidoc-crm.org/cidoc-crm/P82b_end_of_the_end",
                    "rangenode_id": "bf1dced6-1861-11eb-8c61-f875a44e0e11"
                },
                {
                    "description": null,
                    "domainnode_id": "bf1dcecd-1861-11eb-9b35-f875a44e0e11",
                    "edgeid": "bf1e4407-1861-11eb-830b-f875a44e0e11",
                    "graph_id": "bf1dcecc-1861-11eb-8247-f875a44e0e11",
                    "name": null,
                    "ontologyproperty": "http://www.cidoc-crm.org/cidoc-crm/P10_falls_within",
                    "rangenode_id": "bf1dced9-1861-11eb-8cc7-f875a44e0e11"
                },
                {
                    "description": null,
                    "domainnode_id": "bf1df5ec-1861-11eb-bee7-f875a44e0e11",
                    "edgeid": "bf1e4408-1861-11eb-a751-f875a44e0e11",
                    "graph_id": "bf1dcecc-1861-11eb-8247-f875a44e0e11",
                    "name": null,
                    "ontologyproperty": "http://www.cidoc-crm.org/cidoc-crm/P2_has_type",
                    "rangenode_id": "bf1dced1-1861-11eb-9d4b-f875a44e0e11"
                },
                {
                    "description": null,
                    "domainnode_id": "bf1dced8-1861-11eb-9fae-f875a44e0e11",
                    "edgeid": "bf1e4409-1861-11eb-abf7-f875a44e0e11",
                    "graph_id": "bf1dcecc-1861-11eb-8247-f875a44e0e11",
                    "name": null,
                    "ontologyproperty": "http://www.cidoc-crm.org/cidoc-crm/P2_has_type",
                    "rangenode_id": "bf1dced3-1861-11eb-a3be-f875a44e0e11"
                },
                {
                    "description": null,
                    "domainnode_id": "bf1dcecd-1861-11eb-9b35-f875a44e0e11",
                    "edgeid": "bf1e440a-1861-11eb-ab50-f875a44e0e11",
                    "graph_id": "bf1dcecc-1861-11eb-8247-f875a44e0e11",
                    "name": null,
                    "ontologyproperty": "http://www.cidoc-crm.org/cidoc-crm/P3_has_note",
                    "rangenode_id": "bf1dced7-1861-11eb-a0cc-f875a44e0e11"
                },
                {
                    "description": null,
                    "domainnode_id": "bf1df5ee-1861-11eb-b63c-f875a44e0e11",
                    "edgeid": "bf1e440b-1861-11eb-9214-f875a44e0e11",
                    "graph_id": "bf1dcecc-1861-11eb-8247-f875a44e0e11",
                    "name": null,
                    "ontologyproperty": "http://www.cidoc-crm.org/cidoc-crm/P3_has_note",
                    "rangenode_id": "bf1dced0-1861-11eb-8cb4-f875a44e0e11"
                },
                {
                    "description": null,
                    "domainnode_id": "bf1df5ed-1861-11eb-829b-f875a44e0e11",
                    "edgeid": "bf1e440c-1861-11eb-907e-f875a44e0e11",
                    "graph_id": "bf1dcecc-1861-11eb-8247-f875a44e0e11",
                    "name": null,
                    "ontologyproperty": "http://www.cidoc-crm.org/cidoc-crm/P2_has_type",
                    "rangenode_id": "bf1df5ec-1861-11eb-bee7-f875a44e0e11"
                },
                {
                    "description": null,
                    "domainnode_id": "bf1dceda-1861-11eb-9eaa-f875a44e0e11",
                    "edgeid": "bf1e440d-1861-11eb-b94d-f875a44e0e11",
                    "graph_id": "bf1dcecc-1861-11eb-8247-f875a44e0e11",
                    "name": null,
                    "ontologyproperty": "http://www.cidoc-crm.org/cidoc-crm/P42_assigned",
                    "rangenode_id": "bf1dced8-1861-11eb-9fae-f875a44e0e11"
                },
                {
                    "description": null,
                    "domainnode_id": "bf1dced2-1861-11eb-b3b0-f875a44e0e11",
                    "edgeid": "bf1e43fe-1861-11eb-a745-f875a44e0e11",
                    "graph_id": "bf1dcecc-1861-11eb-8247-f875a44e0e11",
                    "name": null,
                    "ontologyproperty": "http://www.cidoc-crm.org/cidoc-crm/P2_has_type",
                    "rangenode_id": "bf1dced5-1861-11eb-a277-f875a44e0e11"
                }
            ],
            "functions_x_graphs": [],
            "graphid": "bf1dcecc-1861-11eb-8247-f875a44e0e11",
            "iconclass": "fa fa-bank",
            "is_editable": true,
            "isactive": true,
            "isresource": false,
            "jsonldcontext": null,
            "name": "Use Phase",
            "nodegroups": [
                {
                    "cardinality": "1",
                    "legacygroupid": null,
                    "nodegroupid": "bf1dcecd-1861-11eb-9b35-f875a44e0e11",
                    "parentnodegroup_id": null
                }
            ],
            "nodes": [
                {
                    "config": null,
                    "datatype": "string",
                    "description": null,
                    "exportable": false,
                    "fieldname": null,
                    "graph_id": "bf1dcecc-1861-11eb-8247-f875a44e0e11",
                    "is_collector": false,
                    "isrequired": false,
                    "issearchable": true,
                    "istopnode": false,
                    "name": "Use Phase Display Date",
                    "nodegroup_id": "bf1dcecd-1861-11eb-9b35-f875a44e0e11",
                    "nodeid": "bf1dced7-1861-11eb-a0cc-f875a44e0e11",
                    "ontologyclass": "http://www.w3.org/2000/01/rdf-schema#Literal",
                    "parentproperty": "http://www.cidoc-crm.org/cidoc-crm/P3_has_note",
                    "sortorder": 0
                },
                {
                    "config": {
                        "rdmCollection": "9222b257-6015-4808-9dac-7b962a2679a8"
                    },
                    "datatype": "concept-list",
                    "description": null,
                    "exportable": false,
                    "fieldname": null,
                    "graph_id": "bf1dcecc-1861-11eb-8247-f875a44e0e11",
                    "is_collector": false,
                    "isrequired": false,
                    "issearchable": true,
                    "istopnode": false,
                    "name": "Functional Type",
                    "nodegroup_id": "bf1dcecd-1861-11eb-9b35-f875a44e0e11",
                    "nodeid": "bf1dced8-1861-11eb-9fae-f875a44e0e11",
                    "ontologyclass": "http://www.cidoc-crm.org/cidoc-crm/E55_Type",
                    "parentproperty": "http://www.cidoc-crm.org/cidoc-crm/P42_assigned",
                    "sortorder": 0
                },
                {
                    "config": null,
                    "datatype": "string",
                    "description": null,
                    "exportable": false,
                    "fieldname": null,
                    "graph_id": "bf1dcecc-1861-11eb-8247-f875a44e0e11",
                    "is_collector": false,
                    "isrequired": false,
                    "issearchable": true,
                    "istopnode": false,
                    "name": "Use Phase Description",
                    "nodegroup_id": "bf1dcecd-1861-11eb-9b35-f875a44e0e11",
                    "nodeid": "bf1dced0-1861-11eb-8cb4-f875a44e0e11",
                    "ontologyclass": "http://www.w3.org/2000/01/rdf-schema#Literal",
                    "parentproperty": "http://www.cidoc-crm.org/cidoc-crm/P3_has_note",
                    "sortorder": 0
                },
                {
                    "config": {
                        "rdmCollection": "1e63c514-eb9d-48d3-94b5-35e060e5f368"
                    },
                    "datatype": "concept",
                    "description": null,
                    "exportable": false,
                    "fieldname": null,
                    "graph_id": "bf1dcecc-1861-11eb-8247-f875a44e0e11",
                    "is_collector": false,
                    "isrequired": false,
                    "issearchable": true,
                    "istopnode": false,
                    "name": "Use Phase Date Qualifier Metatype",
                    "nodegroup_id": "bf1dcecd-1861-11eb-9b35-f875a44e0e11",
                    "nodeid": "bf1dced1-1861-11eb-9d4b-f875a44e0e11",
                    "ontologyclass": "http://www.cidoc-crm.org/cidoc-crm/E55_Type",
                    "parentproperty": "http://www.cidoc-crm.org/cidoc-crm/P2_has_type",
                    "sortorder": 0
                },
                {
                    "config": {
                        "rdmCollection": "0ff39ed3-cc95-4c60-9321-6d4e65fb1f2d"
                    },
                    "datatype": "concept-list",
                    "description": null,
                    "exportable": false,
                    "fieldname": null,
                    "graph_id": "bf1dcecc-1861-11eb-8247-f875a44e0e11",
                    "is_collector": false,
                    "isrequired": false,
                    "issearchable": true,
                    "istopnode": false,
                    "name": "Use Phase Description Type",
                    "nodegroup_id": "bf1dcecd-1861-11eb-9b35-f875a44e0e11",
                    "nodeid": "bf1dced2-1861-11eb-b3b0-f875a44e0e11",
                    "ontologyclass": "http://www.cidoc-crm.org/cidoc-crm/E55_Type",
                    "parentproperty": "http://www.cidoc-crm.org/cidoc-crm/P2_has_type",
                    "sortorder": 0
                },
                {
                    "config": {
                        "rdmCollection": "1e63c514-eb9d-48d3-94b5-35e060e5f368"
                    },
                    "datatype": "concept",
                    "description": null,
                    "exportable": false,
                    "fieldname": null,
                    "graph_id": "bf1dcecc-1861-11eb-8247-f875a44e0e11",
                    "is_collector": false,
                    "isrequired": false,
                    "issearchable": true,
                    "istopnode": false,
                    "name": "Functional Metatype",
                    "nodegroup_id": "bf1dcecd-1861-11eb-9b35-f875a44e0e11",
                    "nodeid": "bf1dced3-1861-11eb-a3be-f875a44e0e11",
                    "ontologyclass": "http://www.cidoc-crm.org/cidoc-crm/E55_Type",
                    "parentproperty": "http://www.cidoc-crm.org/cidoc-crm/P2_has_type",
                    "sortorder": 0
                },
                {
                    "config": {
                        "fuzzy_day_padding": 1,
                        "fuzzy_month_padding": 1,
                        "fuzzy_season_padding": 12,
                        "fuzzy_year_padding": 1,
                        "multiplier_if_approximate": 1,
                        "multiplier_if_both": 1,
                        "multiplier_if_uncertain": 1
                    },
                    "datatype": "edtf",
                    "description": null,
                    "exportable": false,
                    "fieldname": null,
                    "graph_id": "bf1dcecc-1861-11eb-8247-f875a44e0e11",
                    "is_collector": false,
                    "isrequired": false,
                    "issearchable": true,
                    "istopnode": false,
                    "name": "Use Phase Start Date",
                    "nodegroup_id": "bf1dcecd-1861-11eb-9b35-f875a44e0e11",
                    "nodeid": "bf1dced4-1861-11eb-9284-f875a44e0e11",
                    "ontologyclass": "http://www.cidoc-crm.org/cidoc-crm/E61_Time_Primitive",
                    "parentproperty": "http://www.cidoc-crm.org/cidoc-crm/P82a_begin_of_the_begin",
                    "sortorder": 0
                },
                {
                    "config": {
                        "fuzzy_day_padding": 1,
                        "fuzzy_month_padding": 1,
                        "fuzzy_season_padding": 12,
                        "fuzzy_year_padding": 1,
                        "multiplier_if_approximate": 1,
                        "multiplier_if_both": 1,
                        "multiplier_if_uncertain": 1
                    },
                    "datatype": "edtf",
                    "description": null,
                    "exportable": false,
                    "fieldname": null,
                    "graph_id": "bf1dcecc-1861-11eb-8247-f875a44e0e11",
                    "is_collector": false,
                    "isrequired": false,
                    "issearchable": true,
                    "istopnode": false,
                    "name": "Use Phase End Date",
                    "nodegroup_id": "bf1dcecd-1861-11eb-9b35-f875a44e0e11",
                    "nodeid": "bf1dced6-1861-11eb-8c61-f875a44e0e11",
                    "ontologyclass": "http://www.cidoc-crm.org/cidoc-crm/E61_Time_Primitive",
                    "parentproperty": "http://www.cidoc-crm.org/cidoc-crm/P82b_end_of_the_end",
                    "sortorder": 0
                },
                {
                    "config": {
                        "graphs": [
                            {
                                "graphid": "f9045867-8861-11ea-b06f-f875a44e0e11",
                                "name": "Period"
                            }
                        ],
                        "rdmCollection": null
                    },
                    "datatype": "resource-instance",
                    "description": null,
                    "exportable": false,
                    "fieldname": null,
                    "graph_id": "bf1dcecc-1861-11eb-8247-f875a44e0e11",
                    "is_collector": false,
                    "isrequired": false,
                    "issearchable": true,
                    "istopnode": false,
                    "name": "Use Phase Period",
                    "nodegroup_id": "bf1dcecd-1861-11eb-9b35-f875a44e0e11",
                    "nodeid": "bf1dced9-1861-11eb-8cc7-f875a44e0e11",
                    "ontologyclass": "http://www.cidoc-crm.org/cidoc-crm/E4_Period",
                    "parentproperty": "http://www.cidoc-crm.org/cidoc-crm/P10_falls_within",
                    "sortorder": 0
                },
                {
                    "config": null,
                    "datatype": "semantic",
                    "description": null,
                    "exportable": false,
                    "fieldname": null,
                    "graph_id": "bf1dcecc-1861-11eb-8247-f875a44e0e11",
                    "is_collector": false,
                    "isrequired": false,
                    "issearchable": true,
                    "istopnode": false,
                    "name": "Use Phase Classification",
                    "nodegroup_id": "bf1dcecd-1861-11eb-9b35-f875a44e0e11",
                    "nodeid": "bf1dceda-1861-11eb-9eaa-f875a44e0e11",
                    "ontologyclass": "http://www.cidoc-crm.org/cidoc-crm/E17_Type_Assignment",
                    "parentproperty": "http://www.cidoc-crm.org/cidoc-crm/P41i_was_classified_by",
                    "sortorder": 0
                },
                {
                    "config": {
                        "rdmCollection": "366686d6-deb0-4245-81a3-f94d791a388c"
                    },
                    "datatype": "concept",
                    "description": null,
                    "exportable": false,
                    "fieldname": null,
                    "graph_id": "bf1dcecc-1861-11eb-8247-f875a44e0e11",
                    "is_collector": false,
                    "isrequired": false,
                    "issearchable": true,
                    "istopnode": false,
                    "name": "Use Phase Date Qualifier",
                    "nodegroup_id": "bf1dcecd-1861-11eb-9b35-f875a44e0e11",
                    "nodeid": "bf1df5ec-1861-11eb-bee7-f875a44e0e11",
                    "ontologyclass": "http://www.cidoc-crm.org/cidoc-crm/E55_Type",
                    "parentproperty": "http://www.cidoc-crm.org/cidoc-crm/P2_has_type",
                    "sortorder": 0
                },
                {
                    "config": null,
                    "datatype": "semantic",
                    "description": null,
                    "exportable": false,
                    "fieldname": null,
                    "graph_id": "bf1dcecc-1861-11eb-8247-f875a44e0e11",
                    "is_collector": false,
                    "isrequired": false,
                    "issearchable": true,
                    "istopnode": false,
                    "name": "Use Phase Timespan",
                    "nodegroup_id": "bf1dcecd-1861-11eb-9b35-f875a44e0e11",
                    "nodeid": "bf1df5ed-1861-11eb-829b-f875a44e0e11",
                    "ontologyclass": "http://www.cidoc-crm.org/cidoc-crm/E52_Time-Span",
                    "parentproperty": "http://www.cidoc-crm.org/cidoc-crm/P4_has_time-span",
                    "sortorder": 0
                },
                {
                    "config": null,
                    "datatype": "semantic",
                    "description": null,
                    "exportable": false,
                    "fieldname": null,
                    "graph_id": "bf1dcecc-1861-11eb-8247-f875a44e0e11",
                    "is_collector": false,
                    "isrequired": false,
                    "issearchable": true,
                    "istopnode": false,
                    "name": "Use Phase Classification Description",
                    "nodegroup_id": "bf1dcecd-1861-11eb-9b35-f875a44e0e11",
                    "nodeid": "bf1df5ee-1861-11eb-b63c-f875a44e0e11",
                    "ontologyclass": "http://www.cidoc-crm.org/cidoc-crm/E73_Information_Object",
                    "parentproperty": "http://www.cidoc-crm.org/cidoc-crm/P67i_is_referred_to_by",
                    "sortorder": 0
                },
                {
                    "config": {
                        "rdmCollection": "02da8114-6a70-4fde-a022-2ee07acf17a3"
                    },
                    "datatype": "concept-list",
                    "description": null,
                    "exportable": false,
                    "fieldname": null,
                    "graph_id": "bf1dcecc-1861-11eb-8247-f875a44e0e11",
                    "is_collector": false,
                    "isrequired": false,
                    "issearchable": true,
                    "istopnode": false,
                    "name": "Use Phase Evidence Type",
                    "nodegroup_id": "bf1dcecd-1861-11eb-9b35-f875a44e0e11",
                    "nodeid": "bf1df5ef-1861-11eb-b933-f875a44e0e11",
                    "ontologyclass": "http://www.cidoc-crm.org/cidoc-crm/E55_Type",
                    "parentproperty": "http://www.cidoc-crm.org/cidoc-crm/P32_used_general_technique",
                    "sortorder": 0
                },
                {
                    "config": {
                        "rdmCollection": "1e63c514-eb9d-48d3-94b5-35e060e5f368"
                    },
                    "datatype": "concept",
                    "description": null,
                    "exportable": false,
                    "fieldname": null,
                    "graph_id": "bf1dcecc-1861-11eb-8247-f875a44e0e11",
                    "is_collector": false,
                    "isrequired": false,
                    "issearchable": true,
                    "istopnode": false,
                    "name": "Use Phase Evidence Metatype",
                    "nodegroup_id": "bf1dcecd-1861-11eb-9b35-f875a44e0e11",
                    "nodeid": "bf1df5f0-1861-11eb-a626-f875a44e0e11",
                    "ontologyclass": "http://www.cidoc-crm.org/cidoc-crm/E55_Type",
                    "parentproperty": "http://www.cidoc-crm.org/cidoc-crm/P2_has_type",
                    "sortorder": 0
                },
                {
                    "config": null,
                    "datatype": "semantic",
                    "description": null,
                    "exportable": false,
                    "fieldname": null,
                    "graph_id": "bf1dcecc-1861-11eb-8247-f875a44e0e11",
                    "is_collector": true,
                    "isrequired": false,
                    "issearchable": true,
                    "istopnode": true,
                    "name": "Use Phase",
                    "nodegroup_id": "bf1dcecd-1861-11eb-9b35-f875a44e0e11",
                    "nodeid": "bf1dcecd-1861-11eb-9b35-f875a44e0e11",
                    "ontologyclass": "http://www.cidoc-crm.org/cidoc-crm/E5_Event",
                    "parentproperty": "",
                    "sortorder": 0
                },
                {
                    "config": {
                        "rdmCollection": "1e63c514-eb9d-48d3-94b5-35e060e5f368"
                    },
                    "datatype": "concept",
                    "description": null,
                    "exportable": false,
                    "fieldname": null,
                    "graph_id": "bf1dcecc-1861-11eb-8247-f875a44e0e11",
                    "is_collector": false,
                    "isrequired": false,
                    "issearchable": true,
                    "istopnode": false,
                    "name": "Use Phase Description Metatype",
                    "nodegroup_id": "bf1dcecd-1861-11eb-9b35-f875a44e0e11",
                    "nodeid": "bf1dced5-1861-11eb-a277-f875a44e0e11",
                    "ontologyclass": "http://www.cidoc-crm.org/cidoc-crm/E55_Type",
                    "parentproperty": "http://www.cidoc-crm.org/cidoc-crm/P2_has_type",
                    "sortorder": 0
                }
            ],
            "ontology_id": "e6e8db47-2ccf-11e6-927e-b8f6b115d7dd",
            "relatable_resource_model_ids": [],
            "resource_2_resource_constraints": [],
            "root": {
                "config": null,
                "datatype": "semantic",
                "description": null,
                "exportable": false,
                "fieldname": null,
                "graph_id": "bf1dcecc-1861-11eb-8247-f875a44e0e11",
                "is_collector": true,
                "isrequired": false,
                "issearchable": true,
                "istopnode": true,
                "name": "Use Phase",
                "nodegroup_id": "bf1dcecd-1861-11eb-9b35-f875a44e0e11",
                "nodeid": "bf1dcecd-1861-11eb-9b35-f875a44e0e11",
                "ontologyclass": "http://www.cidoc-crm.org/cidoc-crm/E5_Event",
                "sortorder": 0
            },
            "slug": null,
            "subtitle": "",
            "template_id": "50000000-0000-0000-0000-000000000002",
            "version": ""
        }
    ]
}