{
    "graph": [
        {
            "author": "Phil Carlisle",
            "cards": [
                {
                    "active": true,
                    "cardid": "d18dbaa3-5154-11e9-85aa-000d3ab0c5a1",
                    "component_id": "f05e4d3a-53c1-11e8-b0ea-784f435179ea",
                    "config": null,
                    "constraints": [],
                    "cssclass": null,
                    "description": "Represents a single node in a graph",
                    "graph_id": "5aabb9b1-661d-11e7-b43c-021893e306d8",
                    "helpenabled": false,
                    "helptext": null,
                    "helptitle": null,
                    "instructions": null,
                    "is_editable": true,
                    "name": "Crew Members",
                    "nodegroup_id": "563e27a5-661e-11e7-b43c-021893e306d8",
                    "sortorder": null,
                    "visible": true
                },
                {
                    "active": true,
                    "cardid": "5aabb9b3-661d-11e7-b43c-021893e306d8",
                    "component_id": "f05e4d3a-53c1-11e8-b0ea-784f435179ea",
                    "config": null,
                    "constraints": [
                        {
                            "card_id": "5aabb9b3-661d-11e7-b43c-021893e306d8",
                            "constraintid": "ccd29dd2-6e96-4a3b-9e17-87e4b3f0420a",
                            "nodes": [],
                            "uniquetoallinstances": false
                        }
                    ],
                    "cssclass": null,
                    "description": "",
                    "graph_id": "5aabb9b1-661d-11e7-b43c-021893e306d8",
                    "helpenabled": false,
                    "helptext": null,
                    "helptitle": null,
                    "instructions": null,
                    "is_editable": true,
                    "name": "Voyages",
                    "nodegroup_id": "5aabb9b0-661d-11e7-b43c-021893e306d8",
                    "sortorder": null,
                    "visible": true
                },
                {
                    "active": true,
                    "cardid": "8d131e7d-a858-11e7-9f72-021893e306d8",
                    "component_id": "f05e4d3a-53c1-11e8-b0ea-784f435179ea",
                    "config": null,
                    "constraints": [],
                    "cssclass": null,
                    "description": "",
                    "graph_id": "5aabb9b1-661d-11e7-b43c-021893e306d8",
                    "helpenabled": false,
                    "helptext": null,
                    "helptitle": null,
                    "instructions": null,
                    "is_editable": true,
                    "name": "Descriptions",
                    "nodegroup_id": "8d131e7b-a858-11e7-9f72-021893e306d8",
                    "sortorder": 1,
                    "visible": true
                }
            ],
            "cards_x_nodes_x_widgets": [
                {
                    "card_id": "5aabb9b3-661d-11e7-b43c-021893e306d8",
                    "config": {
                        "dateFormat": "YYYY-MM-DD",
                        "defaultValue": "",
                        "label": "Date of Arrival",
                        "maxDate": false,
                        "minDate": false,
                        "placeholder": "Enter date",
                        "viewMode": "days"
                    },
                    "id": "c28c7b45-5154-11e9-b903-000d3ab0c5a1",
                    "label": "Date of Arrival",
                    "node_id": "52e0608f-5154-11e9-8901-000d3ab0c5a1",
                    "sortorder": 2,
                    "visible": true,
                    "widget_id": "10000000-0000-0000-0000-000000000004"
                },
                {
                    "card_id": "5aabb9b3-661d-11e7-b43c-021893e306d8",
                    "config": {
                        "defaultValue": "",
                        "label": "Port of Departure Name",
                        "options": [],
                        "placeholder": "Select an option"
                    },
                    "id": "bc1ef25f-59dd-11e9-b977-18cf5eb368c4",
                    "label": "Port of Departure Name",
                    "node_id": "ea6c3a49-661d-11e7-b43c-021893e306d8",
                    "sortorder": 3,
                    "visible": true,
                    "widget_id": "10000000-0000-0000-0000-000000000012"
                },
                {
                    "card_id": "d18dbaa3-5154-11e9-85aa-000d3ab0c5a1",
                    "config": {
                        "defaultValue": "",
                        "label": "Role",
                        "options": [],
                        "placeholder": "Select an option"
                    },
                    "id": "f3485f5f-5154-11e9-ba0e-000d3ab0c5a1",
                    "label": "Role",
                    "node_id": "59cf416b-8cc4-11e7-b43c-021893e306d8",
                    "sortorder": 1,
                    "visible": true,
                    "widget_id": "10000000-0000-0000-0000-000000000012"
                },
                {
                    "card_id": "5aabb9b3-661d-11e7-b43c-021893e306d8",
                    "config": {
                        "defaultValue": "",
                        "label": "Port of Destination Name",
                        "options": [],
                        "placeholder": "Select an option"
                    },
                    "id": "bc2708b1-59dd-11e9-866c-18cf5eb368c4",
                    "label": "Port of Destination Name",
                    "node_id": "3abe40eb-661e-11e7-b43c-021893e306d8",
                    "sortorder": 4,
                    "visible": true,
                    "widget_id": "10000000-0000-0000-0000-000000000012"
                },
                {
                    "card_id": "8d131e7d-a858-11e7-9f72-021893e306d8",
                    "config": {
                        "label": "Description of Voyage",
                        "maxLength": null,
                        "placeholder": "Enter text",
                        "width": "100%"
                    },
                    "id": "9c7c5bc5-c5a4-11e7-84a5-021893e306d8",
                    "label": "Description of Voyage",
                    "node_id": "8d131e7e-a858-11e7-9f72-021893e306d8",
                    "sortorder": 1,
                    "visible": true,
                    "widget_id": "10000000-0000-0000-0000-000000000005"
                },
                {
                    "card_id": "8d131e7d-a858-11e7-9f72-021893e306d8",
                    "config": {
                        "defaultValue": "",
                        "label": "Voyage Description Type",
                        "options": [],
                        "placeholder": "Select an option"
                    },
                    "id": "9c7c5bc6-c5a4-11e7-84a5-021893e306d8",
                    "label": "Voyage Description Type",
                    "node_id": "8d131e7f-a858-11e7-9f72-021893e306d8",
                    "sortorder": 0,
                    "visible": true,
                    "widget_id": "10000000-0000-0000-0000-000000000002"
                },
                {
                    "card_id": "d18dbaa3-5154-11e9-85aa-000d3ab0c5a1",
                    "config": {
                        "defaultValue": "",
                        "label": "Crew Member Name",
                        "maxLength": null,
                        "placeholder": "Enter text",
                        "width": "100%"
                    },
                    "id": "f332db92-5154-11e9-a8ec-000d3ab0c5a1",
                    "label": "Crew Member Name",
                    "node_id": "8adf0a15-661e-11e7-b43c-021893e306d8",
                    "sortorder": 0,
                    "visible": true,
                    "widget_id": "10000000-0000-0000-0000-000000000001"
                },
                {
                    "card_id": "5aabb9b3-661d-11e7-b43c-021893e306d8",
                    "config": {
                        "defaultValue": "",
                        "label": "Cargo Type",
                        "options": [],
                        "placeholder": "Select an option"
                    },
                    "id": "bc264561-59dd-11e9-afa5-18cf5eb368c4",
                    "label": "Cargo Type",
                    "node_id": "2693bf67-93df-11e7-b43c-021893e306d8",
                    "sortorder": 5,
                    "visible": true,
                    "widget_id": "10000000-0000-0000-0000-000000000012"
                },
                {
                    "card_id": "5aabb9b3-661d-11e7-b43c-021893e306d8",
                    "config": {
                        "defaultValue": "",
                        "label": "Voyage Type",
                        "options": [],
                        "placeholder": "Select an option"
                    },
                    "id": "bc2979b1-59dd-11e9-9570-18cf5eb368c4",
                    "label": "Voyage Type",
                    "node_id": "e3c6ad01-a857-11e7-9f72-021893e306d8",
                    "sortorder": 0,
                    "visible": true,
                    "widget_id": "10000000-0000-0000-0000-000000000002"
                },
                {
                    "card_id": "5aabb9b3-661d-11e7-b43c-021893e306d8",
                    "config": {
                        "dateFormat": "YYYY-MM-DD",
                        "defaultValue": "",
                        "label": "Date of Departure",
                        "maxDate": false,
                        "minDate": false,
                        "placeholder": "Enter date",
                        "viewMode": "days"
                    },
                    "id": "bc288f50-59dd-11e9-b9dd-18cf5eb368c4",
                    "label": "Date of Departure",
                    "node_id": "3a6b66bd-9c7f-11e7-9f72-021893e306d8",
                    "sortorder": 1,
                    "visible": true,
                    "widget_id": "10000000-0000-0000-0000-000000000004"
                }
            ],
            "color": null,
            "config": {},
            "deploymentdate": null,
            "deploymentfile": null,
            "description": "",
            "edges": [
                {
                    "description": null,
                    "domainnode_id": "563e27a5-661e-11e7-b43c-021893e306d8",
                    "edgeid": "7131399a-661e-11e7-b43c-021893e306d8",
                    "graph_id": "5aabb9b1-661d-11e7-b43c-021893e306d8",
                    "name": null,
                    "ontologyproperty": "http://www.cidoc-crm.org/cidoc-crm/P107_has_current_or_former_member",
                    "rangenode_id": "71313999-661e-11e7-b43c-021893e306d8"
                },
                {
                    "description": null,
                    "domainnode_id": "8d131e7b-a858-11e7-9f72-021893e306d8",
                    "edgeid": "8d131e81-a858-11e7-9f72-021893e306d8",
                    "graph_id": "5aabb9b1-661d-11e7-b43c-021893e306d8",
                    "name": null,
                    "ontologyproperty": "http://www.cidoc-crm.org/cidoc-crm/P2_has_type",
                    "rangenode_id": "8d131e7f-a858-11e7-9f72-021893e306d8"
                },
                {
                    "description": null,
                    "domainnode_id": "5aabb9b0-661d-11e7-b43c-021893e306d8",
                    "edgeid": "e3c6ad06-a857-11e7-9f72-021893e306d8",
                    "graph_id": "5aabb9b1-661d-11e7-b43c-021893e306d8",
                    "name": null,
                    "ontologyproperty": "http://www.cidoc-crm.org/cidoc-crm/P2_has_type",
                    "rangenode_id": "e3c6ad01-a857-11e7-9f72-021893e306d8"
                },
                {
                    "description": null,
                    "domainnode_id": "5aabb9b0-661d-11e7-b43c-021893e306d8",
                    "edgeid": "9293356c-661d-11e7-b43c-021893e306d8",
                    "graph_id": "5aabb9b1-661d-11e7-b43c-021893e306d8",
                    "name": null,
                    "ontologyproperty": "http://www.cidoc-crm.org/cidoc-crm/P25_moved",
                    "rangenode_id": "9293356b-661d-11e7-b43c-021893e306d8"
                },
                {
                    "description": null,
                    "domainnode_id": "5aabb9b0-661d-11e7-b43c-021893e306d8",
                    "edgeid": "563e27a6-661e-11e7-b43c-021893e306d8",
                    "graph_id": "5aabb9b1-661d-11e7-b43c-021893e306d8",
                    "name": null,
                    "ontologyproperty": "http://www.cidoc-crm.org/cidoc-crm/P11_had_participant",
                    "rangenode_id": "563e27a5-661e-11e7-b43c-021893e306d8"
                },
                {
                    "description": null,
                    "domainnode_id": "2224a411-9c7f-11e7-9f72-021893e306d8",
                    "edgeid": "3a6b66be-9c7f-11e7-9f72-021893e306d8",
                    "graph_id": "5aabb9b1-661d-11e7-b43c-021893e306d8",
                    "name": null,
                    "ontologyproperty": "http://www.cidoc-crm.org/cidoc-crm/P1_is_identified_by",
                    "rangenode_id": "3a6b66bd-9c7f-11e7-9f72-021893e306d8"
                },
                {
                    "description": null,
                    "domainnode_id": "5aabb9b0-661d-11e7-b43c-021893e306d8",
                    "edgeid": "2bb0b580-661e-11e7-b43c-021893e306d8",
                    "graph_id": "5aabb9b1-661d-11e7-b43c-021893e306d8",
                    "name": null,
                    "ontologyproperty": "http://www.cidoc-crm.org/cidoc-crm/P26_moved_to",
                    "rangenode_id": "2bb0b57f-661e-11e7-b43c-021893e306d8"
                },
                {
                    "description": null,
                    "domainnode_id": "8d131e7b-a858-11e7-9f72-021893e306d8",
                    "edgeid": "8d131e80-a858-11e7-9f72-021893e306d8",
                    "graph_id": "5aabb9b1-661d-11e7-b43c-021893e306d8",
                    "name": null,
                    "ontologyproperty": "http://www.cidoc-crm.org/cidoc-crm/P3_has_note",
                    "rangenode_id": "8d131e7e-a858-11e7-9f72-021893e306d8"
                },
                {
                    "description": null,
                    "domainnode_id": "9293356b-661d-11e7-b43c-021893e306d8",
                    "edgeid": "2693bf68-93df-11e7-b43c-021893e306d8",
                    "graph_id": "5aabb9b1-661d-11e7-b43c-021893e306d8",
                    "name": null,
                    "ontologyproperty": "http://www.cidoc-crm.org/cidoc-crm/P2_has_type",
                    "rangenode_id": "2693bf67-93df-11e7-b43c-021893e306d8"
                },
                {
                    "description": null,
                    "domainnode_id": "5aabb9b0-661d-11e7-b43c-021893e306d8",
                    "edgeid": "8d131e82-a858-11e7-9f72-021893e306d8",
                    "graph_id": "5aabb9b1-661d-11e7-b43c-021893e306d8",
                    "name": null,
                    "ontologyproperty": "http://www.cidoc-crm.org/cidoc-crm/P140i_was_attributed_by",
                    "rangenode_id": "8d131e7b-a858-11e7-9f72-021893e306d8"
                },
                {
                    "description": null,
                    "domainnode_id": "2bb0b57f-661e-11e7-b43c-021893e306d8",
                    "edgeid": "3abe40ec-661e-11e7-b43c-021893e306d8",
                    "graph_id": "5aabb9b1-661d-11e7-b43c-021893e306d8",
                    "name": null,
                    "ontologyproperty": "http://www.cidoc-crm.org/cidoc-crm/P1_is_identified_by",
                    "rangenode_id": "3abe40eb-661e-11e7-b43c-021893e306d8"
                },
                {
                    "description": null,
                    "domainnode_id": "71313999-661e-11e7-b43c-021893e306d8",
                    "edgeid": "59cf416c-8cc4-11e7-b43c-021893e306d8",
                    "graph_id": "5aabb9b1-661d-11e7-b43c-021893e306d8",
                    "name": null,
                    "ontologyproperty": "http://www.cidoc-crm.org/cidoc-crm/P2_has_type",
                    "rangenode_id": "59cf416b-8cc4-11e7-b43c-021893e306d8"
                },
                {
                    "description": null,
                    "domainnode_id": "2224a411-9c7f-11e7-9f72-021893e306d8",
                    "edgeid": "52e06090-5154-11e9-8b75-000d3ab0c5a1",
                    "graph_id": "5aabb9b1-661d-11e7-b43c-021893e306d8",
                    "name": null,
                    "ontologyproperty": "http://www.cidoc-crm.org/cidoc-crm/P1_is_identified_by",
                    "rangenode_id": "52e0608f-5154-11e9-8901-000d3ab0c5a1"
                },
                {
                    "description": null,
                    "domainnode_id": "5aabb9b0-661d-11e7-b43c-021893e306d8",
                    "edgeid": "2224a412-9c7f-11e7-9f72-021893e306d8",
                    "graph_id": "5aabb9b1-661d-11e7-b43c-021893e306d8",
                    "name": null,
                    "ontologyproperty": "http://www.cidoc-crm.org/cidoc-crm/P4_has_time-span",
                    "rangenode_id": "2224a411-9c7f-11e7-9f72-021893e306d8"
                },
                {
                    "description": null,
                    "domainnode_id": "5aabb9b0-661d-11e7-b43c-021893e306d8",
                    "edgeid": "addc1794-661d-11e7-b43c-021893e306d8",
                    "graph_id": "5aabb9b1-661d-11e7-b43c-021893e306d8",
                    "name": null,
                    "ontologyproperty": "http://www.cidoc-crm.org/cidoc-crm/P27_moved_from",
                    "rangenode_id": "addc1793-661d-11e7-b43c-021893e306d8"
                },
                {
                    "description": null,
                    "domainnode_id": "71313999-661e-11e7-b43c-021893e306d8",
                    "edgeid": "8adf0a16-661e-11e7-b43c-021893e306d8",
                    "graph_id": "5aabb9b1-661d-11e7-b43c-021893e306d8",
                    "name": null,
                    "ontologyproperty": "http://www.cidoc-crm.org/cidoc-crm/P1_is_identified_by",
                    "rangenode_id": "8adf0a15-661e-11e7-b43c-021893e306d8"
                },
                {
                    "description": null,
                    "domainnode_id": "addc1793-661d-11e7-b43c-021893e306d8",
                    "edgeid": "ea6c3a4a-661d-11e7-b43c-021893e306d8",
                    "graph_id": "5aabb9b1-661d-11e7-b43c-021893e306d8",
                    "name": null,
                    "ontologyproperty": "http://www.cidoc-crm.org/cidoc-crm/P1_is_identified_by",
                    "rangenode_id": "ea6c3a49-661d-11e7-b43c-021893e306d8"
                }
            ],
            "functions_x_graphs": [],
            "graphid": "5aabb9b1-661d-11e7-b43c-021893e306d8",
            "iconclass": "fa fa-ship",
            "is_editable": true,
            "isactive": true,
            "isresource": false,
            "jsonldcontext": null,
            "name": "Voyages",
            "nodegroups": [
                {
                    "cardinality": "1",
                    "legacygroupid": null,
                    "nodegroupid": "8d131e7b-a858-11e7-9f72-021893e306d8",
                    "parentnodegroup_id": "5aabb9b0-661d-11e7-b43c-021893e306d8"
                },
                {
                    "cardinality": "n",
                    "legacygroupid": null,
                    "nodegroupid": "563e27a5-661e-11e7-b43c-021893e306d8",
                    "parentnodegroup_id": "5aabb9b0-661d-11e7-b43c-021893e306d8"
                },
                {
                    "cardinality": "1",
                    "legacygroupid": null,
                    "nodegroupid": "5aabb9b0-661d-11e7-b43c-021893e306d8",
                    "parentnodegroup_id": null
                }
            ],
            "nodes": [
                {
                    "config": null,
                    "datatype": "string",
                    "description": "Represents a single node in a graph",
                    "exportable": false,
                    "fieldname": "",
                    "graph_id": "5aabb9b1-661d-11e7-b43c-021893e306d8",
                    "is_collector": false,
                    "isrequired": false,
                    "issearchable": true,
                    "istopnode": false,
                    "name": "Voyage Description",
                    "nodegroup_id": "8d131e7b-a858-11e7-9f72-021893e306d8",
                    "nodeid": "8d131e7e-a858-11e7-9f72-021893e306d8",
                    "ontologyclass": "http://www.cidoc-crm.org/cidoc-crm/E62_String",
                    "parentproperty": "http://www.cidoc-crm.org/cidoc-crm/P3_has_note",
                    "sortorder": 0
                },
                {
                    "config": null,
                    "datatype": "semantic",
                    "description": "Represents a single node in a graph",
                    "exportable": false,
                    "fieldname": "",
                    "graph_id": "5aabb9b1-661d-11e7-b43c-021893e306d8",
                    "is_collector": false,
                    "isrequired": false,
                    "issearchable": true,
                    "istopnode": false,
                    "name": "Port of Departure",
                    "nodegroup_id": "5aabb9b0-661d-11e7-b43c-021893e306d8",
                    "nodeid": "addc1793-661d-11e7-b43c-021893e306d8",
                    "ontologyclass": "http://www.cidoc-crm.org/cidoc-crm/E53_Place",
                    "parentproperty": "http://www.cidoc-crm.org/cidoc-crm/P27_moved_from",
                    "sortorder": 0
                },
                {
                    "config": null,
                    "datatype": "string",
                    "description": "Represents a single node in a graph",
                    "exportable": false,
                    "fieldname": "",
                    "graph_id": "5aabb9b1-661d-11e7-b43c-021893e306d8",
                    "is_collector": false,
                    "isrequired": false,
                    "issearchable": true,
                    "istopnode": false,
                    "name": "Crew Member Name",
                    "nodegroup_id": "563e27a5-661e-11e7-b43c-021893e306d8",
                    "nodeid": "8adf0a15-661e-11e7-b43c-021893e306d8",
                    "ontologyclass": "http://www.cidoc-crm.org/cidoc-crm/E41_Appellation",
                    "parentproperty": "http://www.cidoc-crm.org/cidoc-crm/P1_is_identified_by",
                    "sortorder": 0
                },
                {
                    "config": null,
                    "datatype": "semantic",
                    "description": "Represents a single node in a graph",
                    "exportable": false,
                    "fieldname": "",
                    "graph_id": "5aabb9b1-661d-11e7-b43c-021893e306d8",
                    "is_collector": false,
                    "isrequired": false,
                    "issearchable": true,
                    "istopnode": false,
                    "name": "Crew member",
                    "nodegroup_id": "563e27a5-661e-11e7-b43c-021893e306d8",
                    "nodeid": "71313999-661e-11e7-b43c-021893e306d8",
                    "ontologyclass": "http://www.cidoc-crm.org/cidoc-crm/E21_Person",
                    "parentproperty": "http://www.cidoc-crm.org/cidoc-crm/P107_has_current_or_former_member",
                    "sortorder": 0
                },
                {
                    "config": null,
                    "datatype": "semantic",
                    "description": "",
                    "exportable": false,
                    "fieldname": "",
                    "graph_id": "5aabb9b1-661d-11e7-b43c-021893e306d8",
                    "is_collector": true,
                    "isrequired": false,
                    "issearchable": true,
                    "istopnode": false,
                    "name": "Voyage Descriptions",
                    "nodegroup_id": "8d131e7b-a858-11e7-9f72-021893e306d8",
                    "nodeid": "8d131e7b-a858-11e7-9f72-021893e306d8",
                    "ontologyclass": "http://www.cidoc-crm.org/cidoc-crm/E13_Attribute_Assignment",
                    "parentproperty": "http://www.cidoc-crm.org/cidoc-crm/P140i_was_attributed_by",
                    "sortorder": 0
                },
                {
                    "config": null,
                    "datatype": "semantic",
                    "description": "Represents a single node in a graph",
                    "exportable": false,
                    "fieldname": "",
                    "graph_id": "5aabb9b1-661d-11e7-b43c-021893e306d8",
                    "is_collector": false,
                    "isrequired": false,
                    "issearchable": true,
                    "istopnode": false,
                    "name": "Voyage Time Span",
                    "nodegroup_id": "5aabb9b0-661d-11e7-b43c-021893e306d8",
                    "nodeid": "2224a411-9c7f-11e7-9f72-021893e306d8",
                    "ontologyclass": "http://www.cidoc-crm.org/cidoc-crm/E52_Time-Span",
                    "parentproperty": "http://www.cidoc-crm.org/cidoc-crm/P4_has_time-span",
                    "sortorder": 0
                },
                {
                    "config": {
                        "rdmCollection": "0ff39ed3-cc95-4c60-9321-6d4e65fb1f2d"
                    },
                    "datatype": "concept",
                    "description": "Represents a single node in a graph",
                    "exportable": false,
                    "fieldname": "",
                    "graph_id": "5aabb9b1-661d-11e7-b43c-021893e306d8",
                    "is_collector": false,
                    "isrequired": false,
                    "issearchable": true,
                    "istopnode": false,
                    "name": "Voyage Description Type",
                    "nodegroup_id": "8d131e7b-a858-11e7-9f72-021893e306d8",
                    "nodeid": "8d131e7f-a858-11e7-9f72-021893e306d8",
                    "ontologyclass": "http://www.cidoc-crm.org/cidoc-crm/E55_Type",
                    "parentproperty": "http://www.cidoc-crm.org/cidoc-crm/P2_has_type",
                    "sortorder": 0
                },
                {
                    "config": {
                        "rdmCollection": "0cdf5418-d21b-4d01-9760-8edad86ac4f0"
                    },
                    "datatype": "concept-list",
                    "description": "Represents a single node in a graph",
                    "exportable": false,
                    "fieldname": "",
                    "graph_id": "5aabb9b1-661d-11e7-b43c-021893e306d8",
                    "is_collector": false,
                    "isrequired": false,
                    "issearchable": true,
                    "istopnode": false,
                    "name": "Crew Role",
                    "nodegroup_id": "563e27a5-661e-11e7-b43c-021893e306d8",
                    "nodeid": "59cf416b-8cc4-11e7-b43c-021893e306d8",
                    "ontologyclass": "http://www.cidoc-crm.org/cidoc-crm/E55_Type",
                    "parentproperty": "http://www.cidoc-crm.org/cidoc-crm/P2_has_type",
                    "sortorder": 0
                },
                {
                    "config": null,
                    "datatype": "semantic",
                    "description": "Represents a single node in a graph",
                    "exportable": false,
                    "fieldname": "",
                    "graph_id": "5aabb9b1-661d-11e7-b43c-021893e306d8",
                    "is_collector": false,
                    "isrequired": false,
                    "issearchable": true,
                    "istopnode": false,
                    "name": "Port of Destination",
                    "nodegroup_id": "5aabb9b0-661d-11e7-b43c-021893e306d8",
                    "nodeid": "2bb0b57f-661e-11e7-b43c-021893e306d8",
                    "ontologyclass": "http://www.cidoc-crm.org/cidoc-crm/E53_Place",
                    "parentproperty": "http://www.cidoc-crm.org/cidoc-crm/P26_moved_to",
                    "sortorder": 0
                },
                {
                    "config": {
                        "rdmCollection": "f8ff8b9b-d6ae-4b98-9cd9-6d065b7fa220"
                    },
                    "datatype": "concept",
                    "description": "",
                    "exportable": false,
                    "fieldname": "",
                    "graph_id": "5aabb9b1-661d-11e7-b43c-021893e306d8",
                    "is_collector": false,
                    "isrequired": false,
                    "issearchable": true,
                    "istopnode": false,
                    "name": "Voyage Type",
                    "nodegroup_id": "5aabb9b0-661d-11e7-b43c-021893e306d8",
                    "nodeid": "e3c6ad01-a857-11e7-9f72-021893e306d8",
                    "ontologyclass": "http://www.cidoc-crm.org/cidoc-crm/E55_Type",
                    "parentproperty": "http://www.cidoc-crm.org/cidoc-crm/P2_has_type",
                    "sortorder": 0
                },
                {
                    "config": null,
                    "datatype": "semantic",
                    "description": "Represents a single node in a graph",
                    "exportable": false,
                    "fieldname": "",
                    "graph_id": "5aabb9b1-661d-11e7-b43c-021893e306d8",
                    "is_collector": true,
                    "isrequired": false,
                    "issearchable": true,
                    "istopnode": false,
                    "name": "Crew",
                    "nodegroup_id": "563e27a5-661e-11e7-b43c-021893e306d8",
                    "nodeid": "563e27a5-661e-11e7-b43c-021893e306d8",
                    "ontologyclass": "http://www.cidoc-crm.org/cidoc-crm/E74_Group",
                    "parentproperty": "http://www.cidoc-crm.org/cidoc-crm/P11_had_participant",
                    "sortorder": 0
                },
                {
                    "config": {
                        "fillColor": "rgba(233,112,111,0.8)"
                    },
                    "datatype": "semantic",
                    "description": "",
                    "exportable": false,
                    "fieldname": "",
                    "graph_id": "5aabb9b1-661d-11e7-b43c-021893e306d8",
                    "is_collector": true,
                    "isrequired": false,
                    "issearchable": true,
                    "istopnode": true,
                    "name": "Voyages",
                    "nodegroup_id": "5aabb9b0-661d-11e7-b43c-021893e306d8",
                    "nodeid": "5aabb9b0-661d-11e7-b43c-021893e306d8",
                    "ontologyclass": "http://www.cidoc-crm.org/cidoc-crm/E9_Move",
                    "parentproperty": "",
                    "sortorder": 0
                },
                {
                    "config": {
                        "rdmCollection": "b237606c-ed18-4b8d-bf97-7714353995a8"
                    },
                    "datatype": "concept-list",
                    "description": "Represents a single node in a graph",
                    "exportable": false,
                    "fieldname": "",
                    "graph_id": "5aabb9b1-661d-11e7-b43c-021893e306d8",
                    "is_collector": false,
                    "isrequired": false,
                    "issearchable": true,
                    "istopnode": false,
                    "name": "Cargo Type",
                    "nodegroup_id": "5aabb9b0-661d-11e7-b43c-021893e306d8",
                    "nodeid": "2693bf67-93df-11e7-b43c-021893e306d8",
                    "ontologyclass": "http://www.cidoc-crm.org/cidoc-crm/E55_Type",
                    "parentproperty": "http://www.cidoc-crm.org/cidoc-crm/P2_has_type",
                    "sortorder": 0
                },
                {
                    "config": {
                        "rdmCollection": "a563b3af-a4b2-4ffa-bc6c-11d540677351"
                    },
                    "datatype": "concept-list",
                    "description": "Represents a single node in a graph",
                    "exportable": false,
                    "fieldname": "",
                    "graph_id": "5aabb9b1-661d-11e7-b43c-021893e306d8",
                    "is_collector": false,
                    "isrequired": false,
                    "issearchable": true,
                    "istopnode": false,
                    "name": "Port of Departure Name",
                    "nodegroup_id": "5aabb9b0-661d-11e7-b43c-021893e306d8",
                    "nodeid": "ea6c3a49-661d-11e7-b43c-021893e306d8",
                    "ontologyclass": "http://www.cidoc-crm.org/cidoc-crm/E41_Appellation",
                    "parentproperty": "http://www.cidoc-crm.org/cidoc-crm/P1_is_identified_by",
                    "sortorder": 0
                },
                {
                    "config": {
                        "rdmCollection": "a563b3af-a4b2-4ffa-bc6c-11d540677351"
                    },
                    "datatype": "concept-list",
                    "description": "Represents a single node in a graph",
                    "exportable": false,
                    "fieldname": "",
                    "graph_id": "5aabb9b1-661d-11e7-b43c-021893e306d8",
                    "is_collector": false,
                    "isrequired": false,
                    "issearchable": true,
                    "istopnode": false,
                    "name": "Port of Destination Name",
                    "nodegroup_id": "5aabb9b0-661d-11e7-b43c-021893e306d8",
                    "nodeid": "3abe40eb-661e-11e7-b43c-021893e306d8",
                    "ontologyclass": "http://www.cidoc-crm.org/cidoc-crm/E41_Appellation",
                    "parentproperty": "http://www.cidoc-crm.org/cidoc-crm/P1_is_identified_by",
                    "sortorder": 0
                },
                {
                    "config": null,
                    "datatype": "semantic",
                    "description": "Represents a single node in a graph",
                    "exportable": false,
                    "fieldname": "",
                    "graph_id": "5aabb9b1-661d-11e7-b43c-021893e306d8",
                    "is_collector": false,
                    "isrequired": false,
                    "issearchable": true,
                    "istopnode": false,
                    "name": "Cargo",
                    "nodegroup_id": "5aabb9b0-661d-11e7-b43c-021893e306d8",
                    "nodeid": "9293356b-661d-11e7-b43c-021893e306d8",
                    "ontologyclass": "http://www.cidoc-crm.org/cidoc-crm/E19_Physical_Object",
                    "parentproperty": "http://www.cidoc-crm.org/cidoc-crm/P25_moved",
                    "sortorder": 0
                },
                {
                    "config": {
                        "dateFormat": "YYYY-MM-DD"
                    },
                    "datatype": "date",
                    "description": null,
                    "exportable": false,
                    "fieldname": "",
                    "graph_id": "5aabb9b1-661d-11e7-b43c-021893e306d8",
                    "is_collector": false,
                    "isrequired": false,
                    "issearchable": true,
                    "istopnode": false,
                    "name": "Date of Arrival",
                    "nodegroup_id": "5aabb9b0-661d-11e7-b43c-021893e306d8",
                    "nodeid": "52e0608f-5154-11e9-8901-000d3ab0c5a1",
                    "ontologyclass": "http://www.cidoc-crm.org/cidoc-crm/E41_Appellation",
                    "parentproperty": "http://www.cidoc-crm.org/cidoc-crm/P1_is_identified_by",
                    "sortorder": 0
                },
                {
                    "config": {
                        "dateFormat": "YYYY-MM-DD"
                    },
                    "datatype": "date",
                    "description": "Represents a single node in a graph",
                    "exportable": false,
                    "fieldname": "",
                    "graph_id": "5aabb9b1-661d-11e7-b43c-021893e306d8",
                    "is_collector": false,
                    "isrequired": false,
                    "issearchable": true,
                    "istopnode": false,
                    "name": "Date of Departure",
                    "nodegroup_id": "5aabb9b0-661d-11e7-b43c-021893e306d8",
                    "nodeid": "3a6b66bd-9c7f-11e7-9f72-021893e306d8",
                    "ontologyclass": "http://www.cidoc-crm.org/cidoc-crm/E41_Appellation",
                    "parentproperty": "http://www.cidoc-crm.org/cidoc-crm/P1_is_identified_by",
                    "sortorder": 0
                }
            ],
            "ontology_id": "e6e8db47-2ccf-11e6-927e-b8f6b115d7dd",
            "relatable_resource_model_ids": [],
            "resource_2_resource_constraints": [],
            "root": {
                "config": {
                    "fillColor": "rgba(233,112,111,0.8)"
                },
                "datatype": "semantic",
                "description": "",
                "exportable": false,
                "fieldname": "",
                "graph_id": "5aabb9b1-661d-11e7-b43c-021893e306d8",
                "is_collector": true,
                "isrequired": false,
                "issearchable": true,
                "istopnode": true,
                "name": "Voyages",
                "nodegroup_id": "5aabb9b0-661d-11e7-b43c-021893e306d8",
                "nodeid": "5aabb9b0-661d-11e7-b43c-021893e306d8",
                "ontologyclass": "http://www.cidoc-crm.org/cidoc-crm/E9_Move",
                "sortorder": 0
            },
            "slug": null,
            "subtitle": "Details of the final voyage of a vessel or aircraft",
            "template_id": "50000000-0000-0000-0000-000000000001",
            "version": ""
        }
    ]
}