ResourceID,Contact Point,Contact Point Type
0045a738-12c9-4198-b3d6-3acf53b2840c,01962 827554,Telephone
0045a738-12c9-4198-b3d6-3acf53b2840c,arca@winchester.ac.uk,Email
00dd4cac-0399-4386-b2ba-8e58ecc36a01,02086928204,Telephone
0101f7e4-25d9-46ff-9269-3c5d9bcd34d5,01737-774-155,Telephone
0190cb2c-269d-43c0-b90f-6afa87d5cb08,01628 842444,Telephone
01c881fe-47f7-4118-bc5a-c65c882183cf,02077208968,Telephone
01c881fe-47f7-4118-bc5a-c65c882183cf,02076272533,Fax
023f823c-0726-45a0-a8e7-3d2c66d54327,info@airphotoservices.co.uk,Email
029011d8-0f05-450c-8834-67d044147526,01442437539,Telephone
029011d8-0f05-450c-8834-67d044147526,01442437550,Fax
02bc5647-4f89-461b-b6c8-c3fec3c4d86f,+44 (0)20 7921 0100,Telephone
02bc5647-4f89-461b-b6c8-c3fec3c4d86f,info@alliesandmorrison.com,Email
02e68e6e-4cad-4f23-b023-4b44d1cdb276,020 8847 3637,Telephone
02e68e6e-4cad-4f23-b023-4b44d1cdb276,020 8847 3638,Fax
036c2b09-4ad7-41d1-9b42-c9932e5031f5,01892822994,Telephone
036c2b09-4ad7-41d1-9b42-c9932e5031f5,01892704001,Fax
036c2b09-4ad7-41d1-9b42-c9932e5031f5,pm@actaland.com,Email
03ce669c-ff7c-4d00-bc83-ea59598beb77,020 8366 5535,Telephone
0468e9b3-b7e0-4917-bfce-551fe3fd9981,07929 725412,Telephone
0468e9b3-b7e0-4917-bfce-551fe3fd9981,heritage@josephinebrown.co.uk,Email
04a35639-3542-40ad-8784-8ea1641d93c2,0115 943 7967,Telephone
068e2911-5990-4c0a-aea5-3a2536b6d6e0,01895201700,Telephone
068e2911-5990-4c0a-aea5-3a2536b6d6e0,01895273519,Fax
068e2911-5990-4c0a-aea5-3a2536b6d6e0,solicitors@turbervilles.co.uk,Email
06a92817-7998-4446-a648-037ef6e50306,01689 875980,Telephone
06a92817-7998-4446-a648-037ef6e50306,01689 835220,Fax
06a92817-7998-4446-a648-037ef6e50306,kta@structeng.co.uk,Email
07ab77c5-a7ea-406d-b72a-8995dc9dc75a,01227 261 021,Telephone
07ab77c5-a7ea-406d-b72a-8995dc9dc75a,kaparch@btinternet.com,Email
086370f8-a22d-4a89-9631-86653e800ee0,01865 263800,Telephone
086370f8-a22d-4a89-9631-86653e800ee0,01865 793496,Fax
086370f8-a22d-4a89-9631-86653e800ee0,info@oxfordarch.co.uk,Email
086370f8-a22d-4a89-9631-86653e800ee0,01223 850500,Telephone
08e2c74f-6384-4a18-8cf7-5848cad518ce,01707 527630,Telephone
08e2c74f-6384-4a18-8cf7-5848cad518ce,01707 527690,Fax
094a2d40-5e9e-4a4e-8830-49c2bb74a77d,020 7836 6668,Telephone
094a2d40-5e9e-4a4e-8830-49c2bb74a77d,020 7497 1175,Fax
094a2d40-5e9e-4a4e-8830-49c2bb74a77d,info@kpf.co.uk,Email
0a0755ea-c314-419c-bb9c-ca608b26a610,02072487464,Telephone
0a0755ea-c314-419c-bb9c-ca608b26a610,02072481757,Fax
0a3ed59f-5fd0-4971-a5e2-b163f6deaa13,020 3587 7100,Telephone
0a3ed59f-5fd0-4971-a5e2-b163f6deaa13,London@bogle architects.com,Email
0a9545d3-55f0-4133-a013-710e07db8b74,02077023232,Telephone
0a9d930e-66a4-48ae-a297-d1b94b034eb8,02030360809,Telephone
0b0c97d5-c1d6-4f56-8eb7-113380796d8a,secretary@rnelhs.uk,Email
0b126afb-a87d-4f0a-9cf0-1ec7372d7fa8,01453 760657,Telephone
0ba51d55-6be8-4792-9795-24b96f08aa4b,01603 871920,Telephone
0c9d7947-8f61-46b4-b91b-7fa2978aa6f7,020 7415 7000,Telephone
0c9d7947-8f61-46b4-b91b-7fa2978aa6f7,info@millswhipp.com,Email
0c9d7947-8f61-46b4-b91b-7fa2978aa6f7,020 7415 7023,Telephone
0c9d7947-8f61-46b4-b91b-7fa2978aa6f7,020 7415 7044,Telephone
0d79f1f0-ada5-4b82-b887-65593a2d6fe5,020 7295 3489,Telephone
0d79f1f0-ada5-4b82-b887-65593a2d6fe5,020 7295 3500,Fax
0dfe2730-9729-4d54-b4a0-6c141b454d04,01293 520202,Telephone
0e2019d0-8f24-4691-8e50-b7617a6d2f11,020 8418 4253,Telephone
0eb2c97f-5999-4821-8ca8-1451f8d19951,02072189000,Telephone
0ec3dec5-321a-45e7-b134-4416ab2e647a,01322 665522,Telephone
0ef5d526-3a31-4cca-bd2d-30d4c571ddbd,01926 815678,Telephone
0ef5d526-3a31-4cca-bd2d-30d4c571ddbd,01926 815222,Fax
0efffe5c-ef90-4851-8849-375a3231542c,+44 (0)118 913 1234,Telephone
0f522713-afae-4c89-9a38-46fda8bfff19,020 7490 5001,Telephone
0f522713-afae-4c89-9a38-46fda8bfff19,pmsa@btconnect.com,Email
0fe7059b-ccf0-4610-be59-96c5f1e14c71,01322 526574,Telephone
0ffe90c2-bc38-47f6-a9d2-b6ebb972fcf6,THAMESWATER@A-IP.CO.UK,Email
10f1f80f-d94f-403a-ae1c-06f830fdebe4,020 8670 9057,Telephone
10f1f80f-d94f-403a-ae1c-06f830fdebe4,07947 043 104,Fax
10f1f80f-d94f-403a-ae1c-06f830fdebe4,mail@kmheritage.com,Email
1113aa49-2156-4d9e-9693-098a823f5543,020 8496 4391,Telephone
115095fb-88b0-45ca-8121-0154178f4c65,020 8917 4000,Telephone
124cb697-2330-46dd-91c0-dd5e49244d01,020 7476 1855,Telephone
124cb697-2330-46dd-91c0-dd5e49244d01,020 7476 0371,Fax
124cb697-2330-46dd-91c0-dd5e49244d01,exhumations@tcribb.co.uk,Email
1334de00-8416-4a7e-8ae9-502b2e092254,01904 803 800,Telephone
1334de00-8416-4a7e-8ae9-502b2e092254,info@lanproservices.co.uk,Email
14100bd9-6e96-4584-962e-f5d720c77269,020 8366 3265,Telephone
142322ed-7383-4458-b108-8dd16f1b1bbc,01526 321110,Telephone
14b5fd27-1a4c-4d11-a055-207b4a033f8d,020 7253 6225,Telephone
14b5fd27-1a4c-4d11-a055-207b4a033f8d,020 7253 7225,Fax
14b5fd27-1a4c-4d11-a055-207b4a033f8d,info@antarchitecture.com,Email
14d6f6d7-06d4-4a94-95f4-1133c378f4e8,0117 946 7195,Telephone
14d6f6d7-06d4-4a94-95f4-1133c378f4e8,NGProperty@Bell-Pottinger.co.uk,Email
15483677-000d-4a3b-a581-9408ef7172a7,0770 106 1109,Telephone
15483677-000d-4a3b-a581-9408ef7172a7,info@studio30architects.co.uk,Email
15ce7616-e3cb-4a08-a11d-3c7703d748ba,020 76133113,Telephone
15ce7616-e3cb-4a08-a11d-3c7703d748ba,020 76133134,Fax
15ce7616-e3cb-4a08-a11d-3c7703d748ba,mail@wwmarchitects.co.uk,Email
160d1e02-9b84-4dec-bd7f-9842e802b71c,020 7776 1800,Telephone
160d1e02-9b84-4dec-bd7f-9842e802b71c,020 7776 1801,Fax
160d1e02-9b84-4dec-bd7f-9842e802b71c,info@mount-anvil.com,Email
165b1ada-00aa-43be-87f0-44ab444859c4,020 7837 1008,Telephone
165b1ada-00aa-43be-87f0-44ab444859c4,020 7837 4008,Fax
165b1ada-00aa-43be-87f0-44ab444859c4,mail@ebarch.com,Email
17434206-2b94-4d19-a614-ec3d0a08dcc6,01480 831800,Telephone
17434206-2b94-4d19-a614-ec3d0a08dcc6,01480 830042,Fax
17434206-2b94-4d19-a614-ec3d0a08dcc6,office@howlett-consultancy.co.uk,Email
186ef73c-ede9-416b-8495-914e34d8b544,01603 706000,Telephone
186ef73c-ede9-416b-8495-914e34d8b544,01603 706700,Fax
186ef73c-ede9-416b-8495-914e34d8b544,norwichlancasterhouse@nps.co.uk,Email
186ef73c-ede9-416b-8495-914e34d8b544,01603 706706,Telephone
186ef73c-ede9-416b-8495-914e34d8b544,nhadmin@nps.co.uk,Email
187c4778-a061-41d6-a04e-ea666477dccc,01747 820581,Telephone
187c4778-a061-41d6-a04e-ea666477dccc,01747 820440,Fax
18a43f98-492d-4016-b852-5041b67509e7,+44 (0)20 3430 9000,Telephone
1a012d57-7bf7-4913-8839-9c64144167f3,020 7815 7815,Telephone
1b68bc4c-ef74-4cbc-a8d5-bee6092f17b5,0300 456 9998,Telephone
1bd0e0ae-61c3-47b3-82d5-e2a758bad5a0,01743 264101,Telephone
1bd0e0ae-61c3-47b3-82d5-e2a758bad5a0,01743 342010,Fax
1c81b6cc-87ff-4461-a86d-1e6d25f4b47a,02074070624,Telephone
1c81b6cc-87ff-4461-a86d-1e6d25f4b47a,info@spacecraft-architects.com,Email
1cea173d-01ee-4248-be96-b38dfd650b6b,0207 4071904,Telephone
1cea173d-01ee-4248-be96-b38dfd650b6b,0207 4071208,Fax
1ced43ff-7d7a-4fd5-bc9e-0b88d87dbfd3,020 7983 5732,Telephone
1e4bf76c-c931-4943-a779-5cdb5677231d,ssfelectronicinvoices@Atkinsglobal.com,Email
1f3e6b0f-5be4-4f0e-a952-7377d0381449,0207 643 1000,Telephone
1f3e6b0f-5be4-4f0e-a952-7377d0381449,0207 643 1001,Fax
2022a6d4-aaf6-4fd5-8eca-0f47347c6471,02089496509,Telephone
2022a6d4-aaf6-4fd5-8eca-0f47347c6471,office@eleven10.co.uk,Email
21600018-f959-43be-ad83-6b6c41337414,020 7610 9693 ?,Telephone
22188210-2bf4-4e0c-9443-8d49eb2ed698,0118 937 3400,Telephone
22188210-2bf4-4e0c-9443-8d49eb2ed698,0118 937 3481,Fax
22a08604-5447-4281-81ec-ea74f2242ba1,020 7725 1700,Telephone
22fcbcec-64cf-44bc-97d4-741ad4a2989a,01283 554400,Telephone
24e502ab-0aa5-44a7-afc7-be003d6b1bc0,020 8854 2452,Telephone
250aed77-bc34-41ff-9315-4780472a6e77,020 8297 4101,Telephone
250aed77-bc34-41ff-9315-4780472a6e77,020 8297 4102,Fax
250aed77-bc34-41ff-9315-4780472a6e77,info@researchdesign.co.uk,Email
26d980cb-3d5e-424f-ba81-5ab98942bebf,Tel: 020 8297 0682,Telephone
26d980cb-3d5e-424f-ba81-5ab98942bebf,local.studies@lewisham.gov.uk,Email
2747c515-cef4-41d0-bd60-d5742d1c920d,+44 (0)20 7630 0500,Telephone
2747c515-cef4-41d0-bd60-d5742d1c920d,mail@darlingassociates.net,Email
275aed06-d420-4773-9fcc-a4ddfd291901,020 8774 2000,Telephone
28e0adae-8c06-4828-8a11-066758474e63,02072093000,Telephone
299dd958-8387-4c90-839a-81a1e557e7f3,02088584422,Telephone
29fb7d1d-ee23-46c7-b4b7-35962d5426fd,020 8771 8494,Telephone
2b747e34-8122-41c2-aa11-2f1545281b26,01634 296757,Telephone
2b747e34-8122-41c2-aa11-2f1545281b26,01634 296779,Fax
2b747e34-8122-41c2-aa11-2f1545281b26,bactec.int@bactec.com,Email
2bfe1b4a-9feb-49ea-8b8f-ff6e1dd3bf06,01749 850 900,Telephone
2bfe1b4a-9feb-49ea-8b8f-ff6e1dd3bf06,enquiries@ingram-consultancy.co.uk,Email
2c6c3fe6-2348-4348-965a-62ecc65bc226,01904 652000,Telephone
2c6c3fe6-2348-4348-965a-62ecc65bc226,01904 749014,Fax
2d83ac70-be8e-4d90-b660-7081e618880b,020 7613 2500,Telephone
2e03983d-44d4-417e-b938-7ebe4457733e,0208 312 8558,Telephone
2e2791a2-1062-4cf7-8c28-256eabea8db4,01522 685356,Telephone
2e2791a2-1062-4cf7-8c28-256eabea8db4,info@allenarchaeology.co.uk,Email
2eb63847-9871-4267-9cd5-032b490d3fad,02087483755,Telephone
2eb63847-9871-4267-9cd5-032b490d3fad,02087483756,Fax
302c84d5-ce42-449f-bcea-554cf4708057,urps@ntlworld.com,Email
305d4558-5d6a-4c90-aca9-00cf85b1f3bc,020 7635 9191,Telephone
305d4558-5d6a-4c90-aca9-00cf85b1f3bc,020 7635 9191,Fax
3075b13f-c26d-4698-9b96-f83ee893526b,0208 3791468,Telephone
3075b13f-c26d-4698-9b96-f83ee893526b,enfield.museum.service@enfield.gov.uk,Email
307d63b1-133e-4a8e-af96-7ce2993c1282,las@lasarchaeology.demon.co.uk,Email
30fbc3ce-a2f2-433d-a77e-3fd4950d5d8d,info@wansteadpark.org.uk,Email
315c0f69-ad2c-4bd5-80ae-b625836e494e,0113 278 7111,Telephone
315c0f69-ad2c-4bd5-80ae-b625836e494e,0113 275 0623,Fax
315c0f69-ad2c-4bd5-80ae-b625836e494e,leeds@wyg.com,Email
315c0f69-ad2c-4bd5-80ae-b625836e494e,+44 2382 022 800,Telephone
315c0f69-ad2c-4bd5-80ae-b625836e494e,southampton@wyg.com,Email
315c0f69-ad2c-4bd5-80ae-b625836e494e,0117 925 4393,Telephone
315c0f69-ad2c-4bd5-80ae-b625836e494e,wyg.bristol@wyg.com,Email
315c0f69-ad2c-4bd5-80ae-b625836e494e,020 7250 7500,Telephone
315c0f69-ad2c-4bd5-80ae-b625836e494e,020 7250 7501,Fax
315c0f69-ad2c-4bd5-80ae-b625836e494e,london@wyg.com,Email
31db7bb6-f750-4eba-b864-ed3922997fb8,01315554678,Telephone
32ef9cbd-04d4-4685-af18-4e2c076ab1b0,0161 955 4398,Telephone
32ef9cbd-04d4-4685-af18-4e2c076ab1b0,www.orionheritage.co.uk,Email
33b7a714-8299-4a75-b13f-57bd80bddea8,020 7633 9113,Telephone
33b7a714-8299-4a75-b13f-57bd80bddea8,nfo@studioklaschka.com,Email
33cd901a-1305-4ebe-a45d-10ea23e10598,admin@pcaheritage.co.uk,Email
34113f47-b898-4b7f-90eb-6912ea4ef4de,0207 841 1980,Telephone
34113f47-b898-4b7f-90eb-6912ea4ef4de,london@feildenandmawson.com,Email
34d432ea-844e-4551-82cf-de68f29d6c7a,020 7940 8300,Telephone
34d432ea-844e-4551-82cf-de68f29d6c7a,info@vinopolis.co.uk,Email
35132758-9efd-46b8-a890-4eabe918b75a,info@coryenvironmental.co.uk,Email
37e55b6e-1157-4956-8c45-2ed89d280410,020 8547 6700,Telephone
38110a6a-2f1e-4a73-92e0-252d7e3c9f88,0208 4817500,Telephone
38ad1a4e-84e1-48a1-bc09-6154326996ce,020 7930 8903,Telephone
38ad1a4e-84e1-48a1-bc09-6154326996ce,020 7930 3280,Fax
3908bef5-5b90-4d74-9ae9-f4d6b8207c96,020 7336 8555,Telephone
3908bef5-5b90-4d74-9ae9-f4d6b8207c96,020 7336 8777,Fax
390bf5eb-0288-4460-b289-1bd57f919e71,01928 726006,Telephone
390bf5eb-0288-4460-b289-1bd57f919e71,01928 725633,Fax
390bf5eb-0288-4460-b289-1bd57f919e71,communications@rsk.co.uk,Email
390bf5eb-0288-4460-b289-1bd57f919e71,01442 437500,Telephone
3941ffaf-133d-466d-9922-a105fae1a0bc,020 8995 0508,Telephone
39655c6b-d2d4-4282-9b35-01edcfa7424d,01179 820025,Telephone
3995687c-dff7-4a18-b2e9-a88621e96c75,info@lucas-design.co.uk,Email
39b366c0-cc8f-4ae3-9d20-40c1318d3722,01582 424200,Telephone
3a325b25-7c52-4f07-a3eb-e7bc9197be88,020 7974 5916,Telephone
3a325b25-7c52-4f07-a3eb-e7bc9197be88,020 7974 1930,Fax
3a325b25-7c52-4f07-a3eb-e7bc9197be88,feedback@nlwp.net,Email
3a47903d-2e00-4ebd-ada7-8a398cb50355,01376 328 646,Telephone
3a47903d-2e00-4ebd-ada7-8a398cb50355,01376 528 980,Fax
3a5fccf8-fadd-4e44-8501-d74b8d0a77f5,+44 (0)870 444 1500,Telephone
3a74ff2d-23d9-4d1a-b2f1-d2e8139493bf,020 7703 3555,Telephone
3a74ff2d-23d9-4d1a-b2f1-d2e8139493bf,020 7703 3890,Fax
3a9a7b4f-b42f-4f55-a3d4-0e3052b25f50,01883 348921,Telephone
3a9a7b4f-b42f-4f55-a3d4-0e3052b25f50,01883 340964,Fax
3a9a7b4f-b42f-4f55-a3d4-0e3052b25f50,bbc@thebuxton group.co.uk,Email
3b31f3d2-ce68-41d1-ad4c-e2edd6ade06c,02073550530,Telephone
3c0a1a40-6d56-42a7-8a95-96a5395d428f,01825891071,Telephone
3c0a1a40-6d56-42a7-8a95-96a5395d428f,01825891075,Fax
3c0a1a40-6d56-42a7-8a95-96a5395d428f,mail@cba.uk.net,Email
3c6bf1f6-47cd-4229-9f53-b11cd4f8a51d,(0)20 7401 8831,Telephone
3c6bf1f6-47cd-4229-9f53-b11cd4f8a51d,info@bluebirdpartners.co.uk,Email
3ce99e19-b4ff-43c0-bb51-c7fd496daf4d,020 7363 9898,Telephone
3ce99e19-b4ff-43c0-bb51-c7fd496daf4d,travinfo@tfl.gov.uk,Email
3e07b15d-5f5e-4fc5-8f8e-841b8f4e990b,02073598222,Telephone
3e391bec-7215-441b-919c-cd8875f621c2,(352) 392-3261,Telephone
3fa13e69-0516-4593-ae25-9f0f174e82d1,020 7246 9988,Telephone
3fa13e69-0516-4593-ae25-9f0f174e82d1,020 7246 9989,Fax
3fa13e69-0516-4593-ae25-9f0f174e82d1,enquiries@haberdashers.co.uk,Email
3fabbbbd-9907-4990-9050-8835b08c47b8,07905 761140,Telephone
3fabbbbd-9907-4990-9050-8835b08c47b8,info@archangel heritage.co.uk,Email
4006f302-4d97-45a2-aa14-59c58cd85c5f,01462 685991,Telephone
4006f302-4d97-45a2-aa14-59c58cd85c5f,01462 685998,Fax
4049c20f-e897-4450-a597-0f0f5c4685d9,023 8063 4906,Telephone
406c4c1f-02f8-42b5-b8cd-1c8ba82cda09,01285 771022,Telephone
406c4c1f-02f8-42b5-b8cd-1c8ba82cda09,01285 771033,Fax
406c4c1f-02f8-42b5-b8cd-1c8ba82cda09,enquiries@cotswold.org.uk,Email
41a750a9-7388-450a-a400-d375bda06ea2,020 7407 3700,Telephone
41a750a9-7388-450a-a400-d375bda06ea2,020 7407 3800,Fax
41a750a9-7388-450a-a400-d375bda06ea2,proun@proun.co.uk,Email
42c1e123-6ab5-448d-8c32-fd317e966ef2,020 8693 5254,Telephone
43c588b4-5ab0-4458-b220-1475d44a7f0a,01494 712494,Telephone
43c588b4-5ab0-4458-b220-1475d44a7f0a,01494 713922,Fax
43c588b4-5ab0-4458-b220-1475d44a7f0a,mail@soilconsultants.co.uk,Email
441577d3-c23f-4283-a560-b085b76051f4,020 7253 5658,Telephone
441577d3-c23f-4283-a560-b085b76051f4,020 7253 8695,Fax
441577d3-c23f-4283-a560-b085b76051f4,info@mwhl.com,Email
44561843-f9ec-4324-baa7-4230e6315c03,020 8902 1500,Telephone
44561843-f9ec-4324-baa7-4230e6315c03,020 8902 1500,Fax
44a96833-3898-4e61-b1d3-ceb1214b2a11,02077301178,Telephone
4571d08d-4163-434a-8d05-b1cd7e0579fb,0191 257 0808,Telephone
459c1774-afa3-4e43-8540-80f47fe0f9c4,020 8445 7721,Telephone
459c1774-afa3-4e43-8540-80f47fe0f9c4,office@halsteads.co.uk,Email
46480542-0ef2-4d6e-809c-d50e7daca010,0191 3341121,Telephone
46480542-0ef2-4d6e-809c-d50e7daca010,archaeological.services@durham.ac.uk,Email
46f3271c-5075-4a26-85b6-715a8c45bab4,0207 928 7888,Telephone
46f3271c-5075-4a26-85b6-715a8c45bab4,0333 344 4501,Fax
46f3271c-5075-4a26-85b6-715a8c45bab4,0117 937 8200,Telephone
474a2a55-28e0-4bb5-a886-d29ec1169399,02072902388,Telephone
4882fccb-0b73-4aff-9647-9b8163419363,02073960150,Telephone
488f2de2-7b12-4ca3-83a1-4b03b7661fc5,8081782000,Telephone
48c6feb0-1f15-402f-b488-6098e4c90fa7,02079397500,Telephone
48f36013-0ade-40d5-b89f-ef9fe6f498b9,0117 947 1000,Telephone
48f99333-7d56-465a-8dee-d473ef9add97,01769 573555,Telephone
48f99333-7d56-465a-8dee-d473ef9add97,mail@swarch.net,Email
48fccbbc-4e43-4f4e-a7b2-d7df8d0271ba,01865 358300,Telephone
48fccbbc-4e43-4f4e-a7b2-d7df8d0271ba,info@jmheritageservices.co.uk,Email
49e27573-a9e4-486d-9b4c-033256d5a694,020 8544 9999,Telephone
49e27573-a9e4-486d-9b4c-033256d5a694,property@oppidan.co.uk,Email
49fb2e82-cfcd-4ad9-8f98-202aa5c5f8b1,020 7280 3300,Telephone
4aa34b47-e7ed-4cd8-90e6-21c03a279c10,020 7801 9444,Telephone
4aa34b47-e7ed-4cd8-90e6-21c03a279c10,mail@compassarchaeology.co.uk,Email
4ac2077e-7084-4551-9948-13eca9ff6562,020 7367 6700,Telephone
4ac2077e-7084-4551-9948-13eca9ff6562,020 7367 6725,Fax
4ac2077e-7084-4551-9948-13eca9ff6562,cathedral@southwark.anglican.org,Email
4acfa1ab-48c0-4ad6-b776-b83565a7d86e,0788 6494851,Telephone
4acfa1ab-48c0-4ad6-b776-b83565a7d86e,info@archaeologypro.com,Email
4c338e03-5079-43d1-b264-4f3cdaecd683,GISData@hs2.org.uk,Email
4c8929fa-bb6c-4d23-a511-fb089e46afda,01249 782234,Telephone
4c8929fa-bb6c-4d23-a511-fb089e46afda,0871 6618804,Fax
4c8929fa-bb6c-4d23-a511-fb089e46afda,info@archaeological-surveys.co.uk,Email
4ced7fcb-a344-43e5-b586-df27860da0f0,8456046494,Telephone
4d10e63d-24c4-4b44-9183-e01f286a6412,020 7409 0408,Telephone
4d10e63d-24c4-4b44-9183-e01f286a6412,020 7409 0056,Fax
4e6c714a-94dc-42bb-b2c0-9f5d8e6817b5,01844 355503,Telephone
4e6c714a-94dc-42bb-b2c0-9f5d8e6817b5,01844 355510,Fax
4ef98812-4291-4a41-b5ed-c03d640891ad,814624737,Telephone
4f02bf39-9c85-4ed6-b79d-28563caf37d7,01273 426830,Telephone
4f417019-ee02-47a9-82ed-e33ccbc5a608,020 8379 1000,Telephone
4f417019-ee02-47a9-82ed-e33ccbc5a608,enfield.council@enfield.gov.uk,Email
4f7a0eb5-3533-4c73-8fc2-3a0b81a2c3a7,01509 232240,Telephone
4fd68fa4-2e2d-4cf3-b75a-3d269ccb10ba,020 7837 4477,Telephone
4fd68fa4-2e2d-4cf3-b75a-3d269ccb10ba,london@lichfields.uk,Email
4fe0c9bb-e04f-433b-865f-11136bca2860,csuk@balfourbeatty.com,Email
50073790-d8af-484f-82f2-0c34d4ca23ed,info@wecnf.org,Email
50b3eba0-8eba-48c6-ac81-76f1808df22b,020 7377 2028,Telephone
50b3eba0-8eba-48c6-ac81-76f1808df22b,nicola@nicoladequincey.co.uk,Email
50cf138d-fc3a-4ca4-94a3-6a9d592150da,07988343531,Telephone
51962498-2fe1-4eb6-9ffc-e097a16ae71a,0161 833 4883,Telephone
51962498-2fe1-4eb6-9ffc-e097a16ae71a,0161 833 4661,Fax
51962498-2fe1-4eb6-9ffc-e097a16ae71a,accpayable@globalskm.com,Email
536f10e4-61e7-4624-88d3-7736fc6c4f42,020 7633 9425,Telephone
538e5d07-ff9d-4baf-a054-ca214683d2f7,+44(0)20 7729 9595,Telephone
538e5d07-ff9d-4baf-a054-ca214683d2f7,info@gmlarchitects.co.uk,Email
54575c5f-9fc8-473d-84e3-d960a39c2251,0207 3789560,Telephone
54575c5f-9fc8-473d-84e3-d960a39c2251,0207 3789565,Fax
54575c5f-9fc8-473d-84e3-d960a39c2251,studio@hampsonwilliams.com,Email
54e94a19-a05b-4002-8e8e-4e8850989402,07725 553 607,Telephone
5531b17e-67b6-42db-bd12-164b96eee41a,02074905047,Fax
55fe888f-1807-40fd-8b9d-50c3377c50c4,020 7340 1700,Telephone
55fe888f-1807-40fd-8b9d-50c3377c50c4,020 7340 1777,Fax
55fe888f-1807-40fd-8b9d-50c3377c50c4,engineers@campbellreith.com,Email
57501567-615e-4ee9-bb11-da76b9c7df16,01483 208633,Telephone
57501567-615e-4ee9-bb11-da76b9c7df16,mail@architecturalhistory.co.uk,Email
5760306d-d427-4187-aa00-b10bfada05e4,01462 420851,Telephone
5760306d-d427-4187-aa00-b10bfada05e4,01462 453826,Fax
5760306d-d427-4187-aa00-b10bfada05e4,info@maydencroft.co.uk,Email
5803cec4-37da-4375-b3fc-a9bf9f0b3728,020 7089 1000,Telephone
58f5945f-8511-415d-8f12-8c5905e56504,028 90 828 400,Telephone
5c48cc9e-12fc-4ef8-8c2f-48e6bf2a0bf0,02075255448,Telephone
5c4f800e-2dd2-4f6b-ab82-18570c25872b,02073943700,Telephone
5c7d5d6b-3f51-4be4-8dd5-e3e8d4a48033,01603662901,Telephone
5c7d5d6b-3f51-4be4-8dd5-e3e8d4a48033,01603614814,Fax
5e29115f-9910-48b3-8b02-e3adae5ecb06,0208 316 6358,Telephone
5e29115f-9910-48b3-8b02-e3adae5ecb06,andyarchaeology@gmail.com,Email
5f4e15a2-a619-494b-b0b0-4386e58be9c7,01908 608989,Telephone
5f4e15a2-a619-494b-b0b0-4386e58be9c7,01908 605700,Fax
5f4e15a2-a619-494b-b0b0-4386e58be9c7,office@archaeological-services.co.uk,Email
60bcd53f-0d96-43ab-85ae-0db421b99481,020 8314 6000,Telephone
60ef6772-3791-4923-8342-27093af62c9e,07000 482 532,Telephone
60ef6772-3791-4923-8342-27093af62c9e,020 7681 0022,Fax
60ef6772-3791-4923-8342-27093af62c9e,enquiries@gainsboroughstudios.co.uk,Email
6209a0ba-fad0-4c31-8c6c-362c6b409ea3,business@molaheadland.com,Email
620d8e60-f356-4dfb-bc1d-ac96b3039a2a,01793812479,Telephone
620d8e60-f356-4dfb-bc1d-ac96b3039a2a,01793812089,Fax
64077303-13e1-4f6b-b858-dc4b772e6eea,mail@acdlandscape.co.uk,Email
6494147a-756b-4e52-958a-a9c5b65a20a9,mail@bff-architects.co.uk,Email
64ace8a7-649a-4965-a897-b73e95b047e3,01908 22 58 98,Telephone
64ace8a7-649a-4965-a897-b73e95b047e3,01908 22 68 98,Fax
64ace8a7-649a-4965-a897-b73e95b047e3,office@phoenix-ar.demon.co.uk,Email
64d91a9e-55ea-4207-809a-b6b4afdf8d23,01223 361 803,Telephone
64d91a9e-55ea-4207-809a-b6b4afdf8d23,01223 361 808,Fax
64d91a9e-55ea-4207-809a-b6b4afdf8d23,info@dpaarchitects.co.uk,Email
655412f4-2ed6-44f2-a790-bfa55e523439,020 8270 6865,Telephone
65fcee1b-5417-42c5-9c01-8363d47c3559,mathini.kumar@mgjv.co.uk,Email
673a7353-25fc-4406-b1d0-2ed0bf257d48,0207 493 2843,Telephone
688a2684-c2cd-4326-8dd7-8a36c67dd352,01526 321 966,Telephone
688a2684-c2cd-4326-8dd7-8a36c67dd352,info@midarch.co.uk,Email
68a40a2a-3d6d-4303-afae-5fa220efbc02,01344297094,Telephone
68a40a2a-3d6d-4303-afae-5fa220efbc02,mail@christianleigh.co.uk,Email
690f9c81-32f1-41db-89fb-7fd7961af7e1,020 7739 2020,Telephone
69c499d5-5b23-4269-932a-2081f7c0b00a,020 3475 7500,Telephone
6a70cf83-bcd8-48b6-a6a2-f4b90e2e32e2,020 7410 2200,Telephone
6a70cf83-bcd8-48b6-a6a2-f4b90e2e32e2,020 7410 2201,Fax
6a70cf83-bcd8-48b6-a6a2-f4b90e2e32e2,business@mola.org.uk,Email
6ac80559-7905-4d19-b430-3c2cbc8ed60a,01376518811,Telephone
6ac80559-7905-4d19-b430-3c2cbc8ed60a,01376521145,Fax
6b993d94-026a-42cd-984f-f5f7afc5b6b8,0208 026 5509,Telephone
6bb111a6-a72a-4f35-b7c3-2292d6f8f2e2,07899995491,Telephone
6bb111a6-a72a-4f35-b7c3-2292d6f8f2e2,elizabeth@prentice-moore.co.uk,Email
6c7d10d0-0990-4033-b4da-7d6aaa4352f4,01865 731700,Telephone
6c7d10d0-0990-4033-b4da-7d6aaa4352f4,01865 731701,Fax
6c7d10d0-0990-4033-b4da-7d6aaa4352f4,enquiries@edgarslimited.co.uk,Email
6c9d24df-203b-4e6b-abf5-7b569164e55d,020 7437 3553,Telephone
6c9d24df-203b-4e6b-abf5-7b569164e55d,020 7437 4831,Fax
6efa4ce8-e4f9-43e2-a77c-1b01842e1d1a,020 7833 4002,Telephone
6efa4ce8-e4f9-43e2-a77c-1b01842e1d1a,020 7278 5343,Fax
6efa4ce8-e4f9-43e2-a77c-1b01842e1d1a,ijarch@inskip-jenkins.co.uk,Email
6f029a68-69c1-463b-9d37-5b0acafebd4e,info@loudsound.net,Email
6f6f4895-345d-424c-8847-974ec00fc9a1,02082981707,Telephone
6f6f4895-345d-424c-8847-974ec00fc9a1,02082980699,Fax
6f6f4895-345d-424c-8847-974ec00fc9a1,enquiries@langleysonline.com,Email
6f96c6e6-1870-4191-8874-4afe755957c4,pca@vossnet.co.uk,Email
705c5d78-a4c8-44dd-af48-cdeae9377ec4,01953 857669,Telephone
707de73e-6bf5-4507-851d-3d614596ef45,02076361531,Telephone
707de73e-6bf5-4507-851d-3d614596ef45,02077553510,Fax
70ddf54a-206f-42d8-9254-eab7e92cc760,0845 564 0309,Telephone
71e58017-2392-4e5a-85c5-05ff4d024a14,020 7314 5000,Telephone
71e58017-2392-4e5a-85c5-05ff4d024a14,020 7337 1700,Telephone
71e58017-2392-4e5a-85c5-05ff4d024a14,01256 318800,Telephone
71e58017-2392-4e5a-85c5-05ff4d024a14,0121 352 4700,Telephone
71e58017-2392-4e5a-85c5-05ff4d024a14,0121 352 4701,Fax
71e58017-2392-4e5a-85c5-05ff4d024a14,0113 395 6200,Telephone
72b14001-9628-4c8c-aa53-63b3fb0c4931,8450703497,Telephone
7422f9e5-046a-40f0-8cbe-6937dc2500a4,020 8770 3962,Telephone
74fa2148-b2b7-4dad-9f4b-4497c11789aa,0207 770 6045,Telephone
74fa2148-b2b7-4dad-9f4b-4497c11789aa,0207 691 7245,Fax
74fa2148-b2b7-4dad-9f4b-4497c11789aa,London@lparchaeology.com,Email
74fa2148-b2b7-4dad-9f4b-4497c11789aa,01279 755252,Telephone
75b9aa58-a0d2-4073-8a84-9dcc1e205c73,01904523711,Telephone
75b9aa58-a0d2-4073-8a84-9dcc1e205c73,01904525741,Fax
76ce1c45-f04f-4ec9-90ff-4d5992d6ae0f,01280 812310,Telephone
7727d2ff-8c14-409d-88ec-4d8704aec042,0208 357 5000,Telephone
7939c1f7-53fa-4ac1-afea-e4bda597e687,contact@erithmuseum.org.uk,Email
79d23412-4d10-44a0-8976-bf0738a0e661,01892 822999,Telephone
79d9b102-e070-49f2-96f2-5c4239b99c58,01689 860939,Telephone
7aa85c33-5cff-4a37-9b42-a1c111eaa6d9,02085432557,Telephone
7aa85c33-5cff-4a37-9b42-a1c111eaa6d9,02085436473,Fax
7aa85c33-5cff-4a37-9b42-a1c111eaa6d9,archsutton@aol.com,Email
7b2ffce8-dd5d-4e0b-8c4d-7a268bd0c12e,01833 630125,Telephone
7b551383-d812-4adc-8ed6-4e02b3f840e1,3333440206,Telephone
7b551383-d812-4adc-8ed6-4e02b3f840e1,info@abheritage.co.uk,Email
7b9c8271-9c5d-407b-935c-2d8749160096,020 7378 7782,Telephone
7bddea49-6898-487a-968e-c58f268af651,020 7387 0244,Telephone
7bddea49-6898-487a-968e-c58f268af651,020 7387 0869,Fax
7cf5d7c4-2425-47f4-aa1b-77d8a5b8e360,01159589500,Telephone
7db47f3c-cd12-44a8-8c19-51df136ea1f3,01323 871021,Telephone
7db47f3c-cd12-44a8-8c19-51df136ea1f3,01323 871021,Fax
7ddfb475-c0e0-4698-a070-1e2846a7578a,020 3282 8448,Telephone
7ddfb475-c0e0-4698-a070-1e2846a7578a,info@heritagecollective.co.uk,Email
7df2b2b7-bc5c-4707-bc03-101a69b963f2,01483 203221,Telephone
7df2b2b7-bc5c-4707-bc03-101a69b963f2,01483 202911,Fax
801e0568-0dbf-401a-9166-393ac63b12a4,020 8659 3250,Telephone
801e0568-0dbf-401a-9166-393ac63b12a4,020 8659 3146,Fax
801e0568-0dbf-401a-9166-393ac63b12a4,tfp@thomasford.co.uk,Email
80949872-c4f3-4ecd-aad7-d49bad923388,01449 723723,Telephone
80949872-c4f3-4ecd-aad7-d49bad923388,01449 723907,Fax
80949872-c4f3-4ecd-aad7-d49bad923388,enquiries@rsa-geotechnics.co.uk,Email
81f14e5e-8a50-473c-ba5e-a972516bff60,02083320304,Telephone
81f14e5e-8a50-473c-ba5e-a972516bff60,02089483813,Fax
82067729-16cb-42d2-899b-0fa9d0105676,02077398945,Telephone
82067729-16cb-42d2-899b-0fa9d0105676,02077294098,Fax
8430e15f-139f-4281-b771-2398a30e3a6e,01379 873000,Telephone
849883d4-0ced-4af7-89bf-8b040ec1c5a8,01992 558170,Telephone
849883d4-0ced-4af7-89bf-8b040ec1c5a8,01992 553359,Fax
849883d4-0ced-4af7-89bf-8b040ec1c5a8,herts.archtrust@virgin.net,Email
86973713-e6c7-4e37-815c-920af1a9ec3e,020 8748 3020,Telephone
887c380f-ac68-49a1-bd14-58d840cc3972,020 7743 7900,Telephone
88d65973-36df-47a4-b7b8-08e511a26ab2,0116 252 2848,Telephone
88d65973-36df-47a4-b7b8-08e511a26ab2,0116 252 2614,Fax
88d65973-36df-47a4-b7b8-08e511a26ab2,ulas@le.ac.uk,Email
893d6adf-67ab-4363-9104-714984d5966a,0207 641 6000,Telephone
89824f8f-273f-4541-b600-f41a6ce92fe3,020 7812 5000,Telephone
8990b06c-f2b2-4462-9611-12fe85db6550,020 8449 5999,Telephone
8a359a95-c67d-4091-a5a5-8ce925e9f49c,+44 (0)1189 640468,Telephone
8bc22e67-5c95-485b-8149-8ac871dd613e,01582 546 722,Telephone
8eec1e34-f24a-47c2-a737-4cdc09f22ac9,info@hackneysociety.org,Email
8ef56092-855f-4886-8c9c-6ade87211479,accounts@iceniprojects.com,Email
8f604c7e-1ed6-443e-8adc-b14ecd8bc9fc,0870 1201040,Telephone
8f604c7e-1ed6-443e-8adc-b14ecd8bc9fc,01293 651937,Fax
8f604c7e-1ed6-443e-8adc-b14ecd8bc9fc,office@groundspec.co.uk,Email
90a358dd-386b-42ae-8614-b391a928de1f,020 8335 4800,Telephone
90a358dd-386b-42ae-8614-b391a928de1f,020 8335 4888,Fax
9129f3b6-95af-4077-94d6-aaf5bdccb1ce,053 9143230,Telephone
9129f3b6-95af-4077-94d6-aaf5bdccb1ce,info@williamneville.ie,Email
913084af-49d7-4e65-b750-8a6569e6bb39,01268 664111,Telephone
915ba618-f0a2-4d53-a1f3-a4b3b4a3eff7,01434 382045,Telephone
92441a96-68f3-4a14-b622-f8073f50a5c8,0161 275 2313/4,Telephone
92441a96-68f3-4a14-b622-f8073f50a5c8,0161 275 2315,Fax
92b82fa1-1f9e-4676-8e6a-b31af9558016,01865 310563,Telephone
93b2092c-b93b-4b9b-beca-931c2c2a44b7,02076396255,Telephone
93b2092c-b93b-4b9b-beca-931c2c2a44b7,02072777918,Fax
93b2092c-b93b-4b9b-beca-931c2c2a44b7,mail@surveydesign.co.uk,Email
94ffff5c-faf7-45a4-a9b9-75a966e609cd,020 8405 1061,Telephone
94ffff5c-faf7-45a4-a9b9-75a966e609cd,plans4buildings@blueyonder.co.uk,Email
95b772fb-4aee-43b3-8b47-52e9f78fec63,01529300890,Telephone
9656c918-6aed-4821-9188-fd2ee081037f,0121 414 8621,Telephone
9656c918-6aed-4821-9188-fd2ee081037f,ironbridge@contacts.bham.ac.uk,Email
965a578c-e571-423a-a03d-99885930467d,01133016232,Telephone
965a578c-e571-423a-a03d-99885930467d,uk_apinvoices@aecom.com,Email
967ff36c-3ab7-4778-8ecc-c182d7d32550,01707 244040,Telephone
96a81f3d-b91d-4ff1-999e-f2335947af2d,office@elliotpayne.co,Email
96e844cb-36c2-4799-af32-1648a7ff723a,0118 974 4866,Telephone
9722b452-2850-4709-acfb-85852fa811eb,+44 (0) 20 7418 2000,Telephone
976cc3b3-deba-49f6-9d56-57e809b993dc,01570 424739,Telephone
976cc3b3-deba-49f6-9d56-57e809b993dc,01570 424994,Fax
976cc3b3-deba-49f6-9d56-57e809b993dc,uwlas@lamp.ac.uk,Email
97f5945c-02a1-47b8-acf9-a86ac3090580,01702 340407,Telephone
97fdc54a-12d3-4774-a998-c5e463877ae8,01245 254604,Telephone
97fdc54a-12d3-4774-a998-c5e463877ae8,01245 245685,Fax
990d2e1a-85e4-4a7a-8832-891bdc132854,020 8559 2316,Telephone
99e3a9d1-8808-4962-9aa4-e1a0e9b0e61f,020 7583 7799,Telephone
9aac632a-0efa-4c8f-be68-013bc723123c,020 7377 5458,Telephone
9aac632a-0efa-4c8f-be68-013bc723123c,020 7377 5458,Fax
9aac632a-0efa-4c8f-be68-013bc723123c,ask@rra-arch.com,Email
9ae54313-2e02-4a86-9def-04a990dc81af,01733 566566,Telephone
9be15344-2b3a-45df-b0ce-904afcaaf6db,01895 250702,Telephone
9be15344-2b3a-45df-b0ce-904afcaaf6db,archives@hillingdon.gov.uk,Email
9c284004-f706-4264-976b-58b05db22907,02070899014,Telephone
9c67bbe0-171f-4654-8657-2b4d82ee854f,01932845599,Telephone
9c67bbe0-171f-4654-8657-2b4d82ee854f,01932856206,Fax
9cefc4de-98c0-4d74-b1ef-cafbef216312,02079295911,Telephone
9cf8fdbb-24a7-4c4a-b7c5-4792213087ec,020 7532 2133,Telephone
9d0fb53c-bd54-4a1e-a8e3-ec8679ea55eb,0742 797 158,Telephone
9d0fb53c-bd54-4a1e-a8e3-ec8679ea55eb,0742 797 158,Fax
9e428895-fca3-40ca-911b-1b2e2cf4e49f,01707 644 466,Telephone
9e428895-fca3-40ca-911b-1b2e2cf4e49f,01707 644 456,Fax
9e5daf22-586e-4a65-afb4-558c135c7c91,01865 361859,Telephone
9e75d4e9-138d-4dc2-9f06-4885693d921b,01524 65206,Telephone
9f4168f4-229c-4ab1-9e19-99c618c057d1,02088773999,Telephone
9f572dc6-b21f-49aa-886a-633fc4a99042,01727831413,Telephone
9f8856a6-d3b0-4fad-bd36-84be144ffef2,01985850471,Telephone
9f8856a6-d3b0-4fad-bd36-84be144ffef2,rudyard@archaeologist.com,Email
a06da1d2-6773-4637-b649-31eaea440040,02072501555,Telephone
a06da1d2-6773-4637-b649-31eaea440040,02072503022,Fax
a06da1d2-6773-4637-b649-31eaea440040,aba@alanbaxter.co.uk,Email
a1811980-6c70-4a6c-8be4-b836ea63c568,07855383799,Telephone
a1811980-6c70-4a6c-8be4-b836ea63c568,richard@richard-hoggett.co.uk,Email
a2b6c118-2a44-4966-8557-3880597d321d,onsitearchaeology@gmail.com,Email
a31026b5-1b6d-48f3-9c30-669d2a65b475,01603 674444,Telephone
a31026b5-1b6d-48f3-9c30-669d2a65b475,info@purcelluk.com,Email
a3352f99-bcea-4ab6-bdf6-9b9eb631e074,020 7647 3000,Telephone
a46baa55-e18d-4ab3-a9fa-d7287cc19c62,020 7251 4004,Telephone
a46baa55-e18d-4ab3-a9fa-d7287cc19c62,020 7250 1967,Fax
a46baa55-e18d-4ab3-a9fa-d7287cc19c62,studio@muf.co.uk,Email
a55fef8b-ed1d-401b-933b-6910a7b5c62f,01233 658 270,Telephone
a55fef8b-ed1d-401b-933b-6910a7b5c62f,01233 658 299,Fax
a55fef8b-ed1d-401b-933b-6910a7b5c62f,gsg@groundsolutions.co.uk,Email
a56c1cea-5989-4275-a019-46784ff8ad41,mail@hughcullum.com,Email
a58549a8-e6be-4208-9232-fda2e4ef9615,01865 200864,Telephone
a5f115c4-0ab6-4655-8164-363b55b1c772,(0)20 7520 3300,Telephone
a5f115c4-0ab6-4655-8164-363b55b1c772,mail@bennettsassociates.com,Email
a5faa136-95bc-4cf7-b691-badbbbad5a9d,01206 541051,Telephone
a5faa136-95bc-4cf7-b691-badbbbad5a9d,01206 500124,Fax
a5faa136-95bc-4cf7-b691-badbbbad5a9d,archaeologists@catuk.org,Email
a64aed59-0aa1-42c3-8811-0195ba36d57a,01737 644911,Telephone
a64aed59-0aa1-42c3-8811-0195ba36d57a,se-sales@bellway.co.uk,Email
a6db3640-da18-4dcb-8a96-544b598a4f94,01235 511263,Telephone
a6f89e66-6a5d-470c-90b7-b2c3233fa8f6,020 7785 6996,Telephone
a8b03919-5445-4f88-b0c4-32f7431374a1,0131 273 4380,Telephone
a8b03919-5445-4f88-b0c4-32f7431374a1,0131 273 4381,Fax
a8c8cf80-28a2-45bd-9e9d-42721c55a77a,020 8427 1517,Telephone
aa6ede79-6378-4c0f-9ff1-a379d980e696,01795 532 548,Telephone
aa6ede79-6378-4c0f-9ff1-a379d980e696,01795 591731,Fax
aa6ede79-6378-4c0f-9ff1-a379d980e696,info@swatarchaeology.co.uk,Email
ab078d17-388a-46cc-821e-9ee14ee2840b,0207 4238000,Telephone
ab078d17-388a-46cc-821e-9ee14ee2840b,0207 4238001,Fax
ab078d17-388a-46cc-821e-9ee14ee2840b,enquiries@trowers.com,Email
ab219dbf-defa-4596-ae9e-3f458599b3d3,02393704383,Telephone
ab270f30-062c-4c3b-936f-5c01cf48d77c,020 8300 6811,Telephone
ac3f6923-c830-4fa3-bd4b-cd02b5e23596,0207 5109100,Telephone
ad690d91-f7a2-4df0-af10-23e95c3b736c,01737 373200,Telephone
ae07233a-d917-49d2-855e-479f8dddce0c,020 7631 5291,Telephone
ae07233a-d917-49d2-855e-479f8dddce0c,0845 299 1610,Fax
ae07233a-d917-49d2-855e-479f8dddce0c,london@ramboll.co.uk,Email
ae07233a-d917-49d2-855e-479f8dddce0c,02380 817500,Telephone
ae07233a-d917-49d2-855e-479f8dddce0c,023 8081 7600,Fax
ae07233a-d917-49d2-855e-479f8dddce0c,accountspayable@ramboll.co.uk,Email
ae9b6998-3f9a-4c60-bde2-1bad18cba69d,020 7833 8663,Telephone
aeb5ba05-a3ff-4bc1-9a67-872433708752,020 3166 6610,Telephone
af190d57-0955-49a8-b032-03c86f92e6d0,01622 602838,Telephone
af190d57-0955-49a8-b032-03c86f92e6d0,museuminfo@maidstone.gov.uk,Email
af79ec71-cc98-4a99-a667-84746b51967c,01962 622057,Telephone
af79ec71-cc98-4a99-a667-84746b51967c,steven.bee@urbancounsel.co.uk,Email
b0150c7f-2dc1-4a94-90f8-b3d4edfdd85d,01372 364 500,Telephone
b0150c7f-2dc1-4a94-90f8-b3d4edfdd85d,01372 364 501,Fax
b076bf51-80f0-4452-bea6-124909765024,02075177654,Telephone
b0896443-fd22-4d77-a0fe-c65787ed557c,02083574444,Telephone
b0a1cf9b-8e54-4e9f-b35f-3d4e6293ebc2,01202 421142,Telephone
b0a7d7a2-c960-423e-939e-0ada9bc5bfd0,07761 154345,Telephone
b0faa20b-2a86-4a88-9dc6-726eb48536ea,info@acornhomes.co.uk,Email
b359a520-2d85-4b71-ab53-519238f710ea,07710 724627,Telephone
b4000af0-0de0-496b-84f0-a19756ebb01d,0207 771 1600,Telephone
b48f0d53-0f5a-495a-9567-312b8d0643ea,01373 836680,Telephone
b565ea38-5492-4001-90ef-60809daccb50,01248 351151,Telephone
b5b863fc-9f46-4e81-b180-f503d2d45a0d,0114 266 9292,Telephone
b5b863fc-9f46-4e81-b180-f503d2d45a0d,remittance@ecusltd.co.uk,Email
b7868875-95e2-469e-8a55-c3815632d3e5,01274 370410,Telephone
b83a48df-76c3-4d89-b573-4ed4398c4f7f,0114 243 5500,Telephone
baa92104-bb81-407f-a10e-6a529dd360ea,01285 740427,Telephone
baa92104-bb81-407f-a10e-6a529dd360ea,01285 740848,Fax
baa92104-bb81-407f-a10e-6a529dd360ea,info@edp-uk.co.uk,Email
bb6306de-52d7-41b2-819c-6146c3a556da,01279657458,Telephone
bb6306de-52d7-41b2-819c-6146c3a556da,mail@wardbooth.com,Email
bb640495-079c-4f93-9000-45aaa119ee20,01235 529720,Telephone
bc79969e-80ba-4996-a7ff-7f151528b397,0208 306 7043,Telephone
bc79969e-80ba-4996-a7ff-7f151528b397,020 8306 7073,Fax
bca3b580-82a4-42a4-a293-5023cffbcf7b,020 8994 2288,Telephone
bca3b580-82a4-42a4-a293-5023cffbcf7b,design@acanthuslw.com,Email
bca97b5f-c54c-43b3-b3c9-ab080cc20649,01522 703800,Telephone
bca97b5f-c54c-43b3-b3c9-ab080cc20649,01522 703656,Fax
bca97b5f-c54c-43b3-b3c9-ab080cc20649,info@pcas-archaeology.co.uk,Email
bd88f146-7f9c-430f-96f6-c5e7d32885c8,020 7361 3000,Telephone
bd88f146-7f9c-430f-96f6-c5e7d32885c8,020 7938 1445,Fax
bdaaf97f-f3d0-4bb1-86c6-7e6ab0477a9c,01132620000,Telephone
bdc3eb29-7184-4c1c-bcca-cb4d3495db8e,01923 201 120,Telephone
bdc3eb29-7184-4c1c-bcca-cb4d3495db8e,enquiries.hq@britishwaterways.co.uk,Email
be1988a4-0f9e-489d-96df-7638910b61fa,8074139000,Telephone
beedb25a-9cbe-4f8b-a7fd-0fb05841b447,02076317000,Telephone
beedb25a-9cbe-4f8b-a7fd-0fb05841b447,london@gleeds.co.uk,Email
bf02092c-4048-4b3b-97e6-861593623a25,020 8215 3000,Telephone
bf02092c-4048-4b3b-97e6-861593623a25,3000direct@lbbd.gov.uk,Email
bf4183cf-143a-45db-8011-6623cd0eeaf2,02088740758,Telephone
bf7837bc-ae20-4fa8-90a5-20be8d909461,01525 385443,Telephone
bf9b0b47-b8d8-475e-a91f-04cff100f684,01483 577091,Telephone
bf9b0b47-b8d8-475e-a91f-04cff100f684,01483 579252,Fax
c0585baa-b0b7-4f78-8f92-2cea3e1ba5fb,01737 774155,Telephone
c0a81b76-a88e-4c6c-9557-df08adf428d7,0191 378 9972,Telephone
c0e256ea-320b-47e1-b013-2ee481f901e9,8708393339,Telephone
c152d22f-e0cc-4112-b0de-7bae89e8fd0a,07282103454,Telephone
c214aaac-7df8-4b87-9fdb-6eb2e11db3e6,07825550271,Telephone
c214aaac-7df8-4b87-9fdb-6eb2e11db3e6,enquiries@absolutearchaeology.co.uk,Email
c2baa6ef-6b6e-4034-9ee7-dcb3df6f8cd9,01773838950,Telephone
c31192b9-b83c-4237-a3af-726b97431691,020 3170 6125,Telephone
c336a6a3-ad67-404a-8641-b0f56fb430d5,01793 525993,Telephone
c336a6a3-ad67-404a-8641-b0f56fb430d5,01793 525993,Fax
c336a6a3-ad67-404a-8641-b0f56fb430d5,Admin@foundations.co.uk,Email
c35486e0-ef01-4a38-8c96-ae5cffd3b480,01483 331945,Telephone
c38d0605-00f7-47a7-a502-ee53b74d2ff0,0207 042 1104,Telephone
c40b4767-b9c2-4f42-a7cf-cf1cad8ea840,02071888801,Telephone
c54bb652-d9ff-423f-9770-d30773c086ac,020 8780 3129,Telephone
c54bb652-d9ff-423f-9770-d30773c086ac,080 8789 3816,Fax
c54bb652-d9ff-423f-9770-d30773c086ac,mail@szal.co.uk,Email
c5efd66f-f1d2-46d7-9184-abdcfa35596b,02088437380,Telephone
c5efd66f-f1d2-46d7-9184-abdcfa35596b,02088920549,Fax
c5efd66f-f1d2-46d7-9184-abdcfa35596b,admin@aocarchaeology.co.uk,Email
c6a31ccd-f94f-4805-b9df-e9baebf168d7,020 8778 6699,Telephone
c6ebf321-7d99-4b35-8f7e-aeb020b558b1,02086607856,Telephone
c6ffc689-aa32-4cdf-844b-d03c1ed7eae5,02920610309,Telephone
c7233020-ea63-4e33-b1de-dd8cb84bad8f,01912262279,Telephone
c7233020-ea63-4e33-b1de-dd8cb84bad8f,01912262104,Fax
c7752d11-c0f4-4352-8862-82951c3e76a7,bromley.museum@bromley.gov.uk,Email
c7b901fb-796f-477f-bd36-24e69a6b31bb,0207 870 9300,Telephone
c7b901fb-796f-477f-bd36-24e69a6b31bb,0207 870 9399,Fax
c7e807a6-476c-46c2-acbe-a69217d6a8be,020 7378 0707,Telephone
c7e807a6-476c-46c2-acbe-a69217d6a8be,admin@lordshiva.net,Email
c8620e87-0eec-48a2-aa2e-ffafe1f9a2d2,01666 577709,Telephone
ca1c805b-8a63-4635-aeaa-50d3a493fce1,023 8023 6685,Telephone
ca935870-a1f8-40b1-ab98-6aec0f44a470,glher@historicengland.org.uk,Email
cb10ba37-8111-420e-91f1-921845daafb0,isleofdogsnpf@gmail.com,Email
cc52728d-b312-41f2-b6ee-6179138db175,0115 936 3100,Telephone
cc52728d-b312-41f2-b6ee-6179138db175,0115 936 3200,Fax
cc52728d-b312-41f2-b6ee-6179138db175,enquiries@bgs.ac.uk,Email
cca11e11-b40f-43cc-bd18-8d591e76b445,0208 689 9998,Telephone
ccb04e2a-4a8b-43c0-b001-c43d0e833c97,01256 310200,Telephone
ce25ba53-a934-4e41-ba64-0a3197c9703c,0800 0434 666,Telephone
ce81cfcd-368c-4d12-ad5d-2bee98f0e9e7,01623 756623,Telephone
ced0af3a-84fa-4ec0-bc86-3bc916f4085b,01708 434343,Telephone
ced0af3a-84fa-4ec0-bc86-3bc916f4085b,info@havering.gov.uk,Email
cf09d309-7ff0-48d8-832f-c0ae79b0f648,01284 765210,Telephone
cf09d309-7ff0-48d8-832f-c0ae79b0f648,info@ascontracts.co.uk,Email
cf09d309-7ff0-48d8-832f-c0ae79b0f648,01920 469090,Telephone
d048f96b-a022-4907-a914-e1a73365de50,02073166000,Telephone
d07277d6-d299-4298-ae9d-9e24e9a8c0d0,02075174700,Telephone
d0b35809-c3ff-40db-866a-f4a914c5804e,0800 731 2030,Telephone
d1711c48-f14a-42a7-af61-f9b8a5be98e1,01277280925,Telephone
d1711c48-f14a-42a7-af61-f9b8a5be98e1,info@m2architectural.com,Email
d1883ac7-0642-4089-9be0-710ec2d34e34,01234 270002/6/9,Telephone
d1883ac7-0642-4089-9be0-710ec2d34e34,01234 359287,Fax
d1883ac7-0642-4089-9be0-710ec2d34e34,office@albion-arch.com,Email
d2389fb8-100e-41fd-a274-9de5268b2887,020 7724 3040,Telephone
d2389fb8-100e-41fd-a274-9de5268b2887,gp@gregoryphillips.com,Email
d26f9fb3-d602-4257-a55c-cd832f4b94e4,02072222115,Telephone
d26f9fb3-d602-4257-a55c-cd832f4b94e4,02072222659,Fax
d26f9fb3-d602-4257-a55c-cd832f4b94e4,info@london.royalhaskoning.com,Email
d2ec967f-3f27-40e1-ba94-a78cd0ed5549,020 8807 7079,Telephone
d3870849-586d-4c09-8148-544cc6205bdd,01905 361362,Telephone
d3870849-586d-4c09-8148-544cc6205bdd,01905 361362,Fax
d401540f-be39-4eca-bf9f-409e7d5f0ac5,020 7554 2222,Telephone
d401540f-be39-4eca-bf9f-409e7d5f0ac5,020 7554 2201,Fax
d401540f-be39-4eca-bf9f-409e7d5f0ac5,info@stanleydavis.co.uk,Email
d4073b69-9791-4526-be37-cf155a61f64b,01604781877,Telephone
d43e2f22-3d22-4714-9e3a-8cd06cf2b67d,020 8619 9700,Telephone
d43e2f22-3d22-4714-9e3a-8cd06cf2b67d,info@durkan.co.uk,Email
d45cadc9-589e-42c4-9df7-8be37fdf7d74,020 7831 6501,Telephone
d45cadc9-589e-42c4-9df7-8be37fdf7d74,020 7405 3867,Fax
d4bee229-a6e6-4b66-bfaf-afda877653cf,info@forhighgate.org,Email
d50835d1-5ca1-4a24-aae4-6a4da60a551b,graconsulting@live.co.uk,Email
d524bc88-1c4c-4245-8812-8318bdcf7563,01227 829054,Telephone
d524bc88-1c4c-4245-8812-8318bdcf7563,01227 829068,Fax
d5314307-e8d2-449f-b70b-6a30ee0e858e,020 7557 8000,Telephone
d590ed11-0f9f-4b0c-a494-63bd91ca1353,01708 454149,Telephone
d590ed11-0f9f-4b0c-a494-63bd91ca1353,01708 454149,Fax
d680669a-f4b5-4740-8849-c610e9cb3a9b,info@exploration-architecture.com,Email
d954c187-a8a7-47fc-bc08-8100eca26b40,01293 605000,Telephone
d954c187-a8a7-47fc-bc08-8100eca26b40,01293 605080,Fax
d9f6f35e-72bb-4b07-98f6-608902df968f,020 8508 5555,Telephone
d9f6f35e-72bb-4b07-98f6-608902df968f,020 8508 7078,Fax
d9f6f35e-72bb-4b07-98f6-608902df968f,info@higginsconstruction.co.uk,Email
da3271ba-2e31-49ec-b50d-0609e567c7f8,020 8346 0628,Telephone
da67344c-5f31-4446-8fba-06bd06d63f09,expansion.feedback@heathrowconsultation,Email
da88ad4e-cc55-4fbb-98ab-cd67e71fe0cd,01992 809 800,Telephone
da88ad4e-cc55-4fbb-98ab-cd67e71fe0cd,01992 809 801,Fax
da88ad4e-cc55-4fbb-98ab-cd67e71fe0cd,customerservice@telfordhomes.plc.ul,Email
dac15fe4-0d42-4cea-9b18-a26f01d87045,jameswebb@forumheritage.co.uk,Email
db335bdc-1651-491d-a90d-13ad913b2e83,01712088200,Telephone
dcff75a4-ef63-4eca-8d64-fa8b710152ef,02073743600,Telephone
de09fdb7-d14f-405a-a8b9-ec42d270c228,01494 881325,Telephone
de09fdb7-d14f-405a-a8b9-ec42d270c228,chilternarchaeology@btopenworld.com,Email
de1ffe2a-2439-4766-9487-7ad58ed2fca5,studio@conradmargoles.com,Email
df52263a-2576-469c-92d6-2e621a20c010,01142870323,Telephone
e04332e7-524f-48e4-b446-351d96e3e659,07925350381,Telephone
e0dfe067-ee4f-4f09-976e-bc4efe740e78,01483 594 634,Telephone
e0dfe067-ee4f-4f09-976e-bc4efe740e78,01483 594 637,Fax
e0dfe067-ee4f-4f09-976e-bc4efe740e78,archaeology.scau@surreycc.gov.uk,Email
e16027cd-c777-4b78-9157-7686c991e2d3,02074051285,Telephone
e1831fe7-446c-4005-bad9-90df32548e5c,01768 898277,Telephone
e21c65ff-c823-4023-8eae-48eceb238be5,020 7734 6372,Telephone
e21c65ff-c823-4023-8eae-48eceb238be5,info@thompsonbaroni.com,Email
e23e5d25-dd28-4ca8-941f-f5eb49a7d76b,0845 6446665,Telephone
e23e5d25-dd28-4ca8-941f-f5eb49a7d76b,020 7554 8501,Fax
e23e5d25-dd28-4ca8-941f-f5eb49a7d76b,mga@mgassocs.com,Email
e2b9d1fe-dab5-4387-aae7-a041a6e3db18,01823 283 611,Telephone
e2b9d1fe-dab5-4387-aae7-a041a6e3db18,01823 283 612,Fax
e2f4057c-3a7a-4631-88be-87602a1d0850,020 7252 0002,Telephone
e2f4057c-3a7a-4631-88be-87602a1d0850,020 7237 1003,Fax
e2f4057c-3a7a-4631-88be-87602a1d0850,london@tlp.uk.com,Email
e30a45f4-20d1-4ca6-83ac-1c5467428070,info@edp-uk.co.uk,Email
e34874ec-0f42-48f0-b34a-ee409b0f7b6f,020 7648 9927,Telephone
e3538ca0-3507-4c56-8360-9138f09cf185,020 7732 0099,Telephone
e3538ca0-3507-4c56-8360-9138f09cf185,020 7732 0808,Fax
e363e87f-d724-4fbd-849f-449e4b44fda8,020 7803 4283,Telephone
e3f722c6-0041-4573-975f-f3afde087c41,020 7148 4569,Telephone
e3f722c6-0041-4573-975f-f3afde087c41,pierre@pierremare.com,Email
e41a9fe5-7f2b-4856-a099-20b086f6c637,020 7632 4141,Telephone
e5285229-e57d-4fec-b0dd-02d67f835cbd,01823 332883,Telephone
e5285229-e57d-4fec-b0dd-02d67f835cbd,cs@colstonstone.co.uk,Email
e52dc885-9359-4f87-8e6d-59c9b886fb6c,020 7089 9134,Telephone
e5369430-3bb8-49ae-ab6a-13137ef489be,020 7739 8945,Telephone
e598f3be-0ed8-40e5-bd9c-324a1c3ea67a,017955019047,Telephone
e598f3be-0ed8-40e5-bd9c-324a1c3ea67a,survey@targetgeophysics.com,Email
e62dd9fd-3549-4d00-8f38-7bd12ebd50b6,020 7125 0112,Telephone
e62dd9fd-3549-4d00-8f38-7bd12ebd50b6,infor@paragonbc.co.uk,Email
e6aa085b-fe43-4f18-aeb2-57cfecd6225d,020 7222 2115,Telephone
e6aa085b-fe43-4f18-aeb2-57cfecd6225d,020 7222 2659,Fax
e73353b2-537f-4c1b-bb86-77ef9ccae902,020 7583 6767,Telephone
e73353b2-537f-4c1b-bb86-77ef9ccae902,020 7583 2231,Fax
e73353b2-537f-4c1b-bb86-77ef9ccae902,london@cgms.co.uk,Email
e7f2ba73-4aaa-40be-9d85-10a5411d0e91,020 8699 5676,Telephone
e7f2ba73-4aaa-40be-9d85-10a5411d0e91,020 8291 7781,Fax
e7f2ba73-4aaa-40be-9d85-10a5411d0e91,architects@bolansgroup.com,Email
e82e4541-2560-4272-a24e-1e169f82fb07,mail@studio-m12.co.uk,Email
e885a29a-6262-4c19-8a26-c2c2f5fa71e6,01925 844004,Telephone
e8f02836-70ce-4a26-b7d7-311778fc12f3,01722326867,Telephone
e8f02836-70ce-4a26-b7d7-311778fc12f3,01722337562,Fax
eaf43c2f-c79d-44fa-915d-d7c488796445,01323488852,Telephone
ec420b64-4d39-4867-b25d-ce58f4943056,07962366599,Telephone
ec5cefe9-f13f-41d5-8b3f-37f3a267ae4a,020 8422 5678,Telephone
ec5cefe9-f13f-41d5-8b3f-37f3a267ae4a,020 8864 7530,Fax
ec5cefe9-f13f-41d5-8b3f-37f3a267ae4a,enquiries@haroldbenjamin.com,Email
ec631601-85b6-4346-9558-7819f98d1bb5,020 7870 8050,Telephone
ed3dabb6-eeed-4df2-ab26-ef3d5960d084,0207 432 7222,Telephone
ed676dce-4626-47ec-abf9-d3c522499ced,08456 122 660,Telephone
ed7a09e3-995a-4fee-86fb-a3c755521cf7,020 7902 1400,Telephone
ed7a09e3-995a-4fee-86fb-a3c755521cf7,info@shakespearesglobe.com,Email
edaf50bf-8c93-4196-b461-5240ce5601c7,020 7739 1650,Telephone
edaf50bf-8c93-4196-b461-5240ce5601c7,email@idmproperties.com,Email
eded56aa-997c-435c-9ce5-7887f279470d,01322 224739,Telephone
edf55e8c-8cc1-4632-ae8e-b2d342dc9a37,01233 740077,Telephone
edf55e8c-8cc1-4632-ae8e-b2d342dc9a37,01233 740088,Fax
ee33b84c-0b7d-41ed-9af9-f504a043f99d,0118 9260 552,Telephone
ee33b84c-0b7d-41ed-9af9-f504a043f99d,0118 9260 553,Fax
ee33b84c-0b7d-41ed-9af9-f504a043f99d,tvas@tvas.co.uk,Email
ee33b84c-0b7d-41ed-9af9-f504a043f99d,01273 554198,Telephone
ee33b84c-0b7d-41ed-9af9-f504a043f99d,01273 564043,Fax
ee33b84c-0b7d-41ed-9af9-f504a043f99d,south@tvas.co.uk,Email
ee6d2aef-5ff9-4545-afd9-9b2e957a781c,020 7208 2029,Telephone
ee6d2aef-5ff9-4545-afd9-9b2e957a781c,020 7208 2023,Fax
ee80ed29-a096-48f5-9a3a-3d1854c21fdf,01277 224664,Telephone
ee80ed29-a096-48f5-9a3a-3d1854c21fdf,01277 215487,Fax
eed3f2ef-5afd-4d51-8f4d-209c25bee195,01442 864088,Telephone
ef2fea9e-e3ca-4e2e-a650-b241e7f023cb,020 7431 2225,Telephone
ef2fea9e-e3ca-4e2e-a650-b241e7f023cb,architects@brandes.co.uk,Email
efb99a17-3fc1-4b23-938c-0ff680c9a517,mail@quest-tech.co.uk,Email
f0c891e7-2d96-4e60-8189-f9f856bef81b,01442 231800,Telephone
f0c891e7-2d96-4e60-8189-f9f856bef81b,01442 219886,Fax
f0e1a214-f16c-4b9d-88f1-9ccce4037ee1,01603 227191,Telephone
f0e1a214-f16c-4b9d-88f1-9ccce4037ee1,nau.mail@nps.co.uk,Email
f136de7a-f6ab-4b29-b829-58497dc4f1a8,020 7403 9090,Telephone
f136de7a-f6ab-4b29-b829-58497dc4f1a8,mail@lakeestates.co.uk,Email
f150226c-7a10-4d9f-8422-e4e37380ef85,01483 810887,Telephone
f16261ac-6389-421c-a64b-46b6b4c359e1,0115 960 3833,Telephone
f286ca36-2f05-43bf-b82c-665b96ba59a9,0131 467 7705,Telephone
f286ca36-2f05-43bf-b82c-665b96ba59a9,office@headlandarchaeology.com,Email
f286ca36-2f05-43bf-b82c-665b96ba59a9,01525 861578,Telephone
f286ca36-2f05-43bf-b82c-665b96ba59a9,southandeast@headlandarchaeology.com,Email
f299421c-411c-4890-80bb-c10992f5abdc,enquiries@weag.org.uk,Email
f33a233d-7435-44fb-a3d4-b191d461aede,02072814821,Telephone
f3ca3289-2ad1-459c-82fb-2811756a79b2,01376572582,Telephone
f4479e61-393d-40a2-a77b-b2b491fd5f6a,020 3077 3400,Telephone
f4479e61-393d-40a2-a77b-b2b491fd5f6a,020 3077 3477,Fax
f4479e61-393d-40a2-a77b-b2b491fd5f6a,info@danielwatney.co.uk,Email
f5377d5d-f473-4b94-8a66-1c49a87f2d7e,01827 305600,Telephone
f5e4c6a8-5424-4879-8fe6-cfaecd5e9b41,02073332400,Telephone
f64e5296-151c-44b6-85dc-4a0a8db97194,020 7731 7111,Telephone
f75d2825-5b20-4c5e-ae71-34d11b1ff028,02077241751,Telephone
f7b8f8e5-00c0-4d4b-8627-2bb89454d94c,01189712747,Telephone
f7b8f8e5-00c0-4d4b-8627-2bb89454d94c,01189712747,Fax
f9f531e0-0a59-41a3-a529-f3160497af11,0203 051 0000,Telephone
fa1604e0-120f-4866-9383-fb6df2c7706e,020 3427 3397,Telephone
fa1604e0-120f-4866-9383-fb6df2c7706e,020 3427 3398,Fax
fa1604e0-120f-4866-9383-fb6df2c7706e,mail@londonrealty.co.uk,Email
fbe591e4-ed37-4f3a-837c-9071819e1821,0113 243 5435,Telephone
fbe591e4-ed37-4f3a-837c-9071819e1821,0113 241 7732,Fax
fcfa375e-703b-4f80-a30a-fe6ee8d04b8a,01737 784 500,Telephone
fd7b1c50-eca4-4854-bd0a-f002d1904f01,+44 20 7267 9815,Telephone
fd7b1c50-eca4-4854-bd0a-f002d1904f01,studio@burdhaward.com,Email
fe6cddc8-abd2-4d26-a377-8e76f5030adb,01449 763034,Telephone
fec0b8be-8b8a-4407-8d32-47ca827ae484,800505555,Telephone
ffa03b4b-0576-4a82-a326-f245ab818740,01462 742685,Telephone
ffb57ff9-2580-4557-b42a-dbafccd56345,07539 424769,Telephone
ffb57ff9-2580-4557-b42a-dbafccd56345,kim@stablerheritage.co.uk,Email
