{
    "Metatypes": {
        "b9ffd5fa-c512-44a6-b1c2-87fd1e3cd519": "Activity Type",
        "f3b206ff-9cb0-4819-b9c6-17d14e4b4749": "Actor Type",
        "6bdffb5e-9f5b-44f7-a3a6-11cf81219fd8": "Address Part Type",
        "67b76fd1-4906-4055-b493-711c93fc0996": "Address Status Type",
        "20aa84bf-c35a-43c2-9b23-68b6f9eac5c9": "Aircraft Type",
        "4a3ba5e2-bb8b-4180-afb6-9b710f4e122f": "Application Type",
        "35999571-5ac9-4bca-abc6-db5ba2588253": "Area Type",
        "dfd57433-f8e3-4bbd-905b-885ebea87455": "Artefact Type",
        "953238ab-fefc-42e9-9b20-0b4441df2b41": "Asset Type",
        "d3b75e3a-638e-490e-8d1b-bbb5c504ce94": "Association Type",
        "9501a49f-024d-49b3-819e-43aba87db901": "Audience Type",
        "46f076c8-fd6a-4141-b74e-6c26be3725fa": "Audit Outcome Type",
        "59471da5-0062-407f-874b-714305c2fc5a": "Authorization Type",
        "d3284599-47b3-47fe-8675-d5a61086df50": "Capture Scale Type",
        "f2054168-b8dc-416a-b6df-f5aff733c0c3": "Certainty Type",
        "62f3f620-ea25-46c8-9a7b-dbadf23aa874": "Classification Type",
        "956f9779-3524-448e-b2de-eabf2de95d51": "Communication Type",
        "003c935b-e8f0-4df7-aa76-a670e4a7a532": "Compilation Type",
        "ffcdfdf2-0222-473a-934d-58dc6a703cbf": "Condition Type",
        "44b1e6af-5c5a-4c68-9eb9-4eb43bdbe823": "Construction Phase Type",
        "33bc5cb8-8b69-4626-addb-5219adb5e467": "Consultation Type",
        "ce6cea2d-dd71-463f-8fd3-baa6c5c883a5": "Contact Point Type",
        "561dc137-3557-4e2f-986e-a8855cad74cf": "Copyright Type",
        "5a88136a-bf3a-4b48-a830-a7f42000dd24": "Currency Type",
        "59a0c936-3f60-44f9-9e37-67b6ed0f4fa4": "Date Qualifier Type",
        "84283ac9-c985-4e94-966e-b4bd78c658c3": "Dating Method Type",
        "6fbe3775-e51d-4f90-af53-5695dd204c9a": "Description Type",
        "c1201c83-09ad-415f-bb29-9b32c2fcf795": "Development Type",
        "823d2c4f-39ad-47d4-89b4-726ef167534b": "Dimension Type",
        "1cc6f0e9-432f-4177-bae1-16cab5afd3ac": "Evidence Type",
        "dbc18bc0-ec10-4623-b866-52ece47d9780": "Feature Shape Type",
        "29883a1e-2323-467d-9c2f-e54ec09e2817": "File Format Type",
        "f1a24b1f-7a72-4718-b54d-604644cc9e99": "Geology Type",
        "bb33f953-2a12-44ed-9fe7-4cd5023104cc": "Historic Period Type",
        "9d51623c-3994-4074-9ed9-2abf04330ae6": "Information Object Part Type",
        "48b0ffe8-d72c-4152-9e00-24910d60202d": "Information Object Type",
        "d079f49f-13ed-480c-87bb-e5c77ee901e2": "Land Use Type",
        "d5366899-09ec-4db1-8a49-a32b7e4784e3": "Language Type",
        "c9f3250e-55bc-4ebb-b0cc-573d6de94884": "Maritime Craft Type",
        "d03ff048-0234-49c0-919b-c0c2376d7cb0": "Material Type",
        "495ecc6a-a265-434b-8708-d6b76bd9a30e": "Measurement Unit",
        "f7237328-5909-4c74-9109-a7de145a7088": "Mitigation Type",
        "a0e096e2-f5ae-4579-950d-3040714713b4": "Name Type",
        "04a4c4d5-5a5e-4018-93aa-65abaa53fb53": "Name Use Type",
        "e3d9c240-026a-4c1b-8a8e-0ec72541d32a": "Nationality Type",
        "38d853c9-da1f-4186-9733-adfa70d84195": "Organization Type",
        "1d5c7465-7225-4bca-b1df-045a86e286b2": "Ownership Type",
        "ff8c387b-3e3d-4f72-a6f4-fa0526f5349a": "Planning Outcome type",
        "4fa77fc1-252a-4930-a756-71dca73aaf31": "Production Method Type",
        "496b4a50-3325-4704-b1c5-57542dc62011": "Production Technique Type",
        "337514d3-a8a8-46c1-a89a-aea83e582a8d": "Protection Grade",
        "8687011e-9dfa-463e-89e2-79bfdbbe7dda": "Protection Type",
        "7346be23-bff6-42dc-91d0-7c5182aa0031": "Reference Number Type",
        "3dcc94f2-fe86-4286-b87f-047f13c8355a": "Resource Model Type",
        "b81d4b16-0633-4d7a-b4b2-5c2d3e2e782e": "Role Type",
        "65ef7ae0-6a6b-4fac-9324-41dd8e712880": "SHINE Form Type",
        "c6dd5482-6687-44ae-bb54-7d49e084664a": "SHINE Significance Type",
        "e6cf2f57-55f1-4598-ab1a-1f0c4285b9b2": "Spatial Accuracy Qualifier Type",
        "06643704-f7af-4e89-a959-a4021a1b3298": "Standard Deviation Type",
        "c9bc15cc-46fe-4d34-a530-a228854845c8": "Status Type",
        "7a518871-4949-4e57-908e-eb17751a404a": "Sub-Soil Type",
        "7fbf88a6-7e23-47e4-8739-f494d7ff8084": "Subject Type",
        "f69a6133-7583-40a9-8da8-f76d3a9de6db": "Update Type",
        "ae5d0ae4-4db5-4674-9af5-0e35801449b3": "Validation Type"
    },
    "Currency Type": {
        "c2051d53-40e7-4a2d-a4b4-02a31da37fd1": "Current",
        "e756530f-40af-4a88-a1d5-39b03c1b809a": "Former",
        "2e820298-0d7b-4810-9e46-e16f255b9631": "Historic"
    },
    "Name Type": {
        "c254ba9d-c7fa-4880-9adb-5d1cc2773995": "Activity Name",
        "dba129fb-39e1-4611-b035-c8f054847cbf": "Actor Name Part Type",
        "f5d7335d-b3da-42b3-bf0b-6d1469264a5c": "Administrative Area Name",
        "bb7e5255-0cdf-4b86-a0c5-d40cfa5ae363": "Alternative Name",
        "e987fb72-6fa6-43ab-8812-867c4813a2a2": "Application Area Name",
        "44e9801c-deee-4d6f-b737-657b356a2b89": "Archive Object Title",
        "b43da813-8fdf-4648-9a91-e8864e6b92d8": "Archive Source Name",
        "9a57c149-fd7c-4145-a2f3-35e4afdba209": "Artefact Name",
        "51796e90-9ef1-44ec-a967-81b077983768": "Bibliographic Source Name",
        "0cd76d41-21d5-47df-be1c-6ed597cea59f": "Birth Placename",
        "0f772da6-cebc-4f8c-9610-2174e6e8dd8c": "Consultation Name",
        "0a14ef3e-9dd1-4f62-a3a1-7fd762f591d4": "Death Placename",
        "653cb993-1d56-4ce1-879b-e6f7ccd693f1": "Designation Name",
        "8a96a261-cd79-48e2-9f12-74924c152b00": "Digital Object Name",
        "b29f0eeb-4eaf-4062-9b85-2fa5acab47b5": "Epithet",
        "d298cca6-e3c6-40ec-be19-72e2b7b1bf07": "Forename",
        "e5739feb-21d0-430a-968f-caadd8e4ccf7": "Full Name",
        "de8bf632-e451-4c93-a223-1f803a968f04": "Heritage Area Name",
        "8f985e91-6cd2-4d70-a03c-b49a50d09a3b": "Heritage Asset Name",
        "4f3359fe-8525-4ca8-8773-11d733804129": "Heritage Theme Name",
        "4e05f167-0e49-41d3-84ef-7f9b29fdb656": "Historic Aircraft Name",
        "bbb13710-f37b-4f84-989e-a4c0041791b6": "Historic Landscape Character Name",
        "7a230ae8-13a3-471e-a0d4-8cb6e47ecb9f": "Initials",
        "f1ec77ee-c2f2-4cad-a128-87c1537adb54": "Location Area Name",
        "af6d90fd-40a4-40e1-ad69-930b736145ac": "Maritime Craft Name",
        "dae93567-aaa7-432c-a2b6-51ac9c0dc237": "Organization Name",
        "e474f2ba-f203-467b-bcfe-3b2d22b5cfc8": "Parent Name",
        "dccd3273-52fb-49f1-b148-e7c1a535cb5b": "Period Name",
        "b6cce3bd-703d-48e4-98b0-92bee5d632ba": "Photograph Name",
        "279a8478-a5c0-4d99-a1aa-1f71cc6d3392": "Placename Type",
        "5b2f20ca-8d7f-4ac7-a1e4-55673dbde725": "Preferred Name",
        "c57fef44-32ca-4110-a16c-376502b174f9": "Publication Placename",
        "4e4e344a-8861-423b-8656-8c58749aaca6": "Repository Name",
        "c513dfd9-a447-48e0-ae58-8723804aec07": "Storage Area Name",
        "1f53fa48-2dfd-4d32-adff-9b26e134aae7": "Surname",
        "9fe2bf07-fb15-400f-a719-06fec8c20a69": "Title"
    },
    "Date Qualifier Type": {
        "39a33725-9b43-47b0-9997-daa99ab29d26": "At some time",
        "586a2776-7f4a-4be9-9219-3a9896c7f965": "Between",
        "ece5f508-b292-480f-b727-36251846bd4f": "Occasionally",
        "0493601e-3491-40a7-a651-6fd8d9dbdce5": "On",
        "01b88eda-4eed-4f6d-910a-48810acf92b5": "Once between",
        "b51853b9-08ad-4d73-b932-ff6c68f4ba18": "Post",
        "d2ba282f-8dc3-4a4f-8b97-5c24cb2b9a68": "Pre",
        "a6dfc54c-a130-4ab9-ab29-ec659f8158a9": "Throughout"
    },
    "Name Use Type": {
        "e9170ee3-3455-4ec3-b596-475c0969f3bf": "Alternative",
        "85c26c81-e356-4454-a2ba-67e7ad9b95cd": "For Correspondence",
        "ea504636-00ea-4a87-9416-20e7d9c81303": "Former",
        "22093d13-ca7b-4e7b-9927-33f8d626ea36": "Formerly identified as",
        "42cd842c-6f60-4a86-a3f0-15c41b1bda1e": "Latest",
        "c18a4041-622e-42a2-89ef-1755cffd0fd6": "Maiden",
        "03c12675-14fe-4c42-8003-4ea9e8505374": "Original",
        "2df285fa-9cf2-45e7-bc05-a67b7d7ddc2f": "Primary",
        "4da7d1c6-fab7-44a4-a758-954e0c5a47c8": "Pseudonym",
        "1375c169-f815-4745-9e90-4a726dfe8796": "Registered",
        "d14530a7-dfe0-44cd-9e30-10472863bd52": "Sobriquet",
        "78df4478-ee6c-46b7-8321-38e9767c12d1": "Statutory"
    },
    "Authorization Type": {
        "194451c6-c361-4533-96d7-eca939814088": "Authorized",
        "8d653928-e41f-455f-89a0-d649d24feafe": "Awaiting Authorization",
        "1373b8e6-2607-4586-b8c0-8aa28d4aaf8c": "Not Authorized"
    },
    "Capture Scale": {
        "5cfdc599-978d-4685-bb0c-dff3ca650873": "1:10000",
        "f02dff97-62a7-419b-b607-a96b3952f381": "1:1056",
        "9c4c235b-ae05-49d9-bd17-05d5059435a6": "1:10560",
        "14597fae-831f-494d-aff1-be96461f7eba": "1:1250",
        "6e34e30e-9ef8-48fa-b986-4ee0c8fe5395": "1:2500",
        "a62df9fb-1919-4d01-90f5-5f57f520d27f": "1:25000",
        "9046bd8e-1c6e-467f-acd3-ee2db707e900": "1:2501",
        "5132cab3-09a3-4975-82a6-2d789a158035": "1:2640",
        "0aeee697-3d33-4c94-834a-52bd84dc8807": "1:500",
        "74c7e4d7-0c9d-4edc-8e64-81d6fc2bda9d": "1:528",
        "303fa636-9126-469f-b56c-c382a746dc95": "1:5280",
        "57d020d3-ff05-4c33-bab1-a7915d72b070": "Unknown"
    },
    "Coordinate System": {
        "ab82dabb-a966-406b-990e-db257a4aba01": "100 KM",
        "5cea99e4-8835-4721-a2b8-7bba45f55889": "ABSOLUTE",
        "ce402d37-c171-478e-aa2a-b38882b3231c": "LAT/LONG",
        "c93164a8-f2d7-437e-87cb-b28066506f70": "NGR",
        "02097a67-f5f2-46a5-9338-5cdfb1ed1f83": "OSGB36",
        "e2cbf75d-8d60-4467-b389-36e3c0bae3e4": "WGS84"
    },
    "Shape Qualifier": {
        "8ddfb12e-6198-49be-a980-ea20b57e38e5": "Approx",
        "adaae672-2477-4c78-b344-d0f4428213c1": "Archaeological Event",
        "f9405ebb-547a-4a92-9d71-be53db537f60": "Area",
        "4089734f-39b5-4808-87fd-88790579b431": "Dispersed Event",
        "592c1d57-172b-446c-8552-d620d058960d": "Linear",
        "90970f42-1850-47a9-ad32-e97fda301c04": "Locality",
        "2c25ab89-f1f2-4e8e-ae03-fb2ce1e99e0e": "Named Loc",
        "a69227e9-15fc-4336-a0bb-fe85302708fd": "Point",
        "58475cb6-53fd-4151-8b88-b26c1df25e3d": "Unknown"
    },
    "Reference Number Type": {
        "8143c8e3-dc87-46fa-b672-d9a4a9b6303d": "Archive Object Reference",
        "a297378a-41af-48c5-9e75-2aac61b96677": "External reference",
        "59b0e616-3c31-424c-8c32-2bf82e49b086": "Planning reference",
        "1992741b-cc36-4613-b04e-943fa8c9d6fa": "System Reference Number"
    },
    "Languages": {
        "27643bdf-984f-42ea-bae8-b9e315d96a31": "Chinese",
        "b5f1ff2d-d667-4c4e-86a1-c17fa4b9447b": "English",
        "1eaca20a-0277-4118-974e-82f9136411dc": "French",
        "a10578b8-ab21-41cc-835e-3d41c1216d1c": "German",
        "04c7ae17-824c-4eb9-b73d-bbc31d1c3ea1": "Greek",
        "2521065c-8d4b-4e97-bc86-f263e62ffb7c": "Latin",
        "35e8413d-d6c1-4f5a-a99e-8aa830100df8": "Middle English",
        "22f7263c-7432-4b65-8c36-ea588876c860": "Modern English",
        "890d6f40-d240-4da1-afc5-1e85772438d7": "Old English",
        "afa1f475-3273-4110-88ef-fb6e77cdee80": "Old Norse",
        "c208a3d2-df1d-4514-a188-a7cba1239e9a": "Portuguese"
    },
    "Description Type": {
        "a3918aa3-5c82-486b-9480-3dd092fa87fa": "Abstract",
        "f5bbf49b-eb8b-40df-8031-8e3788cb7c7d": "Caption",
        "39a21ebf-7dd6-4a7f-a211-9453202f60aa": "Full",
        "daa4cddc-8636-4842-b836-eb2e10aabe18": "Notes",
        "b29ec4bd-8cbf-4a00-9762-4f51ba013469": "Reference",
        "9b404dbe-ad61-44d1-b276-cbbd6ccd91d1": "Statutory",
        "35508b82-062a-469f-830a-6040c5e5eb8c": "Summary"
    },
    "Historic Period Type": {
        "4c919405-6258-46f8-a6b8-43e3b47f9330": "Artistic Period",
        "dbfe2553-8157-4926-bf52-c7cd50707937": "Century",
        "11c4dce2-04c6-4ba3-b0d3-60d15498bc19": "Cultural Period",
        "a55a6b8b-29d6-49e7-8547-ed85ed56cbe1": "Decade",
        "9bc06912-4d72-4c72-aecb-9a6ab5130133": "Geological Period",
        "e2deb8ea-ef5c-4f70-b06a-a5acd31c9932": "Historic Period",
        "a3ea7c6a-6d3a-4f76-9961-d61dda01cbd4": "Millenium",
        "b3ef595c-bddb-46df-9e58-6b739b22e0d7": "Political Period",
        "ef079170-7bbd-445d-a499-3d3319f2fa5e": "Religious Period",
        "a6fa2041-ccbd-4aa8-ad3e-6ba139f471ff": "Technological Period"
    },
    "Resource Model Types": {
        "308e984e-5c8d-474c-826a-c20f81070743": "Activity",
        "d2b4b5fe-75b4-4f14-9912-20ff2e47b2de": "Application Area",
        "1e3ce70c-d4a2-416f-83f3-4b2368b3974f": "Archive Source",
        "e1845e42-238d-4d78-a729-637a0c59cc4d": "Artefact",
        "cddc150c-6dd5-47d0-b663-a8cdbc6efc36": "Bibliographic Source",
        "be46eab1-2c04-4582-b26e-3436bcf66be0": "Consultation",
        "de1e268c-2051-4af4-8b12-8793526408be": "Digital Object",
        "a1136034-32f9-4668-b93f-ab8d63b9343e": "Heritage Area",
        "f1f134ab-f05a-4861-af29-858d71cb02ab": "Heritage Asset",
        "74e4d520-94fb-4189-83c5-7fc41c81224b": "Heritage Story",
        "1800d6af-43f9-4986-a456-dfddd6275590": "Historic Aircraft",
        "81492c82-8a7e-4537-8912-1f96728d1cea": "Historic Landscape Characterization",
        "6492f888-d891-4afc-b4d0-d254681ece49": "Maritime Craft",
        "cba95052-f37c-428d-8d36-898baf3655b3": "Organization",
        "6526f7ec-e6f2-41a8-b143-c93ba1cf6b3b": "Period",
        "43a9df96-0233-4fb3-b3af-c904f20dec6d": "Person"
    },
    "Spatial Accuracy Qualifiers": {
        "b2e36702-c16c-4c6e-b495-a98b76c55d09": "0",
        "ed219b43-9a0c-443d-a930-83b367660398": "0.1",
        "72541290-1c0b-45ec-ad21-ede36fdb17b7": "1",
        "92a5b665-33b1-4073-8db6-cc49e2afa88e": "10",
        "36247dfc-4eeb-4bc5-af38-3f7e79c1e0cc": "100",
        "29f59418-8a51-4014-b83b-1622e7b0d616": "1000",
        "368022b4-1051-4bd2-9ff5-450018efda37": "10000",
        "78c1773c-cda2-4a98-acab-f4720aa22065": "Within 1 metre",
        "3417feb4-2348-46aa-804d-8dc86a9c06cf": "Within 10 metres",
        "fb1dc34a-ba26-4d48-9e14-e426b4ef1c53": "Within 100 metres",
        "90c9117f-2951-4196-99de-c77b4b8b06a8": "Within 1000 metres"
    },
    "Record Action Type": {
        "ecf19964-58a0-49a1-a31a-76262d807130": "Creation",
        "819f37ba-70b4-45a1-8281-be9d0f1e6c74": "Deletion",
        "dc33ee6d-e7e4-4095-a31f-05e381195aee": "Update"
    },
    "Resource to Resource Relationship Types": {
        "ac41d9be-79db-4256-b368-2f4559cfbe55": "is related to"
    }
}