<?xml version="1.0" encoding="UTF-8"?>
<!--
CIDOC CRM v6.2 (draft) encoded in RDFS

ADDITIONS TO THE CIDOC CRM v6.2 SPEC FOR ARCHES:
Added E59, E60, E61, E62, and E94 classes for primitives.
Add E94_Space class.
Add BM.PX_is_related_to property.
Added missing P168i_defines_place property

-->

<rdf:RDF xml:lang="en" xmlns:rdf="http://www.w3.org/1999/02/22-rdf-syntax-ns#" xmlns:rdfs="http://www.w3.org/2000/01/rdf-schema#" xml:base="http://www.cidoc-crm.org/cidoc-crm/">

<rdfs:Class rdf:about="E59_Primitive_Value">
    <rdfs:subClassOf rdf:resource="http://www.w3.org/2000/01/rdf-schema#Literal"/>
    <rdfs:label xml:lang="en-US">Primitive Value</rdfs:label>
    <rdfs:comment>This class comprises values of primitive data types of programming languages or database management systems and data types composed of such values used as documentation elements, as well as their mathematical abstractions.</rdfs:comment>
</rdfs:Class>

<rdfs:Class rdf:about="E60_Number">
    <rdfs:label xml:lang="en-US">Number</rdfs:label>
    <rdfs:comment>This class comprises any encoding of computable (algebraic) values such as integers, real numbers, complex numbers, vectors, tensors etc., including intervals of these values to express limited precision</rdfs:comment>
    <rdfs:subClassOf rdf:resource="E59_Primitive_Value"/>
</rdfs:Class>

<rdfs:Class rdf:about="E61_Time_Primitive">
    <rdfs:label xml:lang="en">Time Primitive</rdfs:label>
    <rdfs:comment>This class comprises instances of E59 Primitive Value for time that should be implemented with appropriate validation, precision and interval logic to express date ranges relevant to cultural documentation.</rdfs:comment>
    <rdfs:subClassOf rdf:resource="E59_Primitive_Value"/>
    <rdfs:subClassOf rdf:resource="http://www.w3.org/2001/XMLSchema#dateTime"/>
</rdfs:Class>

<rdfs:Class rdf:about="E62_String">
    <rdfs:label xml:lang="en">String</rdfs:label>
    <rdfs:comment>This class comprises the instances of E59 Primitive Values used for documentation such as free text strings, bitmaps, vector graphics, etc.</rdfs:comment>
    <rdfs:subClassOf rdf:resource="E59_Primitive_Value"/>
</rdfs:Class>

<rdfs:Class rdf:about="E94_Space_Primitive">
    <rdfs:label xml:lang="en">Space</rdfs:label>
    <rdfs:comment>This class comprises instances of E59 Primitive Value for space that should be implemented with appropriate validation, precision and references to spatial coordinate systems to express geometries on or relative to earth, or any other stable constellations of matter, relevant to cultural and scientific documentation.  
An E94 Space Primitive defines an E53 Place in the sense of a declarative place as elaborated in CRMgeo (Doerr and Hiebel 2013), which means that the identity of the place is derived from its geometric definition. This declarative place allows for the application of all place properties to relate phenomenal places to their approximations expressed with geometries.
Instances of E94 Space Primitive provide the ability to link CRM encoded data to the kinds of geometries used in maps or Geoinformation systems. They may be used for visualisation of the instances of E53 Place they define, in their geographic context and for computing topological relations between places based on these geometries.
E94 Space Primitive is not further elaborated upon within this model. Statement of compatibility with OPENGIS</rdfs:comment>
    <rdfs:subClassOf rdf:resource="E59_Primitive_Value"/>
</rdfs:Class>

<!-- <rdfs:Class rdf:about="E94_Space">
    <rdfs:label xml:lang="en">Space</rdfs:label>
    <rdfs:comment>This class comprises instances of E92 Spacetime Volume that result from intersection of instances of E92 Spacetime Volume with an instance of E52 Time-Span. The identity of an instance of this class is determined by the identities of the constituing spacetime volume and the time-span.</rdfs:comment>
    <rdfs:subClassOf rdf:resource="E92_Spacetime_Volume"/>
</rdfs:Class> -->

<rdf:Property rdf:about="BM.PX_is_related_to">
   <rdfs:label xml:lang="en">is related to</rdfs:label>
   <rdfs:comment>Relates E18 to E1</rdfs:comment>
   <rdfs:domain rdf:resource="E18_Physical_Thing"/>
   <rdfs:range rdf:resource="E1_CRM_Entity"/>
</rdf:Property>

<rdf:Property rdf:about="P168i_defines_place">
    <rdfs:label xml:lang="en">defines place</rdfs:label>
    <rdfs:domain rdf:resource="http://www.w3.org/2000/01/rdf-schema#Literal"/>
    <rdfs:range rdf:resource="E53_Place"/>
</rdf:Property>

</rdf:RDF>