<?xml version="1.0" encoding="utf-8"?>
<rdf:RDF
  xmlns:skos="http://www.w3.org/2004/02/skos/core#"
  xmlns:dcterms="http://purl.org/dc/terms/"
  xmlns:rdf="http://www.w3.org/1999/02/22-rdf-syntax-ns#"
  xmlns:arches="http://localhost:8000/"
>
  <skos:Concept rdf:about="http://localhost:8000/64c2ecf2-7d76-4a18-9e77-960cd6128587">
    <skos:inScheme>
      <skos:ConceptScheme rdf:about="http://localhost:8000/c16e76c7-bd4d-472f-b977-f429411d60db">
        <skos:hasTopConcept rdf:resource="http://localhost:8000/1b097069-bf5c-4509-a337-dd909229e634"/>
        <skos:hasTopConcept rdf:resource="http://localhost:8000/64c2ecf2-7d76-4a18-9e77-960cd6128587"/>
        <skos:hasTopConcept rdf:resource="http://localhost:8000/174f2456-1491-44a7-b62c-aa8c5b00dcf6"/>
        <skos:hasTopConcept rdf:resource="http://localhost:8000/20f99cf2-c1c3-4c7c-8d89-f4a5c6c3ca26"/>
        <skos:hasTopConcept rdf:resource="http://localhost:8000/e3ebe935-f011-410a-91c5-e262cf539549"/>
        <skos:hasTopConcept rdf:resource="http://localhost:8000/cd2c7058-7649-431c-a97c-479d54cf7e89"/>
        <dcterms:title xml:lang="en">{"id": "7ef8c79f-e113-4c69-8427-6b177636dd38", "value": "Address Status"}</dcterms:title>
        <dcterms:identifier xml:lang="en">{"id": "14c7a230-88ff-4add-a150-d9a44d035fb3", "value": "http://localhost:8000/c16e76c7-bd4d-472f-b977-f429411d60db"}</dcterms:identifier>
        <skos:hasTopConcept rdf:resource="http://localhost:8000/8344a7fc-3e04-4ba5-8108-de0568e34ce1"/>
      </skos:ConceptScheme>
    </skos:inScheme>
    <dcterms:identifier xml:lang="en">{"id": "748c9bbe-d9f6-4c94-ac4f-9cd1434203ba", "value": "http://localhost:8000/64c2ecf2-7d76-4a18-9e77-960cd6128587"}</dcterms:identifier>
    <arches:sortorder xml:lang="en-us">{"id": "c6a739ac-72f4-45c3-b2c9-19b8e3bf3204", "value": "1"}</arches:sortorder>
    <skos:scopeNote xml:lang="en">{"id": "cf411a2d-0ad6-4a5d-9bae-ff987fcf769d", "value": "The main current address for the building or monument."}</skos:scopeNote>
    <skos:prefLabel xml:lang="en">{"id": "dc17abb2-6af4-4b7c-a849-ee52e089a41b", "value": "Primary"}</skos:prefLabel>
  </skos:Concept>
  <skos:Concept rdf:about="http://localhost:8000/174f2456-1491-44a7-b62c-aa8c5b00dcf6">
    <skos:prefLabel xml:lang="en">{"id": "6c05f914-0df8-4c6c-9a64-c3e70b7704dc", "value": "Statutory"}</skos:prefLabel>
    <dcterms:identifier xml:lang="en">{"id": "aec267bb-6221-46fb-acd9-c7cfe808fbbd", "value": "http://localhost:8000/174f2456-1491-44a7-b62c-aa8c5b00dcf6"}</dcterms:identifier>
    <skos:inScheme rdf:resource="http://localhost:8000/c16e76c7-bd4d-472f-b977-f429411d60db"/>
    <skos:scopeNote xml:lang="en">{"id": "262bdc94-b712-4dab-967d-6af8d10bc21c", "value": "The address as identified in a statutory document. This may be the same as or different to the Primary address"}</skos:scopeNote>
  </skos:Concept>
  <skos:Concept rdf:about="http://localhost:8000/8344a7fc-3e04-4ba5-8108-de0568e34ce1">
    <skos:prefLabel xml:lang="en">{"id": "11f5e4bc-4f4d-4527-8b35-3c4652ade77f", "value": "Former"}</skos:prefLabel>
    <skos:scopeNote xml:lang="en">{"id": "2f288931-1cab-480f-bc82-795f39e246a7", "value": "No longer in current use."}</skos:scopeNote>
    <dcterms:identifier xml:lang="en">{"id": "8b2eea27-f42e-440f-8106-9c1ce5e7b9a5", "value": "http://localhost:8000/8344a7fc-3e04-4ba5-8108-de0568e34ce1"}</dcterms:identifier>
    <skos:inScheme rdf:resource="http://localhost:8000/c16e76c7-bd4d-472f-b977-f429411d60db"/>
  </skos:Concept>
  <skos:Concept rdf:about="http://localhost:8000/cd2c7058-7649-431c-a97c-479d54cf7e89">
    <skos:prefLabel xml:lang="en">{"id": "bced0a34-a8d6-43e6-88c2-f38c6af617c5", "value": "Subsequent"}</skos:prefLabel>
    <dcterms:identifier xml:lang="en">{"id": "00dba975-d669-42b2-b21a-fe54a453d2fe", "value": "http://localhost:8000/cd2c7058-7649-431c-a97c-479d54cf7e89"}</dcterms:identifier>
    <skos:inScheme rdf:resource="http://localhost:8000/c16e76c7-bd4d-472f-b977-f429411d60db"/>
  </skos:Concept>
  <skos:Concept rdf:about="http://localhost:8000/1b097069-bf5c-4509-a337-dd909229e634">
    <skos:prefLabel xml:lang="en">{"id": "6736ec15-b92d-4918-b96f-cf92b42db3bd", "value": "Contemporary"}</skos:prefLabel>
    <dcterms:identifier xml:lang="en">{"id": "1e051e77-b8d8-4b7f-b1d1-afae27c11a7b", "value": "http://localhost:8000/1b097069-bf5c-4509-a337-dd909229e634"}</dcterms:identifier>
    <skos:inScheme rdf:resource="http://localhost:8000/c16e76c7-bd4d-472f-b977-f429411d60db"/>
  </skos:Concept>
  <skos:Concept rdf:about="http://localhost:8000/e3ebe935-f011-410a-91c5-e262cf539549">
    <skos:scopeNote xml:lang="en">{"id": "615d4150-6282-4458-90d7-1247d613389b", "value": "A current valid alternative address. For example may be used to record a second address for a site or building which fronts on to 2 streets."}</skos:scopeNote>
    <skos:altLabel xml:lang="en">{"id": "d4397bcc-a276-4bb7-a639-1491fcb639a5", "value": "Alternative"}</skos:altLabel>
    <dcterms:identifier xml:lang="en">{"id": "231a617e-aedf-4b6d-9321-bc4c5f33e109", "value": "http://localhost:8000/e3ebe935-f011-410a-91c5-e262cf539549"}</dcterms:identifier>
    <skos:inScheme rdf:resource="http://localhost:8000/c16e76c7-bd4d-472f-b977-f429411d60db"/>
    <skos:prefLabel xml:lang="en">{"id": "13e89271-23c4-4eb6-bd33-372f42b5086e", "value": "Alternate"}</skos:prefLabel>
  </skos:Concept>
  <skos:Concept rdf:about="http://localhost:8000/20f99cf2-c1c3-4c7c-8d89-f4a5c6c3ca26">
    <skos:prefLabel xml:lang="en">{"id": "a3fb36fd-4cb6-4380-91e2-3589e2bd2daf", "value": "Latest"}</skos:prefLabel>
    <dcterms:identifier xml:lang="en">{"id": "2cb65ff2-5357-4321-922a-a2107ff80ca7", "value": "http://localhost:8000/20f99cf2-c1c3-4c7c-8d89-f4a5c6c3ca26"}</dcterms:identifier>
    <skos:scopeNote xml:lang="en">{"id": "c42730eb-d018-40c1-81c3-c1f8a1b561fe", "value": "The most recently known address"}</skos:scopeNote>
    <skos:inScheme rdf:resource="http://localhost:8000/c16e76c7-bd4d-472f-b977-f429411d60db"/>
  </skos:Concept>
</rdf:RDF>
