<?xml version="1.0" encoding="utf-8"?>
<rdf:RDF
  xmlns:skos="http://www.w3.org/2004/02/skos/core#"
  xmlns:dcterms="http://purl.org/dc/terms/"
  xmlns:rdf="http://www.w3.org/1999/02/22-rdf-syntax-ns#"
>
  <skos:ConceptScheme rdf:about="http://localhost:8000/4b8d179f-796b-453d-a7dd-14f3bf50677e">
    <skos:hasTopConcept>
      <skos:Concept rdf:about="http://localhost:8000/2fdafadb-b441-4e8b-8de8-0f0668e779e2">
        <dcterms:identifier xml:lang="en">{"id": "2109ad72-2a74-458e-8ef8-aeb4ab93c025", "value": "http://localhost:8000/2fdafadb-b441-4e8b-8de8-0f0668e779e2"}</dcterms:identifier>
        <skos:inScheme rdf:resource="http://localhost:8000/4b8d179f-796b-453d-a7dd-14f3bf50677e"/>
        <skos:prefLabel xml:lang="en">{"id": "78b7f967-9831-42ea-b744-1737c5cb2ebc", "value": "Sub-Street Name"}</skos:prefLabel>
      </skos:Concept>
    </skos:hasTopConcept>
    <skos:hasTopConcept>
      <skos:Concept rdf:about="http://localhost:8000/991fc425-e09d-4fe2-84d7-1056cd7e0196">
        <skos:inScheme rdf:resource="http://localhost:8000/4b8d179f-796b-453d-a7dd-14f3bf50677e"/>
        <skos:prefLabel xml:lang="en">{"id": "6b77c7ee-1b64-4a0d-a870-e554e59f2eb6", "value": "Building Name"}</skos:prefLabel>
        <dcterms:identifier xml:lang="en">{"id": "f9c854de-133b-4bdf-bd03-db8fa3bc9726", "value": "http://localhost:8000/991fc425-e09d-4fe2-84d7-1056cd7e0196"}</dcterms:identifier>
      </skos:Concept>
    </skos:hasTopConcept>
    <skos:hasTopConcept>
      <skos:Concept rdf:about="http://localhost:8000/16bbec7d-9e6e-45d8-a1a3-7b440faea18d">
        <skos:inScheme rdf:resource="http://localhost:8000/4b8d179f-796b-453d-a7dd-14f3bf50677e"/>
        <skos:prefLabel xml:lang="en">{"id": "98355a3e-6f84-45ae-9281-8aa7e20d47f5", "value": "County Name"}</skos:prefLabel>
        <dcterms:identifier xml:lang="en">{"id": "3cdb7deb-ba42-4c47-b7e1-c75a42e8ad98", "value": "http://localhost:8000/16bbec7d-9e6e-45d8-a1a3-7b440faea18d"}</dcterms:identifier>
      </skos:Concept>
    </skos:hasTopConcept>
    <skos:hasTopConcept>
      <skos:Concept rdf:about="http://localhost:8000/a9a69d32-583b-45d4-b793-68acfaabcb4a">
        <skos:prefLabel xml:lang="en">{"id": "f27c88b2-d8e3-46f7-b730-ceae86161447", "value": "Building Number"}</skos:prefLabel>
        <dcterms:identifier xml:lang="en">{"id": "6dfafd90-e404-4ebe-b427-99e6efb0c72f", "value": "http://localhost:8000/a9a69d32-583b-45d4-b793-68acfaabcb4a"}</dcterms:identifier>
        <skos:inScheme rdf:resource="http://localhost:8000/4b8d179f-796b-453d-a7dd-14f3bf50677e"/>
      </skos:Concept>
    </skos:hasTopConcept>
    <skos:hasTopConcept>
      <skos:Concept rdf:about="http://localhost:8000/4b02020e-047f-4410-94bb-b31de0c48e48">
        <skos:inScheme rdf:resource="http://localhost:8000/4b8d179f-796b-453d-a7dd-14f3bf50677e"/>
        <dcterms:identifier xml:lang="en">{"id": "0d0eb6ae-553f-4751-9873-c786b19987e3", "value": "http://localhost:8000/4b02020e-047f-4410-94bb-b31de0c48e48"}</dcterms:identifier>
        <skos:prefLabel xml:lang="en">{"id": "2103d23d-2b68-4bfb-ad23-2689f060e357", "value": "Street Name"}</skos:prefLabel>
      </skos:Concept>
    </skos:hasTopConcept>
    <skos:hasTopConcept>
      <skos:Concept rdf:about="http://localhost:8000/31b5ce40-c4cb-444c-958e-ef7ac9f2aab5">
        <dcterms:identifier xml:lang="en">{"id": "216031ee-20fe-4b42-a1af-4951944cb60b", "value": "http://localhost:8000/31b5ce40-c4cb-444c-958e-ef7ac9f2aab5"}</dcterms:identifier>
        <skos:prefLabel xml:lang="en">{"id": "2d5e7f32-ee8d-4ae5-b660-3b7eeb9604eb", "value": "Building Number Sub-Street"}</skos:prefLabel>
        <skos:inScheme rdf:resource="http://localhost:8000/4b8d179f-796b-453d-a7dd-14f3bf50677e"/>
      </skos:Concept>
    </skos:hasTopConcept>
    <dcterms:title xml:lang="en">{"id": "ae44b300-997e-4add-8547-bc1d84c23544", "value": "Address Part Type"}</dcterms:title>
    <skos:hasTopConcept>
      <skos:Concept rdf:about="http://localhost:8000/ea3e2a1d-ad5b-411b-9c3d-3aaf5ee1a388">
        <skos:prefLabel xml:lang="en">{"id": "34260e17-20ef-4cc4-b512-1ebcc6a55f1e", "value": "Postcode"}</skos:prefLabel>
        <dcterms:identifier xml:lang="en">{"id": "855ee8e6-0c3a-44ba-a493-6c1b861246f3", "value": "http://localhost:8000/ea3e2a1d-ad5b-411b-9c3d-3aaf5ee1a388"}</dcterms:identifier>
        <skos:inScheme rdf:resource="http://localhost:8000/4b8d179f-796b-453d-a7dd-14f3bf50677e"/>
      </skos:Concept>
    </skos:hasTopConcept>
    <skos:hasTopConcept>
      <skos:Concept rdf:about="http://localhost:8000/569920fe-8475-437d-9ee9-8c59f8224475">
        <dcterms:identifier xml:lang="en">{"id": "823957c4-466e-431d-9479-e2cd1521ef6d", "value": "http://localhost:8000/569920fe-8475-437d-9ee9-8c59f8224475"}</dcterms:identifier>
        <skos:inScheme rdf:resource="http://localhost:8000/4b8d179f-796b-453d-a7dd-14f3bf50677e"/>
        <skos:prefLabel xml:lang="en">{"id": "3ccd7de2-49c9-44d1-99cd-47cc83fa583e", "value": "Full Address Name"}</skos:prefLabel>
      </skos:Concept>
    </skos:hasTopConcept>
    <skos:hasTopConcept>
      <skos:Concept rdf:about="http://localhost:8000/73994396-01d9-404f-ab65-522a3479e1ac">
        <dcterms:identifier xml:lang="en">{"id": "45b8f188-6ebe-4f86-b87a-e803c0443254", "value": "http://localhost:8000/73994396-01d9-404f-ab65-522a3479e1ac"}</dcterms:identifier>
        <skos:inScheme rdf:resource="http://localhost:8000/4b8d179f-796b-453d-a7dd-14f3bf50677e"/>
        <skos:prefLabel xml:lang="en">{"id": "8a37a140-0be2-44bc-aa64-74c1f3f3b372", "value": "Locality"}</skos:prefLabel>
      </skos:Concept>
    </skos:hasTopConcept>
    <dcterms:identifier xml:lang="en">{"id": "008c2d0e-6522-436f-ac66-79569c88c8d8", "value": "http://localhost:8000/4b8d179f-796b-453d-a7dd-14f3bf50677e"}</dcterms:identifier>
    <skos:hasTopConcept>
      <skos:Concept rdf:about="http://localhost:8000/c8572668-bf52-47d1-b79a-ecfb454cb7e5">
        <dcterms:identifier xml:lang="en">{"id": "776a2706-fb82-456a-979a-ee0a3d3d5e31", "value": "http://localhost:8000/c8572668-bf52-47d1-b79a-ecfb454cb7e5"}</dcterms:identifier>
        <skos:inScheme rdf:resource="http://localhost:8000/4b8d179f-796b-453d-a7dd-14f3bf50677e"/>
        <skos:prefLabel xml:lang="en">{"id": "326b5f21-b744-41a1-a009-e60adb9de95c", "value": "Town or City Name"}</skos:prefLabel>
      </skos:Concept>
    </skos:hasTopConcept>
    <dcterms:description xml:lang="en">{"id": "fc5e956c-d7d3-4dd2-9dd6-badce0b8d862", "value": "Used to record the parts of  addresses for the purposes of interoperability."}</dcterms:description>
  </skos:ConceptScheme>
</rdf:RDF>
