<?xml version="1.0" encoding="utf-8"?>
<rdf:RDF
  xmlns:skos="http://www.w3.org/2004/02/skos/core#"
  xmlns:dcterms="http://purl.org/dc/terms/"
  xmlns:rdf="http://www.w3.org/1999/02/22-rdf-syntax-ns#"
>
  <skos:Concept rdf:about="http://localhost:8000/efaf6911-f907-434e-8964-be372953e32d">
    <dcterms:identifier xml:lang="en">{"id": "4c2204f3-2a02-4731-acaf-2310b300f74c", "value": "http://www.archesproject.org/efaf6911-f907-434e-8964-be372953e32d"}</dcterms:identifier>
    <skos:prefLabel xml:lang="en">{"id": "bda38bb6-300c-4652-8208-8f5ff7818490", "value": "Ecclesiastical"}</skos:prefLabel>
    <skos:inScheme>
      <skos:ConceptScheme rdf:about="http://localhost:8000/23715301-6fdb-43b1-9be2-e781904e8914">
        <dcterms:identifier xml:lang="en">{"id": "f4ad8e89-1fe7-43d8-9676-8ad41e860ee1", "value": "http://www.archesproject.org/23715301-6fdb-43b1-9be2-e781904e8914"}</dcterms:identifier>
        <skos:hasTopConcept rdf:resource="http://localhost:8000/cbf31401-691b-4267-a380-d7de452f8b0b"/>
        <skos:hasTopConcept rdf:resource="http://localhost:8000/134002f4-c7ef-4d87-a251-2db395f91159"/>
        <skos:hasTopConcept rdf:resource="http://localhost:8000/ff2aaa01-13c6-4a85-9f4f-b0e2aec6f64c"/>
        <skos:hasTopConcept rdf:resource="http://localhost:8000/464227e0-d31d-4f65-a997-d1d25f937690"/>
        <skos:hasTopConcept rdf:resource="http://localhost:8000/7adf9ae8-e391-411a-9438-3c1f18b7fb92"/>
        <skos:hasTopConcept rdf:resource="http://localhost:8000/44a30cb3-e168-46f4-8398-331344daff2b"/>
        <skos:hasTopConcept rdf:resource="http://localhost:8000/1969f734-fb54-41a1-a21d-1064d6510b6b"/>
        <skos:hasTopConcept rdf:resource="http://localhost:8000/efaf6911-f907-434e-8964-be372953e32d"/>
        <dcterms:title xml:lang="en">{"id": "a09c2816-6855-4c12-9b24-3452c50ce551", "value": "Administrative Area Type"}</dcterms:title>
        <skos:hasTopConcept rdf:resource="http://localhost:8000/f481d1b8-f079-4336-bd1a-b8ab597829c0"/>
      </skos:ConceptScheme>
    </skos:inScheme>
  </skos:Concept>
  <skos:Concept rdf:about="http://localhost:8000/ff2aaa01-13c6-4a85-9f4f-b0e2aec6f64c">
    <dcterms:identifier xml:lang="en">{"id": "09add42f-b5ab-4bf8-9490-18028de2580e", "value": "http://www.archesproject.org/ff2aaa01-13c6-4a85-9f4f-b0e2aec6f64c"}</dcterms:identifier>
    <skos:prefLabel xml:lang="en">{"id": "df49bd28-e0e3-4a6f-b081-1d4a78b5aa17", "value": "Unitary Authority"}</skos:prefLabel>
    <skos:inScheme rdf:resource="http://localhost:8000/23715301-6fdb-43b1-9be2-e781904e8914"/>
  </skos:Concept>
  <skos:Concept rdf:about="http://localhost:8000/7adf9ae8-e391-411a-9438-3c1f18b7fb92">
    <skos:inScheme rdf:resource="http://localhost:8000/23715301-6fdb-43b1-9be2-e781904e8914"/>
    <skos:prefLabel xml:lang="en">{"id": "debea501-e060-4d1d-bdec-a25404bfba9d", "value": "Borough"}</skos:prefLabel>
    <dcterms:identifier xml:lang="en">{"id": "f462f33d-4931-41cf-b9aa-df6e4c574306", "value": "http://www.archesproject.org/7adf9ae8-e391-411a-9438-3c1f18b7fb92"}</dcterms:identifier>
  </skos:Concept>
  <skos:Concept rdf:about="http://localhost:8000/464227e0-d31d-4f65-a997-d1d25f937690">
    <dcterms:identifier xml:lang="en">{"id": "a34ea9cd-c431-4706-8eb8-1c1c0482b2d4", "value": "http://localhost:8000/464227e0-d31d-4f65-a997-d1d25f937690"}</dcterms:identifier>
    <skos:inScheme rdf:resource="http://localhost:8000/23715301-6fdb-43b1-9be2-e781904e8914"/>
    <skos:prefLabel xml:lang="en">{"id": "b34f6d46-1f87-42cd-8c51-3d01f904ee05", "value": "London Square"}</skos:prefLabel>
  </skos:Concept>
  <skos:Concept rdf:about="http://localhost:8000/1969f734-fb54-41a1-a21d-1064d6510b6b">
    <dcterms:identifier xml:lang="en">{"id": "f05f9ce2-6995-4ebe-ba26-a713c50fd4c2", "value": "http://www.archesproject.org/1969f734-fb54-41a1-a21d-1064d6510b6b"}</dcterms:identifier>
    <skos:inScheme rdf:resource="http://localhost:8000/23715301-6fdb-43b1-9be2-e781904e8914"/>
    <skos:prefLabel xml:lang="en">{"id": "c6844e5b-2f3a-455f-9dda-e6344eff2cd1", "value": "Parish"}</skos:prefLabel>
  </skos:Concept>
  <skos:Concept rdf:about="http://localhost:8000/cbf31401-691b-4267-a380-d7de452f8b0b">
    <dcterms:identifier xml:lang="en">{"id": "bfb3f37a-cab6-4e7d-a8ba-49b9e91ccda1", "value": "http://www.archesproject.org/cbf31401-691b-4267-a380-d7de452f8b0b"}</dcterms:identifier>
    <skos:prefLabel xml:lang="en">{"id": "b66856da-9c70-4a88-ad56-00e68dab16a4", "value": "District"}</skos:prefLabel>
    <skos:inScheme rdf:resource="http://localhost:8000/23715301-6fdb-43b1-9be2-e781904e8914"/>
  </skos:Concept>
  <skos:Concept rdf:about="http://localhost:8000/134002f4-c7ef-4d87-a251-2db395f91159">
    <skos:prefLabel xml:lang="en">{"id": "ac7a9242-49cf-4152-aebf-ead489534502", "value": "Non Parish Area"}</skos:prefLabel>
    <dcterms:identifier xml:lang="en">{"id": "488126b9-1a25-4476-bc90-f38e983facc8", "value": "http://www.archesproject.org/134002f4-c7ef-4d87-a251-2db395f91159"}</dcterms:identifier>
    <skos:inScheme rdf:resource="http://localhost:8000/23715301-6fdb-43b1-9be2-e781904e8914"/>
  </skos:Concept>
  <skos:Concept rdf:about="http://localhost:8000/44a30cb3-e168-46f4-8398-331344daff2b">
    <skos:prefLabel xml:lang="en">{"id": "fa50e8f4-a023-4c04-afe5-fe4e8e9633ee", "value": "Locality"}</skos:prefLabel>
    <skos:inScheme rdf:resource="http://localhost:8000/23715301-6fdb-43b1-9be2-e781904e8914"/>
    <dcterms:identifier xml:lang="en">{"id": "9bd3a07f-f2c9-49d2-be1e-559afbea7127", "value": "http://www.archesproject.org/44a30cb3-e168-46f4-8398-331344daff2b"}</dcterms:identifier>
  </skos:Concept>
  <skos:Concept rdf:about="http://localhost:8000/f481d1b8-f079-4336-bd1a-b8ab597829c0">
    <dcterms:identifier xml:lang="en">{"id": "3836c5f8-1796-4e78-b282-4506baebbd71", "value": "http://www.archesproject.org/f481d1b8-f079-4336-bd1a-b8ab597829c0"}</dcterms:identifier>
    <skos:inScheme rdf:resource="http://localhost:8000/23715301-6fdb-43b1-9be2-e781904e8914"/>
    <skos:prefLabel xml:lang="en">{"id": "ce7e79af-4d3f-4fb7-bbb2-caaee0f98261", "value": "County"}</skos:prefLabel>
  </skos:Concept>
</rdf:RDF>
