<?xml version="1.0" encoding="utf-8"?>
<rdf:RDF
  xmlns:skos="http://www.w3.org/2004/02/skos/core#"
  xmlns:rdf="http://www.w3.org/1999/02/22-rdf-syntax-ns#"
  xmlns:dcterms="http://purl.org/dc/terms/"
>
  <skos:Concept rdf:about="http://localhost:8000/f917eb4a-4c25-402e-a28c-4df30569c666">
    <skos:narrower>
      <skos:Concept rdf:about="http://localhost:8000/013faeb6-d829-4742-b10c-061a81ef4e66">
        <skos:prefLabel xml:lang="en">{"id": "36de100f-07c1-4679-8e37-6c15fa8f4b2e", "value": "Hackney"}</skos:prefLabel>
        <dcterms:identifier xml:lang="en">{"id": "1e508eec-4fc3-43da-9177-ecc3e5709266", "value": "http://www.archesproject.org/013faeb6-d829-4742-b10c-061a81ef4e66"}</dcterms:identifier>
        <skos:inScheme rdf:resource="http://localhost:8000/48457f95-2b62-410e-9022-38a14db8b9f1"/>
      </skos:Concept>
    </skos:narrower>
    <skos:narrower>
      <skos:Concept rdf:about="http://localhost:8000/4c494161-d939-4a9a-8ab6-b8e63c5b3945">
        <skos:inScheme rdf:resource="http://localhost:8000/48457f95-2b62-410e-9022-38a14db8b9f1"/>
        <skos:prefLabel xml:lang="en">{"id": "dbd4d13a-b4ef-4a4e-88c9-2fefd331ee1e", "value": "Kensington and Chelsea"}</skos:prefLabel>
        <dcterms:identifier xml:lang="en">{"id": "2ceb05bc-5843-4f6a-8cc2-a52f8f376561", "value": "http://www.archesproject.org/4c494161-d939-4a9a-8ab6-b8e63c5b3945"}</dcterms:identifier>
      </skos:Concept>
    </skos:narrower>
    <skos:narrower>
      <skos:Concept rdf:about="http://localhost:8000/e3395f77-0ff5-4f62-99f5-40cdadbabb30">
        <skos:prefLabel xml:lang="en">{"id": "4e538d8e-d354-4c15-bc09-0dbfc06f0879", "value": "Barnet"}</skos:prefLabel>
        <skos:inScheme rdf:resource="http://localhost:8000/48457f95-2b62-410e-9022-38a14db8b9f1"/>
        <dcterms:identifier xml:lang="en">{"id": "3556f2f4-1cd7-47b3-8436-9c19283c7ad1", "value": "http://www.archesproject.org/e3395f77-0ff5-4f62-99f5-40cdadbabb30"}</dcterms:identifier>
      </skos:Concept>
    </skos:narrower>
    <skos:narrower>
      <skos:Concept rdf:about="http://localhost:8000/a945afdd-3299-4ed2-814c-4a0e9613e9f5">
        <skos:prefLabel xml:lang="en">{"id": "88361184-1e81-4688-abbb-70a829d4df33", "value": "Sutton"}</skos:prefLabel>
        <skos:inScheme rdf:resource="http://localhost:8000/48457f95-2b62-410e-9022-38a14db8b9f1"/>
        <dcterms:identifier xml:lang="en">{"id": "922ec96b-f848-4e23-a31f-4975271d3ae8", "value": "http://www.archesproject.org/a945afdd-3299-4ed2-814c-4a0e9613e9f5"}</dcterms:identifier>
      </skos:Concept>
    </skos:narrower>
    <skos:narrower>
      <skos:Concept rdf:about="http://localhost:8000/9129cecc-064e-4a41-a0a2-5f7d37dac4ea">
        <skos:inScheme rdf:resource="http://localhost:8000/48457f95-2b62-410e-9022-38a14db8b9f1"/>
        <dcterms:identifier xml:lang="en">{"id": "44e414c4-a68c-492f-a43f-7988e96153df", "value": "http://www.archesproject.org/9129cecc-064e-4a41-a0a2-5f7d37dac4ea"}</dcterms:identifier>
        <skos:prefLabel xml:lang="en">{"id": "54eeda40-6310-430d-b293-84b7792048ff", "value": "Croydon"}</skos:prefLabel>
      </skos:Concept>
    </skos:narrower>
    <skos:narrower>
      <skos:Concept rdf:about="http://localhost:8000/8ff9ebdd-bab3-4463-970d-5621f97de495">
        <skos:inScheme rdf:resource="http://localhost:8000/48457f95-2b62-410e-9022-38a14db8b9f1"/>
        <dcterms:identifier xml:lang="en">{"id": "d91d4133-c27d-42ad-a21e-217a4ab0b42b", "value": "http://www.archesproject.org/8ff9ebdd-bab3-4463-970d-5621f97de495"}</dcterms:identifier>
        <skos:prefLabel xml:lang="en">{"id": "241170b1-bf9e-40d6-8774-b30d5dd24e7f", "value": "Hounslow"}</skos:prefLabel>
      </skos:Concept>
    </skos:narrower>
    <skos:narrower>
      <skos:Concept rdf:about="http://localhost:8000/5055bd23-452d-40b0-8707-b168af363703">
        <skos:inScheme rdf:resource="http://localhost:8000/48457f95-2b62-410e-9022-38a14db8b9f1"/>
        <skos:prefLabel xml:lang="en">{"id": "6b13c9de-0d3e-4184-822d-0ffa6e0462ee", "value": "Wandsworth"}</skos:prefLabel>
        <dcterms:identifier xml:lang="en">{"id": "337fc6b9-d7bb-408f-ab21-b2236ca42d3b", "value": "http://www.archesproject.org/5055bd23-452d-40b0-8707-b168af363703"}</dcterms:identifier>
      </skos:Concept>
    </skos:narrower>
    <skos:narrower>
      <skos:Concept rdf:about="http://localhost:8000/ac8a2420-5eef-4a5d-9eb1-48278fbd3fb1">
        <skos:prefLabel xml:lang="en">{"id": "40ed40dd-c71a-4f0c-bead-a6f8470ec41c", "value": "Southwark"}</skos:prefLabel>
        <skos:inScheme rdf:resource="http://localhost:8000/48457f95-2b62-410e-9022-38a14db8b9f1"/>
        <dcterms:identifier xml:lang="en">{"id": "a29d354d-71f4-487b-8676-5551be676bac", "value": "http://www.archesproject.org/ac8a2420-5eef-4a5d-9eb1-48278fbd3fb1"}</dcterms:identifier>
      </skos:Concept>
    </skos:narrower>
    <skos:narrower>
      <skos:Concept rdf:about="http://localhost:8000/b23a570b-e1df-45aa-ab2f-2a82c5a9708b">
        <skos:inScheme rdf:resource="http://localhost:8000/48457f95-2b62-410e-9022-38a14db8b9f1"/>
        <dcterms:identifier xml:lang="en">{"id": "ec83b10a-2006-4fe4-98aa-e6105d6853b0", "value": "http://www.archesproject.org/b23a570b-e1df-45aa-ab2f-2a82c5a9708b"}</dcterms:identifier>
        <skos:prefLabel xml:lang="en">{"id": "c9f5b85a-a71f-461c-9345-9fcc6cb2bdbf", "value": "Waltham Forest"}</skos:prefLabel>
      </skos:Concept>
    </skos:narrower>
    <skos:narrower>
      <skos:Concept rdf:about="http://localhost:8000/c773950e-8f8f-4fe4-8588-686d4f4d4dc6">
        <skos:prefLabel xml:lang="en">{"id": "dfba147a-b4f1-4dc8-9ea4-e2e3631125c0", "value": "Greenwich"}</skos:prefLabel>
        <skos:inScheme rdf:resource="http://localhost:8000/48457f95-2b62-410e-9022-38a14db8b9f1"/>
        <dcterms:identifier xml:lang="en">{"id": "b622499b-e18c-45a7-bcd8-232ed352f161", "value": "http://www.archesproject.org/c773950e-8f8f-4fe4-8588-686d4f4d4dc6"}</dcterms:identifier>
      </skos:Concept>
    </skos:narrower>
    <skos:narrower>
      <skos:Concept rdf:about="http://localhost:8000/8b933160-3c80-444f-93d0-70d263d4d139">
        <skos:prefLabel xml:lang="en">{"id": "dae2139d-1ca7-41fb-82c9-aef523f19043", "value": "Bromley"}</skos:prefLabel>
        <skos:inScheme rdf:resource="http://localhost:8000/48457f95-2b62-410e-9022-38a14db8b9f1"/>
        <dcterms:identifier xml:lang="en">{"id": "b145f650-14ac-4402-96c2-359b65be3272", "value": "http://www.archesproject.org/8b933160-3c80-444f-93d0-70d263d4d139"}</dcterms:identifier>
      </skos:Concept>
    </skos:narrower>
    <skos:prefLabel xml:lang="en">{"id": "752a2ad3-9d36-4b84-8b08-75e11b10f7bf", "value": "London Borough"}</skos:prefLabel>
    <skos:narrower>
      <skos:Concept rdf:about="http://localhost:8000/96716049-3b30-4651-a2c4-23c9534a3c7e">
        <skos:inScheme rdf:resource="http://localhost:8000/48457f95-2b62-410e-9022-38a14db8b9f1"/>
        <dcterms:identifier xml:lang="en">{"id": "33e4f809-bf42-4dd4-816e-a1010f26d363", "value": "http://www.archesproject.org/96716049-3b30-4651-a2c4-23c9534a3c7e"}</dcterms:identifier>
        <skos:prefLabel xml:lang="en">{"id": "6c40ac09-20b8-4ef4-96b9-1392ffdfe422", "value": "City of Westminster"}</skos:prefLabel>
      </skos:Concept>
    </skos:narrower>
    <skos:narrower>
      <skos:Concept rdf:about="http://localhost:8000/d8f7e061-cbc0-40a6-bb6c-0cfb9fd33719">
        <skos:prefLabel xml:lang="en">{"id": "13794d19-a1dd-417b-9ae9-c97bba5352b2", "value": "Harrow"}</skos:prefLabel>
        <dcterms:identifier xml:lang="en">{"id": "dbbd984f-1126-46d2-8ab5-e5f005f13f3f", "value": "http://localhost:8000/d8f7e061-cbc0-40a6-bb6c-0cfb9fd33719"}</dcterms:identifier>
        <skos:inScheme rdf:resource="http://localhost:8000/48457f95-2b62-410e-9022-38a14db8b9f1"/>
      </skos:Concept>
    </skos:narrower>
    <dcterms:identifier xml:lang="en">{"id": "b817a3c9-40b8-4c06-a004-ea2a6f15e13d", "value": "http://www.archesproject.org/f917eb4a-4c25-402e-a28c-4df30569c666"}</dcterms:identifier>
    <skos:narrower>
      <skos:Concept rdf:about="http://localhost:8000/1b2112c2-9e32-44f1-beb3-33f8f1b9e6e9">
        <skos:prefLabel xml:lang="en">{"id": "e35c9517-5956-4c50-a5b8-b4c207754476", "value": "Lambeth"}</skos:prefLabel>
        <skos:inScheme rdf:resource="http://localhost:8000/48457f95-2b62-410e-9022-38a14db8b9f1"/>
        <dcterms:identifier xml:lang="en">{"id": "3e226d8e-bf31-4ad1-a9f9-2e71a1d9f190", "value": "http://www.archesproject.org/1b2112c2-9e32-44f1-beb3-33f8f1b9e6e9"}</dcterms:identifier>
      </skos:Concept>
    </skos:narrower>
    <skos:narrower>
      <skos:Concept rdf:about="http://localhost:8000/285b1396-634f-4b67-9791-c12765c9668b">
        <dcterms:identifier xml:lang="en">{"id": "2761ec6f-2a2b-48cb-a089-8afdf927cd8d", "value": "http://www.archesproject.org/285b1396-634f-4b67-9791-c12765c9668b"}</dcterms:identifier>
        <skos:inScheme rdf:resource="http://localhost:8000/48457f95-2b62-410e-9022-38a14db8b9f1"/>
        <skos:prefLabel xml:lang="en">{"id": "becb3b4a-5922-4ae0-b0bc-1c0fd63b03cc", "value": "City of London"}</skos:prefLabel>
      </skos:Concept>
    </skos:narrower>
    <skos:narrower>
      <skos:Concept rdf:about="http://localhost:8000/14890506-c22d-4cc1-b076-78e963588669">
        <dcterms:identifier xml:lang="en">{"id": "5aefbcea-8f4b-476c-8db6-0b85a71840b2", "value": "http://www.archesproject.org/14890506-c22d-4cc1-b076-78e963588669"}</dcterms:identifier>
        <skos:inScheme rdf:resource="http://localhost:8000/48457f95-2b62-410e-9022-38a14db8b9f1"/>
        <skos:prefLabel xml:lang="en">{"id": "5e74c915-e28d-4912-b2ef-746ca5d7b21d", "value": "Camden"}</skos:prefLabel>
      </skos:Concept>
    </skos:narrower>
    <skos:narrower>
      <skos:Concept rdf:about="http://localhost:8000/38b0b67b-098b-4025-869b-a9bcee16abe6">
        <dcterms:identifier xml:lang="en">{"id": "0d3876b5-674e-4e92-8177-f49752b1ab65", "value": "http://www.archesproject.org/38b0b67b-098b-4025-869b-a9bcee16abe6"}</dcterms:identifier>
        <skos:inScheme rdf:resource="http://localhost:8000/48457f95-2b62-410e-9022-38a14db8b9f1"/>
        <skos:prefLabel xml:lang="en-us">{"id": "5d176fca-52d5-40c8-9697-3b0c23305211", "value": "Hammersmith and Fulham"}</skos:prefLabel>
      </skos:Concept>
    </skos:narrower>
    <skos:narrower>
      <skos:Concept rdf:about="http://localhost:8000/6c1566fb-2174-4575-bb43-97787e20b037">
        <dcterms:identifier xml:lang="en">{"id": "2aa2826a-e0bc-44d7-8330-d9cb5e8ab56e", "value": "http://www.archesproject.org/6c1566fb-2174-4575-bb43-97787e20b037"}</dcterms:identifier>
        <skos:inScheme rdf:resource="http://localhost:8000/48457f95-2b62-410e-9022-38a14db8b9f1"/>
        <skos:prefLabel xml:lang="en">{"id": "b1f48171-1a0c-499c-b788-6faa7d8a9321", "value": "Lewisham"}</skos:prefLabel>
      </skos:Concept>
    </skos:narrower>
    <skos:narrower>
      <skos:Concept rdf:about="http://localhost:8000/d68f53fb-5ba1-484d-b02f-4a6f56b2bf68">
        <dcterms:identifier xml:lang="en">{"id": "e2ca7c25-fd35-4846-9edd-583985924a45", "value": "http://www.archesproject.org/d68f53fb-5ba1-484d-b02f-4a6f56b2bf68"}</dcterms:identifier>
        <skos:inScheme rdf:resource="http://localhost:8000/48457f95-2b62-410e-9022-38a14db8b9f1"/>
        <skos:prefLabel xml:lang="en-us">{"id": "a4c11f02-8ba6-4a3f-9d0f-77bb3dd0152d", "value": "Redbridge"}</skos:prefLabel>
      </skos:Concept>
    </skos:narrower>
    <skos:narrower>
      <skos:Concept rdf:about="http://localhost:8000/eab5bce8-60e0-4ea9-a13b-869a649e2d27">
        <skos:prefLabel xml:lang="en">{"id": "7f39c2a2-6d7a-46c1-8b63-3614926bda59", "value": "Barking and Dagenham"}</skos:prefLabel>
        <skos:inScheme rdf:resource="http://localhost:8000/48457f95-2b62-410e-9022-38a14db8b9f1"/>
        <dcterms:identifier xml:lang="en">{"id": "3093e015-d05f-4be6-bb75-3071d03cafbc", "value": "http://www.archesproject.org/eab5bce8-60e0-4ea9-a13b-869a649e2d27"}</dcterms:identifier>
      </skos:Concept>
    </skos:narrower>
    <skos:narrower>
      <skos:Concept rdf:about="http://localhost:8000/d9ec99a7-8eb4-4285-a804-6addddf3aace">
        <skos:prefLabel xml:lang="en">{"id": "47e275a2-33c4-4612-8b2a-07bcc0221291", "value": "Tower Hamlets"}</skos:prefLabel>
        <dcterms:identifier xml:lang="en">{"id": "4b7be366-97ce-40a6-81ec-17a1bb98c920", "value": "http://www.archesproject.org/d9ec99a7-8eb4-4285-a804-6addddf3aace"}</dcterms:identifier>
        <skos:inScheme rdf:resource="http://localhost:8000/48457f95-2b62-410e-9022-38a14db8b9f1"/>
      </skos:Concept>
    </skos:narrower>
    <skos:narrower>
      <skos:Concept rdf:about="http://localhost:8000/6b72d0b4-d76c-4ad8-8ffb-f852278062ca">
        <skos:inScheme rdf:resource="http://localhost:8000/48457f95-2b62-410e-9022-38a14db8b9f1"/>
        <skos:prefLabel xml:lang="en">{"id": "c7873047-b000-4b0e-86b7-9bda8bc53d9d", "value": "Bexley"}</skos:prefLabel>
        <dcterms:identifier xml:lang="en">{"id": "add04b37-08e6-48a5-a061-d9fafbe85ac4", "value": "http://www.archesproject.org/6b72d0b4-d76c-4ad8-8ffb-f852278062ca"}</dcterms:identifier>
      </skos:Concept>
    </skos:narrower>
    <skos:inScheme>
      <skos:ConceptScheme rdf:about="http://localhost:8000/48457f95-2b62-410e-9022-38a14db8b9f1">
        <skos:hasTopConcept rdf:resource="http://localhost:8000/f917eb4a-4c25-402e-a28c-4df30569c666"/>
        <dcterms:title xml:lang="en">{"id": "5dc578eb-5a9d-44e2-a49b-7ba90b7cc594", "value": "Administrative Area"}</dcterms:title>
        <skos:hasTopConcept rdf:resource="http://localhost:8000/c741c68b-779e-4cfb-8a50-70c2c45f81aa"/>
        <skos:hasTopConcept rdf:resource="http://localhost:8000/550087b5-2362-438c-987c-ea0103bab9a2"/>
        <dcterms:identifier xml:lang="en">{"id": "858e0c6e-1ece-412e-bf67-f23ab23ece45", "value": "http://www.archesproject.org/48457f95-2b62-410e-9022-38a14db8b9f1"}</dcterms:identifier>
        <skos:hasTopConcept rdf:resource="http://localhost:8000/ae38febb-20ee-493c-bb25-db5f93796632"/>
        <skos:hasTopConcept rdf:resource="http://localhost:8000/d2b10382-f7c6-468e-ac40-e8b265b8da1d"/>
      </skos:ConceptScheme>
    </skos:inScheme>
    <skos:narrower>
      <skos:Concept rdf:about="http://localhost:8000/86afcc48-2716-4570-b396-76fee46eb5a3">
        <skos:prefLabel xml:lang="en">{"id": "9b6cfbfb-153f-452a-865a-2981f096a3ec", "value": "Richmond upon Thames"}</skos:prefLabel>
        <dcterms:identifier xml:lang="en">{"id": "d5ddfaaa-dbbb-4f67-b8b3-94992c631282", "value": "http://www.archesproject.org/86afcc48-2716-4570-b396-76fee46eb5a3"}</dcterms:identifier>
        <skos:inScheme rdf:resource="http://localhost:8000/48457f95-2b62-410e-9022-38a14db8b9f1"/>
      </skos:Concept>
    </skos:narrower>
    <skos:narrower>
      <skos:Concept rdf:about="http://localhost:8000/60699993-4896-47ee-a6ee-53d5bc3f44d4">
        <dcterms:identifier xml:lang="en">{"id": "23ec8d1e-43f0-4193-9cdf-a5d035289948", "value": "http://www.archesproject.org/60699993-4896-47ee-a6ee-53d5bc3f44d4"}</dcterms:identifier>
        <skos:prefLabel xml:lang="en">{"id": "d6f1bef5-abab-419c-9d45-5b39a94573f7", "value": "Islington"}</skos:prefLabel>
        <skos:inScheme rdf:resource="http://localhost:8000/48457f95-2b62-410e-9022-38a14db8b9f1"/>
      </skos:Concept>
    </skos:narrower>
    <skos:narrower>
      <skos:Concept rdf:about="http://localhost:8000/4883918f-9de0-48ab-b740-63ce1f926d23">
        <dcterms:identifier xml:lang="en">{"id": "6078c5e5-0851-4f15-98c6-d482bba360ea", "value": "http://localhost:8000/4883918f-9de0-48ab-b740-63ce1f926d23"}</dcterms:identifier>
        <skos:inScheme rdf:resource="http://localhost:8000/48457f95-2b62-410e-9022-38a14db8b9f1"/>
        <skos:prefLabel xml:lang="en">{"id": "c9ac0223-4a3b-492a-ac0d-cd9d914105bf", "value": "Havering"}</skos:prefLabel>
      </skos:Concept>
    </skos:narrower>
    <skos:narrower>
      <skos:Concept rdf:about="http://localhost:8000/38c86975-9f11-413a-922f-3bfe610c160e">
        <skos:inScheme rdf:resource="http://localhost:8000/48457f95-2b62-410e-9022-38a14db8b9f1"/>
        <dcterms:identifier xml:lang="en">{"id": "d608c883-a532-4756-908f-23fcb3dacffe", "value": "http://www.archesproject.org/38c86975-9f11-413a-922f-3bfe610c160e"}</dcterms:identifier>
        <skos:prefLabel xml:lang="en">{"id": "67e8c33a-cc5c-42a6-8451-f566c76ac1a1", "value": "Merton"}</skos:prefLabel>
      </skos:Concept>
    </skos:narrower>
    <skos:narrower>
      <skos:Concept rdf:about="http://localhost:8000/d26382f1-f390-4bd0-a1b4-747a3009a6c2">
        <skos:inScheme rdf:resource="http://localhost:8000/48457f95-2b62-410e-9022-38a14db8b9f1"/>
        <dcterms:identifier xml:lang="en">{"id": "6398cf39-1e8c-4ae7-8702-1e426d4a03eb", "value": "http://www.archesproject.org/d26382f1-f390-4bd0-a1b4-747a3009a6c2"}</dcterms:identifier>
        <skos:prefLabel xml:lang="en">{"id": "053bc949-302f-4bb7-9738-45feb5dc1e9d", "value": "Hillingdon"}</skos:prefLabel>
      </skos:Concept>
    </skos:narrower>
    <skos:narrower>
      <skos:Concept rdf:about="http://localhost:8000/bb2d5c8f-827a-42c2-bf13-ca8b476d7229">
        <skos:prefLabel xml:lang="en">{"id": "1b7f90d1-3b38-40e7-93d4-d2843e51c27a", "value": "Ealing"}</skos:prefLabel>
        <dcterms:identifier xml:lang="en">{"id": "c6e7dce8-2937-49de-8082-88ae09d1721b", "value": "http://www.archesproject.org/bb2d5c8f-827a-42c2-bf13-ca8b476d7229"}</dcterms:identifier>
        <skos:inScheme rdf:resource="http://localhost:8000/48457f95-2b62-410e-9022-38a14db8b9f1"/>
      </skos:Concept>
    </skos:narrower>
    <skos:narrower>
      <skos:Concept rdf:about="http://localhost:8000/724db863-69a3-4a19-8980-fb51eac3a91b">
        <dcterms:identifier xml:lang="en">{"id": "3d80ff14-b012-4b9e-ab67-f43155ee7cf0", "value": "http://www.archesproject.org/724db863-69a3-4a19-8980-fb51eac3a91b"}</dcterms:identifier>
        <skos:inScheme rdf:resource="http://localhost:8000/48457f95-2b62-410e-9022-38a14db8b9f1"/>
        <skos:prefLabel xml:lang="en">{"id": "ea2489b6-8cc9-4517-a383-73f5c9843275", "value": "Newham"}</skos:prefLabel>
      </skos:Concept>
    </skos:narrower>
    <skos:narrower>
      <skos:Concept rdf:about="http://localhost:8000/71f964af-aae8-475c-a8d3-dde3dcb4ab5d">
        <skos:inScheme rdf:resource="http://localhost:8000/48457f95-2b62-410e-9022-38a14db8b9f1"/>
        <dcterms:identifier xml:lang="en">{"id": "4d75f514-7d58-4db2-aebc-e22515848926", "value": "http://www.archesproject.org/71f964af-aae8-475c-a8d3-dde3dcb4ab5d"}</dcterms:identifier>
        <skos:prefLabel xml:lang="en">{"id": "b70b8b3f-e456-436d-8ce5-a8e9b26ae1e7", "value": "Brent"}</skos:prefLabel>
      </skos:Concept>
    </skos:narrower>
    <skos:narrower>
      <skos:Concept rdf:about="http://localhost:8000/d8942f77-9ae8-484c-9ff0-7989659acb0a">
        <skos:inScheme rdf:resource="http://localhost:8000/48457f95-2b62-410e-9022-38a14db8b9f1"/>
        <dcterms:identifier xml:lang="en">{"id": "83ea3475-2b14-4c87-80ae-7f2ceff8c13c", "value": "http://www.archesproject.org/d8942f77-9ae8-484c-9ff0-7989659acb0a"}</dcterms:identifier>
        <skos:prefLabel xml:lang="en">{"id": "b04dbbdd-89e8-4512-a62f-808099f4b61c", "value": "Haringey"}</skos:prefLabel>
      </skos:Concept>
    </skos:narrower>
    <skos:narrower>
      <skos:Concept rdf:about="http://localhost:8000/c7ffb9d1-bced-44c3-b388-7a4b14f3c70a">
        <skos:prefLabel xml:lang="en">{"id": "6bc4bd09-f293-40dc-becf-8a3228a36251", "value": "Enfield"}</skos:prefLabel>
        <dcterms:identifier xml:lang="en">{"id": "f2edfeea-d024-4825-81c9-88da85ee94ed", "value": "http://www.archesproject.org/c7ffb9d1-bced-44c3-b388-7a4b14f3c70a"}</dcterms:identifier>
        <skos:inScheme rdf:resource="http://localhost:8000/48457f95-2b62-410e-9022-38a14db8b9f1"/>
      </skos:Concept>
    </skos:narrower>
    <skos:narrower>
      <skos:Concept rdf:about="http://localhost:8000/adf4098c-86d0-4a1c-8ce7-1721654829c9">
        <dcterms:identifier xml:lang="en">{"id": "4af7e072-bf28-4f70-b4bb-659aa7c37e53", "value": "http://www.archesproject.org/adf4098c-86d0-4a1c-8ce7-1721654829c9"}</dcterms:identifier>
        <skos:prefLabel xml:lang="en">{"id": "cee44ca3-f680-460c-8104-a50d85e17e71", "value": "Kingston upon Thames"}</skos:prefLabel>
        <skos:inScheme rdf:resource="http://localhost:8000/48457f95-2b62-410e-9022-38a14db8b9f1"/>
      </skos:Concept>
    </skos:narrower>
  </skos:Concept>
  <skos:Concept rdf:about="http://localhost:8000/a2569404-5739-4f84-8a58-a143606fcb22">
    <skos:prefLabel xml:lang="en">{"id": "88fde4e4-1cfd-4c8a-88e8-fa5dea7a8001", "value": "Three Rivers"}</skos:prefLabel>
    <skos:inScheme rdf:resource="http://localhost:8000/48457f95-2b62-410e-9022-38a14db8b9f1"/>
  </skos:Concept>
  <skos:Concept rdf:about="http://localhost:8000/d2b10382-f7c6-468e-ac40-e8b265b8da1d">
    <dcterms:identifier xml:lang="en">{"id": "282849ee-a4cd-421b-91db-607d0a3dedb0", "value": "http://www.archesproject.org/d2b10382-f7c6-468e-ac40-e8b265b8da1d"}</dcterms:identifier>
    <skos:inScheme rdf:resource="http://localhost:8000/48457f95-2b62-410e-9022-38a14db8b9f1"/>
    <skos:prefLabel xml:lang="en">{"id": "64bbc1db-ba41-4a52-8764-95c92038ba58", "value": "Out of Area"}</skos:prefLabel>
  </skos:Concept>
  <skos:Concept rdf:about="http://localhost:8000/550087b5-2362-438c-987c-ea0103bab9a2">
    <skos:prefLabel xml:lang="en">{"id": "b96dee9b-d268-4eae-bd21-0b0a67848e00", "value": "District/borough"}</skos:prefLabel>
    <skos:narrower>
      <skos:Concept rdf:about="http://localhost:8000/a7f5f5d5-c230-468d-b9e3-385d51da9fca">
        <skos:inScheme rdf:resource="http://localhost:8000/48457f95-2b62-410e-9022-38a14db8b9f1"/>
        <skos:prefLabel xml:lang="en">{"id": "85ff0b32-ccb8-47b3-8f5e-ff3c772f15d5", "value": "Thurrock"}</skos:prefLabel>
      </skos:Concept>
    </skos:narrower>
    <skos:narrower>
      <skos:Concept rdf:about="http://localhost:8000/e752c7aa-9d41-48a0-9cc7-18e3c0b4f1f9">
        <skos:inScheme rdf:resource="http://localhost:8000/48457f95-2b62-410e-9022-38a14db8b9f1"/>
        <skos:prefLabel xml:lang="en">{"id": "68f00eb0-d979-4ac1-bccb-11a49b433c25", "value": "Broxbourne"}</skos:prefLabel>
      </skos:Concept>
    </skos:narrower>
    <skos:narrower>
      <skos:Concept rdf:about="http://localhost:8000/fe324f50-b450-42ef-bcef-42856c80d913">
        <dcterms:identifier xml:lang="en">{"id": "e219c611-b27c-4251-9298-016e5ab56855", "value": "http://www.archesproject.org/fe324f50-b450-42ef-bcef-42856c80d913"}</dcterms:identifier>
        <skos:prefLabel xml:lang="en">{"id": "2cbebfe6-e26e-4568-87a6-f251a88e8897", "value": "Tandridge"}</skos:prefLabel>
        <skos:inScheme rdf:resource="http://localhost:8000/48457f95-2b62-410e-9022-38a14db8b9f1"/>
      </skos:Concept>
    </skos:narrower>
    <skos:narrower>
      <skos:Concept rdf:about="http://localhost:8000/a9c93d35-2faa-4c38-a6aa-e43dfe5a41b9">
        <skos:prefLabel xml:lang="en">{"id": "2dd98fb4-5ba1-47fd-b766-6f122c14d4b9", "value": "Epsom and Ewell"}</skos:prefLabel>
        <skos:inScheme rdf:resource="http://localhost:8000/48457f95-2b62-410e-9022-38a14db8b9f1"/>
      </skos:Concept>
    </skos:narrower>
    <skos:narrower rdf:resource="http://localhost:8000/a2569404-5739-4f84-8a58-a143606fcb22"/>
    <skos:narrower>
      <skos:Concept rdf:about="http://localhost:8000/7eed94fa-47c1-45d5-9925-390939ff7362">
        <skos:inScheme rdf:resource="http://localhost:8000/48457f95-2b62-410e-9022-38a14db8b9f1"/>
        <skos:prefLabel xml:lang="en">{"id": "76d33ee0-009f-4a79-80d4-2d153193d1b7", "value": "Epping Forest"}</skos:prefLabel>
      </skos:Concept>
    </skos:narrower>
    <skos:inScheme rdf:resource="http://localhost:8000/48457f95-2b62-410e-9022-38a14db8b9f1"/>
    <skos:narrower>
      <skos:Concept rdf:about="http://localhost:8000/9d0f3609-eee5-495c-9278-0dfea28c505c">
        <skos:inScheme rdf:resource="http://localhost:8000/48457f95-2b62-410e-9022-38a14db8b9f1"/>
        <skos:prefLabel xml:lang="en">{"id": "a8a438ca-cc24-41bc-a7ef-eedf5d9b4806", "value": "Slough"}</skos:prefLabel>
      </skos:Concept>
    </skos:narrower>
    <skos:narrower>
      <skos:Concept rdf:about="http://localhost:8000/4c9675dd-a4cc-4e2f-9570-790f1d78a614">
        <dcterms:identifier xml:lang="en">{"id": "a5e809fc-c2de-4dac-b65c-c4843ccbbccf", "value": "http://www.archesproject.org/4c9675dd-a4cc-4e2f-9570-790f1d78a614"}</dcterms:identifier>
        <skos:prefLabel xml:lang="en">{"id": "6d2237a6-b782-408e-a142-0f7350b92454", "value": "Reigate and Banstead"}</skos:prefLabel>
        <skos:inScheme rdf:resource="http://localhost:8000/48457f95-2b62-410e-9022-38a14db8b9f1"/>
      </skos:Concept>
    </skos:narrower>
    <skos:narrower>
      <skos:Concept rdf:about="http://localhost:8000/ec9fae97-a149-4c6d-8d8c-e1c2cafa7c7f">
        <dcterms:identifier xml:lang="en">{"id": "a546fa57-5e4a-412b-acd1-fdd2573b3ffb", "value": "http://www.archesproject.org/ec9fae97-a149-4c6d-8d8c-e1c2cafa7c7f"}</dcterms:identifier>
        <skos:inScheme rdf:resource="http://localhost:8000/48457f95-2b62-410e-9022-38a14db8b9f1"/>
        <skos:prefLabel xml:lang="en">{"id": "139d862a-5750-4443-b1f3-8c385a48a311", "value": "Elmbridge"}</skos:prefLabel>
      </skos:Concept>
    </skos:narrower>
    <dcterms:identifier xml:lang="en">{"id": "0297b4bf-2cdf-494c-9001-c51378421180", "value": "http://www.archesproject.org/550087b5-2362-438c-987c-ea0103bab9a2"}</dcterms:identifier>
  </skos:Concept>
  <skos:Concept rdf:about="http://localhost:8000/a804ae60-dfbf-4296-93a4-068a2254ac5e">
    <skos:prefLabel xml:lang="en">{"id": "1d7ea7f5-158f-4c5c-8fed-88155acf0497", "value": "Essex"}</skos:prefLabel>
    <dcterms:identifier xml:lang="en">{"id": "2be3552d-7be3-4645-b467-a449caa94b11", "value": "http://www.archesproject.org/a804ae60-dfbf-4296-93a4-068a2254ac5e"}</dcterms:identifier>
    <skos:inScheme rdf:resource="http://localhost:8000/48457f95-2b62-410e-9022-38a14db8b9f1"/>
  </skos:Concept>
  <skos:Concept rdf:about="http://localhost:8000/6757004c-b107-44a0-bca5-3320d1336a2e">
    <skos:inScheme rdf:resource="http://localhost:8000/48457f95-2b62-410e-9022-38a14db8b9f1"/>
    <skos:prefLabel xml:lang="en">{"id": "8be2c984-b948-4ded-ab35-3f80216fec28", "value": "Hertfordshire"}</skos:prefLabel>
  </skos:Concept>
  <skos:Concept rdf:about="http://localhost:8000/ae38febb-20ee-493c-bb25-db5f93796632">
    <skos:prefLabel xml:lang="en">{"id": "756dec28-88f5-4100-a731-268c16095c17", "value": "River Thames"}</skos:prefLabel>
    <skos:inScheme rdf:resource="http://localhost:8000/48457f95-2b62-410e-9022-38a14db8b9f1"/>
    <dcterms:identifier xml:lang="en">{"id": "fe0d3c6a-26a6-4b3d-9def-a3038ca62bad", "value": "http://www.archesproject.org/ae38febb-20ee-493c-bb25-db5f93796632"}</dcterms:identifier>
  </skos:Concept>
  <skos:Concept rdf:about="http://localhost:8000/c741c68b-779e-4cfb-8a50-70c2c45f81aa">
    <skos:prefLabel xml:lang="en">{"id": "74e2eb43-49fc-41e9-8d61-388c01878573", "value": "County/Unitary Authority"}</skos:prefLabel>
    <skos:narrower>
      <skos:Concept rdf:about="http://localhost:8000/f4ea3e4c-44c0-4107-994f-1461f7a64d33">
        <skos:inScheme rdf:resource="http://localhost:8000/48457f95-2b62-410e-9022-38a14db8b9f1"/>
        <dcterms:identifier xml:lang="en">{"id": "570b9550-c49c-4059-a5ec-c6e68e2883e0", "value": "http://www.archesproject.org/f4ea3e4c-44c0-4107-994f-1461f7a64d33"}</dcterms:identifier>
        <skos:prefLabel xml:lang="en">{"id": "133f9986-01e7-4ec6-8faa-17cf2165f86e", "value": "Surrey"}</skos:prefLabel>
      </skos:Concept>
    </skos:narrower>
    <skos:narrower>
      <skos:Concept rdf:about="http://localhost:8000/b99e9ba8-589b-43cd-8c91-0885edfb8e8d">
        <skos:inScheme rdf:resource="http://localhost:8000/48457f95-2b62-410e-9022-38a14db8b9f1"/>
        <skos:prefLabel xml:lang="en">{"id": "57cae789-7057-4c99-982a-876204105408", "value": "Greater London Authority"}</skos:prefLabel>
        <dcterms:identifier xml:lang="en">{"id": "8a84dba7-527f-4f7c-9356-cf396a98277c", "value": "http://www.archesproject.org/b99e9ba8-589b-43cd-8c91-0885edfb8e8d"}</dcterms:identifier>
      </skos:Concept>
    </skos:narrower>
    <skos:inScheme rdf:resource="http://localhost:8000/48457f95-2b62-410e-9022-38a14db8b9f1"/>
    <skos:narrower>
      <skos:Concept rdf:about="http://localhost:8000/80aabaf1-1a8e-49b4-ac6f-b6592966a90c">
        <skos:prefLabel xml:lang="en">{"id": "0f47e3f3-ec8c-44ba-8ea4-6c9f561239fb", "value": "Middlesex"}</skos:prefLabel>
        <skos:inScheme rdf:resource="http://localhost:8000/48457f95-2b62-410e-9022-38a14db8b9f1"/>
      </skos:Concept>
    </skos:narrower>
    <dcterms:identifier xml:lang="en">{"id": "ea98fc3e-ae0c-48aa-9407-232659184ff1", "value": "http://www.archesproject.org/c741c68b-779e-4cfb-8a50-70c2c45f81aa"}</dcterms:identifier>
    <skos:narrower rdf:resource="http://localhost:8000/6757004c-b107-44a0-bca5-3320d1336a2e"/>
    <skos:narrower>
      <skos:Concept rdf:about="http://localhost:8000/356252cc-c7bb-44ce-b335-58495d55df5f">
        <skos:prefLabel xml:lang="en">{"id": "8acee206-8c18-423f-9507-0f9e993d28b3", "value": "Kent"}</skos:prefLabel>
        <skos:inScheme rdf:resource="http://localhost:8000/48457f95-2b62-410e-9022-38a14db8b9f1"/>
        <dcterms:identifier xml:lang="en">{"id": "d845aa21-24fa-4cff-91de-8ae74ff3ee2b", "value": "http://www.archesproject.org/356252cc-c7bb-44ce-b335-58495d55df5f"}</dcterms:identifier>
      </skos:Concept>
    </skos:narrower>
    <skos:narrower rdf:resource="http://localhost:8000/a804ae60-dfbf-4296-93a4-068a2254ac5e"/>
  </skos:Concept>
</rdf:RDF>
