<?xml version="1.0" encoding="utf-8"?>
<rdf:RDF
  xmlns:skos="http://www.w3.org/2004/02/skos/core#"
  xmlns:dcterms="http://purl.org/dc/terms/"
  xmlns:rdf="http://www.w3.org/1999/02/22-rdf-syntax-ns#"
>
  <skos:Concept rdf:about="http://localhost:8000/9065d7f0-4a91-40a2-95f5-c6fc4c369e82">
    <skos:inScheme>
      <skos:ConceptScheme rdf:about="http://localhost:8000/b0bded0f-7ce2-4071-ab57-04195c34b578">
        <skos:hasTopConcept rdf:resource="http://localhost:8000/e468d61a-5312-48ee-a931-2ff397b2d651"/>
        <skos:hasTopConcept rdf:resource="http://localhost:8000/ed0f0840-0852-40be-aaf9-10cd2489c8ea"/>
        <skos:hasTopConcept rdf:resource="http://localhost:8000/91a9fecb-caa9-4b27-98e1-54576a5c0c5b"/>
        <skos:hasTopConcept rdf:resource="http://localhost:8000/48e89497-89ad-474d-a1db-c1d83d069c45"/>
        <skos:hasTopConcept rdf:resource="http://localhost:8000/eb3eac6f-4edc-47fb-ae9e-d558023e304b"/>
        <skos:hasTopConcept rdf:resource="http://localhost:8000/18a1e115-3cf7-4bea-b835-715f10a8dd31"/>
        <skos:hasTopConcept rdf:resource="http://localhost:8000/d2bbd2c0-8173-4afc-8739-a6884501ccea"/>
        <skos:hasTopConcept rdf:resource="http://localhost:8000/d1ce8b53-40ef-487f-80d1-b3ecedf0d342"/>
        <skos:hasTopConcept rdf:resource="http://localhost:8000/d94f42d0-f07d-4a17-8c17-6c22854d2e15"/>
        <skos:hasTopConcept rdf:resource="http://localhost:8000/4fd59deb-0d1c-4bee-a9cd-07dfdc3a95da"/>
        <skos:hasTopConcept rdf:resource="http://localhost:8000/81586d4a-44b0-42d8-beae-89922f7355fb"/>
        <skos:hasTopConcept rdf:resource="http://localhost:8000/00fe1771-4528-4fd2-88b0-e815840e06e1"/>
        <dcterms:title xml:lang="en">{"id": "4a312d67-d957-4e78-96fb-2db8a2b6f056", "value": "Application Type"}</dcterms:title>
        <skos:hasTopConcept rdf:resource="http://localhost:8000/3ea4ee45-67d3-442d-8198-f994a791a98b"/>
        <skos:hasTopConcept rdf:resource="http://localhost:8000/c19e31e8-4d39-4340-952d-aa620f9b1f80"/>
        <skos:hasTopConcept rdf:resource="http://localhost:8000/95756cfd-4424-4b68-921e-5b0190097164"/>
        <skos:hasTopConcept rdf:resource="http://localhost:8000/486bfab0-b238-426e-8548-8d92ed796f4a"/>
        <skos:hasTopConcept rdf:resource="http://localhost:8000/2a047320-e3b7-4281-86cf-88b15f20fbe0"/>
        <skos:hasTopConcept rdf:resource="http://localhost:8000/00b381e0-ef7e-4b72-a480-f42a6908c58f"/>
        <skos:hasTopConcept rdf:resource="http://localhost:8000/84f47bd3-3099-4fb6-afcf-314b0a53261f"/>
        <skos:hasTopConcept rdf:resource="http://localhost:8000/49079fc2-9d5e-4004-9449-3a7e9c9d27c3"/>
        <skos:hasTopConcept rdf:resource="http://localhost:8000/c535e7b5-83b5-48cb-a80c-a02b9863695b"/>
        <skos:hasTopConcept rdf:resource="http://localhost:8000/494840a9-983d-4645-9cef-f8816b86c5dd"/>
        <skos:hasTopConcept rdf:resource="http://localhost:8000/ba259dee-cd5a-4c5d-b763-31bfc17a3996"/>
        <skos:hasTopConcept rdf:resource="http://localhost:8000/62338b3d-f3e6-4f9a-9af4-502aafaef34a"/>
        <skos:hasTopConcept rdf:resource="http://localhost:8000/a0544685-48e5-495b-a8ad-575034e4f6dd"/>
        <skos:hasTopConcept rdf:resource="http://localhost:8000/9065d7f0-4a91-40a2-95f5-c6fc4c369e82"/>
        <skos:hasTopConcept rdf:resource="http://localhost:8000/182930fa-fa71-4eb9-aa9d-fd9b09af9213"/>
        <skos:hasTopConcept rdf:resource="http://localhost:8000/115fe008-ad84-4416-8565-7882dfc88fc8"/>
        <skos:hasTopConcept rdf:resource="http://localhost:8000/74d28021-2a71-4a4a-974e-2f3a57c40cac"/>
        <skos:hasTopConcept rdf:resource="http://localhost:8000/36330b03-b816-49a0-bc91-762c94107c91"/>
        <skos:hasTopConcept rdf:resource="http://localhost:8000/6cf0939a-93af-40d1-be99-f94846225c83"/>
        <skos:hasTopConcept rdf:resource="http://localhost:8000/57f3b612-1201-4459-8eed-487461e52a5b"/>
        <skos:hasTopConcept rdf:resource="http://localhost:8000/dc05d78f-650d-4785-9f44-194ca43806e9"/>
        <dcterms:identifier xml:lang="en">{"id": "0092835f-033a-476d-b42b-74943efc2546", "value": "http://www.archesproject.org/b0bded0f-7ce2-4071-ab57-04195c34b578"}</dcterms:identifier>
        <skos:hasTopConcept rdf:resource="http://localhost:8000/449e49db-18cf-452c-aaa3-28fca03ab63b"/>
        <skos:hasTopConcept rdf:resource="http://localhost:8000/55643e00-9610-4544-9b8d-7124aaaebaef"/>
        <skos:hasTopConcept rdf:resource="http://localhost:8000/d15bfc49-8bd7-4437-9a99-63cee75181de"/>
        <skos:hasTopConcept rdf:resource="http://localhost:8000/2bf44c1c-f25c-42a7-9d8f-0ff0a8a640c7"/>
        <skos:hasTopConcept rdf:resource="http://localhost:8000/3726d381-c5b7-4271-b813-596a9d8dec8f"/>
        <skos:hasTopConcept rdf:resource="http://localhost:8000/254d1381-2300-4bb3-8545-0e292353b385"/>
        <skos:hasTopConcept rdf:resource="http://localhost:8000/b0ad18a8-c2ff-45c4-b5f8-c5af505b20ab"/>
      </skos:ConceptScheme>
    </skos:inScheme>
    <dcterms:identifier xml:lang="en">{"id": "dde2e89e-7efa-40eb-962f-56ca514dbfb4", "value": "http://www.archesproject.org/9065d7f0-4a91-40a2-95f5-c6fc4c369e82"}</dcterms:identifier>
    <skos:prefLabel xml:lang="en">{"id": "a2fce2b4-2baf-4270-bbf3-2c5999c38ecc", "value": "Listed Building Consent"}</skos:prefLabel>
  </skos:Concept>
  <skos:Concept rdf:about="http://localhost:8000/3ea4ee45-67d3-442d-8198-f994a791a98b">
    <skos:inScheme rdf:resource="http://localhost:8000/b0bded0f-7ce2-4071-ab57-04195c34b578"/>
    <dcterms:identifier xml:lang="en">{"id": "28d59594-fd7f-4f5a-9ade-dc5889a04dd1", "value": "http://www.archesproject.org/3ea4ee45-67d3-442d-8198-f994a791a98b"}</dcterms:identifier>
    <skos:prefLabel xml:lang="en">{"id": "41f3d548-d829-4d27-b862-81a188fa0f16", "value": "Appeal"}</skos:prefLabel>
  </skos:Concept>
  <skos:Concept rdf:about="http://localhost:8000/1d99c292-8af9-4d15-b139-9b0f90d5e146">
    <skos:inScheme rdf:resource="http://localhost:8000/b0bded0f-7ce2-4071-ab57-04195c34b578"/>
    <skos:prefLabel xml:lang="en">{"id": "81eb2a55-3200-484d-85aa-7627a9e5a025", "value": "Existing Certificate of Lawfulness"}</skos:prefLabel>
    <dcterms:identifier xml:lang="en">{"id": "51eb3d09-8080-4ddd-a033-8520db8c1c56", "value": "http://www.archesproject.org/1d99c292-8af9-4d15-b139-9b0f90d5e146"}</dcterms:identifier>
  </skos:Concept>
  <skos:Concept rdf:about="http://localhost:8000/00fe1771-4528-4fd2-88b0-e815840e06e1">
    <skos:prefLabel xml:lang="en">{"id": "e626fc4f-3e61-49fc-9db9-f70386b17fdf", "value": "Waste management plan"}</skos:prefLabel>
    <dcterms:identifier xml:lang="en">{"id": "038c9e4a-1433-45f0-9693-bf38f48c9e6c", "value": "http://localhost:8000/00fe1771-4528-4fd2-88b0-e815840e06e1"}</dcterms:identifier>
    <skos:inScheme rdf:resource="http://localhost:8000/b0bded0f-7ce2-4071-ab57-04195c34b578"/>
  </skos:Concept>
  <skos:Concept rdf:about="http://localhost:8000/d1ce8b53-40ef-487f-80d1-b3ecedf0d342">
    <skos:inScheme rdf:resource="http://localhost:8000/b0bded0f-7ce2-4071-ab57-04195c34b578"/>
    <dcterms:identifier xml:lang="en">{"id": "9df6467d-c7b7-418c-8b15-f401effba026", "value": "http://www.archesproject.org/d1ce8b53-40ef-487f-80d1-b3ecedf0d342"}</dcterms:identifier>
    <skos:prefLabel xml:lang="en">{"id": "b45e73e4-88c9-43b6-a36d-b2d120364855", "value": "Hybrid Application"}</skos:prefLabel>
  </skos:Concept>
  <skos:Concept rdf:about="http://localhost:8000/49079fc2-9d5e-4004-9449-3a7e9c9d27c3">
    <skos:inScheme rdf:resource="http://localhost:8000/b0bded0f-7ce2-4071-ab57-04195c34b578"/>
    <dcterms:identifier xml:lang="en">{"id": "1d828a13-774a-4482-8132-970826385b23", "value": "http://localhost:8000/49079fc2-9d5e-4004-9449-3a7e9c9d27c3"}</dcterms:identifier>
    <skos:prefLabel xml:lang="en">{"id": "67e6ee79-98cb-4724-9cbd-0be1d462228b", "value": "Planning Condition details"}</skos:prefLabel>
  </skos:Concept>
  <skos:Concept rdf:about="http://localhost:8000/62338b3d-f3e6-4f9a-9af4-502aafaef34a">
    <skos:inScheme rdf:resource="http://localhost:8000/b0bded0f-7ce2-4071-ab57-04195c34b578"/>
    <skos:prefLabel xml:lang="en">{"id": "bfced24c-cf5c-49fe-b846-7c0a7b1abd74", "value": "Pre-application Enquiry"}</skos:prefLabel>
    <dcterms:identifier xml:lang="en">{"id": "a672c09c-a5ef-4afe-94a2-b83fa819686a", "value": "http://www.archesproject.org/62338b3d-f3e6-4f9a-9af4-502aafaef34a"}</dcterms:identifier>
  </skos:Concept>
  <skos:Concept rdf:about="http://localhost:8000/48e89497-89ad-474d-a1db-c1d83d069c45">
    <skos:prefLabel xml:lang="en">{"id": "c8929111-2ec3-4c65-8f44-20da8c5d2ed0", "value": "Management Plan"}</skos:prefLabel>
    <dcterms:identifier xml:lang="en">{"id": "b3a07911-20fc-443c-8847-eca21530dd5d", "value": "http://localhost:8000/48e89497-89ad-474d-a1db-c1d83d069c45"}</dcterms:identifier>
    <skos:inScheme rdf:resource="http://localhost:8000/b0bded0f-7ce2-4071-ab57-04195c34b578"/>
  </skos:Concept>
  <skos:Concept rdf:about="http://localhost:8000/c19e31e8-4d39-4340-952d-aa620f9b1f80">
    <skos:prefLabel xml:lang="en">{"id": "5a34f239-f777-4aab-96d1-1f30062e4c87", "value": "Permission in Principle"}</skos:prefLabel>
    <dcterms:identifier xml:lang="en">{"id": "5c3e5a7b-28eb-4c6b-a40e-e9e13e320435", "value": "http://www.archesproject.org/c19e31e8-4d39-4340-952d-aa620f9b1f80"}</dcterms:identifier>
    <skos:inScheme rdf:resource="http://localhost:8000/b0bded0f-7ce2-4071-ab57-04195c34b578"/>
  </skos:Concept>
  <skos:Concept rdf:about="http://localhost:8000/d94f42d0-f07d-4a17-8c17-6c22854d2e15">
    <skos:inScheme rdf:resource="http://localhost:8000/b0bded0f-7ce2-4071-ab57-04195c34b578"/>
    <dcterms:identifier xml:lang="en">{"id": "85507b43-6165-42d1-a1b3-a334695414c2", "value": "http://www.archesproject.org/d94f42d0-f07d-4a17-8c17-6c22854d2e15"}</dcterms:identifier>
    <skos:narrower rdf:resource="http://localhost:8000/1d99c292-8af9-4d15-b139-9b0f90d5e146"/>
    <skos:narrower>
      <skos:Concept rdf:about="http://localhost:8000/4fea04ef-30a5-433b-b9e0-a1a12a05cbaf">
        <skos:narrower rdf:resource="http://localhost:8000/ece07abe-6196-4211-b73a-2d4e148031b2"/>
        <skos:inScheme rdf:resource="http://localhost:8000/b0bded0f-7ce2-4071-ab57-04195c34b578"/>
        <skos:prefLabel xml:lang="en">{"id": "3133d6d3-cc44-41fe-ad64-df4eafdaba1f", "value": "Certificate of Lawfulness Proposal"}</skos:prefLabel>
        <dcterms:identifier xml:lang="en">{"id": "30d48a8e-0197-4224-8767-ee1ff74619e5", "value": "http://www.archesproject.org/4fea04ef-30a5-433b-b9e0-a1a12a05cbaf"}</dcterms:identifier>
      </skos:Concept>
    </skos:narrower>
    <skos:prefLabel xml:lang="en">{"id": "0584cc5f-2f6e-4762-a739-a4d8c5ba0de1", "value": "Certificate of Lawfulness"}</skos:prefLabel>
  </skos:Concept>
  <skos:Concept rdf:about="http://localhost:8000/254d1381-2300-4bb3-8545-0e292353b385">
    <skos:prefLabel xml:lang="en">{"id": "e6956652-f8bc-488e-96bc-39508d7e6c42", "value": "Hazardous Substance Application"}</skos:prefLabel>
    <dcterms:identifier xml:lang="en">{"id": "f6d13606-e320-4d00-9664-c3809d81d80e", "value": "http://www.archesproject.org/254d1381-2300-4bb3-8545-0e292353b385"}</dcterms:identifier>
    <skos:inScheme rdf:resource="http://localhost:8000/b0bded0f-7ce2-4071-ab57-04195c34b578"/>
  </skos:Concept>
  <skos:Concept rdf:about="http://localhost:8000/b0ad18a8-c2ff-45c4-b5f8-c5af505b20ab">
    <skos:inScheme rdf:resource="http://localhost:8000/b0bded0f-7ce2-4071-ab57-04195c34b578"/>
    <skos:prefLabel xml:lang="en-us">{"id": "bf45ce82-16f3-488c-b3ee-df102087d165", "value": "Variation of Conditions"}</skos:prefLabel>
    <dcterms:identifier xml:lang="en">{"id": "4aa4cac8-9b79-4384-afd5-14d04564eaf3", "value": "http://www.archesproject.org/b0ad18a8-c2ff-45c4-b5f8-c5af505b20ab"}</dcterms:identifier>
  </skos:Concept>
  <skos:Concept rdf:about="http://localhost:8000/18a1e115-3cf7-4bea-b835-715f10a8dd31">
    <dcterms:identifier xml:lang="en">{"id": "1cc3067c-3d79-4277-a2e4-24ee4bbb7147", "value": "http://www.archesproject.org/18a1e115-3cf7-4bea-b835-715f10a8dd31"}</dcterms:identifier>
    <skos:prefLabel xml:lang="en">{"id": "8ff2f13b-5021-4a5f-bc66-cbac9e3167eb", "value": "Removal of Conditions"}</skos:prefLabel>
    <skos:inScheme rdf:resource="http://localhost:8000/b0bded0f-7ce2-4071-ab57-04195c34b578"/>
  </skos:Concept>
  <skos:Concept rdf:about="http://localhost:8000/91a9fecb-caa9-4b27-98e1-54576a5c0c5b">
    <dcterms:identifier xml:lang="en">{"id": "170c820c-e022-4da8-a6c0-3e18ca45a68c", "value": "http://www.archesproject.org/91a9fecb-caa9-4b27-98e1-54576a5c0c5b"}</dcterms:identifier>
    <skos:inScheme rdf:resource="http://localhost:8000/b0bded0f-7ce2-4071-ab57-04195c34b578"/>
    <skos:prefLabel xml:lang="en">{"id": "e11c5aaf-846b-4123-80d2-ba69ea75e060", "value": "Consultation by Other Authority"}</skos:prefLabel>
  </skos:Concept>
  <skos:Concept rdf:about="http://localhost:8000/2bf44c1c-f25c-42a7-9d8f-0ff0a8a640c7">
    <skos:inScheme rdf:resource="http://localhost:8000/b0bded0f-7ce2-4071-ab57-04195c34b578"/>
    <skos:prefLabel xml:lang="en">{"id": "00dee598-d02a-4d93-985e-3b14262bfaf2", "value": "Pre-planning application"}</skos:prefLabel>
    <dcterms:identifier xml:lang="en">{"id": "1300ad0e-6a47-4919-8898-d35892b9cc7d", "value": "http://localhost:8000/2bf44c1c-f25c-42a7-9d8f-0ff0a8a640c7"}</dcterms:identifier>
  </skos:Concept>
  <skos:Concept rdf:about="http://localhost:8000/d2bbd2c0-8173-4afc-8739-a6884501ccea">
    <dcterms:identifier xml:lang="en">{"id": "45a773fb-bb55-444c-8e93-d17723f7cfcf", "value": "http://localhost:8000/d2bbd2c0-8173-4afc-8739-a6884501ccea"}</dcterms:identifier>
    <skos:inScheme rdf:resource="http://localhost:8000/b0bded0f-7ce2-4071-ab57-04195c34b578"/>
    <skos:prefLabel xml:lang="en">{"id": "ee5035ba-8ec6-4fc3-a81d-3dbb290cdacf", "value": "Conservation area appraisal"}</skos:prefLabel>
  </skos:Concept>
  <skos:Concept rdf:about="http://localhost:8000/eb3eac6f-4edc-47fb-ae9e-d558023e304b">
    <skos:prefLabel xml:lang="en">{"id": "b6c83b8b-7bc9-4418-a77a-dfe36174e722", "value": "Advertisement Consent"}</skos:prefLabel>
    <skos:inScheme rdf:resource="http://localhost:8000/b0bded0f-7ce2-4071-ab57-04195c34b578"/>
    <dcterms:identifier xml:lang="en">{"id": "67219ae7-b376-443e-b3d5-2572a5998225", "value": "http://www.archesproject.org/eb3eac6f-4edc-47fb-ae9e-d558023e304b"}</dcterms:identifier>
  </skos:Concept>
  <skos:Concept rdf:about="http://localhost:8000/486bfab0-b238-426e-8548-8d92ed796f4a">
    <dcterms:identifier xml:lang="en">{"id": "0a1d0bba-f5c2-435b-bd9a-08f31d489fdd", "value": "http://www.archesproject.org/486bfab0-b238-426e-8548-8d92ed796f4a"}</dcterms:identifier>
    <skos:inScheme rdf:resource="http://localhost:8000/b0bded0f-7ce2-4071-ab57-04195c34b578"/>
    <skos:narrower>
      <skos:Concept rdf:about="http://localhost:8000/381e50ef-e63f-4e52-8b1b-30f402d0be39">
        <skos:inScheme rdf:resource="http://localhost:8000/b0bded0f-7ce2-4071-ab57-04195c34b578"/>
        <dcterms:identifier xml:lang="en">{"id": "fb7ff3d6-f512-4350-a230-49c3f80f97e6", "value": "http://localhost:8000/381e50ef-e63f-4e52-8b1b-30f402d0be39"}</dcterms:identifier>
        <skos:prefLabel xml:lang="en">{"id": "83c85850-b30c-4ff9-aba2-6bae7f54cdb6", "value": "Full Planning Application (1,500 units)"}</skos:prefLabel>
      </skos:Concept>
    </skos:narrower>
    <skos:prefLabel xml:lang="en">{"id": "e3e8b622-6d6c-466a-9f71-fe4f0ed4bbbc", "value": "Full Planning Application"}</skos:prefLabel>
  </skos:Concept>
  <skos:Concept rdf:about="http://localhost:8000/dc05d78f-650d-4785-9f44-194ca43806e9">
    <dcterms:identifier xml:lang="en">{"id": "61b180b5-f659-478b-b31e-7d79c0a8ea07", "value": "http://localhost:8000/dc05d78f-650d-4785-9f44-194ca43806e9"}</dcterms:identifier>
    <skos:prefLabel xml:lang="en">{"id": "f830fe4a-4cc6-4bf5-af2f-3d3f8fa6ca3e", "value": "Local authority strategy"}</skos:prefLabel>
    <skos:inScheme rdf:resource="http://localhost:8000/b0bded0f-7ce2-4071-ab57-04195c34b578"/>
  </skos:Concept>
  <skos:Concept rdf:about="http://localhost:8000/ed0f0840-0852-40be-aaf9-10cd2489c8ea">
    <skos:inScheme rdf:resource="http://localhost:8000/b0bded0f-7ce2-4071-ab57-04195c34b578"/>
    <dcterms:identifier xml:lang="en">{"id": "25f65bea-f570-4dab-bfbb-36a6bd44ccb3", "value": "http://www.archesproject.org/ed0f0840-0852-40be-aaf9-10cd2489c8ea"}</dcterms:identifier>
    <skos:prefLabel xml:lang="en">{"id": "fd4fa775-5d6d-4232-876d-ccceb81007b7", "value": "Non-Material Amendment"}</skos:prefLabel>
    <skos:altLabel xml:lang="en">{"id": "64bc798a-083d-496a-a66b-30cb70deef77", "value": "Application for Non-Material Amendment"}</skos:altLabel>
  </skos:Concept>
  <skos:Concept rdf:about="http://localhost:8000/6cf0939a-93af-40d1-be99-f94846225c83">
    <skos:inScheme rdf:resource="http://localhost:8000/b0bded0f-7ce2-4071-ab57-04195c34b578"/>
    <dcterms:identifier xml:lang="en">{"id": "cc49424e-3a8c-4ac9-b79d-30abf0f02519", "value": "http://localhost:8000/6cf0939a-93af-40d1-be99-f94846225c83"}</dcterms:identifier>
    <skos:prefLabel xml:lang="en">{"id": "facb45fa-de8a-4562-8f4e-12e683f1afd4", "value": "Supplementary planning guidance"}</skos:prefLabel>
  </skos:Concept>
  <skos:Concept rdf:about="http://localhost:8000/81586d4a-44b0-42d8-beae-89922f7355fb">
    <dcterms:identifier xml:lang="en">{"id": "1c7406e2-a8b5-4b3b-9786-fca696d941e6", "value": "http://localhost:8000/81586d4a-44b0-42d8-beae-89922f7355fb"}</dcterms:identifier>
    <skos:prefLabel xml:lang="en">{"id": "da19aaf6-54e3-4f78-bb4e-7803fb6b689a", "value": "Community Project and Land Management"}</skos:prefLabel>
    <skos:inScheme rdf:resource="http://localhost:8000/b0bded0f-7ce2-4071-ab57-04195c34b578"/>
  </skos:Concept>
  <skos:Concept rdf:about="http://localhost:8000/115fe008-ad84-4416-8565-7882dfc88fc8">
    <skos:narrower>
      <skos:Concept rdf:about="http://localhost:8000/5de7a2f4-cd15-4b9e-bc74-62b4a2d68933">
        <skos:prefLabel xml:lang="en">{"id": "982d766d-65b5-4af7-a47d-07df59033c06", "value": "Environmental Impact Assessment - Screening"}</skos:prefLabel>
        <skos:altLabel xml:lang="en">{"id": "15b7700a-10a2-4719-9486-236bfb1c4133", "value": "EIA Screening"}</skos:altLabel>
        <skos:inScheme rdf:resource="http://localhost:8000/b0bded0f-7ce2-4071-ab57-04195c34b578"/>
        <dcterms:identifier xml:lang="en">{"id": "b47ff63b-5a0d-45e8-b6a3-1c18baaeddfc", "value": "http://www.archesproject.org/5de7a2f4-cd15-4b9e-bc74-62b4a2d68933"}</dcterms:identifier>
      </skos:Concept>
    </skos:narrower>
    <dcterms:identifier xml:lang="en">{"id": "80239c66-a7f6-4c78-9c03-9f11a5081d59", "value": "http://www.archesproject.org/115fe008-ad84-4416-8565-7882dfc88fc8"}</dcterms:identifier>
    <skos:narrower>
      <skos:Concept rdf:about="http://localhost:8000/f9c4a5d8-cb38-4a77-af8b-12cd3b47a273">
        <skos:altLabel xml:lang="en">{"id": "43fad6ab-1a66-492c-bbb0-234f9b938c39", "value": "EIA Scoping"}</skos:altLabel>
        <dcterms:identifier xml:lang="en">{"id": "8cdc6dc8-762c-4d5a-9887-ca6c0b17d096", "value": "http://www.archesproject.org/f9c4a5d8-cb38-4a77-af8b-12cd3b47a273"}</dcterms:identifier>
        <skos:inScheme rdf:resource="http://localhost:8000/b0bded0f-7ce2-4071-ab57-04195c34b578"/>
        <skos:prefLabel xml:lang="en">{"id": "a132c13b-c9f6-4461-bae2-dcbf83b9dc51", "value": "Environmental Impact Assessment - Scoping"}</skos:prefLabel>
      </skos:Concept>
    </skos:narrower>
    <skos:inScheme rdf:resource="http://localhost:8000/b0bded0f-7ce2-4071-ab57-04195c34b578"/>
    <skos:prefLabel xml:lang="en">{"id": "912f51ef-89f9-4148-9550-7de0b48cd460", "value": "Environmental Impact Assessment"}</skos:prefLabel>
    <skos:altLabel xml:lang="en">{"id": "5991be35-5781-482a-a271-3d46ec8be51f", "value": "EIA"}</skos:altLabel>
  </skos:Concept>
  <skos:Concept rdf:about="http://localhost:8000/d15bfc49-8bd7-4437-9a99-63cee75181de">
    <skos:prefLabel xml:lang="en">{"id": "83a9587c-ab61-42a5-87f6-7b78d23b17ec", "value": "Prior Notification"}</skos:prefLabel>
    <skos:inScheme rdf:resource="http://localhost:8000/b0bded0f-7ce2-4071-ab57-04195c34b578"/>
    <dcterms:identifier xml:lang="en">{"id": "cea82261-4a71-4865-8a9d-e8c8183421b3", "value": "http://www.archesproject.org/d15bfc49-8bd7-4437-9a99-63cee75181de"}</dcterms:identifier>
  </skos:Concept>
  <skos:Concept rdf:about="http://localhost:8000/c535e7b5-83b5-48cb-a80c-a02b9863695b">
    <dcterms:identifier xml:lang="en">{"id": "f87564d3-0e45-4a5f-8ee2-b89b7b67cc0d", "value": "http://localhost:8000/c535e7b5-83b5-48cb-a80c-a02b9863695b"}</dcterms:identifier>
    <skos:prefLabel xml:lang="en">{"id": "9379a135-05d3-49d9-93ef-c517bc050632", "value": "Strategic Environmental Assessment Scoping"}</skos:prefLabel>
    <skos:inScheme rdf:resource="http://localhost:8000/b0bded0f-7ce2-4071-ab57-04195c34b578"/>
  </skos:Concept>
  <skos:Concept rdf:about="http://localhost:8000/00b381e0-ef7e-4b72-a480-f42a6908c58f">
    <dcterms:identifier xml:lang="en">{"id": "baa73f41-a6ba-42d7-959a-afb0ce2c056f", "value": "http://localhost:8000/00b381e0-ef7e-4b72-a480-f42a6908c58f"}</dcterms:identifier>
    <skos:inScheme rdf:resource="http://localhost:8000/b0bded0f-7ce2-4071-ab57-04195c34b578"/>
    <skos:prefLabel xml:lang="en">{"id": "cd7e33da-4582-4608-b7ff-6f9df0dcc807", "value": "Local Plan"}</skos:prefLabel>
  </skos:Concept>
  <skos:Concept rdf:about="http://localhost:8000/84f47bd3-3099-4fb6-afcf-314b0a53261f">
    <skos:prefLabel xml:lang="en">{"id": "e9b7a2bc-2614-4b1f-b516-12a4d69dd847", "value": "Enquiry"}</skos:prefLabel>
    <skos:inScheme rdf:resource="http://localhost:8000/b0bded0f-7ce2-4071-ab57-04195c34b578"/>
    <dcterms:identifier xml:lang="en">{"id": "36a95e07-357b-422c-8fa2-25426882a7a7", "value": "http://www.archesproject.org/84f47bd3-3099-4fb6-afcf-314b0a53261f"}</dcterms:identifier>
  </skos:Concept>
  <skos:Concept rdf:about="http://localhost:8000/57f3b612-1201-4459-8eed-487461e52a5b">
    <dcterms:identifier xml:lang="en">{"id": "f9b74612-2ef7-461d-93dd-49cc5c5715f8", "value": "http://localhost:8000/57f3b612-1201-4459-8eed-487461e52a5b"}</dcterms:identifier>
    <skos:inScheme rdf:resource="http://localhost:8000/b0bded0f-7ce2-4071-ab57-04195c34b578"/>
    <skos:prefLabel xml:lang="en">{"id": "efb260fd-3063-4337-a9a2-b92386a19983", "value": "SHINE"}</skos:prefLabel>
  </skos:Concept>
  <skos:Concept rdf:about="http://localhost:8000/2a047320-e3b7-4281-86cf-88b15f20fbe0">
    <skos:prefLabel xml:lang="en">{"id": "2a8213f1-560a-4ad8-ad69-ca0d2323d226", "value": "Lawful Development"}</skos:prefLabel>
    <dcterms:identifier xml:lang="en">{"id": "98401664-075e-4c72-88a7-d1a44b17c2b2", "value": "http://www.archesproject.org/2a047320-e3b7-4281-86cf-88b15f20fbe0"}</dcterms:identifier>
    <skos:inScheme rdf:resource="http://localhost:8000/b0bded0f-7ce2-4071-ab57-04195c34b578"/>
  </skos:Concept>
  <skos:Concept rdf:about="http://localhost:8000/95756cfd-4424-4b68-921e-5b0190097164">
    <dcterms:identifier xml:lang="en">{"id": "87b11e30-0853-4d8e-97bb-ce71f9f6522f", "value": "http://www.archesproject.org/95756cfd-4424-4b68-921e-5b0190097164"}</dcterms:identifier>
    <skos:prefLabel xml:lang="en">{"id": "84350ea2-108a-46bf-abc7-bedb39f59ebf", "value": "Reserved Details"}</skos:prefLabel>
    <skos:inScheme rdf:resource="http://localhost:8000/b0bded0f-7ce2-4071-ab57-04195c34b578"/>
  </skos:Concept>
  <skos:Concept rdf:about="http://localhost:8000/a0544685-48e5-495b-a8ad-575034e4f6dd">
    <skos:prefLabel xml:lang="en">{"id": "944b3341-00b8-43ea-9eef-bec55a5aac78", "value": "Conservation Area Consent"}</skos:prefLabel>
    <skos:inScheme rdf:resource="http://localhost:8000/b0bded0f-7ce2-4071-ab57-04195c34b578"/>
    <dcterms:identifier xml:lang="en">{"id": "a1597a89-8f53-4026-83f3-8ca1d5094540", "value": "http://localhost:8000/a0544685-48e5-495b-a8ad-575034e4f6dd"}</dcterms:identifier>
  </skos:Concept>
  <skos:Concept rdf:about="http://localhost:8000/74d28021-2a71-4a4a-974e-2f3a57c40cac">
    <skos:inScheme rdf:resource="http://localhost:8000/b0bded0f-7ce2-4071-ab57-04195c34b578"/>
    <skos:prefLabel xml:lang="en">{"id": "a4f9d49a-1881-412a-8b48-d3d30b2e8ff6", "value": "Neighbourhood Plan"}</skos:prefLabel>
    <dcterms:identifier xml:lang="en">{"id": "1bbff802-508b-4cac-b438-b083352a58f7", "value": "http://localhost:8000/74d28021-2a71-4a4a-974e-2f3a57c40cac"}</dcterms:identifier>
  </skos:Concept>
  <skos:Concept rdf:about="http://localhost:8000/3726d381-c5b7-4271-b813-596a9d8dec8f">
    <skos:inScheme rdf:resource="http://localhost:8000/b0bded0f-7ce2-4071-ab57-04195c34b578"/>
    <dcterms:identifier xml:lang="en">{"id": "fcc0a482-b520-4afb-8d2d-df2646470c21", "value": "http://localhost:8000/3726d381-c5b7-4271-b813-596a9d8dec8f"}</dcterms:identifier>
    <skos:prefLabel xml:lang="en">{"id": "14db8d8b-b9f9-4eaa-84a1-dbfa7038614b", "value": "Variation of Condition"}</skos:prefLabel>
  </skos:Concept>
  <skos:Concept rdf:about="http://localhost:8000/e468d61a-5312-48ee-a931-2ff397b2d651">
    <skos:prefLabel xml:lang="en-us">{"id": "222f671c-c5d3-4476-a3ab-caa78cd011d6", "value": "Reserved Matters"}</skos:prefLabel>
    <skos:inScheme rdf:resource="http://localhost:8000/b0bded0f-7ce2-4071-ab57-04195c34b578"/>
    <dcterms:identifier xml:lang="en">{"id": "2afa3b1c-ac54-4588-89ae-6f8964fa53b4", "value": "http://www.archesproject.org/e468d61a-5312-48ee-a931-2ff397b2d651"}</dcterms:identifier>
  </skos:Concept>
  <skos:Concept rdf:about="http://localhost:8000/4fd59deb-0d1c-4bee-a9cd-07dfdc3a95da">
    <dcterms:identifier xml:lang="en">{"id": "bc9cf0b3-ddd9-4866-8217-d28e499d0bed", "value": "http://localhost:8000/4fd59deb-0d1c-4bee-a9cd-07dfdc3a95da"}</dcterms:identifier>
    <skos:inScheme rdf:resource="http://localhost:8000/b0bded0f-7ce2-4071-ab57-04195c34b578"/>
    <skos:prefLabel xml:lang="en">{"id": "c3ccc176-e69d-41c9-82d2-38fa274f08ec", "value": "Nationally Significant Infrastructure Project"}</skos:prefLabel>
  </skos:Concept>
  <skos:Concept rdf:about="http://localhost:8000/55643e00-9610-4544-9b8d-7124aaaebaef">
    <skos:inScheme rdf:resource="http://localhost:8000/b0bded0f-7ce2-4071-ab57-04195c34b578"/>
    <dcterms:identifier xml:lang="en">{"id": "fe3056c2-23d5-4cc7-9167-8b56565debb1", "value": "http://localhost:8000/55643e00-9610-4544-9b8d-7124aaaebaef"}</dcterms:identifier>
    <skos:prefLabel xml:lang="en">{"id": "79317d51-601e-4a91-9d28-15342e1c59f2", "value": "Utility"}</skos:prefLabel>
  </skos:Concept>
  <skos:Concept rdf:about="http://localhost:8000/182930fa-fa71-4eb9-aa9d-fd9b09af9213">
    <skos:prefLabel xml:lang="en">{"id": "b5ab7860-a3b2-40e5-ad99-9594fcc43917", "value": "Householder"}</skos:prefLabel>
    <skos:inScheme rdf:resource="http://localhost:8000/b0bded0f-7ce2-4071-ab57-04195c34b578"/>
    <dcterms:identifier xml:lang="en">{"id": "2e21a0d3-03d2-41be-b4a0-67a61328dcaa", "value": "http://www.archesproject.org/182930fa-fa71-4eb9-aa9d-fd9b09af9213"}</dcterms:identifier>
  </skos:Concept>
  <skos:Concept rdf:about="http://localhost:8000/494840a9-983d-4645-9cef-f8816b86c5dd">
    <skos:inScheme rdf:resource="http://localhost:8000/b0bded0f-7ce2-4071-ab57-04195c34b578"/>
    <skos:prefLabel xml:lang="en">{"id": "c8ec8932-6b2e-4596-9452-d21b75ab0407", "value": "Outline Planning Consent"}</skos:prefLabel>
    <dcterms:identifier xml:lang="en">{"id": "ec75c386-b132-45a1-a8e7-0dec5a173833", "value": "http://www.archesproject.org/494840a9-983d-4645-9cef-f8816b86c5dd"}</dcterms:identifier>
  </skos:Concept>
  <skos:Concept rdf:about="http://localhost:8000/ece07abe-6196-4211-b73a-2d4e148031b2">
    <dcterms:identifier xml:lang="en">{"id": "24f1a23a-7e38-4817-9634-41f319793b1f", "value": "http://www.archesproject.org/ece07abe-6196-4211-b73a-2d4e148031b2"}</dcterms:identifier>
    <skos:prefLabel xml:lang="en">{"id": "3a6ff813-d492-4a65-a854-5c37b37580d7", "value": "Listed Building Certificate of Lawfulness proposed"}</skos:prefLabel>
    <skos:inScheme rdf:resource="http://localhost:8000/b0bded0f-7ce2-4071-ab57-04195c34b578"/>
  </skos:Concept>
  <skos:Concept rdf:about="http://localhost:8000/449e49db-18cf-452c-aaa3-28fca03ab63b">
    <skos:inScheme rdf:resource="http://localhost:8000/b0bded0f-7ce2-4071-ab57-04195c34b578"/>
    <dcterms:identifier xml:lang="en">{"id": "886fce12-f167-4c49-a0cd-aba3525b0b03", "value": "http://localhost:8000/449e49db-18cf-452c-aaa3-28fca03ab63b"}</dcterms:identifier>
    <skos:prefLabel xml:lang="en">{"id": "97f8e67b-0e3e-49cb-b634-da50d2a9abf9", "value": "Environment Agency Plan"}</skos:prefLabel>
  </skos:Concept>
  <skos:Concept rdf:about="http://localhost:8000/ba259dee-cd5a-4c5d-b763-31bfc17a3996">
    <dcterms:identifier xml:lang="en">{"id": "b6a8f0a3-b966-4fce-8ae0-e054bd96e107", "value": "http://localhost:8000/ba259dee-cd5a-4c5d-b763-31bfc17a3996"}</dcterms:identifier>
    <skos:inScheme rdf:resource="http://localhost:8000/b0bded0f-7ce2-4071-ab57-04195c34b578"/>
    <skos:prefLabel xml:lang="en">{"id": "afcb4d23-be0d-4c00-a140-61256365e10d", "value": "Planning Appeal"}</skos:prefLabel>
  </skos:Concept>
  <skos:Concept rdf:about="http://localhost:8000/36330b03-b816-49a0-bc91-762c94107c91">
    <skos:inScheme rdf:resource="http://localhost:8000/b0bded0f-7ce2-4071-ab57-04195c34b578"/>
    <dcterms:identifier xml:lang="en">{"id": "4b93071f-9140-4958-a087-bb2cd18c558a", "value": "http://www.archesproject.org/36330b03-b816-49a0-bc91-762c94107c91"}</dcterms:identifier>
    <skos:prefLabel xml:lang="en">{"id": "2f6bf899-56cb-49df-967c-19a1f3c5a70d", "value": "Prior Approval"}</skos:prefLabel>
  </skos:Concept>
</rdf:RDF>
