<?xml version="1.0" encoding="utf-8"?>
<rdf:RDF
  xmlns:skos="http://www.w3.org/2004/02/skos/core#"
  xmlns:dcterms="http://purl.org/dc/terms/"
  xmlns:rdf="http://www.w3.org/1999/02/22-rdf-syntax-ns#"
>
  <skos:Concept rdf:about="http://localhost:8000/cf17bab0-d843-4b10-af94-50f61c29e21c">
    <skos:inScheme>
      <skos:ConceptScheme rdf:about="http://localhost:8000/5a38cca8-14af-40b2-bf3a-86fe00a4b8d8">
        <dcterms:title xml:lang="en">{"id": "645a44bb-bc39-4783-a850-7b0b140a430b", "value": "Area Status"}</dcterms:title>
        <skos:hasTopConcept rdf:resource="http://localhost:8000/a8c249c5-c28e-4097-ab8a-7675953c67ce"/>
        <skos:hasTopConcept rdf:resource="http://localhost:8000/9e052317-0e98-408e-a245-ade3aa7623be"/>
        <skos:hasTopConcept rdf:resource="http://localhost:8000/2c1f2aed-d1b2-44cc-ac21-c0c94f2fe883"/>
        <skos:hasTopConcept rdf:resource="http://localhost:8000/9a371690-f3e7-4b4e-aa28-0165d21feaec"/>
        <skos:hasTopConcept rdf:resource="http://localhost:8000/d7861436-08d4-4faf-aeaa-e8aae2a96277"/>
        <skos:hasTopConcept rdf:resource="http://localhost:8000/cedfec8f-13c4-4ef4-a164-6a3b38b4af94"/>
        <skos:hasTopConcept rdf:resource="http://localhost:8000/a89640ba-ecb9-439d-a24c-354a3feb6cd5"/>
        <skos:hasTopConcept rdf:resource="http://localhost:8000/5481e277-748a-407c-bd19-7b7533e7c873"/>
        <skos:hasTopConcept rdf:resource="http://localhost:8000/8689ec31-7982-4bc0-b191-4aeb10505d2c"/>
        <skos:hasTopConcept rdf:resource="http://localhost:8000/1f15a40e-8fad-45be-998a-71bb212db394"/>
        <skos:hasTopConcept rdf:resource="http://localhost:8000/72e0cabf-9101-4075-9bf6-2e5a462a022e"/>
        <skos:hasTopConcept rdf:resource="http://localhost:8000/6d797a93-2f0d-4c5f-989b-872546ebeb86"/>
        <skos:hasTopConcept rdf:resource="http://localhost:8000/810a8e45-6d14-4e40-b8bf-bf88c510c88a"/>
        <skos:hasTopConcept rdf:resource="http://localhost:8000/9cca95e4-e703-452d-8852-b9cfe5703a1c"/>
        <skos:hasTopConcept rdf:resource="http://localhost:8000/6ca5e0cd-07d8-45ff-9330-b8ad9244ddd4"/>
        <skos:hasTopConcept rdf:resource="http://localhost:8000/51022369-2a7c-4910-8a0c-20c0b6a18b62"/>
        <skos:hasTopConcept rdf:resource="http://localhost:8000/2f5d4854-d5c4-429c-97c8-3a194867859f"/>
        <skos:hasTopConcept rdf:resource="http://localhost:8000/38434726-9f99-4412-846b-293755656cde"/>
        <skos:hasTopConcept rdf:resource="http://localhost:8000/0e095d42-7b6f-4cec-8cce-21950dbd25b2"/>
        <skos:hasTopConcept rdf:resource="http://localhost:8000/6d456ac5-cacb-4428-8f66-cf5ce04260f1"/>
        <skos:hasTopConcept rdf:resource="http://localhost:8000/3ff1f37f-88a5-4e92-8fa7-70db887b7448"/>
        <skos:hasTopConcept rdf:resource="http://localhost:8000/63d1ef21-c05f-451a-a185-77c6726d6662"/>
        <skos:hasTopConcept rdf:resource="http://localhost:8000/7bd5885c-2b93-4937-b772-e265fb0a20b7"/>
        <skos:hasTopConcept rdf:resource="http://localhost:8000/ab5bb715-8a20-4c0b-9c08-3d08810804a5"/>
        <skos:hasTopConcept rdf:resource="http://localhost:8000/cf17bab0-d843-4b10-af94-50f61c29e21c"/>
        <skos:hasTopConcept rdf:resource="http://localhost:8000/3a8492ad-7a37-4ab6-ae98-421b8606ee27"/>
        <skos:hasTopConcept rdf:resource="http://localhost:8000/ac81652c-633a-45e6-8071-9ac6c82dfe9e"/>
        <skos:hasTopConcept rdf:resource="http://localhost:8000/d8e246ab-1316-4f2d-badd-9417c1a8f0cc"/>
        <skos:hasTopConcept rdf:resource="http://localhost:8000/dd333f84-4517-4fe1-afde-14a3678c4ef1"/>
        <skos:hasTopConcept rdf:resource="http://localhost:8000/cfaa7087-d9be-4da2-b399-4436745ca2e9"/>
        <skos:hasTopConcept rdf:resource="http://localhost:8000/ad4d1242-94ce-4914-b136-f4d1bca70692"/>
        <skos:hasTopConcept rdf:resource="http://localhost:8000/d25da6ec-d233-41e8-9efa-7441018a150b"/>
        <skos:hasTopConcept rdf:resource="http://localhost:8000/4890a4be-319e-4e6b-8cdc-cc3cbc32ba1e"/>
        <dcterms:identifier xml:lang="en">{"id": "93db54c5-36f5-4d23-a41b-a13268e6da68", "value": "http://localhost:8000/5a38cca8-14af-40b2-bf3a-86fe00a4b8d8"}</dcterms:identifier>
        <skos:hasTopConcept rdf:resource="http://localhost:8000/0ec5d43f-3abe-4142-8835-24864cdb01fe"/>
        <skos:hasTopConcept rdf:resource="http://localhost:8000/38318344-89e0-46bb-b690-78f978e2070e"/>
        <skos:hasTopConcept rdf:resource="http://localhost:8000/79a61d01-3939-45b4-8f31-100411e2435b"/>
        <skos:hasTopConcept rdf:resource="http://localhost:8000/f8709632-ac68-4a35-a248-27ee9588e4ea"/>
        <skos:hasTopConcept rdf:resource="http://localhost:8000/ea8bf148-5d0f-4f4a-b0b3-9215934f724e"/>
        <skos:hasTopConcept rdf:resource="http://localhost:8000/c9c53b0e-a26c-4dde-9bde-7236d394cf7e"/>
        <skos:hasTopConcept rdf:resource="http://localhost:8000/2bfef6fc-b646-47e6-90d6-69ef3aebe076"/>
        <skos:hasTopConcept rdf:resource="http://localhost:8000/cf91901a-cc46-47bb-836d-26fe858ade7e"/>
        <skos:hasTopConcept rdf:resource="http://localhost:8000/7c36647b-8063-432c-af28-1f09df5767c0"/>
        <skos:hasTopConcept rdf:resource="http://localhost:8000/8bc25349-14dc-4080-a014-3629b58fd5a3"/>
      </skos:ConceptScheme>
    </skos:inScheme>
    <dcterms:identifier xml:lang="en">{"id": "945c69aa-1eee-4dee-b256-61f39d3b7941", "value": "http://localhost:8000/cf17bab0-d843-4b10-af94-50f61c29e21c"}</dcterms:identifier>
    <skos:prefLabel xml:lang="en">{"id": "ab096588-6128-4b45-b7fd-b73bd4b99802", "value": "Marine Archaeological Dive Trail"}</skos:prefLabel>
  </skos:Concept>
  <skos:Concept rdf:about="http://localhost:8000/0e095d42-7b6f-4cec-8cce-21950dbd25b2">
    <dcterms:identifier xml:lang="en">{"id": "2bf6f07a-88f1-4e97-8253-7a4e0a913b16", "value": "http://localhost:8000/0e095d42-7b6f-4cec-8cce-21950dbd25b2"}</dcterms:identifier>
    <skos:prefLabel xml:lang="en">{"id": "da200028-e353-47b8-97be-3c34261e384d", "value": "National Forest"}</skos:prefLabel>
    <skos:inScheme rdf:resource="http://localhost:8000/5a38cca8-14af-40b2-bf3a-86fe00a4b8d8"/>
  </skos:Concept>
  <skos:Concept rdf:about="http://localhost:8000/1f15a40e-8fad-45be-998a-71bb212db394">
    <dcterms:identifier xml:lang="en">{"id": "f7f3f0ce-eaad-4fab-9b8f-b83c369888cc", "value": "http://localhost:8000/1f15a40e-8fad-45be-998a-71bb212db394"}</dcterms:identifier>
    <skos:inScheme rdf:resource="http://localhost:8000/5a38cca8-14af-40b2-bf3a-86fe00a4b8d8"/>
    <skos:prefLabel xml:lang="en">{"id": "2ece6d13-ac82-4ea1-bd7e-ca8dd879b781", "value": "Guardianship Monument"}</skos:prefLabel>
  </skos:Concept>
  <skos:Concept rdf:about="http://localhost:8000/6d797a93-2f0d-4c5f-989b-872546ebeb86">
    <dcterms:identifier xml:lang="en">{"id": "d929ca62-4048-4bb9-8084-badd2868946f", "value": "http://localhost:8000/6d797a93-2f0d-4c5f-989b-872546ebeb86"}</dcterms:identifier>
    <skos:prefLabel xml:lang="en">{"id": "3c6ce034-b8f6-4053-973f-941fda12ec21", "value": "Military Maritime Grave"}</skos:prefLabel>
    <skos:inScheme rdf:resource="http://localhost:8000/5a38cca8-14af-40b2-bf3a-86fe00a4b8d8"/>
    <skos:scopeNote xml:lang="en">{"id": "86c689dc-55af-461c-8607-7d1112752c5c", "value": "A Vessel not designated under the Protection of Military Remains Act 1986, which sank or stranded in military service during the 20th century, with resultant loss of life."}</skos:scopeNote>
  </skos:Concept>
  <skos:Concept rdf:about="http://localhost:8000/2f5d4854-d5c4-429c-97c8-3a194867859f">
    <skos:inScheme rdf:resource="http://localhost:8000/5a38cca8-14af-40b2-bf3a-86fe00a4b8d8"/>
    <skos:prefLabel xml:lang="en">{"id": "91a8721a-782e-4eb1-bab2-9619af8f2200", "value": "National Park"}</skos:prefLabel>
    <dcterms:identifier xml:lang="en">{"id": "46ce8a01-5c00-4be2-9c1e-8f23d4deaeee", "value": "http://localhost:8000/2f5d4854-d5c4-429c-97c8-3a194867859f"}</dcterms:identifier>
  </skos:Concept>
  <skos:Concept rdf:about="http://localhost:8000/67cd05d1-f550-46b8-96c2-704bf4eb1acc">
    <skos:prefLabel xml:lang="en">{"id": "328ba4c6-e4bd-42d8-b865-5fe03cdd1f84", "value": "Mixed World Heritage Site"}</skos:prefLabel>
    <skos:inScheme rdf:resource="http://localhost:8000/5a38cca8-14af-40b2-bf3a-86fe00a4b8d8"/>
    <dcterms:identifier xml:lang="en">{"id": "275b7371-3b51-4f46-ad04-0153bfedec31", "value": "http://localhost:8000/67cd05d1-f550-46b8-96c2-704bf4eb1acc"}</dcterms:identifier>
  </skos:Concept>
  <skos:Concept rdf:about="http://localhost:8000/cedfec8f-13c4-4ef4-a164-6a3b38b4af94">
    <dcterms:identifier xml:lang="en">{"id": "5f501eda-e1b7-493d-8643-e2e766106cd5", "value": "http://localhost:8000/cedfec8f-13c4-4ef4-a164-6a3b38b4af94"}</dcterms:identifier>
    <skos:scopeNote xml:lang="en">{"id": "0faeec5d-8b5c-4692-bdfc-f8b86f9776f5", "value": "Nautical Archaeology Society scheme"}</skos:scopeNote>
    <skos:prefLabel xml:lang="en">{"id": "d8327844-9336-4928-8ba9-637448c6a6e5", "value": "Adopted Wreck"}</skos:prefLabel>
    <skos:inScheme rdf:resource="http://localhost:8000/5a38cca8-14af-40b2-bf3a-86fe00a4b8d8"/>
  </skos:Concept>
  <skos:Concept rdf:about="http://localhost:8000/8bc25349-14dc-4080-a014-3629b58fd5a3">
    <dcterms:identifier xml:lang="en">{"id": "4a3be347-23bf-4b1f-b6b3-bdb6520dcb10", "value": "http://localhost:8000/8bc25349-14dc-4080-a014-3629b58fd5a3"}</dcterms:identifier>
    <skos:prefLabel xml:lang="en">{"id": "7c256274-ff13-4ddb-b60c-d6d6adff0369", "value": "Crown Land"}</skos:prefLabel>
    <skos:inScheme rdf:resource="http://localhost:8000/5a38cca8-14af-40b2-bf3a-86fe00a4b8d8"/>
  </skos:Concept>
  <skos:Concept rdf:about="http://localhost:8000/4890a4be-319e-4e6b-8cdc-cc3cbc32ba1e">
    <skos:scopeNote xml:lang="en">{"id": "90c569ac-952a-4b38-ab7c-61eff6f890f0", "value": "Land in Ecclesiastical use"}</skos:scopeNote>
    <dcterms:identifier xml:lang="en">{"id": "6f9e456a-7868-4491-a322-9c7dc01106cc", "value": "http://localhost:8000/4890a4be-319e-4e6b-8cdc-cc3cbc32ba1e"}</dcterms:identifier>
    <skos:prefLabel xml:lang="en">{"id": "e26930e3-8e93-482e-915e-3063147fa645", "value": "Ecclesiastical Use"}</skos:prefLabel>
    <skos:inScheme rdf:resource="http://localhost:8000/5a38cca8-14af-40b2-bf3a-86fe00a4b8d8"/>
  </skos:Concept>
  <skos:Concept rdf:about="http://localhost:8000/38318344-89e0-46bb-b690-78f978e2070e">
    <skos:narrower>
      <skos:Concept rdf:about="http://localhost:8000/8b7317af-2922-4472-a2c0-9c5955f537c8">
        <skos:inScheme rdf:resource="http://localhost:8000/5a38cca8-14af-40b2-bf3a-86fe00a4b8d8"/>
        <skos:prefLabel xml:lang="en">{"id": "f00e18f9-18fb-4067-9a03-5367387c6600", "value": "Archaeological Priority Area - Tier II"}</skos:prefLabel>
        <dcterms:identifier xml:lang="en">{"id": "334cc7be-9e74-43f4-9631-1a4b286aab3a", "value": "http://localhost:8000/8b7317af-2922-4472-a2c0-9c5955f537c8"}</dcterms:identifier>
      </skos:Concept>
    </skos:narrower>
    <skos:narrower>
      <skos:Concept rdf:about="http://localhost:8000/fc3c8112-b850-4059-9616-3905d220c919">
        <skos:prefLabel xml:lang="en">{"id": "b0ead8fe-a2d1-413e-8e68-b8395954129a", "value": "Archaeological Priority Area - Tier III"}</skos:prefLabel>
        <skos:inScheme rdf:resource="http://localhost:8000/5a38cca8-14af-40b2-bf3a-86fe00a4b8d8"/>
        <dcterms:identifier xml:lang="en">{"id": "6790af0f-2768-4a0e-926f-b74a956879d4", "value": "http://localhost:8000/fc3c8112-b850-4059-9616-3905d220c919"}</dcterms:identifier>
      </skos:Concept>
    </skos:narrower>
    <skos:narrower>
      <skos:Concept rdf:about="http://localhost:8000/bca4e119-9f70-4129-b150-68874d448bfe">
        <dcterms:identifier xml:lang="en">{"id": "a8de202e-e98d-4181-abd8-92b05bad7cf6", "value": "http://localhost:8000/bca4e119-9f70-4129-b150-68874d448bfe"}</dcterms:identifier>
        <skos:inScheme rdf:resource="http://localhost:8000/5a38cca8-14af-40b2-bf3a-86fe00a4b8d8"/>
        <skos:prefLabel xml:lang="en">{"id": "b5f7a958-6eb8-49ec-abf0-4d3d56bb1f39", "value": "Archaeological Priority Area - Tier I"}</skos:prefLabel>
      </skos:Concept>
    </skos:narrower>
    <skos:prefLabel xml:lang="en">{"id": "792d3808-40e4-468a-9519-41acd93e50a9", "value": "Archaeological Priority Area"}</skos:prefLabel>
    <skos:inScheme rdf:resource="http://localhost:8000/5a38cca8-14af-40b2-bf3a-86fe00a4b8d8"/>
    <dcterms:identifier xml:lang="en">{"id": "0f8a962f-f42d-4f3c-b76c-8faae5d46462", "value": "http://localhost:8000/38318344-89e0-46bb-b690-78f978e2070e"}</dcterms:identifier>
  </skos:Concept>
  <skos:Concept rdf:about="http://localhost:8000/2bfef6fc-b646-47e6-90d6-69ef3aebe076">
    <dcterms:identifier xml:lang="en">{"id": "43a236a1-3adf-4ee7-8c50-ba5ace9877cd", "value": "http://localhost:8000/2bfef6fc-b646-47e6-90d6-69ef3aebe076"}</dcterms:identifier>
    <skos:inScheme rdf:resource="http://localhost:8000/5a38cca8-14af-40b2-bf3a-86fe00a4b8d8"/>
    <skos:prefLabel xml:lang="en">{"id": "604fd5de-20b4-40f8-82f5-3e60bd390571", "value": "Area of Outstanding Natural Beauty"}</skos:prefLabel>
  </skos:Concept>
  <skos:Concept rdf:about="http://localhost:8000/d8e246ab-1316-4f2d-badd-9417c1a8f0cc">
    <skos:prefLabel xml:lang="en">{"id": "84985826-d4d4-47ee-9e76-bb9d9bb0aa8b", "value": "Alternative Action Report"}</skos:prefLabel>
    <skos:inScheme rdf:resource="http://localhost:8000/5a38cca8-14af-40b2-bf3a-86fe00a4b8d8"/>
    <skos:scopeNote xml:lang="en">{"id": "225189fb-1a6a-4503-b26d-60b6394995f5", "value": "An Alternative Action report is generated for a site where scheduling has been considered but not recommended."}</skos:scopeNote>
    <dcterms:identifier xml:lang="en">{"id": "201fe4ac-b749-414c-ab7f-137d067642d4", "value": "http://localhost:8000/d8e246ab-1316-4f2d-badd-9417c1a8f0cc"}</dcterms:identifier>
  </skos:Concept>
  <skos:Concept rdf:about="http://localhost:8000/cf91901a-cc46-47bb-836d-26fe858ade7e">
    <skos:inScheme rdf:resource="http://localhost:8000/5a38cca8-14af-40b2-bf3a-86fe00a4b8d8"/>
    <skos:prefLabel xml:lang="en">{"id": "47d9b99f-fdbe-4737-9dc3-9e09234f6ed1", "value": "De-Designated Wreck"}</skos:prefLabel>
    <dcterms:identifier xml:lang="en">{"id": "a09f8cf5-46e0-47f8-9ff3-1472c9ce54f4", "value": "http://localhost:8000/cf91901a-cc46-47bb-836d-26fe858ade7e"}</dcterms:identifier>
    <skos:scopeNote xml:lang="en">{"id": "a9db8e89-e3fb-4f9b-b984-cb4e85b277f4", "value": "A legally protected wreck that is no longer designated."}</skos:scopeNote>
  </skos:Concept>
  <skos:Concept rdf:about="http://localhost:8000/5481e277-748a-407c-bd19-7b7533e7c873">
    <dcterms:identifier xml:lang="en">{"id": "106498b5-14a7-4572-bc41-024336f129dd", "value": "http://localhost:8000/5481e277-748a-407c-bd19-7b7533e7c873"}</dcterms:identifier>
    <skos:prefLabel xml:lang="en">{"id": "868ee15c-4683-45f1-91ea-688762547228", "value": "Scheduled Monument"}</skos:prefLabel>
    <skos:inScheme rdf:resource="http://localhost:8000/5a38cca8-14af-40b2-bf3a-86fe00a4b8d8"/>
  </skos:Concept>
  <skos:Concept rdf:about="http://localhost:8000/63d1ef21-c05f-451a-a185-77c6726d6662">
    <skos:prefLabel xml:lang="en">{"id": "f6012199-aab1-4393-99fb-0a939cb0f534", "value": "Listed Building"}</skos:prefLabel>
    <dcterms:identifier xml:lang="en">{"id": "a8210b03-d195-4139-8e84-0b5e67a74bb5", "value": "http://localhost:8000/63d1ef21-c05f-451a-a185-77c6726d6662"}</dcterms:identifier>
    <skos:inScheme rdf:resource="http://localhost:8000/5a38cca8-14af-40b2-bf3a-86fe00a4b8d8"/>
  </skos:Concept>
  <skos:Concept rdf:about="http://localhost:8000/7bd5885c-2b93-4937-b772-e265fb0a20b7">
    <dcterms:identifier xml:lang="en">{"id": "5405ecfe-ec39-4594-a223-fbe54a499350", "value": "http://localhost:8000/7bd5885c-2b93-4937-b772-e265fb0a20b7"}</dcterms:identifier>
    <skos:inScheme rdf:resource="http://localhost:8000/5a38cca8-14af-40b2-bf3a-86fe00a4b8d8"/>
    <skos:prefLabel xml:lang="en">{"id": "7fba2b6c-6c07-43b7-bff3-3adbf13e28ca", "value": "Environmentally Sensitive Area"}</skos:prefLabel>
  </skos:Concept>
  <skos:Concept rdf:about="http://localhost:8000/dd333f84-4517-4fe1-afde-14a3678c4ef1">
    <skos:inScheme rdf:resource="http://localhost:8000/5a38cca8-14af-40b2-bf3a-86fe00a4b8d8"/>
    <skos:prefLabel xml:lang="en">{"id": "8aa4364b-0824-474b-88f3-c6deaaa040c0", "value": "Public Right of Way"}</skos:prefLabel>
    <dcterms:identifier xml:lang="en">{"id": "702d18b8-4dbf-4f58-aa2f-d152398dfd0d", "value": "http://localhost:8000/dd333f84-4517-4fe1-afde-14a3678c4ef1"}</dcterms:identifier>
  </skos:Concept>
  <skos:Concept rdf:about="http://localhost:8000/810a8e45-6d14-4e40-b8bf-bf88c510c88a">
    <dcterms:identifier xml:lang="en">{"id": "fa7d6195-c64d-4b26-bca4-5354b71580e3", "value": "http://localhost:8000/810a8e45-6d14-4e40-b8bf-bf88c510c88a"}</dcterms:identifier>
    <skos:altLabel xml:lang="en">{"id": "901ea84e-4aae-4a0c-a1ea-800782ff1b77", "value": "OGD"}</skos:altLabel>
    <skos:scopeNote xml:lang="en">{"id": "298f5758-876b-4490-9b42-64d607f710f5", "value": "Owned or used by another Government Dept, administered by DOE"}</skos:scopeNote>
    <skos:prefLabel xml:lang="en">{"id": "f100ab71-a86d-470a-918d-a6cc7fb4b220", "value": "Other Government Department"}</skos:prefLabel>
    <skos:inScheme rdf:resource="http://localhost:8000/5a38cca8-14af-40b2-bf3a-86fe00a4b8d8"/>
  </skos:Concept>
  <skos:Concept rdf:about="http://localhost:8000/9e052317-0e98-408e-a245-ade3aa7623be">
    <skos:inScheme rdf:resource="http://localhost:8000/5a38cca8-14af-40b2-bf3a-86fe00a4b8d8"/>
    <skos:prefLabel xml:lang="en">{"id": "f00b6c10-9f2a-4460-8a86-7a3eb646bdc9", "value": "National Trust"}</skos:prefLabel>
    <dcterms:identifier xml:lang="en">{"id": "897cd9ce-64b5-417e-8008-6fca9a97a603", "value": "http://localhost:8000/9e052317-0e98-408e-a245-ade3aa7623be"}</dcterms:identifier>
    <skos:scopeNote xml:lang="en">{"id": "eeb25e5a-bc20-432c-909b-a6bb0deb02da", "value": "Land owned and managed by the National Trust."}</skos:scopeNote>
  </skos:Concept>
  <skos:Concept rdf:about="http://localhost:8000/cfaa7087-d9be-4da2-b399-4436745ca2e9">
    <skos:inScheme rdf:resource="http://localhost:8000/5a38cca8-14af-40b2-bf3a-86fe00a4b8d8"/>
    <dcterms:identifier xml:lang="en">{"id": "c4e51d66-885a-4519-87ad-2dfc349718f7", "value": "http://localhost:8000/cfaa7087-d9be-4da2-b399-4436745ca2e9"}</dcterms:identifier>
    <skos:prefLabel xml:lang="en">{"id": "87c4fab9-7a58-423a-8e99-e8d29d4693ad", "value": "Outstanding Conservation Area"}</skos:prefLabel>
  </skos:Concept>
  <skos:Concept rdf:about="http://localhost:8000/8689ec31-7982-4bc0-b191-4aeb10505d2c">
    <skos:narrower>
      <skos:Concept rdf:about="http://localhost:8000/f1b65632-1314-4bb6-b86d-dde73ada7f4a">
        <skos:prefLabel xml:lang="en">{"id": "3ab4dc6e-c4ff-421a-95a6-fd702cb0e63b", "value": "Cultural World Heritage Site"}</skos:prefLabel>
        <skos:inScheme rdf:resource="http://localhost:8000/5a38cca8-14af-40b2-bf3a-86fe00a4b8d8"/>
        <dcterms:identifier xml:lang="en">{"id": "cc904b54-5832-4d8c-8dcf-fd8860a27f40", "value": "http://localhost:8000/f1b65632-1314-4bb6-b86d-dde73ada7f4a"}</dcterms:identifier>
      </skos:Concept>
    </skos:narrower>
    <dcterms:identifier xml:lang="en">{"id": "a60c982b-05b4-49f8-b6d3-36108cb5118e", "value": "http://localhost:8000/8689ec31-7982-4bc0-b191-4aeb10505d2c"}</dcterms:identifier>
    <skos:narrower>
      <skos:Concept rdf:about="http://localhost:8000/04599ef8-6d54-485f-a36e-ac77ce4a225b">
        <skos:prefLabel xml:lang="en">{"id": "d57a3d2c-ff3c-403c-9a13-5183e38366a3", "value": "Natural World Heritage Site"}</skos:prefLabel>
        <dcterms:identifier xml:lang="en">{"id": "e2359dd9-2797-4c2f-8951-6e4972419304", "value": "http://localhost:8000/04599ef8-6d54-485f-a36e-ac77ce4a225b"}</dcterms:identifier>
        <skos:inScheme rdf:resource="http://localhost:8000/5a38cca8-14af-40b2-bf3a-86fe00a4b8d8"/>
      </skos:Concept>
    </skos:narrower>
    <skos:narrower rdf:resource="http://localhost:8000/67cd05d1-f550-46b8-96c2-704bf4eb1acc"/>
    <skos:inScheme rdf:resource="http://localhost:8000/5a38cca8-14af-40b2-bf3a-86fe00a4b8d8"/>
    <skos:prefLabel xml:lang="en">{"id": "75b8c907-c7f2-47d0-970f-bd544e91d31b", "value": "World Heritage Site"}</skos:prefLabel>
  </skos:Concept>
  <skos:Concept rdf:about="http://localhost:8000/3ff1f37f-88a5-4e92-8fa7-70db887b7448">
    <skos:scopeNote xml:lang="en">{"id": "a3cda0b1-a2ad-4c53-b592-23f6d6f90db5", "value": "Formerly included in the Historic England register of parks and gardens."}</skos:scopeNote>
    <skos:prefLabel xml:lang="en">{"id": "f3590d5c-8847-49bc-8f7f-685e90ca7f97", "value": "De-Registered Park or Garden"}</skos:prefLabel>
    <dcterms:identifier xml:lang="en">{"id": "c56cd4e3-26b3-4f94-b7a9-343120585fc1", "value": "http://localhost:8000/3ff1f37f-88a5-4e92-8fa7-70db887b7448"}</dcterms:identifier>
    <skos:inScheme rdf:resource="http://localhost:8000/5a38cca8-14af-40b2-bf3a-86fe00a4b8d8"/>
    <skos:altLabel xml:lang="en">{"id": "a4d23fe8-b378-4900-ac99-c92214001fd1", "value": "REGISTER OF PARKS AND GARDENS DEREGISTERED"}</skos:altLabel>
  </skos:Concept>
  <skos:Concept rdf:about="http://localhost:8000/f8709632-ac68-4a35-a248-27ee9588e4ea">
    <skos:scopeNote xml:lang="en">{"id": "8ab50ab2-832d-47a8-b0ed-7fe6d2c4de84", "value": "A designation under the Protection of Military Remains Act 1986 that includes the remains of any aircraft which crashed, or any vessel designated (by name, not location) which sank or stranded, in military service after 4th August 1914."}</skos:scopeNote>
    <skos:prefLabel xml:lang="en">{"id": "906cf4d7-feab-492c-b00c-3e7a731ddc5d", "value": "Military Remains Controlled Site"}</skos:prefLabel>
    <dcterms:identifier xml:lang="en">{"id": "73133fdf-ebd4-41ed-ae11-ad49f5d4e66e", "value": "http://localhost:8000/f8709632-ac68-4a35-a248-27ee9588e4ea"}</dcterms:identifier>
    <skos:inScheme rdf:resource="http://localhost:8000/5a38cca8-14af-40b2-bf3a-86fe00a4b8d8"/>
  </skos:Concept>
  <skos:Concept rdf:about="http://localhost:8000/72e0cabf-9101-4075-9bf6-2e5a462a022e">
    <dcterms:identifier xml:lang="en">{"id": "514a69f9-7b9d-4633-ade9-d952868c6772", "value": "http://localhost:8000/72e0cabf-9101-4075-9bf6-2e5a462a022e"}</dcterms:identifier>
    <skos:scopeNote xml:lang="en">{"id": "68ccb7ec-a207-487d-8913-9669c2d51957", "value": "Land owned by the Duchy of Cornwall"}</skos:scopeNote>
    <skos:inScheme rdf:resource="http://localhost:8000/5a38cca8-14af-40b2-bf3a-86fe00a4b8d8"/>
    <skos:prefLabel xml:lang="en">{"id": "3622a404-2b5f-4042-8cd1-54cdb8080b96", "value": "Duchy of Cornwall"}</skos:prefLabel>
  </skos:Concept>
  <skos:Concept rdf:about="http://localhost:8000/d25da6ec-d233-41e8-9efa-7441018a150b">
    <dcterms:identifier xml:lang="en">{"id": "d6559ef7-c6c0-4f93-8726-01637fb61f7e", "value": "http://localhost:8000/d25da6ec-d233-41e8-9efa-7441018a150b"}</dcterms:identifier>
    <skos:prefLabel xml:lang="en">{"id": "bc4cdcf1-b166-49a7-904b-72220f3640cd", "value": "SHINE - Selected Heritage Inventory for Natural England"}</skos:prefLabel>
    <skos:inScheme rdf:resource="http://localhost:8000/5a38cca8-14af-40b2-bf3a-86fe00a4b8d8"/>
  </skos:Concept>
  <skos:Concept rdf:about="http://localhost:8000/38434726-9f99-4412-846b-293755656cde">
    <dcterms:identifier xml:lang="en">{"id": "72ffc8bb-4573-4084-887d-799d5fa82469", "value": "http://localhost:8000/38434726-9f99-4412-846b-293755656cde"}</dcterms:identifier>
    <skos:scopeNote xml:lang="en">{"id": "68b1582f-b82e-4c66-a495-a2796f7501ef", "value": "Within County Council ownership"}</skos:scopeNote>
    <skos:inScheme rdf:resource="http://localhost:8000/5a38cca8-14af-40b2-bf3a-86fe00a4b8d8"/>
    <skos:prefLabel xml:lang="en">{"id": "6f54c7d1-40dc-4dc1-8646-5e7b9207fc53", "value": "County Council Ownership"}</skos:prefLabel>
  </skos:Concept>
  <skos:Concept rdf:about="http://localhost:8000/ab5bb715-8a20-4c0b-9c08-3d08810804a5">
    <skos:prefLabel xml:lang="en">{"id": "144aacb9-5206-47b1-a8f4-d200c5a902f2", "value": "Descheduled Monument"}</skos:prefLabel>
    <skos:inScheme rdf:resource="http://localhost:8000/5a38cca8-14af-40b2-bf3a-86fe00a4b8d8"/>
    <dcterms:identifier xml:lang="en">{"id": "29599341-c1b6-4c48-b64f-48d639370517", "value": "http://localhost:8000/ab5bb715-8a20-4c0b-9c08-3d08810804a5"}</dcterms:identifier>
    <skos:scopeNote xml:lang="en">{"id": "607b5a14-6574-4968-a8b9-89dc08356702", "value": "Formerly a scheduled monument now descheduled"}</skos:scopeNote>
  </skos:Concept>
  <skos:Concept rdf:about="http://localhost:8000/3a8492ad-7a37-4ab6-ae98-421b8606ee27">
    <skos:scopeNote xml:lang="en">{"id": "d955887a-1bcb-4ca1-a2a5-ad93edae2bb1", "value": "A designation under the Protection of Military Remains Act 1986 that encompass the remains of a military aircraft or a vessel sunk or stranded in military service within the last two hundred years."}</skos:scopeNote>
    <dcterms:identifier xml:lang="en">{"id": "7dafb1cc-75de-4639-bd96-d8b615832bef", "value": "http://localhost:8000/3a8492ad-7a37-4ab6-ae98-421b8606ee27"}</dcterms:identifier>
    <skos:inScheme rdf:resource="http://localhost:8000/5a38cca8-14af-40b2-bf3a-86fe00a4b8d8"/>
    <skos:prefLabel xml:lang="en">{"id": "e979ee58-7bc6-4014-b524-294c775922d7", "value": "Military Remains Protected Place"}</skos:prefLabel>
  </skos:Concept>
  <skos:Concept rdf:about="http://localhost:8000/a89640ba-ecb9-439d-a24c-354a3feb6cd5">
    <skos:prefLabel xml:lang="en">{"id": "f3041854-0055-4a30-a7d8-e27908704d5d", "value": "Registered Park or Garden"}</skos:prefLabel>
    <skos:inScheme rdf:resource="http://localhost:8000/5a38cca8-14af-40b2-bf3a-86fe00a4b8d8"/>
    <dcterms:identifier xml:lang="en">{"id": "fd2d07c2-70a5-4989-bfa2-242f79567afd", "value": "http://localhost:8000/a89640ba-ecb9-439d-a24c-354a3feb6cd5"}</dcterms:identifier>
    <skos:altLabel xml:lang="en">{"id": "238e3544-616b-428b-8f1c-2f64fa6eb82b", "value": "REGISTER OF PARKS AND GARDENS"}</skos:altLabel>
  </skos:Concept>
  <skos:Concept rdf:about="http://localhost:8000/a8c249c5-c28e-4097-ab8a-7675953c67ce">
    <dcterms:identifier xml:lang="en">{"id": "99f0cd50-eaa4-4916-9df3-fb2b6d29af71", "value": "http://localhost:8000/a8c249c5-c28e-4097-ab8a-7675953c67ce"}</dcterms:identifier>
    <skos:prefLabel xml:lang="en">{"id": "ecb90811-8e3c-4ab9-8587-864fd97ca50d", "value": "Country Park"}</skos:prefLabel>
    <skos:inScheme rdf:resource="http://localhost:8000/5a38cca8-14af-40b2-bf3a-86fe00a4b8d8"/>
  </skos:Concept>
  <skos:Concept rdf:about="http://localhost:8000/c9c53b0e-a26c-4dde-9bde-7236d394cf7e">
    <skos:inScheme rdf:resource="http://localhost:8000/5a38cca8-14af-40b2-bf3a-86fe00a4b8d8"/>
    <skos:prefLabel xml:lang="en">{"id": "c547fe71-eebb-44ca-8260-b7ae1e034183", "value": "Non-Designated Decisisions"}</skos:prefLabel>
    <dcterms:identifier xml:lang="en">{"id": "80925bec-8100-4fb6-9835-031d86aa61eb", "value": "http://localhost:8000/c9c53b0e-a26c-4dde-9bde-7236d394cf7e"}</dcterms:identifier>
    <skos:scopeNote xml:lang="en">{"id": "5bbf5103-d98c-4738-bce9-cb546fe95313", "value": "Only use for sites considered for designation but not ultimately listed or scheduled."}</skos:scopeNote>
  </skos:Concept>
  <skos:Concept rdf:about="http://localhost:8000/51022369-2a7c-4910-8a0c-20c0b6a18b62">
    <dcterms:identifier xml:lang="en">{"id": "e989ffdf-92fb-4446-88e8-17e12fb3f863", "value": "http://localhost:8000/51022369-2a7c-4910-8a0c-20c0b6a18b62"}</dcterms:identifier>
    <skos:inScheme rdf:resource="http://localhost:8000/5a38cca8-14af-40b2-bf3a-86fe00a4b8d8"/>
    <skos:prefLabel xml:lang="en">{"id": "6168d3df-03b3-4f61-8879-e69c3e91f503", "value": "Conservation Area"}</skos:prefLabel>
  </skos:Concept>
  <skos:Concept rdf:about="http://localhost:8000/6d456ac5-cacb-4428-8f66-cf5ce04260f1">
    <skos:inScheme rdf:resource="http://localhost:8000/5a38cca8-14af-40b2-bf3a-86fe00a4b8d8"/>
    <skos:prefLabel xml:lang="en">{"id": "db753f97-996f-4bf5-9f5f-55bd07a03d8a", "value": "Delisted Building"}</skos:prefLabel>
    <dcterms:identifier xml:lang="en">{"id": "d03d3d3b-3f85-472a-b2bc-43d9fcc8f385", "value": "http://localhost:8000/6d456ac5-cacb-4428-8f66-cf5ce04260f1"}</dcterms:identifier>
    <skos:altLabel xml:lang="en">{"id": "98751d5b-b3a2-476e-897b-4f60833d446a", "value": "LISTED BUILDING DELISTED"}</skos:altLabel>
  </skos:Concept>
  <skos:Concept rdf:about="http://localhost:8000/ac81652c-633a-45e6-8071-9ac6c82dfe9e">
    <skos:prefLabel xml:lang="en">{"id": "a216129a-e657-4865-950b-f3835ec746d8", "value": "Common Land"}</skos:prefLabel>
    <dcterms:identifier xml:lang="en">{"id": "9a84a663-00a5-4d9b-b3e1-e8c649af57c1", "value": "http://localhost:8000/ac81652c-633a-45e6-8071-9ac6c82dfe9e"}</dcterms:identifier>
    <skos:inScheme rdf:resource="http://localhost:8000/5a38cca8-14af-40b2-bf3a-86fe00a4b8d8"/>
  </skos:Concept>
  <skos:Concept rdf:about="http://localhost:8000/9a371690-f3e7-4b4e-aa28-0165d21feaec">
    <dcterms:identifier xml:lang="en">{"id": "9430d00e-4d93-446f-b9ee-5e1b84aab60d", "value": "http://localhost:8000/9a371690-f3e7-4b4e-aa28-0165d21feaec"}</dcterms:identifier>
    <skos:prefLabel xml:lang="en">{"id": "06c9f0a5-1fb6-4057-948c-37c254532447", "value": "Crown Estate"}</skos:prefLabel>
    <skos:scopeNote xml:lang="en">{"id": "479065af-fa14-4002-8214-e047c58929c9", "value": "Land owned by Crown Estate"}</skos:scopeNote>
    <skos:inScheme rdf:resource="http://localhost:8000/5a38cca8-14af-40b2-bf3a-86fe00a4b8d8"/>
  </skos:Concept>
  <skos:Concept rdf:about="http://localhost:8000/6ca5e0cd-07d8-45ff-9330-b8ad9244ddd4">
    <dcterms:identifier xml:lang="en">{"id": "916015e9-f9f9-4a73-be00-c1f4c9616548", "value": "http://localhost:8000/6ca5e0cd-07d8-45ff-9330-b8ad9244ddd4"}</dcterms:identifier>
    <skos:inScheme rdf:resource="http://localhost:8000/5a38cca8-14af-40b2-bf3a-86fe00a4b8d8"/>
    <skos:prefLabel xml:lang="en">{"id": "eccfb39f-e822-4571-85e0-4a6017a0bbaa", "value": "Designated Wreck"}</skos:prefLabel>
  </skos:Concept>
  <skos:Concept rdf:about="http://localhost:8000/79a61d01-3939-45b4-8f31-100411e2435b">
    <skos:inScheme rdf:resource="http://localhost:8000/5a38cca8-14af-40b2-bf3a-86fe00a4b8d8"/>
    <skos:prefLabel xml:lang="en">{"id": "24df4011-f1e6-48cc-bff1-2fd2ce7bb1eb", "value": "Heritage Coast"}</skos:prefLabel>
    <dcterms:identifier xml:lang="en">{"id": "af7415c7-3d76-41c8-bd07-cfc1c8e5c16c", "value": "http://localhost:8000/79a61d01-3939-45b4-8f31-100411e2435b"}</dcterms:identifier>
  </skos:Concept>
  <skos:Concept rdf:about="http://localhost:8000/0ec5d43f-3abe-4142-8835-24864cdb01fe">
    <skos:prefLabel xml:lang="en">{"id": "beb85d7d-2a60-4a23-a13e-a344684624aa", "value": "National Nature Reserve"}</skos:prefLabel>
    <skos:inScheme rdf:resource="http://localhost:8000/5a38cca8-14af-40b2-bf3a-86fe00a4b8d8"/>
    <dcterms:identifier xml:lang="en">{"id": "117503b8-bda1-42ab-af0f-8ec126a20023", "value": "http://localhost:8000/0ec5d43f-3abe-4142-8835-24864cdb01fe"}</dcterms:identifier>
  </skos:Concept>
  <skos:Concept rdf:about="http://localhost:8000/ad4d1242-94ce-4914-b136-f4d1bca70692">
    <skos:scopeNote xml:lang="en">{"id": "df85950a-55d7-4796-84ba-a3d4b10d7228", "value": "Area of Archaeological Importance"}</skos:scopeNote>
    <skos:inScheme rdf:resource="http://localhost:8000/5a38cca8-14af-40b2-bf3a-86fe00a4b8d8"/>
    <dcterms:identifier xml:lang="en">{"id": "5cffb844-984d-466f-bbc0-e6017011b37a", "value": "http://localhost:8000/ad4d1242-94ce-4914-b136-f4d1bca70692"}</dcterms:identifier>
    <skos:prefLabel xml:lang="en">{"id": "1a3aec83-29ae-4920-add7-abd7c244eaca", "value": "Area of Archaeological Importance"}</skos:prefLabel>
  </skos:Concept>
  <skos:Concept rdf:about="http://localhost:8000/2c1f2aed-d1b2-44cc-ac21-c0c94f2fe883">
    <skos:prefLabel xml:lang="en">{"id": "2ff0e8b3-af31-468e-a7cc-d167f8ccff20", "value": "Registered Battlefield"}</skos:prefLabel>
    <skos:inScheme rdf:resource="http://localhost:8000/5a38cca8-14af-40b2-bf3a-86fe00a4b8d8"/>
    <dcterms:identifier xml:lang="en">{"id": "d32a783d-09b2-487c-89d2-5a1be3faa6a0", "value": "http://localhost:8000/2c1f2aed-d1b2-44cc-ac21-c0c94f2fe883"}</dcterms:identifier>
  </skos:Concept>
  <skos:Concept rdf:about="http://localhost:8000/ea8bf148-5d0f-4f4a-b0b3-9215934f724e">
    <skos:prefLabel xml:lang="en">{"id": "67e3fe92-b90d-46a6-ac23-b70daaafbe2e", "value": "New Forest Heritage Area"}</skos:prefLabel>
    <dcterms:identifier xml:lang="en">{"id": "8a611b32-6fd4-4788-86f7-c6057e7fbb8a", "value": "http://localhost:8000/ea8bf148-5d0f-4f4a-b0b3-9215934f724e"}</dcterms:identifier>
    <skos:inScheme rdf:resource="http://localhost:8000/5a38cca8-14af-40b2-bf3a-86fe00a4b8d8"/>
  </skos:Concept>
  <skos:Concept rdf:about="http://localhost:8000/9cca95e4-e703-452d-8852-b9cfe5703a1c">
    <dcterms:identifier xml:lang="en">{"id": "81040e25-5055-420f-a368-39fa7d398869", "value": "http://localhost:8000/9cca95e4-e703-452d-8852-b9cfe5703a1c"}</dcterms:identifier>
    <skos:prefLabel xml:lang="en">{"id": "d894274a-7636-41fd-9e63-4af3bb262f66", "value": "Site of Special Scientific Interest"}</skos:prefLabel>
    <skos:inScheme rdf:resource="http://localhost:8000/5a38cca8-14af-40b2-bf3a-86fe00a4b8d8"/>
  </skos:Concept>
  <skos:Concept rdf:about="http://localhost:8000/7c36647b-8063-432c-af28-1f09df5767c0">
    <skos:prefLabel xml:lang="en">{"id": "da5cb12e-01a0-4d1e-a761-d191c0e4e612", "value": "Local Nature Reserve"}</skos:prefLabel>
    <skos:inScheme rdf:resource="http://localhost:8000/5a38cca8-14af-40b2-bf3a-86fe00a4b8d8"/>
    <dcterms:identifier xml:lang="en">{"id": "e6adbad6-1ec9-49bf-a4e3-c59e918bb78c", "value": "http://localhost:8000/7c36647b-8063-432c-af28-1f09df5767c0"}</dcterms:identifier>
  </skos:Concept>
  <skos:Concept rdf:about="http://localhost:8000/d7861436-08d4-4faf-aeaa-e8aae2a96277">
    <skos:inScheme rdf:resource="http://localhost:8000/5a38cca8-14af-40b2-bf3a-86fe00a4b8d8"/>
    <skos:prefLabel xml:lang="en">{"id": "22400511-f989-4f3c-9ca2-be2abe5968cf", "value": "Public Access"}</skos:prefLabel>
    <skos:altLabel xml:lang="en">{"id": "9d4bfff4-368a-4887-8787-f3584f89f953", "value": "PA"}</skos:altLabel>
    <dcterms:identifier xml:lang="en">{"id": "296bd710-b2ba-46b9-8c93-32f9345e7495", "value": "http://localhost:8000/d7861436-08d4-4faf-aeaa-e8aae2a96277"}</dcterms:identifier>
  </skos:Concept>
</rdf:RDF>
