<?xml version="1.0" encoding="utf-8"?>
<rdf:RDF
  xmlns:skos="http://www.w3.org/2004/02/skos/core#"
  xmlns:dcterms="http://purl.org/dc/terms/"
  xmlns:rdf="http://www.w3.org/1999/02/22-rdf-syntax-ns#"
>
  <skos:Concept rdf:about="http://localhost:8000/ad6278af-6ca9-4c43-bef1-8cb0db35076d">
    <dcterms:identifier xml:lang="en">{"id": "8a075497-67a6-4735-9e1a-620c2e46b44f", "value": "http://www.archesproject.org/ad6278af-6ca9-4c43-bef1-8cb0db35076d"}</dcterms:identifier>
    <skos:inScheme>
      <skos:ConceptScheme rdf:about="http://localhost:8000/29c0f92a-ab10-472e-ae8a-5c8c16b1d31b">
        <skos:hasTopConcept rdf:resource="http://localhost:8000/92eeb5de-c56f-49ea-b78a-3526411a2118"/>
        <skos:hasTopConcept rdf:resource="http://localhost:8000/d1e502a7-8662-4591-93ba-5a3e694c1501"/>
        <skos:hasTopConcept rdf:resource="http://localhost:8000/e20d5100-4273-4087-851b-d19b8b29ef3e"/>
        <skos:hasTopConcept rdf:resource="http://localhost:8000/88f46ad2-db94-40c5-93f8-3986122d0520"/>
        <dcterms:title xml:lang="en">{"id": "c8cc1b6c-ef63-42fb-9ebb-a846cd298162", "value": "Audit Outcome"}</dcterms:title>
        <skos:hasTopConcept rdf:resource="http://localhost:8000/5aad635c-b4af-4edb-a038-c293feb1d01a"/>
        <skos:hasTopConcept rdf:resource="http://localhost:8000/ad6278af-6ca9-4c43-bef1-8cb0db35076d"/>
        <skos:hasTopConcept rdf:resource="http://localhost:8000/10683cd0-0283-41bd-b149-833fcf7c8ee2"/>
        <skos:hasTopConcept rdf:resource="http://localhost:8000/13b78893-da45-427b-80cf-dd5f0e35ffc0"/>
        <skos:hasTopConcept rdf:resource="http://localhost:8000/b6e7800c-cfb8-4ae6-8982-a056c4dd12b8"/>
        <dcterms:identifier xml:lang="en">{"id": "920a9a7b-dc55-4b76-b7e3-832034e726ec", "value": "http://www.archesproject.org/29c0f92a-ab10-472e-ae8a-5c8c16b1d31b"}</dcterms:identifier>
        <skos:hasTopConcept rdf:resource="http://localhost:8000/144b91a1-347e-4575-be67-894c1bae3af8"/>
      </skos:ConceptScheme>
    </skos:inScheme>
    <skos:prefLabel xml:lang="en">{"id": "861bab07-194e-4851-ada8-df0454796a02", "value": "Admin Error"}</skos:prefLabel>
  </skos:Concept>
  <skos:Concept rdf:about="http://localhost:8000/10683cd0-0283-41bd-b149-833fcf7c8ee2">
    <dcterms:identifier xml:lang="en">{"id": "75aee97e-6189-4f81-ad73-95de24463a3b", "value": "http://www.archesproject.org/10683cd0-0283-41bd-b149-833fcf7c8ee2"}</dcterms:identifier>
    <skos:inScheme rdf:resource="http://localhost:8000/29c0f92a-ab10-472e-ae8a-5c8c16b1d31b"/>
    <skos:prefLabel xml:lang="en">{"id": "13101783-a518-49cf-bd76-96a6c7cbd36a", "value": "Information Unavailable"}</skos:prefLabel>
  </skos:Concept>
  <skos:Concept rdf:about="http://localhost:8000/d1e502a7-8662-4591-93ba-5a3e694c1501">
    <dcterms:identifier xml:lang="en">{"id": "45906e88-dda8-4b62-b659-dd02459a6c02", "value": "http://www.archesproject.org/d1e502a7-8662-4591-93ba-5a3e694c1501"}</dcterms:identifier>
    <skos:prefLabel xml:lang="en">{"id": "8a6c0ba7-ba3b-4dd5-8841-7d3dce67992a", "value": "Other"}</skos:prefLabel>
    <skos:inScheme rdf:resource="http://localhost:8000/29c0f92a-ab10-472e-ae8a-5c8c16b1d31b"/>
  </skos:Concept>
  <skos:Concept rdf:about="http://localhost:8000/13b78893-da45-427b-80cf-dd5f0e35ffc0">
    <skos:prefLabel xml:lang="en">{"id": "d88ae150-86db-4f45-b2e7-d27bffef34cf", "value": "IT Failure"}</skos:prefLabel>
    <dcterms:identifier xml:lang="en">{"id": "72a774ed-c00e-4e57-a79a-ca1219b46d11", "value": "http://www.archesproject.org/13b78893-da45-427b-80cf-dd5f0e35ffc0"}</dcterms:identifier>
    <skos:inScheme rdf:resource="http://localhost:8000/29c0f92a-ab10-472e-ae8a-5c8c16b1d31b"/>
  </skos:Concept>
  <skos:Concept rdf:about="http://localhost:8000/e20d5100-4273-4087-851b-d19b8b29ef3e">
    <skos:inScheme rdf:resource="http://localhost:8000/29c0f92a-ab10-472e-ae8a-5c8c16b1d31b"/>
    <dcterms:identifier xml:lang="en">{"id": "5df6d144-cf9e-4d28-b590-deb13ff707e1", "value": "http://www.archesproject.org/e20d5100-4273-4087-851b-d19b8b29ef3e"}</dcterms:identifier>
    <skos:prefLabel xml:lang="en">{"id": "75d85528-5fc8-475c-b609-0fc30ebc89be", "value": "Workload"}</skos:prefLabel>
  </skos:Concept>
  <skos:Concept rdf:about="http://localhost:8000/5aad635c-b4af-4edb-a038-c293feb1d01a">
    <dcterms:identifier xml:lang="en">{"id": "18736ef5-736f-4346-9a44-ed34ebeb7d80", "value": "http://www.archesproject.org/5aad635c-b4af-4edb-a038-c293feb1d01a"}</dcterms:identifier>
    <skos:inScheme rdf:resource="http://localhost:8000/29c0f92a-ab10-472e-ae8a-5c8c16b1d31b"/>
    <skos:prefLabel xml:lang="en">{"id": "1a4ff798-9c2f-4468-b26b-24ef7ca117f7", "value": "Sick Leave"}</skos:prefLabel>
  </skos:Concept>
  <skos:Concept rdf:about="http://localhost:8000/88f46ad2-db94-40c5-93f8-3986122d0520">
    <dcterms:identifier xml:lang="en">{"id": "0c394c43-270d-4d4b-8167-d69791397e55", "value": "http://www.archesproject.org/88f46ad2-db94-40c5-93f8-3986122d0520"}</dcterms:identifier>
    <skos:prefLabel xml:lang="en">{"id": "070611e4-9121-49b4-a50d-a45e4b2b1b8f", "value": "Specialist Site Visit Required"}</skos:prefLabel>
    <skos:inScheme rdf:resource="http://localhost:8000/29c0f92a-ab10-472e-ae8a-5c8c16b1d31b"/>
  </skos:Concept>
  <skos:Concept rdf:about="http://localhost:8000/b6e7800c-cfb8-4ae6-8982-a056c4dd12b8">
    <skos:inScheme rdf:resource="http://localhost:8000/29c0f92a-ab10-472e-ae8a-5c8c16b1d31b"/>
    <skos:prefLabel xml:lang="en">{"id": "71239b1b-124a-4aad-883a-8335128984e1", "value": "Leave"}</skos:prefLabel>
    <dcterms:identifier xml:lang="en">{"id": "4ca66deb-d260-48e3-8a1d-5682210681e5", "value": "http://www.archesproject.org/b6e7800c-cfb8-4ae6-8982-a056c4dd12b8"}</dcterms:identifier>
  </skos:Concept>
  <skos:Concept rdf:about="http://localhost:8000/92eeb5de-c56f-49ea-b78a-3526411a2118">
    <skos:prefLabel xml:lang="en">{"id": "598b2d97-d709-40fe-9c5c-47a4efb2f035", "value": "Further Information Required"}</skos:prefLabel>
    <dcterms:identifier xml:lang="en">{"id": "b0b9e93a-aaf7-4c82-b0de-1b5679c3c3d1", "value": "http://www.archesproject.org/92eeb5de-c56f-49ea-b78a-3526411a2118"}</dcterms:identifier>
    <skos:inScheme rdf:resource="http://localhost:8000/29c0f92a-ab10-472e-ae8a-5c8c16b1d31b"/>
  </skos:Concept>
  <skos:Concept rdf:about="http://localhost:8000/144b91a1-347e-4575-be67-894c1bae3af8">
    <skos:prefLabel xml:lang="en">{"id": "af768a3d-5cf3-4f90-a5e5-40fe3b1e4250", "value": "Extended Deadline"}</skos:prefLabel>
    <dcterms:identifier xml:lang="en">{"id": "0d3e6c9b-2bfb-4284-9dde-137e80ec98c4", "value": "http://www.archesproject.org/144b91a1-347e-4575-be67-894c1bae3af8"}</dcterms:identifier>
    <skos:inScheme rdf:resource="http://localhost:8000/29c0f92a-ab10-472e-ae8a-5c8c16b1d31b"/>
  </skos:Concept>
</rdf:RDF>
