<?xml version="1.0" encoding="utf-8"?>
<rdf:RDF
  xmlns:skos="http://www.w3.org/2004/02/skos/core#"
  xmlns:dcterms="http://purl.org/dc/terms/"
  xmlns:rdf="http://www.w3.org/1999/02/22-rdf-syntax-ns#"
>
  <skos:ConceptScheme rdf:about="http://localhost:8000/9f154634-0cf4-46a7-aa61-856b7cf31255">
    <skos:hasTopConcept>
      <skos:Concept rdf:about="http://localhost:8000/21895fcf-1008-4fbd-bad1-c787c205dacd">
        <skos:inScheme rdf:resource="http://localhost:8000/9f154634-0cf4-46a7-aa61-856b7cf31255"/>
        <skos:prefLabel xml:lang="en-us">{"id": "1d7ef942-22d6-45f9-af6d-513ed50a6e9f", "value": "Public"}</skos:prefLabel>
        <dcterms:identifier xml:lang="en">{"id": "62661c29-1868-40da-8db5-5009f07acf20", "value": "http://localhost:8000/21895fcf-1008-4fbd-bad1-c787c205dacd"}</dcterms:identifier>
      </skos:Concept>
    </skos:hasTopConcept>
    <skos:hasTopConcept>
      <skos:Concept rdf:about="http://localhost:8000/563f1da7-2f38-445d-95be-64c3d3b26259">
        <dcterms:identifier xml:lang="en">{"id": "0d957d1c-60ba-4b9c-b3f8-1f1bc8bb4006", "value": "http://localhost:8000/563f1da7-2f38-445d-95be-64c3d3b26259"}</dcterms:identifier>
        <skos:prefLabel xml:lang="en">{"id": "ec176d2c-bfd1-4d1b-b8a2-48c83f786368", "value": "Children"}</skos:prefLabel>
        <skos:inScheme rdf:resource="http://localhost:8000/9f154634-0cf4-46a7-aa61-856b7cf31255"/>
      </skos:Concept>
    </skos:hasTopConcept>
    <skos:hasTopConcept>
      <skos:Concept rdf:about="http://localhost:8000/2423e05f-a665-4067-8b9f-44b4ef5d0323">
        <dcterms:identifier xml:lang="en">{"id": "0eb5b14d-45b6-4ef5-9000-257916fd00d9", "value": "http://localhost:8000/2423e05f-a665-4067-8b9f-44b4ef5d0323"}</dcterms:identifier>
        <skos:inScheme rdf:resource="http://localhost:8000/9f154634-0cf4-46a7-aa61-856b7cf31255"/>
        <skos:prefLabel xml:lang="en">{"id": "0114158a-9009-4e42-a307-16d31c733690", "value": "Adults"}</skos:prefLabel>
      </skos:Concept>
    </skos:hasTopConcept>
    <skos:hasTopConcept>
      <skos:Concept rdf:about="http://localhost:8000/28e3309a-7b54-40eb-9afe-8a681abc886c">
        <dcterms:identifier xml:lang="en">{"id": "a0799b95-3c2d-456c-a4e5-62aea6df5d5a", "value": "http://localhost:8000/28e3309a-7b54-40eb-9afe-8a681abc886c"}</dcterms:identifier>
        <skos:inScheme rdf:resource="http://localhost:8000/9f154634-0cf4-46a7-aa61-856b7cf31255"/>
        <skos:prefLabel xml:lang="en">{"id": "0f17301e-05ff-4667-8f5f-e8070256d5af", "value": "Private"}</skos:prefLabel>
      </skos:Concept>
    </skos:hasTopConcept>
    <dcterms:identifier xml:lang="en">{"id": "d6028775-b4b2-4a07-90db-b2a5e4dc7731", "value": "http://localhost:8000/9f154634-0cf4-46a7-aa61-856b7cf31255"}</dcterms:identifier>
    <dcterms:title xml:lang="en">{"id": "ccd74344-7389-46ad-a6a6-06173cf94fc9", "value": "Audience Type"}</dcterms:title>
    <skos:hasTopConcept>
      <skos:Concept rdf:about="http://localhost:8000/e392f3c6-6b73-4a5c-8040-3500f2794f4e">
        <skos:prefLabel xml:lang="en">{"id": "0d872ae6-ec1e-43c4-bdf6-835d800b59a6", "value": "Academics"}</skos:prefLabel>
        <skos:inScheme rdf:resource="http://localhost:8000/9f154634-0cf4-46a7-aa61-856b7cf31255"/>
        <dcterms:identifier xml:lang="en">{"id": "521fc86c-753d-4cb4-8c12-04315e259eb7", "value": "http://localhost:8000/e392f3c6-6b73-4a5c-8040-3500f2794f4e"}</dcterms:identifier>
      </skos:Concept>
    </skos:hasTopConcept>
  </skos:ConceptScheme>
</rdf:RDF>
