<?xml version="1.0" encoding="utf-8"?>
<rdf:RDF
  xmlns:skos="http://www.w3.org/2004/02/skos/core#"
  xmlns:rdf="http://www.w3.org/1999/02/22-rdf-syntax-ns#"
  xmlns:dcterms="http://purl.org/dc/terms/"
>
  <skos:Concept rdf:about="http://localhost:8000/2ff5c8f1-1d8a-450d-8852-224bb9806dc7">
    <dcterms:identifier xml:lang="en">{"id": "1de29b8c-3b1e-4596-8d69-1cd50ebef9a7", "value": "http://localhost:8000/2ff5c8f1-1d8a-450d-8852-224bb9806dc7"}</dcterms:identifier>
    <skos:scopeNote xml:lang="en">{"id": "a4efe7de-058a-42e2-9402-a787300836e7", "value": "1:1250 Mod"}</skos:scopeNote>
    <skos:inScheme>
      <skos:ConceptScheme rdf:about="http://localhost:8000/9d1c194a-f11f-434c-9d6a-26e7719c1eab">
        <skos:hasTopConcept rdf:resource="http://localhost:8000/89f59700-59c9-4c12-8998-dbb5ef5a83c2"/>
        <skos:hasTopConcept rdf:resource="http://localhost:8000/ab1e716d-3d42-4485-a2a8-de1d649db73e"/>
        <skos:hasTopConcept rdf:resource="http://localhost:8000/4f982a1f-49ef-4807-b602-a6c10c9814cb"/>
        <skos:hasTopConcept rdf:resource="http://localhost:8000/ee7af86f-56b4-4d55-a3a2-a572c26d6cf9"/>
        <skos:hasTopConcept rdf:resource="http://localhost:8000/2743adc7-8741-4a0f-bcc3-7b87d3a79102"/>
        <skos:hasTopConcept rdf:resource="http://localhost:8000/b1821541-d278-41ba-85e6-422a1a82ba80"/>
        <skos:hasTopConcept rdf:resource="http://localhost:8000/1a75d51f-475c-428a-a382-d1cf370bae9a"/>
        <skos:hasTopConcept rdf:resource="http://localhost:8000/8bd91ee0-66bc-44a5-bc43-62d53ff92b55"/>
        <skos:hasTopConcept rdf:resource="http://localhost:8000/2ff5c8f1-1d8a-450d-8852-224bb9806dc7"/>
        <dcterms:title xml:lang="en">{"id": "74467549-d91d-4ed0-a8a7-c56bf4e2b001", "value": "Capture Scale"}</dcterms:title>
        <dcterms:identifier xml:lang="en">{"id": "76ceae37-cbf6-4ec0-bcdf-800a28dd832e", "value": "http://localhost:8000/9d1c194a-f11f-434c-9d6a-26e7719c1eab"}</dcterms:identifier>
        <skos:hasTopConcept rdf:resource="http://localhost:8000/423cce43-566c-4742-9033-33cda9fd6b66"/>
        <skos:hasTopConcept rdf:resource="http://localhost:8000/fb9065c5-9076-42a8-aac3-bf2bdba9f718"/>
        <skos:hasTopConcept rdf:resource="http://localhost:8000/1bfa0927-c091-476d-a2f6-bede1b64e359"/>
      </skos:ConceptScheme>
    </skos:inScheme>
    <skos:prefLabel xml:lang="en">{"id": "14597fae-831f-494d-aff1-be96461f7eba", "value": "1:1250"}</skos:prefLabel>
  </skos:Concept>
  <skos:Concept rdf:about="http://localhost:8000/89f59700-59c9-4c12-8998-dbb5ef5a83c2">
    <skos:inScheme rdf:resource="http://localhost:8000/9d1c194a-f11f-434c-9d6a-26e7719c1eab"/>
    <skos:scopeNote xml:lang="en">{"id": "c1b172c0-dd3c-40be-b306-859710100cbd", "value": "1:1056 Hist TP"}</skos:scopeNote>
    <skos:prefLabel xml:lang="en">{"id": "f02dff97-62a7-419b-b607-a96b3952f381", "value": "1:1056"}</skos:prefLabel>
    <dcterms:identifier xml:lang="en">{"id": "ff7adf02-49bd-49af-843f-81eafbe6b57c", "value": "http://localhost:8000/89f59700-59c9-4c12-8998-dbb5ef5a83c2"}</dcterms:identifier>
  </skos:Concept>
  <skos:Concept rdf:about="http://localhost:8000/b1821541-d278-41ba-85e6-422a1a82ba80">
    <skos:inScheme rdf:resource="http://localhost:8000/9d1c194a-f11f-434c-9d6a-26e7719c1eab"/>
    <skos:scopeNote xml:lang="en">{"id": "62b11092-527a-440b-a9c0-9c32f5f2f3bd", "value": "1:2640 Hist TP"}</skos:scopeNote>
    <skos:prefLabel xml:lang="en">{"id": "5132cab3-09a3-4975-82a6-2d789a158035", "value": "1:2640"}</skos:prefLabel>
    <dcterms:identifier xml:lang="en">{"id": "10d11786-cd77-4ab0-a646-5bfacccc10ce", "value": "http://localhost:8000/b1821541-d278-41ba-85e6-422a1a82ba80"}</dcterms:identifier>
  </skos:Concept>
  <skos:Concept rdf:about="http://localhost:8000/2743adc7-8741-4a0f-bcc3-7b87d3a79102">
    <skos:scopeNote xml:lang="en">{"id": "756068a3-378e-41e2-bd54-6f8c03336645", "value": "1:500 Hist TP"}</skos:scopeNote>
    <dcterms:identifier xml:lang="en">{"id": "647b7f5d-a408-4ee9-b4e5-91f5570f0778", "value": "http://localhost:8000/2743adc7-8741-4a0f-bcc3-7b87d3a79102"}</dcterms:identifier>
    <skos:inScheme rdf:resource="http://localhost:8000/9d1c194a-f11f-434c-9d6a-26e7719c1eab"/>
    <skos:prefLabel xml:lang="en">{"id": "0aeee697-3d33-4c94-834a-52bd84dc8807", "value": "1:500"}</skos:prefLabel>
  </skos:Concept>
  <skos:Concept rdf:about="http://localhost:8000/ee7af86f-56b4-4d55-a3a2-a572c26d6cf9">
    <skos:scopeNote xml:lang="en">{"id": "19bc4537-fdf8-4da4-ac37-7b0d7a49cf6b", "value": "1:2500 Mod"}</skos:scopeNote>
    <skos:prefLabel xml:lang="en">{"id": "6e34e30e-9ef8-48fa-b986-4ee0c8fe5395", "value": "1:2500"}</skos:prefLabel>
    <dcterms:identifier xml:lang="en">{"id": "4c0f3b1f-4a2e-4122-b838-d82ccf3b42ed", "value": "http://localhost:8000/ee7af86f-56b4-4d55-a3a2-a572c26d6cf9"}</dcterms:identifier>
    <skos:inScheme rdf:resource="http://localhost:8000/9d1c194a-f11f-434c-9d6a-26e7719c1eab"/>
  </skos:Concept>
  <skos:Concept rdf:about="http://localhost:8000/ab1e716d-3d42-4485-a2a8-de1d649db73e">
    <dcterms:identifier xml:lang="en">{"id": "a1ad0cc8-7e8c-448c-8a04-c2319931c539", "value": "http://localhost:8000/ab1e716d-3d42-4485-a2a8-de1d649db73e"}</dcterms:identifier>
    <skos:prefLabel xml:lang="en">{"id": "9c4c235b-ae05-49d9-bd17-05d5059435a6", "value": "1:10560"}</skos:prefLabel>
    <skos:scopeNote xml:lang="en">{"id": "e3bbb274-8494-415a-a2d0-222b2d7b41d8", "value": "1:10560 Hist Map"}</skos:scopeNote>
    <skos:inScheme rdf:resource="http://localhost:8000/9d1c194a-f11f-434c-9d6a-26e7719c1eab"/>
  </skos:Concept>
  <skos:Concept rdf:about="http://localhost:8000/1a75d51f-475c-428a-a382-d1cf370bae9a">
    <skos:scopeNote xml:lang="en">{"id": "e46ae9d6-84c2-4fa3-9e07-57e176c01a7b", "value": "1:25K Mod"}</skos:scopeNote>
    <skos:inScheme rdf:resource="http://localhost:8000/9d1c194a-f11f-434c-9d6a-26e7719c1eab"/>
    <dcterms:identifier xml:lang="en">{"id": "fd0912ca-6bc7-46c0-9283-97ade383fa4c", "value": "http://localhost:8000/1a75d51f-475c-428a-a382-d1cf370bae9a"}</dcterms:identifier>
    <skos:prefLabel xml:lang="en">{"id": "a62df9fb-1919-4d01-90f5-5f57f520d27f", "value": "1:25000"}</skos:prefLabel>
  </skos:Concept>
  <skos:Concept rdf:about="http://localhost:8000/8bd91ee0-66bc-44a5-bc43-62d53ff92b55">
    <dcterms:identifier xml:lang="en">{"id": "cc178f5f-bfc6-476f-b33b-d4d39f9cebdf", "value": "http://localhost:8000/8bd91ee0-66bc-44a5-bc43-62d53ff92b55"}</dcterms:identifier>
    <skos:prefLabel xml:lang="en">{"id": "5cfdc599-978d-4685-bb0c-dff3ca650873", "value": "1:10000"}</skos:prefLabel>
    <skos:scopeNote xml:lang="en">{"id": "bf8c9510-f89b-4b51-8d26-6c75060b747f", "value": "1:10K Mod"}</skos:scopeNote>
    <skos:inScheme rdf:resource="http://localhost:8000/9d1c194a-f11f-434c-9d6a-26e7719c1eab"/>
  </skos:Concept>
  <skos:Concept rdf:about="http://localhost:8000/1bfa0927-c091-476d-a2f6-bede1b64e359">
    <dcterms:identifier xml:lang="en">{"id": "d8707625-8ce8-4b3a-8ded-a930bbf760a9", "value": "http://localhost:8000/1bfa0927-c091-476d-a2f6-bede1b64e359"}</dcterms:identifier>
    <skos:inScheme rdf:resource="http://localhost:8000/9d1c194a-f11f-434c-9d6a-26e7719c1eab"/>
    <skos:prefLabel xml:lang="en">{"id": "57d020d3-ff05-4c33-bab1-a7915d72b070", "value": "Unknown"}</skos:prefLabel>
  </skos:Concept>
  <skos:Concept rdf:about="http://localhost:8000/4f982a1f-49ef-4807-b602-a6c10c9814cb">
    <dcterms:identifier xml:lang="en">{"id": "e1b83ab9-3fef-49c8-9fa9-6c6889548d1a", "value": "http://localhost:8000/4f982a1f-49ef-4807-b602-a6c10c9814cb"}</dcterms:identifier>
    <skos:prefLabel xml:lang="en">{"id": "74c7e4d7-0c9d-4edc-8e64-81d6fc2bda9d", "value": "1:528"}</skos:prefLabel>
    <skos:inScheme rdf:resource="http://localhost:8000/9d1c194a-f11f-434c-9d6a-26e7719c1eab"/>
    <skos:scopeNote xml:lang="en">{"id": "46ad2041-5f82-48d2-9214-73557aca649d", "value": "1:528 Hist TP"}</skos:scopeNote>
  </skos:Concept>
  <skos:Concept rdf:about="http://localhost:8000/423cce43-566c-4742-9033-33cda9fd6b66">
    <skos:scopeNote xml:lang="en">{"id": "c5c76700-3d36-45ea-b3ec-697e0d0e6526", "value": "1:5280 Hist TP"}</skos:scopeNote>
    <skos:inScheme rdf:resource="http://localhost:8000/9d1c194a-f11f-434c-9d6a-26e7719c1eab"/>
    <dcterms:identifier xml:lang="en">{"id": "55aadbd2-6aa5-4fda-b110-88d99b352efa", "value": "http://localhost:8000/423cce43-566c-4742-9033-33cda9fd6b66"}</dcterms:identifier>
    <skos:prefLabel xml:lang="en">{"id": "303fa636-9126-469f-b56c-c382a746dc95", "value": "1:5280"}</skos:prefLabel>
  </skos:Concept>
  <skos:Concept rdf:about="http://localhost:8000/fb9065c5-9076-42a8-aac3-bf2bdba9f718">
    <skos:prefLabel xml:lang="en">{"id": "9046bd8e-1c6e-467f-acd3-ee2db707e900", "value": "1:2501"}</skos:prefLabel>
    <skos:scopeNote xml:lang="en">{"id": "2046e2ef-7f07-4bc8-8ac1-6eb570b454d3", "value": "1:2500 Historic Map"}</skos:scopeNote>
    <skos:inScheme rdf:resource="http://localhost:8000/9d1c194a-f11f-434c-9d6a-26e7719c1eab"/>
    <dcterms:identifier xml:lang="en">{"id": "b78d638a-b42e-4c74-bbb1-b33bc33c5868", "value": "http://localhost:8000/fb9065c5-9076-42a8-aac3-bf2bdba9f718"}</dcterms:identifier>
  </skos:Concept>
</rdf:RDF>
