<?xml version="1.0" encoding="utf-8"?>
<rdf:RDF
  xmlns:skos="http://www.w3.org/2004/02/skos/core#"
  xmlns:dcterms="http://purl.org/dc/terms/"
  xmlns:rdf="http://www.w3.org/1999/02/22-rdf-syntax-ns#"
>
  <skos:Concept rdf:about="http://localhost:8000/179a8de4-4ad6-468c-97c4-4a62780cc98d">
    <skos:prefLabel xml:lang="en">{"id": "5098a178-ec32-4041-8999-a10d73cd826e", "value": "Probable"}</skos:prefLabel>
    <skos:inScheme>
      <skos:ConceptScheme rdf:about="http://localhost:8000/0b11949b-464a-4c0b-8177-3d137f9df857">
        <skos:hasTopConcept rdf:resource="http://localhost:8000/179a8de4-4ad6-468c-97c4-4a62780cc98d"/>
        <skos:hasTopConcept rdf:resource="http://localhost:8000/faea4c23-e89f-477a-b97c-50bc08f489c1"/>
        <dcterms:title xml:lang="en">{"id": "df9bed22-c6fc-4c1a-86e3-11f7650354a4", "value": "Certainty Type"}</dcterms:title>
        <dcterms:identifier xml:lang="en">{"id": "b08262b8-ce99-42b0-9b55-256588338dad", "value": "http://localhost:8000/0b11949b-464a-4c0b-8177-3d137f9df857"}</dcterms:identifier>
        <skos:hasTopConcept rdf:resource="http://localhost:8000/9333e08e-6407-434d-95b3-798c9cf5537c"/>
        <skos:hasTopConcept rdf:resource="http://localhost:8000/ef70b9c8-2317-46de-b8b3-73497d9d2fed"/>
      </skos:ConceptScheme>
    </skos:inScheme>
    <dcterms:identifier xml:lang="en">{"id": "03e43db9-ff15-4698-bf7a-31e180a13cd7", "value": "http://localhost:8000/179a8de4-4ad6-468c-97c4-4a62780cc98d"}</dcterms:identifier>
  </skos:Concept>
  <skos:Concept rdf:about="http://localhost:8000/faea4c23-e89f-477a-b97c-50bc08f489c1">
    <skos:inScheme rdf:resource="http://localhost:8000/0b11949b-464a-4c0b-8177-3d137f9df857"/>
    <skos:prefLabel xml:lang="en">{"id": "2d32062f-80b4-4293-94aa-46653ba5c632", "value": "Uncertain"}</skos:prefLabel>
    <dcterms:identifier xml:lang="en">{"id": "31140d68-7f98-42f5-8e0e-4b7ee3e62ea6", "value": "http://localhost:8000/faea4c23-e89f-477a-b97c-50bc08f489c1"}</dcterms:identifier>
  </skos:Concept>
  <skos:Concept rdf:about="http://localhost:8000/ef70b9c8-2317-46de-b8b3-73497d9d2fed">
    <dcterms:identifier xml:lang="en">{"id": "527fd519-10aa-42a5-9fe9-81652839a7c2", "value": "http://localhost:8000/ef70b9c8-2317-46de-b8b3-73497d9d2fed"}</dcterms:identifier>
    <skos:prefLabel xml:lang="en">{"id": "ab5445d1-514c-4ab5-9f92-c7d0c68c46f1", "value": "Certain"}</skos:prefLabel>
    <skos:inScheme rdf:resource="http://localhost:8000/0b11949b-464a-4c0b-8177-3d137f9df857"/>
  </skos:Concept>
  <skos:Concept rdf:about="http://localhost:8000/9333e08e-6407-434d-95b3-798c9cf5537c">
    <skos:inScheme rdf:resource="http://localhost:8000/0b11949b-464a-4c0b-8177-3d137f9df857"/>
    <skos:prefLabel xml:lang="en">{"id": "a833c81c-c545-44c7-9a8d-f30caa20d0f7", "value": "Possible"}</skos:prefLabel>
    <dcterms:identifier xml:lang="en">{"id": "8f89f1c4-4c80-4b60-bf7d-4defba0e2f31", "value": "http://localhost:8000/9333e08e-6407-434d-95b3-798c9cf5537c"}</dcterms:identifier>
  </skos:Concept>
</rdf:RDF>
