<?xml version="1.0" encoding="utf-8"?>
<rdf:RDF
  xmlns:skos="http://www.w3.org/2004/02/skos/core#"
  xmlns:dcterms="http://purl.org/dc/terms/"
  xmlns:rdf="http://www.w3.org/1999/02/22-rdf-syntax-ns#"
>
  <skos:Concept rdf:about="http://localhost:8000/23618424-8b0a-4536-b6c4-ebb07c0a8a65">
    <skos:inScheme>
      <skos:ConceptScheme rdf:about="http://localhost:8000/65065b3a-5174-4dac-8a04-aa30e5a9c246">
        <skos:hasTopConcept rdf:resource="http://localhost:8000/27a62120-5938-428e-b775-3aca79407ec0"/>
        <skos:hasTopConcept rdf:resource="http://localhost:8000/ad42eaab-6bbf-4c8a-bc13-6add20dfb7a8"/>
        <skos:hasTopConcept rdf:resource="http://localhost:8000/8ca5f9b2-6616-4999-8aa1-5984edba7080"/>
        <skos:hasTopConcept rdf:resource="http://localhost:8000/aa4a23f1-f242-415c-af19-fc447f8554bf"/>
        <skos:hasTopConcept rdf:resource="http://localhost:8000/454358a6-86b5-4a72-a9fe-c0a9f99aacbc"/>
        <skos:hasTopConcept rdf:resource="http://localhost:8000/aa17403a-5df4-4543-8915-9f7370dd1732"/>
        <skos:hasTopConcept rdf:resource="http://localhost:8000/39448997-f9a9-4724-9f0f-17e472f7a765"/>
        <skos:hasTopConcept rdf:resource="http://localhost:8000/16a5314d-ec42-48a1-a735-bc45f4e9e778"/>
        <skos:hasTopConcept rdf:resource="http://localhost:8000/fbfc98d5-5561-4e36-8fcd-71a8581d42a2"/>
        <skos:hasTopConcept rdf:resource="http://localhost:8000/2415696f-8ce3-4d42-851d-ca3322d09bd5"/>
        <skos:hasTopConcept rdf:resource="http://localhost:8000/54790e5e-40b4-448f-a1fc-d3b734c5c850"/>
        <skos:hasTopConcept rdf:resource="http://localhost:8000/ec16a2bd-df80-48fc-b961-ecdf506540bc"/>
        <skos:hasTopConcept rdf:resource="http://localhost:8000/c656c1b7-9498-4307-8918-27ac25aa9306"/>
        <skos:hasTopConcept rdf:resource="http://localhost:8000/9c768d77-b43d-4d2c-be81-31a63287a765"/>
        <skos:hasTopConcept rdf:resource="http://localhost:8000/e8d42888-47b8-45c2-b603-4d9a47619e4a"/>
        <skos:hasTopConcept rdf:resource="http://localhost:8000/0ce89ebc-ab0b-46f4-9359-68ee83836886"/>
        <skos:hasTopConcept rdf:resource="http://localhost:8000/23618424-8b0a-4536-b6c4-ebb07c0a8a65"/>
        <dcterms:title xml:lang="en">{"id": "4687cbfd-2491-43ae-8a52-5fab4081a9e0", "value": "Condition Type"}</dcterms:title>
        <skos:hasTopConcept rdf:resource="http://localhost:8000/e65b8cb7-be42-496c-a1e8-886ce91a0972"/>
        <skos:hasTopConcept rdf:resource="http://localhost:8000/4826af71-d2d6-4c84-ae44-847a80d56bbb"/>
        <skos:hasTopConcept rdf:resource="http://localhost:8000/e76496c8-610d-41f5-9ec3-481dbe245429"/>
        <skos:hasTopConcept rdf:resource="http://localhost:8000/d1a3e4ef-1fb8-4d39-836d-0ebdb5baf570"/>
        <skos:hasTopConcept rdf:resource="http://localhost:8000/2887d3ef-ddaa-44c7-89dd-7c9883896172"/>
        <skos:hasTopConcept rdf:resource="http://localhost:8000/858e5050-8030-40d9-a3f4-124500c74759"/>
        <skos:hasTopConcept rdf:resource="http://localhost:8000/f9cd4eed-93e9-4940-a0dc-7eaf05624df3"/>
        <skos:hasTopConcept rdf:resource="http://localhost:8000/410ca86c-f8f0-4168-a0d1-e76f95ca7cd1"/>
        <dcterms:identifier xml:lang="en">{"id": "0c0188b0-2be7-4f2a-b07c-0b608b0b13ec", "value": "http://localhost:8000/65065b3a-5174-4dac-8a04-aa30e5a9c246"}</dcterms:identifier>
        <skos:hasTopConcept rdf:resource="http://localhost:8000/75097790-e5eb-4e28-b20f-f6cd9590dae5"/>
        <skos:hasTopConcept rdf:resource="http://localhost:8000/f4e24875-5cb1-492b-a291-73839e6d2269"/>
        <skos:hasTopConcept rdf:resource="http://localhost:8000/764f7cd9-dcbc-4f37-9128-609247856c8a"/>
        <skos:hasTopConcept rdf:resource="http://localhost:8000/4637f16c-ae9a-42fe-aeb3-5f915a546648"/>
      </skos:ConceptScheme>
    </skos:inScheme>
    <skos:prefLabel xml:lang="en">{"id": "3b0c8c6b-827f-45fb-b861-8ffe090fb05b", "value": "Discharge Condition"}</skos:prefLabel>
    <dcterms:identifier xml:lang="en">{"id": "af931791-3139-4714-8f37-fb52910be096", "value": "http://localhost:8000/23618424-8b0a-4536-b6c4-ebb07c0a8a65"}</dcterms:identifier>
  </skos:Concept>
  <skos:Concept rdf:about="http://localhost:8000/4826af71-d2d6-4c84-ae44-847a80d56bbb">
    <skos:prefLabel xml:lang="en">{"id": "597a5e33-75a2-44aa-b4e2-643f3b25edff", "value": "Environmental Stewardship - normal"}</skos:prefLabel>
    <dcterms:identifier xml:lang="en">{"id": "a36fc0f9-f3e9-45df-a053-242102763a58", "value": "http://localhost:8000/4826af71-d2d6-4c84-ae44-847a80d56bbb"}</dcterms:identifier>
    <skos:inScheme rdf:resource="http://localhost:8000/65065b3a-5174-4dac-8a04-aa30e5a9c246"/>
  </skos:Concept>
  <skos:Concept rdf:about="http://localhost:8000/e65b8cb7-be42-496c-a1e8-886ce91a0972">
    <dcterms:identifier xml:lang="en">{"id": "5bb17d36-72b7-49ae-a9eb-c48e832cd1eb", "value": "http://localhost:8000/e65b8cb7-be42-496c-a1e8-886ce91a0972"}</dcterms:identifier>
    <skos:prefLabel xml:lang="en">{"id": "f5c57b46-de19-47c5-982a-35b6462bcead", "value": "Scope Out of EIA"}</skos:prefLabel>
    <skos:inScheme rdf:resource="http://localhost:8000/65065b3a-5174-4dac-8a04-aa30e5a9c246"/>
  </skos:Concept>
  <skos:Concept rdf:about="http://localhost:8000/aa4a23f1-f242-415c-af19-fc447f8554bf">
    <skos:inScheme rdf:resource="http://localhost:8000/65065b3a-5174-4dac-8a04-aa30e5a9c246"/>
    <dcterms:identifier xml:lang="en">{"id": "7e15a7c4-6dec-44e2-93ea-e0b6c5c32593", "value": "http://localhost:8000/aa4a23f1-f242-415c-af19-fc447f8554bf"}</dcterms:identifier>
    <skos:prefLabel xml:lang="en">{"id": "b85a9514-f22b-4030-900f-ebfbd0ff4525", "value": "Amend WSI"}</skos:prefLabel>
  </skos:Concept>
  <skos:Concept rdf:about="http://localhost:8000/aa17403a-5df4-4543-8915-9f7370dd1732">
    <dcterms:identifier xml:lang="en">{"id": "6beca3b6-ec63-429e-b089-0e978b57ef88", "value": "http://localhost:8000/aa17403a-5df4-4543-8915-9f7370dd1732"}</dcterms:identifier>
    <skos:scopeNote xml:lang="en">{"id": "4b92967f-0c7b-4fa5-811e-74f5ccd1e5d1", "value": "Reason\t\n\nThe planning authority wishes to secure physical preservation of the site's archaeological interest in accordance with the NPPF.  \n\nCondition\t\n\nNo development shall take place until details of the final foundation design have been submitted by the applicant and approved in writing by the planning authority.  The development shall only take place in accordance with the approved details.   \n"}</skos:scopeNote>
    <skos:prefLabel xml:lang="en">{"id": "2696d2c9-0a3e-4c2f-b2ca-2acae0aff4ff", "value": "Condition Foundation Design"}</skos:prefLabel>
    <skos:inScheme rdf:resource="http://localhost:8000/65065b3a-5174-4dac-8a04-aa30e5a9c246"/>
  </skos:Concept>
  <skos:Concept rdf:about="http://localhost:8000/0ce89ebc-ab0b-46f4-9359-68ee83836886">
    <skos:inScheme rdf:resource="http://localhost:8000/65065b3a-5174-4dac-8a04-aa30e5a9c246"/>
    <skos:prefLabel xml:lang="en">{"id": "4dbe9b04-90a5-47ab-b6bc-5caf6fce3fdd", "value": "Condition Satisfied"}</skos:prefLabel>
    <dcterms:identifier xml:lang="en">{"id": "ca609a67-cb5c-49f2-bc08-2aec23da0230", "value": "http://localhost:8000/0ce89ebc-ab0b-46f4-9359-68ee83836886"}</dcterms:identifier>
  </skos:Concept>
  <skos:Concept rdf:about="http://localhost:8000/16a5314d-ec42-48a1-a735-bc45f4e9e778">
    <dcterms:identifier xml:lang="en">{"id": "824e521e-8f88-4abc-9bc6-208b6214fe6a", "value": "http://localhost:8000/16a5314d-ec42-48a1-a735-bc45f4e9e778"}</dcterms:identifier>
    <skos:inScheme rdf:resource="http://localhost:8000/65065b3a-5174-4dac-8a04-aa30e5a9c246"/>
    <skos:prefLabel xml:lang="en">{"id": "9db050f1-ffba-4dc8-8be2-2488dabb1734", "value": "Informative"}</skos:prefLabel>
  </skos:Concept>
  <skos:Concept rdf:about="http://localhost:8000/f9cd4eed-93e9-4940-a0dc-7eaf05624df3">
    <skos:inScheme rdf:resource="http://localhost:8000/65065b3a-5174-4dac-8a04-aa30e5a9c246"/>
    <skos:prefLabel xml:lang="en">{"id": "3ead7d95-be11-41d9-add9-b121d66e1f61", "value": "No Need to Consult"}</skos:prefLabel>
    <dcterms:identifier xml:lang="en">{"id": "9310174c-9143-47d0-8fe6-f1d8ef1544ea", "value": "http://localhost:8000/f9cd4eed-93e9-4940-a0dc-7eaf05624df3"}</dcterms:identifier>
  </skos:Concept>
  <skos:Concept rdf:about="http://localhost:8000/858e5050-8030-40d9-a3f4-124500c74759">
    <skos:prefLabel xml:lang="en">{"id": "e8810b18-bde5-4533-add0-cee04046783a", "value": "Report Approve"}</skos:prefLabel>
    <skos:inScheme rdf:resource="http://localhost:8000/65065b3a-5174-4dac-8a04-aa30e5a9c246"/>
    <dcterms:identifier xml:lang="en">{"id": "929a6cb0-eb69-4a92-8564-e975e66adfcd", "value": "http://localhost:8000/858e5050-8030-40d9-a3f4-124500c74759"}</dcterms:identifier>
  </skos:Concept>
  <skos:Concept rdf:about="http://localhost:8000/ec16a2bd-df80-48fc-b961-ecdf506540bc">
    <dcterms:identifier xml:lang="en">{"id": "e01d7bc0-86c6-4ada-a38a-da0636a4b6cf", "value": "http://localhost:8000/ec16a2bd-df80-48fc-b961-ecdf506540bc"}</dcterms:identifier>
    <skos:inScheme rdf:resource="http://localhost:8000/65065b3a-5174-4dac-8a04-aa30e5a9c246"/>
    <skos:prefLabel xml:lang="en">{"id": "31328c43-0a7d-4985-b762-0cfd044caa44", "value": "Condition Protective Fencing"}</skos:prefLabel>
    <skos:scopeNote xml:lang="en">{"id": "6c6e3194-9167-4f5e-89ad-8d970d901206", "value": "Reason\t\n\nThe planning authority wishes to protect archaeological remains during development works.  \n\nCondition\t\n\nNo development shall commence until details of  fencing, signage and other control measures to protect archaeological remains in-situ have been submitted by the applicant and approved by the planning authority.  The approved programme must be implemented in accordance with the approved details and maintained for the duration of operational works.\n"}</skos:scopeNote>
  </skos:Concept>
  <skos:Concept rdf:about="http://localhost:8000/75097790-e5eb-4e28-b20f-f6cd9590dae5">
    <skos:prefLabel xml:lang="en">{"id": "21e06013-a424-4155-aed8-0acde37cff43", "value": "Public Engagement"}</skos:prefLabel>
    <skos:inScheme rdf:resource="http://localhost:8000/65065b3a-5174-4dac-8a04-aa30e5a9c246"/>
    <dcterms:identifier xml:lang="en">{"id": "9aa2e063-b441-4e72-a363-f84088d0de4b", "value": "http://localhost:8000/75097790-e5eb-4e28-b20f-f6cd9590dae5"}</dcterms:identifier>
  </skos:Concept>
  <skos:Concept rdf:about="http://localhost:8000/f4e24875-5cb1-492b-a291-73839e6d2269">
    <skos:prefLabel xml:lang="en">{"id": "c611a0fd-edfa-4356-b22f-a212b07dfbae", "value": "Condition Investigation"}</skos:prefLabel>
    <dcterms:identifier xml:lang="en">{"id": "ed9c8590-02ac-477e-94a8-910fc2d8bdf4", "value": "http://localhost:8000/f4e24875-5cb1-492b-a291-73839e6d2269"}</dcterms:identifier>
    <skos:inScheme rdf:resource="http://localhost:8000/65065b3a-5174-4dac-8a04-aa30e5a9c246"/>
    <skos:scopeNote xml:lang="en">{"id": "7a3b2121-f62e-451d-9214-74fa3623523c", "value": "Condition\t\n\nNo demolition or development shall take place until a written scheme of investigation (WSI) has been submitted to and approved by the local planning authority in writing.  For land that is included within the WSI, no demolition or development shall take place other than in accordance with the agreed WSI, which shall include the statement of significance and research objectives, and \nA.\tThe programme and methodology of site investigation and recording and the nomination of a competent person(s) or organisation to undertake the agreed works \nB.\tWhere appropriate, details of a programme for delivering related positive public benefits\nC.\tThe programme for post-investigation assessment and subsequent analysis, publication &amp; dissemination and deposition of resulting material. This part of the condition shall not be discharged until these elements have been fulfilled in accordance with the programme set out in the WSI\n\nInformative\t\n\nThe written scheme of investigation will need to be prepared and implemented by a suitably professionally accredited archaeological practice in accordance with Historic England\u2019s Guidelines for Archaeological Projects in Greater London. This condition is exempt from deemed discharge under schedule 6 of The Town and Country Planning (Development Management Procedure) (England) Order 2015."}</skos:scopeNote>
  </skos:Concept>
  <skos:Concept rdf:about="http://localhost:8000/764f7cd9-dcbc-4f37-9128-609247856c8a">
    <skos:prefLabel xml:lang="en">{"id": "d8213dd3-acf6-4d60-a578-aa4f8095dcc2", "value": "Refusal"}</skos:prefLabel>
    <dcterms:identifier xml:lang="en">{"id": "a176dd9c-96f5-4937-9cd1-ee4b93b7c805", "value": "http://localhost:8000/764f7cd9-dcbc-4f37-9128-609247856c8a"}</dcterms:identifier>
    <skos:inScheme rdf:resource="http://localhost:8000/65065b3a-5174-4dac-8a04-aa30e5a9c246"/>
  </skos:Concept>
  <skos:Concept rdf:about="http://localhost:8000/fbfc98d5-5561-4e36-8fcd-71a8581d42a2">
    <skos:scopeNote xml:lang="en">{"id": "8e6178e4-c838-4c7b-8bec-1c85a3dd002b", "value": "Condition\t\n\nNo development shall commence until details of an appropriate programme of public engagement have been submitted by the applicant and approved by the planning authority.  The approved programme must be implemented in accordance with a timetable set out in the programme."}</skos:scopeNote>
    <skos:prefLabel xml:lang="en">{"id": "de292521-0219-45c6-94d0-8989a717d077", "value": "Condition Public Engagement"}</skos:prefLabel>
    <dcterms:identifier xml:lang="en">{"id": "106c8c9a-3d89-4d31-93f7-9c8e1107f613", "value": "http://localhost:8000/fbfc98d5-5561-4e36-8fcd-71a8581d42a2"}</dcterms:identifier>
    <skos:inScheme rdf:resource="http://localhost:8000/65065b3a-5174-4dac-8a04-aa30e5a9c246"/>
  </skos:Concept>
  <skos:Concept rdf:about="http://localhost:8000/454358a6-86b5-4a72-a9fe-c0a9f99aacbc">
    <skos:inScheme rdf:resource="http://localhost:8000/65065b3a-5174-4dac-8a04-aa30e5a9c246"/>
    <dcterms:identifier xml:lang="en">{"id": "5f562cd1-734c-43c7-a570-307f514a0ca8", "value": "http://localhost:8000/454358a6-86b5-4a72-a9fe-c0a9f99aacbc"}</dcterms:identifier>
    <skos:prefLabel xml:lang="en">{"id": "726b0767-af91-460d-be11-7a7aefaff662", "value": "Condition Two-Stage"}</skos:prefLabel>
    <skos:scopeNote xml:lang="en">{"id": "1ad73c97-eb36-47ad-9d73-92b1a28998c9", "value": "Condition \t\n\nNo demolition or development shall take place until a stage 1 written scheme of investigation (WSI) has been submitted to and approved by the local planning authority in writing.  For land that is included within the WSI, no demolition or development shall take place other than in accordance with the agreed WSI, and the programme and methodology of site evaluation and the nomination of a competent person(s) or organisation to undertake the agreed works. \n\tIf heritage assets of archaeological interest are identified by stage 1 then for those parts of the site which have archaeological interest a stage 2 WSI shall be submitted to and approved by the local planning authority in writing.  For land that is included within the stage 2 WSI, no demolition/development shall take place other than in accordance with the agreed stage 2 WSI which shall include:\nA.\tThe statement of significance and research objectives, the programme and methodology of site investigation and recording and the nomination of a competent person(s) or organisation to undertake the agreed works\nB.\tWhere appropriate, details of a programme for delivering related positive public benefits\nC.\tThe programme for post-investigation assessment and subsequent analysis, publication &amp; dissemination and deposition of resulting material. This part of the condition shall not be discharged until these elements have been fulfilled in accordance with the programme set out in the stage 2 WSI.\n\nInformative\t\n\nWritten schemes of investigation will need to be prepared and implemented by a suitably professionally accredited archaeological practice in accordance with Historic England\u2019s Guidelines for Archaeological Projects in Greater London. This condition is exempt from deemed discharge under schedule 6 of The Town and Country Planning (Development Management Procedure) (England) Order 2015.\n"}</skos:scopeNote>
  </skos:Concept>
  <skos:Concept rdf:about="http://localhost:8000/4637f16c-ae9a-42fe-aeb3-5f915a546648">
    <dcterms:identifier xml:lang="en">{"id": "7092a4e0-0eeb-4070-b952-8f2dfeb17c16", "value": "http://localhost:8000/4637f16c-ae9a-42fe-aeb3-5f915a546648"}</dcterms:identifier>
    <skos:prefLabel xml:lang="en">{"id": "05af4e6c-36d2-4ef2-8030-cf02bd8b52f5", "value": "Possible archaeological implications"}</skos:prefLabel>
    <skos:inScheme rdf:resource="http://localhost:8000/65065b3a-5174-4dac-8a04-aa30e5a9c246"/>
  </skos:Concept>
  <skos:Concept rdf:about="http://localhost:8000/27a62120-5938-428e-b775-3aca79407ec0">
    <skos:inScheme rdf:resource="http://localhost:8000/65065b3a-5174-4dac-8a04-aa30e5a9c246"/>
    <skos:prefLabel xml:lang="en">{"id": "7d888ec2-12b5-45f3-a8ee-6086422372a8", "value": "Breach of Condition"}</skos:prefLabel>
    <dcterms:identifier xml:lang="en">{"id": "ec5d6b04-c71f-4ca2-940d-c5fe53c142c0", "value": "http://localhost:8000/27a62120-5938-428e-b775-3aca79407ec0"}</dcterms:identifier>
  </skos:Concept>
  <skos:Concept rdf:about="http://localhost:8000/9c768d77-b43d-4d2c-be81-31a63287a765">
    <skos:inScheme rdf:resource="http://localhost:8000/65065b3a-5174-4dac-8a04-aa30e5a9c246"/>
    <skos:prefLabel xml:lang="en">{"id": "5f6d19a2-b96a-4301-8a22-2995f820c9a1", "value": "Agree WSI"}</skos:prefLabel>
    <dcterms:identifier xml:lang="en">{"id": "ddf22e95-550d-4967-a4fb-ce37c30da6f1", "value": "http://localhost:8000/9c768d77-b43d-4d2c-be81-31a63287a765"}</dcterms:identifier>
  </skos:Concept>
  <skos:Concept rdf:about="http://localhost:8000/ad42eaab-6bbf-4c8a-bc13-6add20dfb7a8">
    <skos:inScheme rdf:resource="http://localhost:8000/65065b3a-5174-4dac-8a04-aa30e5a9c246"/>
    <skos:prefLabel xml:lang="en">{"id": "a295aed0-36df-4c35-add4-4c4dd558e789", "value": "Environmental Stewardship - high"}</skos:prefLabel>
    <dcterms:identifier xml:lang="en">{"id": "281cae90-0d54-4e72-9384-f8f383a56415", "value": "http://localhost:8000/ad42eaab-6bbf-4c8a-bc13-6add20dfb7a8"}</dcterms:identifier>
  </skos:Concept>
  <skos:Concept rdf:about="http://localhost:8000/e76496c8-610d-41f5-9ec3-481dbe245429">
    <skos:prefLabel xml:lang="en">{"id": "5671158d-4e4f-4505-8a3d-7b140478c2eb", "value": "Extended Pre-Application Advice"}</skos:prefLabel>
    <dcterms:identifier xml:lang="en">{"id": "4f1b3e3f-c97a-4f06-9e01-7aa73fbb4a5e", "value": "http://localhost:8000/e76496c8-610d-41f5-9ec3-481dbe245429"}</dcterms:identifier>
    <skos:inScheme rdf:resource="http://localhost:8000/65065b3a-5174-4dac-8a04-aa30e5a9c246"/>
  </skos:Concept>
  <skos:Concept rdf:about="http://localhost:8000/8ca5f9b2-6616-4999-8aa1-5984edba7080">
    <skos:inScheme rdf:resource="http://localhost:8000/65065b3a-5174-4dac-8a04-aa30e5a9c246"/>
    <dcterms:identifier xml:lang="en">{"id": "0729e976-6f54-4860-b3bd-33cad5c36996", "value": "http://localhost:8000/8ca5f9b2-6616-4999-8aa1-5984edba7080"}</dcterms:identifier>
    <skos:prefLabel xml:lang="en">{"id": "e7571f80-042a-44ce-8776-319adc3add8a", "value": "Condition Building Recording"}</skos:prefLabel>
    <skos:scopeNote xml:lang="en">{"id": "7a6f2e04-0f71-45a8-bce9-089b64c9b1b7", "value": "Condition\n\nNo demolition shall take place until a written scheme of historic building investigation (WSI) has been submitted to and approved by the local planning authority in writing.  For buildings that are included within the WSI, no demolition or development shall take place other than in accordance with the agreed WSI, which shall include the statement of significance and research objectives, and \nA. The programme and methodology of historic building investigation and recording and the nomination of a competent person(s) or organisation to undertake the agreed works \nB. The programme for post-investigation assessment and subsequent analysis, publication &amp; dissemination and deposition of resulting material. This part of the condition shall not be discharged until these elements have been fulfilled in accordance with the programme set out in the WSI \n\nInformative\t\n\nThe written scheme of investigation will need to be prepared and implemented by a suitably professionally accredited heritage practice in accordance with Historic England\u2019s Guidelines for Archaeological Projects in Greater London.  \n"}</skos:scopeNote>
  </skos:Concept>
  <skos:Concept rdf:about="http://localhost:8000/c656c1b7-9498-4307-8918-27ac25aa9306">
    <skos:prefLabel xml:lang="en">{"id": "8e5029fc-2b02-4803-8dd5-3eac394a885f", "value": "EAS Service Order Form"}</skos:prefLabel>
    <dcterms:identifier xml:lang="en">{"id": "ffb7b2b2-a783-4fd2-b514-1941d61e5f44", "value": "http://localhost:8000/c656c1b7-9498-4307-8918-27ac25aa9306"}</dcterms:identifier>
    <skos:inScheme rdf:resource="http://localhost:8000/65065b3a-5174-4dac-8a04-aa30e5a9c246"/>
  </skos:Concept>
  <skos:Concept rdf:about="http://localhost:8000/2887d3ef-ddaa-44c7-89dd-7c9883896172">
    <skos:inScheme rdf:resource="http://localhost:8000/65065b3a-5174-4dac-8a04-aa30e5a9c246"/>
    <skos:prefLabel xml:lang="en">{"id": "83e767d2-1532-4df4-81d2-0b3d5ff51798", "value": "Scope In To EIA"}</skos:prefLabel>
    <dcterms:identifier xml:lang="en">{"id": "d05fa716-2f11-4d83-8904-f338a3117486", "value": "http://localhost:8000/2887d3ef-ddaa-44c7-89dd-7c9883896172"}</dcterms:identifier>
  </skos:Concept>
  <skos:Concept rdf:about="http://localhost:8000/54790e5e-40b4-448f-a1fc-d3b734c5c850">
    <skos:prefLabel xml:lang="en">{"id": "44efc458-8426-4437-8b56-9676864c5fe4", "value": "No Progression"}</skos:prefLabel>
    <dcterms:identifier xml:lang="en">{"id": "2e3336fc-8b56-4ac2-8a2c-c543f6e1d576", "value": "http://localhost:8000/54790e5e-40b4-448f-a1fc-d3b734c5c850"}</dcterms:identifier>
    <skos:inScheme rdf:resource="http://localhost:8000/65065b3a-5174-4dac-8a04-aa30e5a9c246"/>
  </skos:Concept>
  <skos:Concept rdf:about="http://localhost:8000/410ca86c-f8f0-4168-a0d1-e76f95ca7cd1">
    <dcterms:identifier xml:lang="en">{"id": "192f7c33-ffb8-4aa5-b374-724c02b3349d", "value": "http://localhost:8000/410ca86c-f8f0-4168-a0d1-e76f95ca7cd1"}</dcterms:identifier>
    <skos:prefLabel xml:lang="en">{"id": "4c669dc7-576c-481b-9638-39008b429183", "value": "Enforcement Issue"}</skos:prefLabel>
    <skos:inScheme rdf:resource="http://localhost:8000/65065b3a-5174-4dac-8a04-aa30e5a9c246"/>
  </skos:Concept>
  <skos:Concept rdf:about="http://localhost:8000/39448997-f9a9-4724-9f0f-17e472f7a765">
    <skos:inScheme rdf:resource="http://localhost:8000/65065b3a-5174-4dac-8a04-aa30e5a9c246"/>
    <skos:prefLabel xml:lang="en">{"id": "ec3d7d29-70fb-41d6-a74a-2f02531db3cd", "value": "Foundation design approval"}</skos:prefLabel>
    <dcterms:identifier xml:lang="en">{"id": "7cee4c9a-97f1-4bf4-a24e-b420982f702e", "value": "http://localhost:8000/39448997-f9a9-4724-9f0f-17e472f7a765"}</dcterms:identifier>
  </skos:Concept>
  <skos:Concept rdf:about="http://localhost:8000/2415696f-8ce3-4d42-851d-ca3322d09bd5">
    <dcterms:identifier xml:lang="en">{"id": "e7f07828-324b-4c46-80e7-03efaf44116c", "value": "http://localhost:8000/2415696f-8ce3-4d42-851d-ca3322d09bd5"}</dcterms:identifier>
    <skos:inScheme rdf:resource="http://localhost:8000/65065b3a-5174-4dac-8a04-aa30e5a9c246"/>
    <skos:prefLabel xml:lang="en">{"id": "f80d7b2a-b7b7-463f-a0b9-3a54d1a89afe", "value": "Non Standard Condition"}</skos:prefLabel>
  </skos:Concept>
  <skos:Concept rdf:about="http://localhost:8000/d1a3e4ef-1fb8-4d39-836d-0ebdb5baf570">
    <skos:inScheme rdf:resource="http://localhost:8000/65065b3a-5174-4dac-8a04-aa30e5a9c246"/>
    <skos:prefLabel xml:lang="en">{"id": "daeadbe6-29f8-4eba-bd07-cb32e8a68a73", "value": "Predetermination"}</skos:prefLabel>
    <dcterms:identifier xml:lang="en">{"id": "2e026e51-8d1a-4e67-ab87-198c129d5a0d", "value": "http://localhost:8000/d1a3e4ef-1fb8-4d39-836d-0ebdb5baf570"}</dcterms:identifier>
  </skos:Concept>
  <skos:Concept rdf:about="http://localhost:8000/e8d42888-47b8-45c2-b603-4d9a47619e4a">
    <dcterms:identifier xml:lang="en">{"id": "5e1f2128-cd59-403d-9254-2447a7e3c0cb", "value": "http://localhost:8000/e8d42888-47b8-45c2-b603-4d9a47619e4a"}</dcterms:identifier>
    <skos:prefLabel xml:lang="en">{"id": "10a6b7b4-2627-4a40-b406-c891c23791d3", "value": "Report Amend"}</skos:prefLabel>
    <skos:inScheme rdf:resource="http://localhost:8000/65065b3a-5174-4dac-8a04-aa30e5a9c246"/>
  </skos:Concept>
</rdf:RDF>
