<?xml version="1.0" encoding="utf-8"?>
<rdf:RDF
  xmlns:skos="http://www.w3.org/2004/02/skos/core#"
  xmlns:rdf="http://www.w3.org/1999/02/22-rdf-syntax-ns#"
  xmlns:dcterms="http://purl.org/dc/terms/"
>
  <skos:Concept rdf:about="http://localhost:8000/8cc5c3b8-11f8-44a2-b509-f50e5c3a2f36">
    <skos:scopeNote xml:lang="en">{"id": "bfc15395-fbb4-4185-880d-f8ebdb216e8d", "value": "All or nearly all features of interest are well preserved for the period they represent and are clear at the time of survey. No sign of active damage."}</skos:scopeNote>
    <skos:prefLabel xml:lang="en">{"id": "b30718c4-0c7a-45e5-869a-bce15c417e5d", "value": "Good"}</skos:prefLabel>
    <dcterms:identifier xml:lang="en">{"id": "5abc4e75-d24d-4523-94f6-9e0b109e5270", "value": "http://localhost:8000/8cc5c3b8-11f8-44a2-b509-f50e5c3a2f36"}</dcterms:identifier>
    <skos:inScheme>
      <skos:ConceptScheme rdf:about="http://localhost:8000/aa93928d-5660-4d28-b5d1-5b5172b62799">
        <skos:hasTopConcept rdf:resource="http://localhost:8000/1ea27803-00c7-4b43-8cad-d2b531bede13"/>
        <skos:hasTopConcept rdf:resource="http://localhost:8000/e100c7da-365b-45cf-8927-4a88322aeda8"/>
        <skos:hasTopConcept rdf:resource="http://localhost:8000/8cc5c3b8-11f8-44a2-b509-f50e5c3a2f36"/>
        <skos:hasTopConcept rdf:resource="http://localhost:8000/738ba472-2110-4686-aeb8-098943331ec1"/>
        <skos:hasTopConcept rdf:resource="http://localhost:8000/10acc7ed-4949-427e-b8c1-4e22e3537c6e"/>
        <dcterms:title xml:lang="en">{"id": "6611eb43-8e2e-4416-a86f-f830a376010b", "value": "Condition on Survey"}</dcterms:title>
        <skos:hasTopConcept rdf:resource="http://localhost:8000/06c3797c-a437-4281-803e-cb03e598c80e"/>
        <dcterms:identifier xml:lang="en">{"id": "ec52fbf1-b09e-4133-9290-43cc533aced3", "value": "http://localhost:8000/aa93928d-5660-4d28-b5d1-5b5172b62799"}</dcterms:identifier>
        <skos:hasTopConcept rdf:resource="http://localhost:8000/c95dcfab-9e66-4d60-8f29-cab6303a08e7"/>
      </skos:ConceptScheme>
    </skos:inScheme>
  </skos:Concept>
  <skos:Concept rdf:about="http://localhost:8000/e100c7da-365b-45cf-8927-4a88322aeda8">
    <skos:prefLabel xml:lang="en">{"id": "0a939eb6-61f3-4a8f-a0e6-6984c8f1fc83", "value": "Very Bad"}</skos:prefLabel>
    <skos:inScheme rdf:resource="http://localhost:8000/aa93928d-5660-4d28-b5d1-5b5172b62799"/>
    <skos:scopeNote xml:lang="en">{"id": "daa92228-b13e-4aba-8102-73af94b7defc", "value": "All features of interest are damaged beyond use for survey purposes or are missing. For buildings, this indicates structural failure or evident instability, loss of significant areas of roofing, or a major fire or other disaster."}</skos:scopeNote>
    <dcterms:identifier xml:lang="en">{"id": "d6326e41-5d49-43c0-8e81-373bfafde3fe", "value": "http://localhost:8000/e100c7da-365b-45cf-8927-4a88322aeda8"}</dcterms:identifier>
  </skos:Concept>
  <skos:Concept rdf:about="http://localhost:8000/1ea27803-00c7-4b43-8cad-d2b531bede13">
    <dcterms:identifier xml:lang="en">{"id": "8c71a574-b038-4f14-bc71-acaef8e66122", "value": "http://localhost:8000/1ea27803-00c7-4b43-8cad-d2b531bede13"}</dcterms:identifier>
    <skos:prefLabel xml:lang="en">{"id": "cd2c6443-f1e1-4b73-85a0-b819c75a7640", "value": "Fair"}</skos:prefLabel>
    <skos:inScheme rdf:resource="http://localhost:8000/aa93928d-5660-4d28-b5d1-5b5172b62799"/>
    <skos:scopeNote xml:lang="en">{"id": "d53183c7-b186-4d37-a808-1ddd9cb26db7", "value": "Some damage or part destruction of features of interest apparent, or the features of interest are obscured by more recent additions/alterations. For buildings, indicates structurally sound, but in need of minor repair."}</skos:scopeNote>
  </skos:Concept>
  <skos:Concept rdf:about="http://localhost:8000/10acc7ed-4949-427e-b8c1-4e22e3537c6e">
    <skos:inScheme rdf:resource="http://localhost:8000/aa93928d-5660-4d28-b5d1-5b5172b62799"/>
    <dcterms:identifier xml:lang="en">{"id": "4c00c820-8ff7-48fc-8c11-d06bc38bd874", "value": "http://localhost:8000/10acc7ed-4949-427e-b8c1-4e22e3537c6e"}</dcterms:identifier>
    <skos:scopeNote xml:lang="en">{"id": "b47f2d9a-3645-4020-9dd2-211a834910cd", "value": "All features of interest have been destroyed. No further information can be gained from future investigation of the site. Includes demolished buildings unless foundations, basements etc exist which are of interest, for which use very bad."}</skos:scopeNote>
    <skos:prefLabel xml:lang="en">{"id": "89e1b274-a300-49f8-9daa-6a945e764625", "value": "Destroyed"}</skos:prefLabel>
  </skos:Concept>
  <skos:Concept rdf:about="http://localhost:8000/738ba472-2110-4686-aeb8-098943331ec1">
    <skos:scopeNote xml:lang="en">{"id": "c7ee5e76-6108-442b-be79-39d3541239f8", "value": "Features of interest are not surveyable at the time of the survey, e.g. obscured by cloud-cover, vegetation, ongoing building work etc. or the monument could not be located."}</skos:scopeNote>
    <skos:prefLabel xml:lang="en">{"id": "2a24b26e-f9bf-482b-929e-385642c416af", "value": "Uncertain"}</skos:prefLabel>
    <dcterms:identifier xml:lang="en">{"id": "e040ccb6-c511-4e63-9711-e7983b381a3e", "value": "http://localhost:8000/738ba472-2110-4686-aeb8-098943331ec1"}</dcterms:identifier>
    <skos:inScheme rdf:resource="http://localhost:8000/aa93928d-5660-4d28-b5d1-5b5172b62799"/>
  </skos:Concept>
  <skos:Concept rdf:about="http://localhost:8000/06c3797c-a437-4281-803e-cb03e598c80e">
    <skos:inScheme rdf:resource="http://localhost:8000/aa93928d-5660-4d28-b5d1-5b5172b62799"/>
    <skos:scopeNote xml:lang="en">{"id": "faa5da45-23a2-476b-9eab-7ee474392efa", "value": "Feature exists but has been infilled."}</skos:scopeNote>
    <dcterms:identifier xml:lang="en">{"id": "fbd285e1-9de6-4103-94a3-a05db37f558c", "value": "http://localhost:8000/06c3797c-a437-4281-803e-cb03e598c80e"}</dcterms:identifier>
    <skos:prefLabel xml:lang="en">{"id": "a3ecdfcc-7f5a-495e-9b0d-baa9f55ca532", "value": "Infilled"}</skos:prefLabel>
  </skos:Concept>
  <skos:Concept rdf:about="http://localhost:8000/c95dcfab-9e66-4d60-8f29-cab6303a08e7">
    <dcterms:identifier xml:lang="en">{"id": "5f7f2913-23af-45fc-a866-7954e7677fe3", "value": "http://localhost:8000/c95dcfab-9e66-4d60-8f29-cab6303a08e7"}</dcterms:identifier>
    <skos:inScheme rdf:resource="http://localhost:8000/aa93928d-5660-4d28-b5d1-5b5172b62799"/>
    <skos:scopeNote xml:lang="en">{"id": "dab785c2-d03e-43c4-9710-3499f3b008f4", "value": "Damage to the majority or all of the features of interest is apparent, or significant features of interest are missing. Some features of interest remain. Active damage apparent (e.g. for buildings water penentration, rot etc)."}</skos:scopeNote>
    <skos:prefLabel xml:lang="en">{"id": "c5165d6f-08bb-4435-be0a-9917d9fa492c", "value": "Poor"}</skos:prefLabel>
  </skos:Concept>
</rdf:RDF>
