<?xml version="1.0" encoding="utf-8"?>
<rdf:RDF
  xmlns:skos="http://www.w3.org/2004/02/skos/core#"
  xmlns:dcterms="http://purl.org/dc/terms/"
  xmlns:rdf="http://www.w3.org/1999/02/22-rdf-syntax-ns#"
>
  <skos:Concept rdf:about="http://localhost:8000/6fa135d9-b04f-4bcc-a7b2-acd23ca6c6de">
    <dcterms:identifier xml:lang="en">{"id": "d3f54c55-d175-49b7-a593-8e4cccf371b4", "value": "http://localhost:8000/6fa135d9-b04f-4bcc-a7b2-acd23ca6c6de"}</dcterms:identifier>
    <skos:prefLabel xml:lang="en">{"id": "149cfc01-b873-4ab6-b674-d0fd496697cb", "value": "Condition Application"}</skos:prefLabel>
    <skos:inScheme>
      <skos:ConceptScheme rdf:about="http://localhost:8000/886aae41-c283-478f-b114-845dc9e63502">
        <skos:hasTopConcept rdf:resource="http://localhost:8000/288d42c2-24a8-4939-8d65-504a3b4875f0"/>
        <skos:hasTopConcept rdf:resource="http://localhost:8000/2492b491-969b-4996-942c-79661c48cfc0"/>
        <skos:hasTopConcept rdf:resource="http://localhost:8000/6fa135d9-b04f-4bcc-a7b2-acd23ca6c6de"/>
        <skos:hasTopConcept rdf:resource="http://localhost:8000/eaf2a776-9555-47b1-b1c4-3da0a01046dc"/>
        <dcterms:title xml:lang="en">{"id": "fe63d280-70b3-421e-9763-40628094d2ef", "value": "Consultation Type"}</dcterms:title>
        <dcterms:identifier xml:lang="en">{"id": "a47b4870-81e1-4141-80c1-3be603e0f437", "value": "http://localhost:8000/886aae41-c283-478f-b114-845dc9e63502"}</dcterms:identifier>
      </skos:ConceptScheme>
    </skos:inScheme>
  </skos:Concept>
  <skos:Concept rdf:about="http://localhost:8000/eaf2a776-9555-47b1-b1c4-3da0a01046dc">
    <skos:prefLabel xml:lang="en">{"id": "efffa84c-2bdd-415a-b099-c7a436d34e5e", "value": "Post-Application"}</skos:prefLabel>
    <dcterms:identifier xml:lang="en">{"id": "191aebf2-1511-4608-b386-ed6de37bed9d", "value": "http://localhost:8000/eaf2a776-9555-47b1-b1c4-3da0a01046dc"}</dcterms:identifier>
    <skos:inScheme rdf:resource="http://localhost:8000/886aae41-c283-478f-b114-845dc9e63502"/>
  </skos:Concept>
  <skos:Concept rdf:about="http://localhost:8000/2492b491-969b-4996-942c-79661c48cfc0">
    <skos:prefLabel xml:lang="en">{"id": "4769c40b-9bae-496b-aec1-8148db6ad172", "value": "Pre-Application"}</skos:prefLabel>
    <skos:inScheme rdf:resource="http://localhost:8000/886aae41-c283-478f-b114-845dc9e63502"/>
    <dcterms:identifier xml:lang="en">{"id": "891e2e96-8872-4063-a3ac-d8269e9e3dec", "value": "http://localhost:8000/2492b491-969b-4996-942c-79661c48cfc0"}</dcterms:identifier>
  </skos:Concept>
  <skos:Concept rdf:about="http://localhost:8000/288d42c2-24a8-4939-8d65-504a3b4875f0">
    <skos:prefLabel xml:lang="en">{"id": "aa300ced-4a3c-4f14-b285-fc203910a374", "value": "Non-Planning Application"}</skos:prefLabel>
    <dcterms:identifier xml:lang="en">{"id": "1554234c-c220-4a2e-beba-db278fa92485", "value": "http://localhost:8000/288d42c2-24a8-4939-8d65-504a3b4875f0"}</dcterms:identifier>
    <skos:inScheme rdf:resource="http://localhost:8000/886aae41-c283-478f-b114-845dc9e63502"/>
  </skos:Concept>
</rdf:RDF>
