<?xml version="1.0" encoding="utf-8"?>
<rdf:RDF
  xmlns:skos="http://www.w3.org/2004/02/skos/core#"
  xmlns:dcterms="http://purl.org/dc/terms/"
  xmlns:rdf="http://www.w3.org/1999/02/22-rdf-syntax-ns#"
>
  <skos:Concept rdf:about="http://localhost:8000/ffd55706-e1cd-446b-8318-ff61aea4af87">
    <skos:inScheme>
      <skos:ConceptScheme rdf:about="http://localhost:8000/64c115ce-6764-40b9-bd98-217c9128fae8">
        <dcterms:identifier xml:lang="en">{"id": "731c8aac-f04a-4536-b2f2-3be634b9334a", "value": "http://localhost:8000/64c115ce-6764-40b9-bd98-217c9128fae8"}</dcterms:identifier>
        <skos:hasTopConcept rdf:resource="http://localhost:8000/cbdea313-8cd6-448f-8b25-8e72a4417651"/>
        <skos:hasTopConcept rdf:resource="http://localhost:8000/a467e883-e299-48eb-8701-aa8e1415876c"/>
        <skos:hasTopConcept rdf:resource="http://localhost:8000/ffd55706-e1cd-446b-8318-ff61aea4af87"/>
        <skos:hasTopConcept rdf:resource="http://localhost:8000/e7d1646c-2fc5-4709-80a8-5e6214ec708d"/>
        <dcterms:title xml:lang="en-us">{"id": "27cea368-e0d3-4b15-9b39-d9e335b4ebad", "value": "Coordinate System"}</dcterms:title>
        <skos:hasTopConcept rdf:resource="http://localhost:8000/9aab5da2-c705-4985-b727-940a585b2d96"/>
        <skos:hasTopConcept rdf:resource="http://localhost:8000/67babc19-dd3b-475e-bbc6-d0492f1cdfa1"/>
      </skos:ConceptScheme>
    </skos:inScheme>
    <dcterms:identifier xml:lang="en">{"id": "42bb3b9f-a2d8-480c-807f-78dcb20406f6", "value": "http://localhost:8000/ffd55706-e1cd-446b-8318-ff61aea4af87"}</dcterms:identifier>
    <skos:prefLabel xml:lang="en-us">{"id": "ab82dabb-a966-406b-990e-db257a4aba01", "value": "100 KM"}</skos:prefLabel>
  </skos:Concept>
  <skos:Concept rdf:about="http://localhost:8000/cbdea313-8cd6-448f-8b25-8e72a4417651">
    <dcterms:identifier xml:lang="en">{"id": "4b6996f6-43bf-4287-83ab-a6000f9a2df1", "value": "http://localhost:8000/cbdea313-8cd6-448f-8b25-8e72a4417651"}</dcterms:identifier>
    <skos:prefLabel xml:lang="en-us">{"id": "c93164a8-f2d7-437e-87cb-b28066506f70", "value": "NGR"}</skos:prefLabel>
    <skos:inScheme rdf:resource="http://localhost:8000/64c115ce-6764-40b9-bd98-217c9128fae8"/>
  </skos:Concept>
  <skos:Concept rdf:about="http://localhost:8000/e7d1646c-2fc5-4709-80a8-5e6214ec708d">
    <skos:prefLabel xml:lang="en-us">{"id": "5cea99e4-8835-4721-a2b8-7bba45f55889", "value": "ABSOLUTE"}</skos:prefLabel>
    <skos:inScheme rdf:resource="http://localhost:8000/64c115ce-6764-40b9-bd98-217c9128fae8"/>
    <dcterms:identifier xml:lang="en">{"id": "5bfec6dd-d3ce-4669-bbef-8e02fb0531d2", "value": "http://localhost:8000/e7d1646c-2fc5-4709-80a8-5e6214ec708d"}</dcterms:identifier>
  </skos:Concept>
  <skos:Concept rdf:about="http://localhost:8000/67babc19-dd3b-475e-bbc6-d0492f1cdfa1">
    <dcterms:identifier xml:lang="en">{"id": "aa0649a1-4431-4e2e-88d5-88ed17f5c3be", "value": "http://localhost:8000/67babc19-dd3b-475e-bbc6-d0492f1cdfa1"}</dcterms:identifier>
    <skos:prefLabel xml:lang="en-us">{"id": "e2cbf75d-8d60-4467-b389-36e3c0bae3e4", "value": "WGS84"}</skos:prefLabel>
    <skos:inScheme rdf:resource="http://localhost:8000/64c115ce-6764-40b9-bd98-217c9128fae8"/>
  </skos:Concept>
  <skos:Concept rdf:about="http://localhost:8000/a467e883-e299-48eb-8701-aa8e1415876c">
    <skos:prefLabel xml:lang="en-us">{"id": "02097a67-f5f2-46a5-9338-5cdfb1ed1f83", "value": "OSGB36"}</skos:prefLabel>
    <skos:inScheme rdf:resource="http://localhost:8000/64c115ce-6764-40b9-bd98-217c9128fae8"/>
    <dcterms:identifier xml:lang="en">{"id": "00db2c8b-1d64-4d6e-b22e-d8f0910b8205", "value": "http://localhost:8000/a467e883-e299-48eb-8701-aa8e1415876c"}</dcterms:identifier>
  </skos:Concept>
  <skos:Concept rdf:about="http://localhost:8000/9aab5da2-c705-4985-b727-940a585b2d96">
    <dcterms:identifier xml:lang="en">{"id": "943476bd-2339-41a2-8807-3eaf6080d2bb", "value": "http://localhost:8000/9aab5da2-c705-4985-b727-940a585b2d96"}</dcterms:identifier>
    <skos:inScheme rdf:resource="http://localhost:8000/64c115ce-6764-40b9-bd98-217c9128fae8"/>
    <skos:prefLabel xml:lang="en-us">{"id": "ce402d37-c171-478e-aa2a-b38882b3231c", "value": "LAT/LONG"}</skos:prefLabel>
  </skos:Concept>
</rdf:RDF>
