<?xml version="1.0" encoding="utf-8"?>
<rdf:RDF
  xmlns:skos="http://www.w3.org/2004/02/skos/core#"
  xmlns:dcterms="http://purl.org/dc/terms/"
  xmlns:rdf="http://www.w3.org/1999/02/22-rdf-syntax-ns#"
>
  <skos:ConceptScheme rdf:about="http://localhost:8000/e7e56dd5-b03c-4c70-a943-2af45f50135d">
    <dcterms:identifier xml:lang="en">{"id": "a8b02eca-3a7d-4e0a-ac91-07e4e0bda46e", "value": "http://www.archesproject.org/e7e56dd5-b03c-4c70-a943-2af45f50135d"}</dcterms:identifier>
    <skos:hasTopConcept>
      <skos:Concept rdf:about="http://localhost:8000/a942fca4-2947-4096-8d83-873193f7b395">
        <skos:inScheme rdf:resource="http://localhost:8000/e7e56dd5-b03c-4c70-a943-2af45f50135d"/>
        <skos:prefLabel xml:lang="en">{"id": "63035028-096c-4b84-931e-9f91a57723c4", "value": "No Known Copyright Restriction"}</skos:prefLabel>
        <dcterms:identifier xml:lang="en">{"id": "9184563f-98c4-48e5-b16e-5330dae3b9b2", "value": "http://www.archesproject.org/a942fca4-2947-4096-8d83-873193f7b395"}</dcterms:identifier>
      </skos:Concept>
    </skos:hasTopConcept>
    <skos:hasTopConcept>
      <skos:Concept rdf:about="http://localhost:8000/b402a3df-fd66-4179-a99d-2ce396bbfac5">
        <skos:prefLabel xml:lang="en">{"id": "c2b51d0c-9700-480a-9dce-a3141f3ffd83", "value": "Public Domain"}</skos:prefLabel>
        <dcterms:identifier xml:lang="en">{"id": "f9f9957d-1d3c-4ea0-914b-d5071ebc528d", "value": "http://www.archesproject.org/b402a3df-fd66-4179-a99d-2ce396bbfac5"}</dcterms:identifier>
        <skos:inScheme rdf:resource="http://localhost:8000/e7e56dd5-b03c-4c70-a943-2af45f50135d"/>
      </skos:Concept>
    </skos:hasTopConcept>
    <skos:hasTopConcept>
      <skos:Concept rdf:about="http://localhost:8000/9c7e055b-6ce8-45e2-a89f-3cef96503bc1">
        <skos:prefLabel xml:lang="en">{"id": "95b62283-80d4-4e97-9744-9afdf9a1450e", "value": "Crown Copyright"}</skos:prefLabel>
        <skos:inScheme rdf:resource="http://localhost:8000/e7e56dd5-b03c-4c70-a943-2af45f50135d"/>
        <dcterms:identifier xml:lang="en">{"id": "e92b13d9-bce3-40e0-bd58-16a4a7964786", "value": "http://localhost:8000/9c7e055b-6ce8-45e2-a89f-3cef96503bc1"}</dcterms:identifier>
      </skos:Concept>
    </skos:hasTopConcept>
    <skos:hasTopConcept>
      <skos:Concept rdf:about="http://localhost:8000/f0373651-e12b-4ea9-8e64-2eea9e6df73d">
        <skos:prefLabel xml:lang="en">{"id": "49189f3a-261c-44a2-8361-a0ddf72fea22", "value": "Copyright Licence (e.g. Creative Commons)"}</skos:prefLabel>
        <dcterms:identifier xml:lang="en">{"id": "effacf8e-ad65-4908-b60e-dd9ccee394c2", "value": "http://www.archesproject.org/f0373651-e12b-4ea9-8e64-2eea9e6df73d"}</dcterms:identifier>
        <skos:inScheme rdf:resource="http://localhost:8000/e7e56dd5-b03c-4c70-a943-2af45f50135d"/>
      </skos:Concept>
    </skos:hasTopConcept>
    <dcterms:title xml:lang="en-us">{"id": "8c4b4e8c-2ffe-4596-bcb7-932b0fc1c0da", "value": "Copyright Type"}</dcterms:title>
    <skos:hasTopConcept>
      <skos:Concept rdf:about="http://localhost:8000/4b20fbcd-a0d2-4a47-83e3-e8acd72b7182">
        <skos:prefLabel xml:lang="en">{"id": "bcc0a33c-4d3f-4f2a-a7e0-3bab465b9136", "value": "Copyright - All Rights Reserved"}</skos:prefLabel>
        <dcterms:identifier xml:lang="en">{"id": "62d3b729-c48a-4f77-b04d-73a15874f7ef", "value": "http://www.archesproject.org/4b20fbcd-a0d2-4a47-83e3-e8acd72b7182"}</dcterms:identifier>
        <skos:inScheme rdf:resource="http://localhost:8000/e7e56dd5-b03c-4c70-a943-2af45f50135d"/>
      </skos:Concept>
    </skos:hasTopConcept>
  </skos:ConceptScheme>
</rdf:RDF>
