<?xml version="1.0" encoding="utf-8"?>
<rdf:RDF
  xmlns:skos="http://www.w3.org/2004/02/skos/core#"
  xmlns:dcterms="http://purl.org/dc/terms/"
  xmlns:rdf="http://www.w3.org/1999/02/22-rdf-syntax-ns#"
>
  <skos:ConceptScheme rdf:about="http://localhost:8000/aad762b4-47cf-42f4-8f9f-dc3a101d4272">
    <skos:hasTopConcept>
      <skos:Concept rdf:about="http://localhost:8000/07829e4f-1810-43ed-bcde-1e807ff55f92">
        <skos:prefLabel xml:lang="en">{"id": "dad5c9ef-65ee-497a-be4a-f8d3aed61d74", "value": "Casualty"}</skos:prefLabel>
        <dcterms:identifier xml:lang="en">{"id": "85c770fc-f434-48e2-bf63-a68f1abfc446", "value": "http://localhost:8000/07829e4f-1810-43ed-bcde-1e807ff55f92"}</dcterms:identifier>
        <skos:inScheme rdf:resource="http://localhost:8000/aad762b4-47cf-42f4-8f9f-dc3a101d4272"/>
      </skos:Concept>
    </skos:hasTopConcept>
    <dcterms:identifier xml:lang="en">{"id": "2d187d32-33ff-4e4a-ba7c-191c2d43e9c5", "value": "http://localhost:8000/aad762b4-47cf-42f4-8f9f-dc3a101d4272"}</dcterms:identifier>
    <dcterms:title xml:lang="en">{"id": "aa91896e-4e8b-47bd-b8c4-b2d71ab1c5a1", "value": "Craft Site Status"}</dcterms:title>
    <skos:hasTopConcept>
      <skos:Concept rdf:about="http://localhost:8000/20abb36c-9b94-477c-981d-abda1691e12b">
        <skos:inScheme rdf:resource="http://localhost:8000/aad762b4-47cf-42f4-8f9f-dc3a101d4272"/>
        <dcterms:identifier xml:lang="en">{"id": "f1590ba0-2982-4e19-806d-1aa359b01362", "value": "http://localhost:8000/20abb36c-9b94-477c-981d-abda1691e12b"}</dcterms:identifier>
        <skos:prefLabel xml:lang="en">{"id": "949f7b94-c699-4ab5-99dd-9e0453b88d81", "value": "Known Site"}</skos:prefLabel>
      </skos:Concept>
    </skos:hasTopConcept>
  </skos:ConceptScheme>
</rdf:RDF>
