<?xml version="1.0" encoding="utf-8"?>
<rdf:RDF
  xmlns:skos="http://www.w3.org/2004/02/skos/core#"
  xmlns:dcterms="http://purl.org/dc/terms/"
  xmlns:rdf="http://www.w3.org/1999/02/22-rdf-syntax-ns#"
>
  <skos:Concept rdf:about="http://localhost:8000/446a20db-d38a-460c-be00-5a1dd90bd7e6">
    <skos:inScheme>
      <skos:ConceptScheme rdf:about="http://localhost:8000/9ca0456d-246e-4b67-9591-0c554eb1df26">
        <skos:hasTopConcept rdf:resource="http://localhost:8000/9461a0d3-94ae-4fbc-a34a-254af20fe31b"/>
        <skos:hasTopConcept rdf:resource="http://localhost:8000/622a252d-700c-46fc-a310-fdc782634d6d"/>
        <skos:hasTopConcept rdf:resource="http://localhost:8000/446a20db-d38a-460c-be00-5a1dd90bd7e6"/>
        <skos:hasTopConcept rdf:resource="http://localhost:8000/909315ab-8810-464f-8c29-bc89520317fd"/>
        <skos:hasTopConcept rdf:resource="http://localhost:8000/e9439f23-782f-4e76-96bd-9470c602f130"/>
        <skos:hasTopConcept rdf:resource="http://localhost:8000/5f2d89f3-d7ca-4ed4-ac9c-01aa28a5cc56"/>
        <skos:hasTopConcept rdf:resource="http://localhost:8000/acc8e942-5f71-487b-96bb-3e6ea66e06fc"/>
        <skos:hasTopConcept rdf:resource="http://localhost:8000/fda2e567-f30e-47dc-8876-5ff9075a3339"/>
        <skos:hasTopConcept rdf:resource="http://localhost:8000/2893ddbc-fd9b-45eb-b313-4ca17036052c"/>
        <skos:hasTopConcept rdf:resource="http://localhost:8000/90114628-61e0-4a84-94da-bb41b83e8d91"/>
        <skos:hasTopConcept rdf:resource="http://localhost:8000/4116a842-f7d6-4c87-b46b-4b2d47b1a0d5"/>
        <skos:hasTopConcept rdf:resource="http://localhost:8000/faf080d8-d73a-4bc1-a8c1-a2fa7bc920d6"/>
        <skos:hasTopConcept rdf:resource="http://localhost:8000/2cc10f9b-e6fa-467c-9679-719c6bf84610"/>
        <skos:hasTopConcept rdf:resource="http://localhost:8000/e050905f-7e2b-47e2-b81b-1c9011672969"/>
        <skos:hasTopConcept rdf:resource="http://localhost:8000/ae047870-ccbf-44a9-89ab-404aebae276c"/>
        <skos:hasTopConcept rdf:resource="http://localhost:8000/abb6195e-f981-4aef-a913-8e03202c806d"/>
        <skos:hasTopConcept rdf:resource="http://localhost:8000/07c37454-bf75-4895-8866-418df018a7ba"/>
        <skos:hasTopConcept rdf:resource="http://localhost:8000/2b1e0f40-1e1a-4414-b848-a6c3fbafd690"/>
        <skos:hasTopConcept rdf:resource="http://localhost:8000/bd9dadea-99db-4781-a382-9a15113b4c42"/>
        <skos:hasTopConcept rdf:resource="http://localhost:8000/0e2eee02-9005-4845-851c-597a75e46ec3"/>
        <skos:hasTopConcept rdf:resource="http://localhost:8000/e5059731-9094-41f5-ab06-23afeb438386"/>
        <skos:hasTopConcept rdf:resource="http://localhost:8000/2ce67a26-0902-494f-9bd1-b29c2ac6cbe3"/>
        <skos:hasTopConcept rdf:resource="http://localhost:8000/e69c8d3c-2be6-4910-a623-fa4a8dc8f367"/>
        <skos:hasTopConcept rdf:resource="http://localhost:8000/2e3c1415-a222-43f5-a143-c5ad005d83fe"/>
        <skos:hasTopConcept rdf:resource="http://localhost:8000/b255ff7a-ea37-4bb7-b33a-68f482e13725"/>
        <skos:hasTopConcept rdf:resource="http://localhost:8000/669799b8-4842-4b5a-9184-cac00cf6c6e2"/>
        <skos:hasTopConcept rdf:resource="http://localhost:8000/a1371463-d9c1-4acd-8cba-97698a077e68"/>
        <skos:hasTopConcept rdf:resource="http://localhost:8000/08d11569-f3bc-430d-a382-5084a845c5b9"/>
        <skos:hasTopConcept rdf:resource="http://localhost:8000/4b703f39-e19f-4ad2-9650-b3874bb460a4"/>
        <skos:hasTopConcept rdf:resource="http://localhost:8000/172dbe72-e0b4-44ee-88f6-bcc35c2462c8"/>
        <skos:hasTopConcept rdf:resource="http://localhost:8000/cacf5181-245a-4246-bfde-2d2a4515227a"/>
        <skos:hasTopConcept rdf:resource="http://localhost:8000/20185760-93c3-4256-851b-be31a25c9795"/>
        <skos:hasTopConcept rdf:resource="http://localhost:8000/dfdcf814-1aff-4ffc-9ebc-6a24dc0a1f65"/>
        <skos:hasTopConcept rdf:resource="http://localhost:8000/5f2b9cd3-8cdb-452d-a039-fe53cd52b92a"/>
        <skos:hasTopConcept rdf:resource="http://localhost:8000/ca6bff31-f90f-4596-afd4-fdaec50069d4"/>
        <skos:hasTopConcept rdf:resource="http://localhost:8000/2647bdbf-20d9-4747-bcc8-de4daf11baa1"/>
        <skos:hasTopConcept rdf:resource="http://localhost:8000/d1ac5ef1-1229-4abe-9c63-8d18785970cf"/>
        <skos:hasTopConcept rdf:resource="http://localhost:8000/532a9265-f9d0-4e2c-aa0b-7d7ed14c7d8e"/>
        <skos:hasTopConcept rdf:resource="http://localhost:8000/d08dde1e-e781-4d8d-a9d2-f47d9df9c127"/>
        <skos:hasTopConcept rdf:resource="http://localhost:8000/34a33eac-ef43-4d01-82ce-69275639a436"/>
        <skos:hasTopConcept rdf:resource="http://localhost:8000/a6590eb8-d4d9-4857-add4-4b561b427f93"/>
        <skos:hasTopConcept rdf:resource="http://localhost:8000/86809922-db8c-4a54-a229-b72b81f3a8fc"/>
        <skos:hasTopConcept rdf:resource="http://localhost:8000/8ab6cbfc-2fcf-4aa6-8dd0-082edcd4d846"/>
        <skos:hasTopConcept rdf:resource="http://localhost:8000/a11dd988-4eac-46e6-aad7-83fd31b8bb92"/>
        <dcterms:identifier xml:lang="en">{"id": "7ae843b2-86f6-4cb4-934b-0b0d679895d0", "value": "http://localhost:8000/9ca0456d-246e-4b67-9591-0c554eb1df26"}</dcterms:identifier>
        <skos:hasTopConcept rdf:resource="http://localhost:8000/32eeaeec-061f-473b-bc49-8a92e76887ce"/>
        <skos:hasTopConcept rdf:resource="http://localhost:8000/fa7a9164-2a73-4e98-be9e-3f849d7d2a84"/>
        <skos:hasTopConcept rdf:resource="http://localhost:8000/de0cb737-512c-402b-9efe-f0ea35c63d7a"/>
        <skos:hasTopConcept rdf:resource="http://localhost:8000/fd5a1771-4434-4b2c-a40d-0b7bf8687171"/>
        <skos:hasTopConcept rdf:resource="http://localhost:8000/edffa063-c620-46e6-a689-d2b27bf4364d"/>
        <skos:hasTopConcept rdf:resource="http://localhost:8000/72cb1d9c-1122-42f4-b8e4-855bbf6ee01c"/>
        <skos:hasTopConcept rdf:resource="http://localhost:8000/e24e352a-133d-4841-853f-16311ebd755d"/>
        <skos:hasTopConcept rdf:resource="http://localhost:8000/4cc20d19-46ff-46ad-a671-122f44269393"/>
        <skos:hasTopConcept rdf:resource="http://localhost:8000/c8b1683f-48af-4478-afbf-36c59ae67616"/>
        <skos:hasTopConcept rdf:resource="http://localhost:8000/3cd4d5f9-5ed8-4b5c-944c-5023abf32f6c"/>
        <skos:hasTopConcept rdf:resource="http://localhost:8000/e6367c0d-ac26-43f9-9a34-68ef9422d7b3"/>
        <skos:hasTopConcept rdf:resource="http://localhost:8000/0a62292d-03a4-448c-a9a0-725474511f4f"/>
        <skos:hasTopConcept rdf:resource="http://localhost:8000/ee9bffce-e85e-4ece-afb7-dc8ca41fc263"/>
        <skos:hasTopConcept rdf:resource="http://localhost:8000/8981d6d1-33a6-4277-b79b-277f1a3ea584"/>
        <skos:hasTopConcept rdf:resource="http://localhost:8000/7e054249-8959-448b-b89e-a74cca21e300"/>
        <skos:hasTopConcept rdf:resource="http://localhost:8000/2eecb593-91d8-4164-97f0-1271ff8f1d6c"/>
        <skos:hasTopConcept rdf:resource="http://localhost:8000/ac4102e3-b615-4024-ad8d-ee601771dc26"/>
        <skos:hasTopConcept rdf:resource="http://localhost:8000/e3cd7c71-b840-4821-9934-3b9300637477"/>
        <skos:hasTopConcept rdf:resource="http://localhost:8000/e388f010-ae3d-489b-835a-f31569c41615"/>
        <skos:hasTopConcept rdf:resource="http://localhost:8000/3fc2c972-b72c-48b4-9b5c-bd0c678ee9d8"/>
        <skos:hasTopConcept rdf:resource="http://localhost:8000/002dc2f1-9051-4ed1-a4ca-659338133d1a"/>
        <skos:hasTopConcept rdf:resource="http://localhost:8000/11126611-7029-47e4-9956-e8f3203abd84"/>
        <skos:hasTopConcept rdf:resource="http://localhost:8000/cffffe0c-ba9a-4f84-a561-abbc539ce849"/>
        <skos:hasTopConcept rdf:resource="http://localhost:8000/755ebf0b-b944-4639-aa15-3a1cb29cd24b"/>
        <skos:hasTopConcept rdf:resource="http://localhost:8000/b3612342-5b03-49dc-b548-0f4297d8234b"/>
        <dcterms:title xml:lang="en">{"id": "0bad66df-7eed-49ff-a329-4ea78aae42bb", "value": "Cross Reference Source"}</dcterms:title>
        <skos:hasTopConcept rdf:resource="http://localhost:8000/198fff9a-5305-4a05-b10f-1c4edb970993"/>
        <skos:hasTopConcept rdf:resource="http://localhost:8000/1aea0bc2-fdd1-4b30-a57c-a074a283756c"/>
        <skos:hasTopConcept rdf:resource="http://localhost:8000/39cdbf89-37ae-4e70-a431-a7f0ab9ecc41"/>
      </skos:ConceptScheme>
    </skos:inScheme>
    <dcterms:identifier xml:lang="en">{"id": "3b966daa-bffd-4642-bf5b-df29a3c71e7d", "value": "http://localhost:8000/446a20db-d38a-460c-be00-5a1dd90bd7e6"}</dcterms:identifier>
    <skos:prefLabel xml:lang="en">{"id": "b0b5d72e-1263-46a6-ae72-0284c6a05d07", "value": "British Museum Treasure Number"}</skos:prefLabel>
  </skos:Concept>
  <skos:Concept rdf:about="http://localhost:8000/7e054249-8959-448b-b89e-a74cca21e300">
    <skos:inScheme rdf:resource="http://localhost:8000/9ca0456d-246e-4b67-9591-0c554eb1df26"/>
    <dcterms:identifier xml:lang="en">{"id": "8dd52d97-4f86-40a2-a5e1-552a456b80e3", "value": "http://localhost:8000/7e054249-8959-448b-b89e-a74cca21e300"}</dcterms:identifier>
    <skos:prefLabel xml:lang="en">{"id": "6c5e3943-f1ad-4f81-8c94-93d1912acfa5", "value": "National Trust Project Reference Number"}</skos:prefLabel>
  </skos:Concept>
  <skos:Concept rdf:about="http://localhost:8000/e69c8d3c-2be6-4910-a623-fa4a8dc8f367">
    <skos:prefLabel xml:lang="en">{"id": "f666c25d-90a4-4b1d-bca6-465a7e4815ce", "value": "Designation Number"}</skos:prefLabel>
    <dcterms:identifier xml:lang="en">{"id": "8e19cece-1c0d-44fa-b23e-1b07d571c571", "value": "http://localhost:8000/e69c8d3c-2be6-4910-a623-fa4a8dc8f367"}</dcterms:identifier>
    <skos:inScheme rdf:resource="http://localhost:8000/9ca0456d-246e-4b67-9591-0c554eb1df26"/>
  </skos:Concept>
  <skos:Concept rdf:about="http://localhost:8000/e5059731-9094-41f5-ab06-23afeb438386">
    <skos:prefLabel xml:lang="en">{"id": "3ca8418c-f6ae-4313-905d-f40398bdea12", "value": "Listed Building List Entry Number"}</skos:prefLabel>
    <skos:inScheme rdf:resource="http://localhost:8000/9ca0456d-246e-4b67-9591-0c554eb1df26"/>
    <dcterms:identifier xml:lang="en">{"id": "73dc0188-bd59-448a-bab7-66c160fccf2e", "value": "http://localhost:8000/e5059731-9094-41f5-ab06-23afeb438386"}</dcterms:identifier>
  </skos:Concept>
  <skos:Concept rdf:about="http://localhost:8000/caff1334-5234-4a43-85f5-4ab68c6f8d5a">
    <dcterms:identifier xml:lang="en">{"id": "13630f64-0560-4dbf-a5a3-e28a68f8e62e", "value": "http://localhost:8000/caff1334-5234-4a43-85f5-4ab68c6f8d5a"}</dcterms:identifier>
    <skos:prefLabel xml:lang="en">{"id": "c625b663-6b0c-4acc-8280-a0845d0afe58", "value": "ORPAD/EH/HE Find Number"}</skos:prefLabel>
    <skos:inScheme rdf:resource="http://localhost:8000/9ca0456d-246e-4b67-9591-0c554eb1df26"/>
  </skos:Concept>
  <skos:Concept rdf:about="http://localhost:8000/ac4102e3-b615-4024-ad8d-ee601771dc26">
    <dcterms:identifier xml:lang="en">{"id": "5284248c-dd90-4c2b-b28f-8a36b7c684cb", "value": "http://localhost:8000/ac4102e3-b615-4024-ad8d-ee601771dc26"}</dcterms:identifier>
    <skos:inScheme rdf:resource="http://localhost:8000/9ca0456d-246e-4b67-9591-0c554eb1df26"/>
    <skos:prefLabel xml:lang="en">{"id": "142df8dc-657c-4485-98f0-113ce3bdcf38", "value": "Heathcote Tumulus Number"}</skos:prefLabel>
  </skos:Concept>
  <skos:Concept rdf:about="http://localhost:8000/2e3c1415-a222-43f5-a143-c5ad005d83fe">
    <skos:inScheme rdf:resource="http://localhost:8000/9ca0456d-246e-4b67-9591-0c554eb1df26"/>
    <skos:prefLabel xml:lang="en">{"id": "f88290ec-616f-4301-83eb-b2f6f7e7648f", "value": "Local Nature Reserve"}</skos:prefLabel>
    <dcterms:identifier xml:lang="en">{"id": "1e8815ba-4dc0-4506-b1dd-e480354b6ca2", "value": "http://localhost:8000/2e3c1415-a222-43f5-a143-c5ad005d83fe"}</dcterms:identifier>
  </skos:Concept>
  <skos:Concept rdf:about="http://localhost:8000/b255ff7a-ea37-4bb7-b33a-68f482e13725">
    <skos:prefLabel xml:lang="en">{"id": "5f6ba900-6f15-497f-a9c3-feb54741f656", "value": "Site Code"}</skos:prefLabel>
    <dcterms:identifier xml:lang="en">{"id": "9313d470-7d4e-4678-bea6-2f4a1be7db2a", "value": "http://localhost:8000/b255ff7a-ea37-4bb7-b33a-68f482e13725"}</dcterms:identifier>
    <skos:inScheme rdf:resource="http://localhost:8000/9ca0456d-246e-4b67-9591-0c554eb1df26"/>
  </skos:Concept>
  <skos:Concept rdf:about="http://localhost:8000/07c37454-bf75-4895-8866-418df018a7ba">
    <skos:inScheme rdf:resource="http://localhost:8000/9ca0456d-246e-4b67-9591-0c554eb1df26"/>
    <skos:prefLabel xml:lang="en">{"id": "b4a13384-ea51-4701-b1c1-823f52280dae", "value": "Unified Designation System UID"}</skos:prefLabel>
    <dcterms:identifier xml:lang="en">{"id": "18c4a8f9-38e3-4a25-88b9-a0eb6a37ba0f", "value": "http://localhost:8000/07c37454-bf75-4895-8866-418df018a7ba"}</dcterms:identifier>
  </skos:Concept>
  <skos:Concept rdf:about="http://localhost:8000/9461a0d3-94ae-4fbc-a34a-254af20fe31b">
    <dcterms:identifier xml:lang="en">{"id": "4e495b66-66d1-4c35-afe7-ef0c5c2d905b", "value": "http://localhost:8000/9461a0d3-94ae-4fbc-a34a-254af20fe31b"}</dcterms:identifier>
    <skos:prefLabel xml:lang="en">{"id": "69538c61-a327-44b0-b35a-b6d005fed110", "value": "Dewey"}</skos:prefLabel>
    <skos:inScheme rdf:resource="http://localhost:8000/9ca0456d-246e-4b67-9591-0c554eb1df26"/>
  </skos:Concept>
  <skos:Concept rdf:about="http://localhost:8000/d1ac5ef1-1229-4abe-9c63-8d18785970cf">
    <skos:prefLabel xml:lang="en">{"id": "febc31d4-5396-481f-a73d-5058bbfe5deb", "value": "Medieval Settlements Research Project No"}</skos:prefLabel>
    <dcterms:identifier xml:lang="en">{"id": "1c441f00-c051-43ef-9d9a-fb4b4d94900b", "value": "http://localhost:8000/d1ac5ef1-1229-4abe-9c63-8d18785970cf"}</dcterms:identifier>
    <skos:inScheme rdf:resource="http://localhost:8000/9ca0456d-246e-4b67-9591-0c554eb1df26"/>
  </skos:Concept>
  <skos:Concept rdf:about="http://localhost:8000/2647bdbf-20d9-4747-bcc8-de4daf11baa1">
    <skos:prefLabel xml:lang="en">{"id": "3b42b9d1-9f9a-439b-a4fd-19a7962ed63f", "value": "Original Photograph Number"}</skos:prefLabel>
    <dcterms:identifier xml:lang="en">{"id": "b7d3c19a-36d6-41b7-92a1-15c764b8e16b", "value": "http://localhost:8000/2647bdbf-20d9-4747-bcc8-de4daf11baa1"}</dcterms:identifier>
    <skos:inScheme rdf:resource="http://localhost:8000/9ca0456d-246e-4b67-9591-0c554eb1df26"/>
  </skos:Concept>
  <skos:Concept rdf:about="http://localhost:8000/abb6195e-f981-4aef-a913-8e03202c806d">
    <skos:inScheme rdf:resource="http://localhost:8000/9ca0456d-246e-4b67-9591-0c554eb1df26"/>
    <dcterms:identifier xml:lang="en">{"id": "a000bce5-3e45-44f4-854b-f31ef7ed9ff3", "value": "http://localhost:8000/abb6195e-f981-4aef-a913-8e03202c806d"}</dcterms:identifier>
    <skos:prefLabel xml:lang="en">{"id": "28e773e4-de89-410c-b314-cb5d44fe27a7", "value": "Historic England Archive System"}</skos:prefLabel>
  </skos:Concept>
  <skos:Concept rdf:about="http://localhost:8000/172dbe72-e0b4-44ee-88f6-bcc35c2462c8">
    <dcterms:identifier xml:lang="en">{"id": "6eec816e-567e-4497-9758-978888c049e1", "value": "http://localhost:8000/172dbe72-e0b4-44ee-88f6-bcc35c2462c8"}</dcterms:identifier>
    <skos:prefLabel xml:lang="en">{"id": "1fff52de-ffdb-406a-b919-e6356be1e461", "value": "London Parks and Gardens Trust Site Reference"}</skos:prefLabel>
    <skos:inScheme rdf:resource="http://localhost:8000/9ca0456d-246e-4b67-9591-0c554eb1df26"/>
  </skos:Concept>
  <skos:Concept rdf:about="http://localhost:8000/86809922-db8c-4a54-a229-b72b81f3a8fc">
    <dcterms:identifier xml:lang="en">{"id": "dfaff707-857d-46e7-b414-4b278fee1ede", "value": "http://localhost:8000/86809922-db8c-4a54-a229-b72b81f3a8fc"}</dcterms:identifier>
    <skos:inScheme rdf:resource="http://localhost:8000/9ca0456d-246e-4b67-9591-0c554eb1df26"/>
    <skos:prefLabel xml:lang="en">{"id": "a5aa4298-3b42-4cb3-b8e8-c5d9c6e3cb71", "value": "Roman Inscriptions of Britain (RIB)"}</skos:prefLabel>
  </skos:Concept>
  <skos:Concept rdf:about="http://localhost:8000/65a0fc89-cbfc-4f80-804f-beeda9012385">
    <skos:inScheme rdf:resource="http://localhost:8000/9ca0456d-246e-4b67-9591-0c554eb1df26"/>
    <dcterms:identifier xml:lang="en">{"id": "5a6bfd1f-1984-453a-a2ee-76f0eb9df89b", "value": "http://localhost:8000/65a0fc89-cbfc-4f80-804f-beeda9012385"}</dcterms:identifier>
    <skos:prefLabel xml:lang="en">{"id": "82f958c4-7b3d-4dc8-a49e-fd85fbd03abf", "value": "FIPAD/EH Find Number"}</skos:prefLabel>
  </skos:Concept>
  <skos:Concept rdf:about="http://localhost:8000/20185760-93c3-4256-851b-be31a25c9795">
    <dcterms:identifier xml:lang="en">{"id": "1ae4f6a3-f620-4fa7-895a-661c65f6c48d", "value": "http://localhost:8000/20185760-93c3-4256-851b-be31a25c9795"}</dcterms:identifier>
    <skos:prefLabel xml:lang="en">{"id": "804a489a-be93-463b-b1f6-4f473b644279", "value": "National Monuments Record Number"}</skos:prefLabel>
    <skos:inScheme rdf:resource="http://localhost:8000/9ca0456d-246e-4b67-9591-0c554eb1df26"/>
  </skos:Concept>
  <skos:Concept rdf:about="http://localhost:8000/6d74bb65-524d-442f-8428-c399e4a4cd13">
    <skos:prefLabel xml:lang="en">{"id": "9c9c6c8e-16a4-4f93-affa-4e8e746be81d", "value": "GLHER Legacy UID"}</skos:prefLabel>
    <dcterms:identifier xml:lang="en">{"id": "5acb8560-2345-4205-88f5-926556a8b7cb", "value": "http://localhost:8000/6d74bb65-524d-442f-8428-c399e4a4cd13"}</dcterms:identifier>
    <skos:inScheme rdf:resource="http://localhost:8000/9ca0456d-246e-4b67-9591-0c554eb1df26"/>
  </skos:Concept>
  <skos:Concept rdf:about="http://localhost:8000/991eccab-5396-4661-aebf-cb6b510bbb66">
    <skos:prefLabel xml:lang="en">{"id": "ac4756c5-7f7b-4648-821b-a440aeaafd27", "value": "FIPAD/EH Monument Number"}</skos:prefLabel>
    <skos:inScheme rdf:resource="http://localhost:8000/9ca0456d-246e-4b67-9591-0c554eb1df26"/>
    <dcterms:identifier xml:lang="en">{"id": "5e46f5ed-3e00-4d58-b561-d02c795b80fc", "value": "http://localhost:8000/991eccab-5396-4661-aebf-cb6b510bbb66"}</dcterms:identifier>
  </skos:Concept>
  <skos:Concept rdf:about="http://localhost:8000/3fc2c972-b72c-48b4-9b5c-bd0c678ee9d8">
    <skos:prefLabel xml:lang="en">{"id": "20604011-72e9-40dd-8d92-2c7d522fe4a7", "value": "Heritage Image Partnership Number"}</skos:prefLabel>
    <dcterms:identifier xml:lang="en">{"id": "ba0a8d74-5188-4159-92be-271b95fbf211", "value": "http://localhost:8000/3fc2c972-b72c-48b4-9b5c-bd0c678ee9d8"}</dcterms:identifier>
    <skos:inScheme rdf:resource="http://localhost:8000/9ca0456d-246e-4b67-9591-0c554eb1df26"/>
  </skos:Concept>
  <skos:Concept rdf:about="http://localhost:8000/34a33eac-ef43-4d01-82ce-69275639a436">
    <dcterms:identifier xml:lang="en">{"id": "47fafdf9-81d0-486f-a4ec-217857893ea8", "value": "http://localhost:8000/34a33eac-ef43-4d01-82ce-69275639a436"}</dcterms:identifier>
    <skos:inScheme rdf:resource="http://localhost:8000/9ca0456d-246e-4b67-9591-0c554eb1df26"/>
    <skos:prefLabel xml:lang="en">{"id": "2065fe1f-d4e1-45b1-a849-ce0e09b7fff0", "value": "Webpage"}</skos:prefLabel>
  </skos:Concept>
  <skos:Concept rdf:about="http://localhost:8000/87e92a8c-7385-4623-840c-e1fd50482101">
    <skos:inScheme rdf:resource="http://localhost:8000/9ca0456d-246e-4b67-9591-0c554eb1df26"/>
    <skos:prefLabel xml:lang="en">{"id": "a2aebdfe-42e9-4458-ba7b-64f69dd85f40", "value": "RCHME FF Series 1996 (6.5x4.75) col tran"}</skos:prefLabel>
    <dcterms:identifier xml:lang="en">{"id": "7b154033-b693-43c4-b799-88e1c85a8be4", "value": "http://localhost:8000/87e92a8c-7385-4623-840c-e1fd50482101"}</dcterms:identifier>
  </skos:Concept>
  <skos:Concept rdf:about="http://localhost:8000/1aea0bc2-fdd1-4b30-a57c-a074a283756c">
    <dcterms:identifier xml:lang="en">{"id": "a5ebc035-8cae-46fa-8b12-7b5de22ea001", "value": "http://localhost:8000/1aea0bc2-fdd1-4b30-a57c-a074a283756c"}</dcterms:identifier>
    <skos:inScheme rdf:resource="http://localhost:8000/9ca0456d-246e-4b67-9591-0c554eb1df26"/>
    <skos:prefLabel xml:lang="en">{"id": "9bdb6b98-011c-4a65-9b69-e398f8f5aa63", "value": "Admiralty Chart"}</skos:prefLabel>
  </skos:Concept>
  <skos:Concept rdf:about="http://localhost:8000/279d4763-0e87-4052-8920-dafd1de1a073">
    <dcterms:identifier xml:lang="en">{"id": "5dc94cc8-f821-405a-924d-fdffde51183a", "value": "http://localhost:8000/279d4763-0e87-4052-8920-dafd1de1a073"}</dcterms:identifier>
    <skos:prefLabel xml:lang="en">{"id": "3d66bc7b-0fa8-4f4b-8771-f9af33b4d516", "value": "RCHME CC Series (1996) (8 1/2 x 6 1/2)"}</skos:prefLabel>
    <skos:inScheme rdf:resource="http://localhost:8000/9ca0456d-246e-4b67-9591-0c554eb1df26"/>
  </skos:Concept>
  <skos:Concept rdf:about="http://localhost:8000/fd5a1771-4434-4b2c-a40d-0b7bf8687171">
    <skos:narrower>
      <skos:Concept rdf:about="http://localhost:8000/8de65fbe-737d-4289-8968-12c6e3d1edc8">
        <skos:inScheme rdf:resource="http://localhost:8000/9ca0456d-246e-4b67-9591-0c554eb1df26"/>
        <dcterms:identifier xml:lang="en">{"id": "b01b9896-4e32-4aca-a92a-2afd83966142", "value": "http://localhost:8000/8de65fbe-737d-4289-8968-12c6e3d1edc8"}</dcterms:identifier>
        <skos:prefLabel xml:lang="en">{"id": "b2ebf706-e6ab-4d2d-852c-8056430da053", "value": "ORPAD/EH/HE Monument Number"}</skos:prefLabel>
      </skos:Concept>
    </skos:narrower>
    <skos:narrower>
      <skos:Concept rdf:about="http://localhost:8000/a3a1abe1-9041-4972-b3e8-933ff176b5a0">
        <dcterms:identifier xml:lang="en">{"id": "42b2f67f-bcfc-4c62-ad31-c82a78e07da5", "value": "http://localhost:8000/a3a1abe1-9041-4972-b3e8-933ff176b5a0"}</dcterms:identifier>
        <skos:prefLabel xml:lang="en">{"id": "9987b04b-a837-4070-a9b9-d5531210bac4", "value": "ORPAD/EH/HE Event Name"}</skos:prefLabel>
        <skos:inScheme rdf:resource="http://localhost:8000/9ca0456d-246e-4b67-9591-0c554eb1df26"/>
      </skos:Concept>
    </skos:narrower>
    <skos:prefLabel xml:lang="en">{"id": "fbf2a841-069c-4f77-9e72-2fd379e25919", "value": "Offshore Renewables Protocol for Archaeological Discoveries (ORPAD)"}</skos:prefLabel>
    <skos:inScheme rdf:resource="http://localhost:8000/9ca0456d-246e-4b67-9591-0c554eb1df26"/>
    <skos:narrower rdf:resource="http://localhost:8000/caff1334-5234-4a43-85f5-4ab68c6f8d5a"/>
    <dcterms:identifier xml:lang="en">{"id": "b08c2aa2-4293-4e2d-bb20-d39bd4035479", "value": "http://localhost:8000/fd5a1771-4434-4b2c-a40d-0b7bf8687171"}</dcterms:identifier>
  </skos:Concept>
  <skos:Concept rdf:about="http://localhost:8000/39cdbf89-37ae-4e70-a431-a7f0ab9ecc41">
    <skos:inScheme rdf:resource="http://localhost:8000/9ca0456d-246e-4b67-9591-0c554eb1df26"/>
    <dcterms:identifier xml:lang="en">{"id": "ea3d6497-3518-41b8-8c0b-29fdeca5dce5", "value": "http://localhost:8000/39cdbf89-37ae-4e70-a431-a7f0ab9ecc41"}</dcterms:identifier>
    <skos:prefLabel xml:lang="en">{"id": "477a3c15-9b0d-4e19-9462-ac58a088bd21", "value": "Network Rail ELR Asset Number"}</skos:prefLabel>
  </skos:Concept>
  <skos:Concept rdf:about="http://localhost:8000/32eeaeec-061f-473b-bc49-8a92e76887ce">
    <skos:narrower>
      <skos:Concept rdf:about="http://localhost:8000/a93e4547-3f1c-42a0-88dd-ae2c23a5d89f">
        <skos:prefLabel xml:lang="en">{"id": "ef38c162-892f-421a-990c-2f00740cfe97", "value": "RCHME P Series (Print numbering scheme)"}</skos:prefLabel>
        <dcterms:identifier xml:lang="en">{"id": "c5578378-1aff-4b79-a89d-f8a067d257f5", "value": "http://localhost:8000/a93e4547-3f1c-42a0-88dd-ae2c23a5d89f"}</dcterms:identifier>
        <skos:inScheme rdf:resource="http://localhost:8000/9ca0456d-246e-4b67-9591-0c554eb1df26"/>
      </skos:Concept>
    </skos:narrower>
    <skos:narrower>
      <skos:Concept rdf:about="http://localhost:8000/85c37c04-2a7b-42e3-98f0-1715c7e8031b">
        <skos:prefLabel xml:lang="en">{"id": "822fe834-003a-4561-ab8a-80b0f2307e84", "value": "RCHME BB Series (1996) (6 1/2 x 4 3/4)"}</skos:prefLabel>
        <dcterms:identifier xml:lang="en">{"id": "4e8254ee-a4cc-46bb-9e12-1a2cada38713", "value": "http://localhost:8000/85c37c04-2a7b-42e3-98f0-1715c7e8031b"}</dcterms:identifier>
        <skos:inScheme rdf:resource="http://localhost:8000/9ca0456d-246e-4b67-9591-0c554eb1df26"/>
      </skos:Concept>
    </skos:narrower>
    <skos:narrower>
      <skos:Concept rdf:about="http://localhost:8000/4b0d47a2-bdef-4aba-b871-5324c7aa5e6b">
        <skos:inScheme rdf:resource="http://localhost:8000/9ca0456d-246e-4b67-9591-0c554eb1df26"/>
        <skos:prefLabel xml:lang="en">{"id": "e22d5981-b0d3-431f-a205-cd18750a89d3", "value": "RCHME DD Series (1996) (10 x 8)"}</skos:prefLabel>
        <dcterms:identifier xml:lang="en">{"id": "18507312-524f-4b81-85f9-827dc5d5b32e", "value": "http://localhost:8000/4b0d47a2-bdef-4aba-b871-5324c7aa5e6b"}</dcterms:identifier>
      </skos:Concept>
    </skos:narrower>
    <dcterms:identifier xml:lang="en">{"id": "d46592c9-f9f2-4645-97c1-f47b29958cdd", "value": "http://localhost:8000/32eeaeec-061f-473b-bc49-8a92e76887ce"}</dcterms:identifier>
    <skos:narrower>
      <skos:Concept rdf:about="http://localhost:8000/d1d5d816-67ef-48e2-be78-fe2ada48b9ff">
        <skos:inScheme rdf:resource="http://localhost:8000/9ca0456d-246e-4b67-9591-0c554eb1df26"/>
        <dcterms:identifier xml:lang="en">{"id": "57c2f615-63bb-41ac-b6a3-7281160b8e87", "value": "http://localhost:8000/d1d5d816-67ef-48e2-be78-fe2ada48b9ff"}</dcterms:identifier>
        <skos:prefLabel xml:lang="en">{"id": "e61bdf71-588f-40f0-bc71-6b48354cffef", "value": "RCHME S Series (Slide numbering scheme)"}</skos:prefLabel>
      </skos:Concept>
    </skos:narrower>
    <skos:narrower rdf:resource="http://localhost:8000/87e92a8c-7385-4623-840c-e1fd50482101"/>
    <skos:narrower>
      <skos:Concept rdf:about="http://localhost:8000/8eaaf5f4-2f52-416f-b945-4dfddfa77fb7">
        <dcterms:identifier xml:lang="en">{"id": "c498b7f0-d621-4826-8ec0-791314d4f19a", "value": "http://localhost:8000/8eaaf5f4-2f52-416f-b945-4dfddfa77fb7"}</dcterms:identifier>
        <skos:inScheme rdf:resource="http://localhost:8000/9ca0456d-246e-4b67-9591-0c554eb1df26"/>
        <skos:prefLabel xml:lang="en">{"id": "9d2e21cf-8e16-4bb6-be75-b1d116b5beb4", "value": "RCHME EE Series (1996) (15 x 12)"}</skos:prefLabel>
      </skos:Concept>
    </skos:narrower>
    <skos:narrower>
      <skos:Concept rdf:about="http://localhost:8000/9ea7f9a9-7a23-4eb2-9047-4a33b3f933e3">
        <dcterms:identifier xml:lang="en">{"id": "77a33996-c803-4076-bce4-67f6092ea781", "value": "http://localhost:8000/9ea7f9a9-7a23-4eb2-9047-4a33b3f933e3"}</dcterms:identifier>
        <skos:prefLabel xml:lang="en">{"id": "a553d5fd-ffba-4dc6-84e5-f21a8773313e", "value": "RCHME AA Series (1996) (4 1/4 x 3 1/4)"}</skos:prefLabel>
        <skos:inScheme rdf:resource="http://localhost:8000/9ca0456d-246e-4b67-9591-0c554eb1df26"/>
      </skos:Concept>
    </skos:narrower>
    <skos:prefLabel xml:lang="en">{"id": "01ba15c9-373f-447c-89fe-b9c3abc31491", "value": "RCHME Photograph Series"}</skos:prefLabel>
    <skos:inScheme rdf:resource="http://localhost:8000/9ca0456d-246e-4b67-9591-0c554eb1df26"/>
    <skos:narrower rdf:resource="http://localhost:8000/279d4763-0e87-4052-8920-dafd1de1a073"/>
    <skos:narrower>
      <skos:Concept rdf:about="http://localhost:8000/9ecfc282-8018-4405-bc14-ac35e1d102e8">
        <skos:prefLabel xml:lang="en">{"id": "ddee0721-c5e6-47b3-9a15-9749f4035948", "value": "RCHME 35mm Series"}</skos:prefLabel>
        <dcterms:identifier xml:lang="en">{"id": "813b70d3-bab1-42cf-9fdb-e7c705efa356", "value": "http://localhost:8000/9ecfc282-8018-4405-bc14-ac35e1d102e8"}</dcterms:identifier>
        <skos:inScheme rdf:resource="http://localhost:8000/9ca0456d-246e-4b67-9591-0c554eb1df26"/>
      </skos:Concept>
    </skos:narrower>
  </skos:Concept>
  <skos:Concept rdf:about="http://localhost:8000/ca6bff31-f90f-4596-afd4-fdaec50069d4">
    <skos:inScheme rdf:resource="http://localhost:8000/9ca0456d-246e-4b67-9591-0c554eb1df26"/>
    <skos:prefLabel xml:lang="en">{"id": "08d086c5-9db1-4c67-a267-c4c16e7e350c", "value": "Listed Building List Entry Legacy UID"}</skos:prefLabel>
    <dcterms:identifier xml:lang="en">{"id": "327a7f15-bbd4-4bca-871c-e53cd95576c4", "value": "http://localhost:8000/ca6bff31-f90f-4596-afd4-fdaec50069d4"}</dcterms:identifier>
  </skos:Concept>
  <skos:Concept rdf:about="http://localhost:8000/e24e352a-133d-4841-853f-16311ebd755d">
    <dcterms:identifier xml:lang="en">{"id": "b9691edd-e72b-4b17-a553-a7f9344612ad", "value": "http://localhost:8000/e24e352a-133d-4841-853f-16311ebd755d"}</dcterms:identifier>
    <skos:inScheme rdf:resource="http://localhost:8000/9ca0456d-246e-4b67-9591-0c554eb1df26"/>
    <skos:prefLabel xml:lang="en">{"id": "b21f7278-6b54-4540-97e4-42c5eb78c2c9", "value": "English Rivers Palaeolithic Project"}</skos:prefLabel>
  </skos:Concept>
  <skos:Concept rdf:about="http://localhost:8000/edffa063-c620-46e6-a689-d2b27bf4364d">
    <dcterms:identifier xml:lang="en">{"id": "5e9a288d-8740-4093-a158-daa2ffd9c3bb", "value": "http://localhost:8000/edffa063-c620-46e6-a689-d2b27bf4364d"}</dcterms:identifier>
    <skos:inScheme rdf:resource="http://localhost:8000/9ca0456d-246e-4b67-9591-0c554eb1df26"/>
    <skos:prefLabel xml:lang="en">{"id": "ebdd2bcd-fd56-4e69-bd4b-43a88635cb53", "value": "Original archive object no."}</skos:prefLabel>
  </skos:Concept>
  <skos:Concept rdf:about="http://localhost:8000/e9439f23-782f-4e76-96bd-9470c602f130">
    <skos:prefLabel xml:lang="en">{"id": "afaf19c7-bfdb-43d7-aec4-f2af3cdd2edf", "value": "Scheduled Monument Legacy (County No.)"}</skos:prefLabel>
    <dcterms:identifier xml:lang="en">{"id": "4c487a45-428a-4195-b080-665599c8abfc", "value": "http://localhost:8000/e9439f23-782f-4e76-96bd-9470c602f130"}</dcterms:identifier>
    <skos:inScheme rdf:resource="http://localhost:8000/9ca0456d-246e-4b67-9591-0c554eb1df26"/>
  </skos:Concept>
  <skos:Concept rdf:about="http://localhost:8000/e6367c0d-ac26-43f9-9a34-68ef9422d7b3">
    <skos:prefLabel xml:lang="en">{"id": "69023356-49d9-4cf8-84b8-9d61467f96de", "value": "Threatened Buildings Number"}</skos:prefLabel>
    <skos:inScheme rdf:resource="http://localhost:8000/9ca0456d-246e-4b67-9591-0c554eb1df26"/>
    <dcterms:identifier xml:lang="en">{"id": "7a77c35c-525b-4728-a637-8e59d2eb523b", "value": "http://localhost:8000/e6367c0d-ac26-43f9-9a34-68ef9422d7b3"}</dcterms:identifier>
  </skos:Concept>
  <skos:Concept rdf:about="http://localhost:8000/909315ab-8810-464f-8c29-bc89520317fd">
    <dcterms:identifier xml:lang="en">{"id": "12052653-e262-4d3d-a6ef-567213c85f92", "value": "http://localhost:8000/909315ab-8810-464f-8c29-bc89520317fd"}</dcterms:identifier>
    <skos:inScheme rdf:resource="http://localhost:8000/9ca0456d-246e-4b67-9591-0c554eb1df26"/>
    <skos:prefLabel xml:lang="en">{"id": "2bc66f56-0d90-444e-826a-a26eddee422f", "value": "RCHME Microfilm Index Number"}</skos:prefLabel>
  </skos:Concept>
  <skos:Concept rdf:about="http://localhost:8000/2ce67a26-0902-494f-9bd1-b29c2ac6cbe3">
    <skos:inScheme rdf:resource="http://localhost:8000/9ca0456d-246e-4b67-9591-0c554eb1df26"/>
    <skos:prefLabel xml:lang="en">{"id": "224ea66f-33bd-4c0c-a817-e7d4edd153d1", "value": "National Buildings Record Index Number"}</skos:prefLabel>
    <dcterms:identifier xml:lang="en">{"id": "ae53e70c-190c-4531-abdd-724268374340", "value": "http://localhost:8000/2ce67a26-0902-494f-9bd1-b29c2ac6cbe3"}</dcterms:identifier>
  </skos:Concept>
  <skos:Concept rdf:about="http://localhost:8000/cffffe0c-ba9a-4f84-a561-abbc539ce849">
    <dcterms:identifier xml:lang="en">{"id": "fc9783e8-73cb-4d2c-825c-b9d5af94cc7f", "value": "http://localhost:8000/cffffe0c-ba9a-4f84-a561-abbc539ce849"}</dcterms:identifier>
    <skos:prefLabel xml:lang="en">{"id": "2194b4df-83fb-48cd-9b19-f9a9868e4c33", "value": "Superfile number"}</skos:prefLabel>
    <skos:inScheme rdf:resource="http://localhost:8000/9ca0456d-246e-4b67-9591-0c554eb1df26"/>
  </skos:Concept>
  <skos:Concept rdf:about="http://localhost:8000/e388f010-ae3d-489b-835a-f31569c41615">
    <dcterms:identifier xml:lang="en">{"id": "0339f342-d056-480e-9d4f-38e7860504d6", "value": "http://localhost:8000/e388f010-ae3d-489b-835a-f31569c41615"}</dcterms:identifier>
    <skos:inScheme rdf:resource="http://localhost:8000/9ca0456d-246e-4b67-9591-0c554eb1df26"/>
    <skos:prefLabel xml:lang="en">{"id": "173f81de-b612-4961-ac25-9d10e906d233", "value": "Marine Aggregate Licence Area"}</skos:prefLabel>
  </skos:Concept>
  <skos:Concept rdf:about="http://localhost:8000/90114628-61e0-4a84-94da-bb41b83e8d91">
    <skos:narrower>
      <skos:Concept rdf:about="http://localhost:8000/74b2cff4-295c-470a-a227-06f173956c50">
        <skos:inScheme rdf:resource="http://localhost:8000/9ca0456d-246e-4b67-9591-0c554eb1df26"/>
        <skos:prefLabel xml:lang="en">{"id": "4d5ca7d3-a327-401a-b47c-a8c5867e9a96", "value": "BMAPA/EH/HE Event Name"}</skos:prefLabel>
        <dcterms:identifier xml:lang="en">{"id": "3b6c93cb-dc8b-475c-bd76-6f8e4d829b51", "value": "http://localhost:8000/74b2cff4-295c-470a-a227-06f173956c50"}</dcterms:identifier>
      </skos:Concept>
    </skos:narrower>
    <dcterms:identifier xml:lang="en">{"id": "5f6b3bd6-d830-4eea-8b3e-b8a79a471325", "value": "http://localhost:8000/90114628-61e0-4a84-94da-bb41b83e8d91"}</dcterms:identifier>
    <skos:narrower>
      <skos:Concept rdf:about="http://localhost:8000/85932da7-2078-485c-937f-d6566f8c6071">
        <dcterms:identifier xml:lang="en">{"id": "2f0a4bcf-ee6a-4e39-bf59-187a11476f92", "value": "http://localhost:8000/85932da7-2078-485c-937f-d6566f8c6071"}</dcterms:identifier>
        <skos:inScheme rdf:resource="http://localhost:8000/9ca0456d-246e-4b67-9591-0c554eb1df26"/>
        <skos:prefLabel xml:lang="en">{"id": "074057fd-416d-4a25-be79-176552dbac2f", "value": "BMAPA/EH/HE Monument Number"}</skos:prefLabel>
      </skos:Concept>
    </skos:narrower>
    <skos:narrower>
      <skos:Concept rdf:about="http://localhost:8000/89dd5328-525d-4874-9dde-f6da4c794652">
        <skos:inScheme rdf:resource="http://localhost:8000/9ca0456d-246e-4b67-9591-0c554eb1df26"/>
        <skos:prefLabel xml:lang="en">{"id": "4da4ed2a-280f-4c10-8d18-ddf6154ec75c", "value": "BMAPA/EH/HE Find Number"}</skos:prefLabel>
        <dcterms:identifier xml:lang="en">{"id": "93b0c979-c377-4643-8773-10492e482f18", "value": "http://localhost:8000/89dd5328-525d-4874-9dde-f6da4c794652"}</dcterms:identifier>
      </skos:Concept>
    </skos:narrower>
    <skos:inScheme rdf:resource="http://localhost:8000/9ca0456d-246e-4b67-9591-0c554eb1df26"/>
    <skos:prefLabel xml:lang="en">{"id": "c0116545-cc54-402b-b1a4-a408aa26ccea", "value": "British Marine Aggregate Producers Association (BMAPA)"}</skos:prefLabel>
  </skos:Concept>
  <skos:Concept rdf:about="http://localhost:8000/acc8e942-5f71-487b-96bb-3e6ea66e06fc">
    <dcterms:identifier xml:lang="en">{"id": "a996bc3f-8916-41c7-bff0-46fd3df43912", "value": "http://localhost:8000/acc8e942-5f71-487b-96bb-3e6ea66e06fc"}</dcterms:identifier>
    <skos:narrower rdf:resource="http://localhost:8000/991eccab-5396-4661-aebf-cb6b510bbb66"/>
    <skos:narrower rdf:resource="http://localhost:8000/65a0fc89-cbfc-4f80-804f-beeda9012385"/>
    <skos:prefLabel xml:lang="en">{"id": "ca0ad086-4627-4734-b3cd-63c5fc580dd5", "value": "Fishing Industry Protocal for Archaeological Discoveries (FIPAD)"}</skos:prefLabel>
    <skos:inScheme rdf:resource="http://localhost:8000/9ca0456d-246e-4b67-9591-0c554eb1df26"/>
    <skos:narrower>
      <skos:Concept rdf:about="http://localhost:8000/394d25ce-704c-400c-9934-d2a05cb7e502">
        <skos:prefLabel xml:lang="en">{"id": "7846c526-f31c-4874-a0d2-3d75e06b84ee", "value": "FIPAD/EH Event Name"}</skos:prefLabel>
        <dcterms:identifier xml:lang="en">{"id": "7b4e8cbf-35b9-4c10-9d18-4e5f6dc44814", "value": "http://localhost:8000/394d25ce-704c-400c-9934-d2a05cb7e502"}</dcterms:identifier>
        <skos:inScheme rdf:resource="http://localhost:8000/9ca0456d-246e-4b67-9591-0c554eb1df26"/>
      </skos:Concept>
    </skos:narrower>
  </skos:Concept>
  <skos:Concept rdf:about="http://localhost:8000/ee9bffce-e85e-4ece-afb7-dc8ca41fc263">
    <dcterms:identifier xml:lang="en">{"id": "70a0ce24-9b2b-4f69-8c91-54ce9dfe7ec4", "value": "http://localhost:8000/ee9bffce-e85e-4ece-afb7-dc8ca41fc263"}</dcterms:identifier>
    <skos:prefLabel xml:lang="en">{"id": "c4d7f6a2-2382-4669-a003-b386558495ed", "value": "Listed Building Application Number"}</skos:prefLabel>
    <skos:inScheme rdf:resource="http://localhost:8000/9ca0456d-246e-4b67-9591-0c554eb1df26"/>
  </skos:Concept>
  <skos:Concept rdf:about="http://localhost:8000/fda2e567-f30e-47dc-8876-5ff9075a3339">
    <skos:inScheme rdf:resource="http://localhost:8000/9ca0456d-246e-4b67-9591-0c554eb1df26"/>
    <dcterms:identifier xml:lang="en">{"id": "55fd0716-deed-4730-916f-76736679e0d2", "value": "http://localhost:8000/fda2e567-f30e-47dc-8876-5ff9075a3339"}</dcterms:identifier>
    <skos:prefLabel xml:lang="en">{"id": "19afd557-cc21-44b4-b1df-f32568181b2c", "value": "Historic Environment Record Number"}</skos:prefLabel>
    <skos:narrower rdf:resource="http://localhost:8000/6d74bb65-524d-442f-8428-c399e4a4cd13"/>
  </skos:Concept>
  <skos:Concept rdf:about="http://localhost:8000/532a9265-f9d0-4e2c-aa0b-7d7ed14c7d8e">
    <dcterms:identifier xml:lang="en">{"id": "fe500080-967e-4864-a9e3-de9eed7f4ad6", "value": "http://localhost:8000/532a9265-f9d0-4e2c-aa0b-7d7ed14c7d8e"}</dcterms:identifier>
    <skos:inScheme rdf:resource="http://localhost:8000/9ca0456d-246e-4b67-9591-0c554eb1df26"/>
    <skos:prefLabel xml:lang="en">{"id": "414087d1-bb1e-491a-9e49-f900f7d96ccf", "value": "Corpus Signorum Imperii Romani (CSIR)"}</skos:prefLabel>
  </skos:Concept>
  <skos:Concept rdf:about="http://localhost:8000/2893ddbc-fd9b-45eb-b313-4ca17036052c">
    <dcterms:identifier xml:lang="en">{"id": "b6db016b-11b2-4fd4-8cd3-55719316588c", "value": "http://localhost:8000/2893ddbc-fd9b-45eb-b313-4ca17036052c"}</dcterms:identifier>
    <skos:prefLabel xml:lang="en">{"id": "7c249850-6a18-4600-a8da-f9952bb51213", "value": "Canal &amp; River Trust Heritage Record"}</skos:prefLabel>
    <skos:inScheme rdf:resource="http://localhost:8000/9ca0456d-246e-4b67-9591-0c554eb1df26"/>
  </skos:Concept>
  <skos:Concept rdf:about="http://localhost:8000/5f2b9cd3-8cdb-452d-a039-fe53cd52b92a">
    <skos:prefLabel xml:lang="en">{"id": "bfb13004-2ae8-49b5-8e9e-bf434d45ab11", "value": "EH Photo Library Number"}</skos:prefLabel>
    <skos:inScheme rdf:resource="http://localhost:8000/9ca0456d-246e-4b67-9591-0c554eb1df26"/>
    <dcterms:identifier xml:lang="en">{"id": "86339f41-4559-4b9d-8d3d-ff1e109e90ed", "value": "http://localhost:8000/5f2b9cd3-8cdb-452d-a039-fe53cd52b92a"}</dcterms:identifier>
  </skos:Concept>
  <skos:Concept rdf:about="http://localhost:8000/08d11569-f3bc-430d-a382-5084a845c5b9">
    <skos:prefLabel xml:lang="en">{"id": "d25a36e0-83ce-45ff-8d50-1a8feebc361a", "value": "Marine Antiquities Scheme ID"}</skos:prefLabel>
    <skos:inScheme rdf:resource="http://localhost:8000/9ca0456d-246e-4b67-9591-0c554eb1df26"/>
    <dcterms:identifier xml:lang="en">{"id": "9efa31af-ce13-47f6-80ec-2e1f59fdcaef", "value": "http://localhost:8000/08d11569-f3bc-430d-a382-5084a845c5b9"}</dcterms:identifier>
  </skos:Concept>
  <skos:Concept rdf:about="http://localhost:8000/11126611-7029-47e4-9956-e8f3203abd84">
    <dcterms:identifier xml:lang="en">{"id": "af059b56-0cb3-4d68-a2a5-174e2cfd1067", "value": "http://localhost:8000/11126611-7029-47e4-9956-e8f3203abd84"}</dcterms:identifier>
    <skos:inScheme rdf:resource="http://localhost:8000/9ca0456d-246e-4b67-9591-0c554eb1df26"/>
    <skos:prefLabel xml:lang="en">{"id": "5fabe56e-ab1f-4b80-9a5b-f4dcf35efc27", "value": "LPA Planning Reference"}</skos:prefLabel>
  </skos:Concept>
  <skos:Concept rdf:about="http://localhost:8000/e3cd7c71-b840-4821-9934-3b9300637477">
    <skos:inScheme rdf:resource="http://localhost:8000/9ca0456d-246e-4b67-9591-0c554eb1df26"/>
    <dcterms:identifier xml:lang="en">{"id": "8027467c-0c3a-4dd4-ad37-2ad31a40e92c", "value": "http://localhost:8000/e3cd7c71-b840-4821-9934-3b9300637477"}</dcterms:identifier>
    <skos:prefLabel xml:lang="en">{"id": "9ab14abb-0bfb-49aa-918e-2b6ae4929fe0", "value": "ISSN"}</skos:prefLabel>
  </skos:Concept>
  <skos:Concept rdf:about="http://localhost:8000/a11dd988-4eac-46e6-aad7-83fd31b8bb92">
    <skos:prefLabel xml:lang="en">{"id": "fca88b41-92a8-4b68-9d07-7e720727a321", "value": "MORPH2"}</skos:prefLabel>
    <dcterms:identifier xml:lang="en">{"id": "b40bb383-2633-4781-8b1f-d0a6b3c59ed0", "value": "http://localhost:8000/a11dd988-4eac-46e6-aad7-83fd31b8bb92"}</dcterms:identifier>
    <skos:inScheme rdf:resource="http://localhost:8000/9ca0456d-246e-4b67-9591-0c554eb1df26"/>
  </skos:Concept>
  <skos:Concept rdf:about="http://localhost:8000/4b703f39-e19f-4ad2-9650-b3874bb460a4">
    <skos:prefLabel xml:lang="en">{"id": "27e7896d-0c65-47a0-8fcd-93c9adda9410", "value": "AIP Record Number"}</skos:prefLabel>
    <dcterms:identifier xml:lang="en">{"id": "61e364f5-a386-4a34-9dcf-3171090781c9", "value": "http://localhost:8000/4b703f39-e19f-4ad2-9650-b3874bb460a4"}</dcterms:identifier>
    <skos:inScheme rdf:resource="http://localhost:8000/9ca0456d-246e-4b67-9591-0c554eb1df26"/>
    <skos:altLabel xml:lang="en">{"id": "fcec71ef-c4dc-4d0c-8684-b43791483fde", "value": "Archaeological Investigations Project"}</skos:altLabel>
  </skos:Concept>
  <skos:Concept rdf:about="http://localhost:8000/cacf5181-245a-4246-bfde-2d2a4515227a">
    <dcterms:identifier xml:lang="en">{"id": "54cdc242-1ac9-4166-b149-43c2eaa86760", "value": "http://localhost:8000/cacf5181-245a-4246-bfde-2d2a4515227a"}</dcterms:identifier>
    <skos:prefLabel xml:lang="en">{"id": "590fcaf7-8c5c-43c9-961f-71753e1f8a33", "value": "DBRG (SURREY) NO."}</skos:prefLabel>
    <skos:inScheme rdf:resource="http://localhost:8000/9ca0456d-246e-4b67-9591-0c554eb1df26"/>
  </skos:Concept>
  <skos:Concept rdf:about="http://localhost:8000/d08dde1e-e781-4d8d-a9d2-f47d9df9c127">
    <skos:inScheme rdf:resource="http://localhost:8000/9ca0456d-246e-4b67-9591-0c554eb1df26"/>
    <dcterms:identifier xml:lang="en">{"id": "5a998806-c866-46aa-b592-1428fe934f96", "value": "http://localhost:8000/d08dde1e-e781-4d8d-a9d2-f47d9df9c127"}</dcterms:identifier>
    <skos:prefLabel xml:lang="en">{"id": "a92f85b8-86df-464a-b3b3-5e80174f0537", "value": "EH Survey Report Number"}</skos:prefLabel>
  </skos:Concept>
  <skos:Concept rdf:about="http://localhost:8000/8ab6cbfc-2fcf-4aa6-8dd0-082edcd4d846">
    <skos:prefLabel xml:lang="en">{"id": "b972a3b8-66e7-421c-938e-06e9f6517efc", "value": "Measured Drawings Number"}</skos:prefLabel>
    <dcterms:identifier xml:lang="en">{"id": "8c38176e-f1d0-483b-8e3c-07f6918a812b", "value": "http://localhost:8000/8ab6cbfc-2fcf-4aa6-8dd0-082edcd4d846"}</dcterms:identifier>
    <skos:inScheme rdf:resource="http://localhost:8000/9ca0456d-246e-4b67-9591-0c554eb1df26"/>
  </skos:Concept>
  <skos:Concept rdf:about="http://localhost:8000/4116a842-f7d6-4c87-b46b-4b2d47b1a0d5">
    <dcterms:identifier xml:lang="en">{"id": "82208f08-96fb-4f26-98fb-e2cd797a23ed", "value": "http://localhost:8000/4116a842-f7d6-4c87-b46b-4b2d47b1a0d5"}</dcterms:identifier>
    <skos:inScheme rdf:resource="http://localhost:8000/9ca0456d-246e-4b67-9591-0c554eb1df26"/>
    <skos:prefLabel xml:lang="en">{"id": "e9cd1214-8615-460f-8837-c055c8cd1967", "value": "OASIS ID"}</skos:prefLabel>
  </skos:Concept>
  <skos:Concept rdf:about="http://localhost:8000/a6590eb8-d4d9-4857-add4-4b561b427f93">
    <dcterms:identifier xml:lang="en">{"id": "86d15804-e304-4dc5-8a33-085f223fb8d0", "value": "http://localhost:8000/a6590eb8-d4d9-4857-add4-4b561b427f93"}</dcterms:identifier>
    <skos:prefLabel xml:lang="en">{"id": "edb848cd-4661-4f76-b6f0-3538c2f9d1b3", "value": "Libref"}</skos:prefLabel>
    <skos:inScheme rdf:resource="http://localhost:8000/9ca0456d-246e-4b67-9591-0c554eb1df26"/>
  </skos:Concept>
  <skos:Concept rdf:about="http://localhost:8000/3cd4d5f9-5ed8-4b5c-944c-5023abf32f6c">
    <skos:prefLabel xml:lang="en">{"id": "8a943204-84e8-452b-b1ad-a8406c00b469", "value": "ISBN"}</skos:prefLabel>
    <dcterms:identifier xml:lang="en">{"id": "d8cb8d33-46eb-487f-a363-d0d345b4fe09", "value": "http://localhost:8000/3cd4d5f9-5ed8-4b5c-944c-5023abf32f6c"}</dcterms:identifier>
    <skos:inScheme rdf:resource="http://localhost:8000/9ca0456d-246e-4b67-9591-0c554eb1df26"/>
  </skos:Concept>
  <skos:Concept rdf:about="http://localhost:8000/de0cb737-512c-402b-9efe-f0ea35c63d7a">
    <dcterms:identifier xml:lang="en">{"id": "c2c4c138-2e61-4b32-baba-e6ce714aae5b", "value": "http://localhost:8000/de0cb737-512c-402b-9efe-f0ea35c63d7a"}</dcterms:identifier>
    <skos:prefLabel xml:lang="en">{"id": "a378648e-abd5-447f-90e6-67d228f0bde4", "value": "BAB number"}</skos:prefLabel>
    <skos:inScheme rdf:resource="http://localhost:8000/9ca0456d-246e-4b67-9591-0c554eb1df26"/>
  </skos:Concept>
  <skos:Concept rdf:about="http://localhost:8000/0a62292d-03a4-448c-a9a0-725474511f4f">
    <skos:prefLabel xml:lang="en-us">{"id": "625db5b9-f747-4abf-9d76-25d03876466c", "value": "Pulhamite Database"}</skos:prefLabel>
    <skos:inScheme rdf:resource="http://localhost:8000/9ca0456d-246e-4b67-9591-0c554eb1df26"/>
    <dcterms:identifier xml:lang="en">{"id": "bbdc1600-2478-4d94-beff-51d828dc11d6", "value": "http://localhost:8000/0a62292d-03a4-448c-a9a0-725474511f4f"}</dcterms:identifier>
  </skos:Concept>
  <skos:Concept rdf:about="http://localhost:8000/b3612342-5b03-49dc-b548-0f4297d8234b">
    <dcterms:identifier xml:lang="en">{"id": "49e72e11-4a2f-4124-b2ef-4892447c0855", "value": "http://localhost:8000/b3612342-5b03-49dc-b548-0f4297d8234b"}</dcterms:identifier>
    <skos:inScheme rdf:resource="http://localhost:8000/9ca0456d-246e-4b67-9591-0c554eb1df26"/>
    <skos:prefLabel xml:lang="en">{"id": "297a9caa-2b1d-4b95-a351-46f45b0337fc", "value": "Collection Number"}</skos:prefLabel>
  </skos:Concept>
  <skos:Concept rdf:about="http://localhost:8000/755ebf0b-b944-4639-aa15-3a1cb29cd24b">
    <dcterms:identifier xml:lang="en">{"id": "3672c0ca-16ed-49a8-85fb-0c26c06cf578", "value": "http://localhost:8000/755ebf0b-b944-4639-aa15-3a1cb29cd24b"}</dcterms:identifier>
    <skos:prefLabel xml:lang="en">{"id": "da05d80b-2406-453b-a21a-1faaf5a7965b", "value": "PSA Negatives Collection"}</skos:prefLabel>
    <skos:inScheme rdf:resource="http://localhost:8000/9ca0456d-246e-4b67-9591-0c554eb1df26"/>
  </skos:Concept>
  <skos:Concept rdf:about="http://localhost:8000/bd9dadea-99db-4781-a382-9a15113b4c42">
    <dcterms:identifier xml:lang="en">{"id": "401ee8d1-ef25-4876-99e1-b95ffd8230bf", "value": "http://localhost:8000/bd9dadea-99db-4781-a382-9a15113b4c42"}</dcterms:identifier>
    <skos:inScheme rdf:resource="http://localhost:8000/9ca0456d-246e-4b67-9591-0c554eb1df26"/>
    <skos:prefLabel xml:lang="en">{"id": "4e4528b7-50c8-45ab-be8b-32baa5d877cf", "value": "Defence of Britain Database UID"}</skos:prefLabel>
  </skos:Concept>
  <skos:Concept rdf:about="http://localhost:8000/622a252d-700c-46fc-a310-fdc782634d6d">
    <skos:prefLabel xml:lang="en">{"id": "b7026c8b-e407-4dec-9225-b82b7cbc87aa", "value": "National Archaeological Record Number"}</skos:prefLabel>
    <skos:inScheme rdf:resource="http://localhost:8000/9ca0456d-246e-4b67-9591-0c554eb1df26"/>
    <dcterms:identifier xml:lang="en">{"id": "b64abb38-74b3-435f-bb4f-25071da3ef0c", "value": "http://localhost:8000/622a252d-700c-46fc-a310-fdc782634d6d"}</dcterms:identifier>
  </skos:Concept>
  <skos:Concept rdf:about="http://localhost:8000/2eecb593-91d8-4164-97f0-1271ff8f1d6c">
    <skos:inScheme rdf:resource="http://localhost:8000/9ca0456d-246e-4b67-9591-0c554eb1df26"/>
    <dcterms:identifier xml:lang="en">{"id": "2c3af2f5-accc-4377-a88d-ab4156b42c02", "value": "http://localhost:8000/2eecb593-91d8-4164-97f0-1271ff8f1d6c"}</dcterms:identifier>
    <skos:prefLabel xml:lang="en">{"id": "8f37ed1e-fc86-4547-8f4e-aa3f92879bb5", "value": "Museum Accession Number"}</skos:prefLabel>
  </skos:Concept>
  <skos:Concept rdf:about="http://localhost:8000/8981d6d1-33a6-4277-b79b-277f1a3ea584">
    <skos:inScheme rdf:resource="http://localhost:8000/9ca0456d-246e-4b67-9591-0c554eb1df26"/>
    <dcterms:identifier xml:lang="en">{"id": "07fa1eca-42a8-4889-a14a-749794f1523f", "value": "http://localhost:8000/8981d6d1-33a6-4277-b79b-277f1a3ea584"}</dcterms:identifier>
    <skos:prefLabel xml:lang="en">{"id": "52e944b1-d258-4b3d-8abb-35b96a9d997c", "value": "Roman Road Number"}</skos:prefLabel>
  </skos:Concept>
  <skos:Concept rdf:about="http://localhost:8000/c8b1683f-48af-4478-afbf-36c59ae67616">
    <skos:inScheme rdf:resource="http://localhost:8000/9ca0456d-246e-4b67-9591-0c554eb1df26"/>
    <skos:prefLabel xml:lang="en">{"id": "f3d98f42-c698-488d-87e8-7ea880e18a85", "value": "National Record of the Historic Environment Number"}</skos:prefLabel>
    <dcterms:identifier xml:lang="en">{"id": "9aa133d8-1998-44dd-9569-fbb5c4931bcb", "value": "http://localhost:8000/c8b1683f-48af-4478-afbf-36c59ae67616"}</dcterms:identifier>
  </skos:Concept>
  <skos:Concept rdf:about="http://localhost:8000/fa7a9164-2a73-4e98-be9e-3f849d7d2a84">
    <dcterms:identifier xml:lang="en">{"id": "599fdf4c-e03f-4cb5-abf8-2fd7920d87c0", "value": "http://localhost:8000/fa7a9164-2a73-4e98-be9e-3f849d7d2a84"}</dcterms:identifier>
    <skos:inScheme rdf:resource="http://localhost:8000/9ca0456d-246e-4b67-9591-0c554eb1df26"/>
    <skos:prefLabel xml:lang="en">{"id": "514a6350-370a-4691-88a3-cea7df774303", "value": "Photographic Job Number"}</skos:prefLabel>
  </skos:Concept>
  <skos:Concept rdf:about="http://localhost:8000/e050905f-7e2b-47e2-b81b-1c9011672969">
    <skos:inScheme rdf:resource="http://localhost:8000/9ca0456d-246e-4b67-9591-0c554eb1df26"/>
    <dcterms:identifier xml:lang="en">{"id": "92f52252-705b-4add-8130-900f6cec0bb3", "value": "http://localhost:8000/e050905f-7e2b-47e2-b81b-1c9011672969"}</dcterms:identifier>
    <skos:prefLabel xml:lang="en">{"id": "8eb06feb-ea57-4f0e-bb13-1b5c6d625b55", "value": "Hydrographic Office Number"}</skos:prefLabel>
  </skos:Concept>
  <skos:Concept rdf:about="http://localhost:8000/4cc20d19-46ff-46ad-a671-122f44269393">
    <skos:inScheme rdf:resource="http://localhost:8000/9ca0456d-246e-4b67-9591-0c554eb1df26"/>
    <skos:prefLabel xml:lang="en">{"id": "50ad49b2-fde4-4fbd-8bef-b0e9cb3aba26", "value": "LAG number (GLAAS Ref)"}</skos:prefLabel>
    <dcterms:identifier xml:lang="en">{"id": "b48f3fef-7ce8-41a4-bd76-039e093117a3", "value": "http://localhost:8000/4cc20d19-46ff-46ad-a671-122f44269393"}</dcterms:identifier>
  </skos:Concept>
  <skos:Concept rdf:about="http://localhost:8000/faf080d8-d73a-4bc1-a8c1-a2fa7bc920d6">
    <dcterms:identifier xml:lang="en">{"id": "92411795-6ed5-4d63-8864-45a7822a4156", "value": "http://localhost:8000/faf080d8-d73a-4bc1-a8c1-a2fa7bc920d6"}</dcterms:identifier>
    <skos:inScheme rdf:resource="http://localhost:8000/9ca0456d-246e-4b67-9591-0c554eb1df26"/>
    <skos:prefLabel xml:lang="en">{"id": "bc037851-0d49-4876-b668-8efdb91fd6df", "value": "Archsearch"}</skos:prefLabel>
  </skos:Concept>
  <skos:Concept rdf:about="http://localhost:8000/ae047870-ccbf-44a9-89ab-404aebae276c">
    <skos:prefLabel xml:lang="en">{"id": "63519ba9-8f9e-4953-82ee-2344a0ab7709", "value": "Register of Parks and Gardens Legacy Number"}</skos:prefLabel>
    <dcterms:identifier xml:lang="en">{"id": "8c368fe4-781e-4b0e-89a7-b4664bd1bbbf", "value": "http://localhost:8000/ae047870-ccbf-44a9-89ab-404aebae276c"}</dcterms:identifier>
    <skos:inScheme rdf:resource="http://localhost:8000/9ca0456d-246e-4b67-9591-0c554eb1df26"/>
  </skos:Concept>
  <skos:Concept rdf:about="http://localhost:8000/dfdcf814-1aff-4ffc-9ebc-6a24dc0a1f65">
    <skos:prefLabel xml:lang="en">{"id": "7b99a04f-3cef-4b2b-b894-8034c872d752", "value": "Scheduled Monument Legacy (National No.)"}</skos:prefLabel>
    <skos:inScheme rdf:resource="http://localhost:8000/9ca0456d-246e-4b67-9591-0c554eb1df26"/>
    <dcterms:identifier xml:lang="en">{"id": "1a194941-6c9c-4e63-b7a0-e993c612eeff", "value": "http://localhost:8000/dfdcf814-1aff-4ffc-9ebc-6a24dc0a1f65"}</dcterms:identifier>
  </skos:Concept>
  <skos:Concept rdf:about="http://localhost:8000/5f2d89f3-d7ca-4ed4-ac9c-01aa28a5cc56">
    <dcterms:identifier xml:lang="en">{"id": "18b3d523-6f59-4fbd-95b3-d66962b79312", "value": "http://localhost:8000/5f2d89f3-d7ca-4ed4-ac9c-01aa28a5cc56"}</dcterms:identifier>
    <skos:prefLabel xml:lang="en">{"id": "ab268f1d-13e5-4257-bca7-26a7ce627ab4", "value": "Droit Number"}</skos:prefLabel>
    <skos:inScheme rdf:resource="http://localhost:8000/9ca0456d-246e-4b67-9591-0c554eb1df26"/>
  </skos:Concept>
  <skos:Concept rdf:about="http://localhost:8000/2cc10f9b-e6fa-467c-9679-719c6bf84610">
    <dcterms:identifier xml:lang="en">{"id": "54d4033a-5fd9-44f5-9b2e-b13220baf483", "value": "http://localhost:8000/2cc10f9b-e6fa-467c-9679-719c6bf84610"}</dcterms:identifier>
    <skos:inScheme rdf:resource="http://localhost:8000/9ca0456d-246e-4b67-9591-0c554eb1df26"/>
    <skos:prefLabel xml:lang="en">{"id": "248b9332-5c55-4d97-9f61-b803e1aff989", "value": "Historic England"}</skos:prefLabel>
  </skos:Concept>
  <skos:Concept rdf:about="http://localhost:8000/0e2eee02-9005-4845-851c-597a75e46ec3">
    <dcterms:identifier xml:lang="en">{"id": "82df90ca-32c4-4ff9-b884-5b76041b13ad", "value": "http://localhost:8000/0e2eee02-9005-4845-851c-597a75e46ec3"}</dcterms:identifier>
    <skos:inScheme rdf:resource="http://localhost:8000/9ca0456d-246e-4b67-9591-0c554eb1df26"/>
    <skos:prefLabel xml:lang="en">{"id": "1e86de3e-f670-4c3a-9b8c-9c33504db5ac", "value": "EH Property Number"}</skos:prefLabel>
  </skos:Concept>
  <skos:Concept rdf:about="http://localhost:8000/2b1e0f40-1e1a-4414-b848-a6c3fbafd690">
    <skos:prefLabel xml:lang="en">{"id": "ba278a77-cfe3-4767-870d-c594e55a6ddf", "value": "Hart Number"}</skos:prefLabel>
    <dcterms:identifier xml:lang="en">{"id": "85b3b2ae-df37-4246-991f-207b030cb1a3", "value": "http://localhost:8000/2b1e0f40-1e1a-4414-b848-a6c3fbafd690"}</dcterms:identifier>
    <skos:inScheme rdf:resource="http://localhost:8000/9ca0456d-246e-4b67-9591-0c554eb1df26"/>
  </skos:Concept>
  <skos:Concept rdf:about="http://localhost:8000/a1371463-d9c1-4acd-8cba-97698a077e68">
    <dcterms:identifier xml:lang="en">{"id": "551a7d1c-79f5-4d05-9982-f3a2b6e0880c", "value": "http://localhost:8000/a1371463-d9c1-4acd-8cba-97698a077e68"}</dcterms:identifier>
    <skos:inScheme rdf:resource="http://localhost:8000/9ca0456d-246e-4b67-9591-0c554eb1df26"/>
    <skos:prefLabel xml:lang="en">{"id": "478272ff-e184-4b5f-8c34-578320939656", "value": "Englands Rock Art (ERA ID)"}</skos:prefLabel>
  </skos:Concept>
  <skos:Concept rdf:about="http://localhost:8000/002dc2f1-9051-4ed1-a4ca-659338133d1a">
    <skos:prefLabel xml:lang="en">{"id": "af5c61cf-ca3f-4fe1-bb4d-61f19665ffda", "value": "Urban Archaeology Database Number"}</skos:prefLabel>
    <skos:inScheme rdf:resource="http://localhost:8000/9ca0456d-246e-4b67-9591-0c554eb1df26"/>
    <dcterms:identifier xml:lang="en">{"id": "57f30ec3-8e66-4789-98ee-c3d49e4e8269", "value": "http://localhost:8000/002dc2f1-9051-4ed1-a4ca-659338133d1a"}</dcterms:identifier>
  </skos:Concept>
  <skos:Concept rdf:about="http://localhost:8000/198fff9a-5305-4a05-b10f-1c4edb970993">
    <skos:inScheme rdf:resource="http://localhost:8000/9ca0456d-246e-4b67-9591-0c554eb1df26"/>
    <skos:prefLabel xml:lang="en">{"id": "ae835da7-0575-4804-b1c9-b93c2b296014", "value": "National Inventory of War Memorials"}</skos:prefLabel>
    <dcterms:identifier xml:lang="en">{"id": "529e5117-782a-4831-817f-e663ffbcf710", "value": "http://localhost:8000/198fff9a-5305-4a05-b10f-1c4edb970993"}</dcterms:identifier>
  </skos:Concept>
  <skos:Concept rdf:about="http://localhost:8000/72cb1d9c-1122-42f4-b8e4-855bbf6ee01c">
    <skos:inScheme rdf:resource="http://localhost:8000/9ca0456d-246e-4b67-9591-0c554eb1df26"/>
    <dcterms:identifier xml:lang="en">{"id": "e51a952a-0738-43bf-ac49-3275b55ee067", "value": "http://localhost:8000/72cb1d9c-1122-42f4-b8e4-855bbf6ee01c"}</dcterms:identifier>
    <skos:prefLabel xml:lang="en">{"id": "0ac906dc-ccdd-4df9-ac88-f6d11e576528", "value": "Defence of Britain SMR Reference"}</skos:prefLabel>
  </skos:Concept>
  <skos:Concept rdf:about="http://localhost:8000/669799b8-4842-4b5a-9184-cac00cf6c6e2">
    <skos:prefLabel xml:lang="en">{"id": "4130ba17-ed76-424c-9ea3-e0223672df73", "value": "Guardianship Number"}</skos:prefLabel>
    <skos:inScheme rdf:resource="http://localhost:8000/9ca0456d-246e-4b67-9591-0c554eb1df26"/>
    <dcterms:identifier xml:lang="en">{"id": "4e34bb8c-402a-4576-981f-d9c9ba2905fa", "value": "http://localhost:8000/669799b8-4842-4b5a-9184-cac00cf6c6e2"}</dcterms:identifier>
  </skos:Concept>
</rdf:RDF>
