<?xml version="1.0" encoding="utf-8"?>
<rdf:RDF
  xmlns:skos="http://www.w3.org/2004/02/skos/core#"
  xmlns:rdf="http://www.w3.org/1999/02/22-rdf-syntax-ns#"
  xmlns:dcterms="http://purl.org/dc/terms/"
>
  <skos:Concept rdf:about="http://localhost:8000/8e10c021-15e1-45df-980a-f0a74e39004e">
    <dcterms:identifier xml:lang="en">{"id": "0d853336-ce93-4b31-a372-bd0087c79092", "value": "http://localhost:8000/8e10c021-15e1-45df-980a-f0a74e39004e"}</dcterms:identifier>
    <skos:scopeNote xml:lang="en">{"id": "82ed8852-74f9-4b96-9fc7-08f72a227c89", "value": "Precise to a decade (eg. 198*)."}</skos:scopeNote>
    <skos:inScheme>
      <skos:ConceptScheme rdf:about="http://localhost:8000/8ff5b0b4-c7b3-4007-8db6-1c735d23744d">
        <skos:hasTopConcept rdf:resource="http://localhost:8000/8e10c021-15e1-45df-980a-f0a74e39004e"/>
        <skos:hasTopConcept rdf:resource="http://localhost:8000/1732a855-f8f2-4b28-9594-7c78b2c8c8e0"/>
        <dcterms:title xml:lang="en">{"id": "8ce62142-fc86-4885-8d16-b1de95f06439", "value": "Date Precision"}</dcterms:title>
        <dcterms:identifier xml:lang="en">{"id": "a3673c64-7221-4e3a-8b91-2b218836dfb4", "value": "http://localhost:8000/8ff5b0b4-c7b3-4007-8db6-1c735d23744d"}</dcterms:identifier>
        <skos:hasTopConcept rdf:resource="http://localhost:8000/be1727d3-eb8a-48bb-9cec-d72424447b45"/>
        <skos:hasTopConcept rdf:resource="http://localhost:8000/eeea071a-293f-40f6-9fdd-b7d63683457e"/>
        <skos:hasTopConcept rdf:resource="http://localhost:8000/5da88c80-6800-4173-89a5-f65cf8a55644"/>
      </skos:ConceptScheme>
    </skos:inScheme>
    <skos:prefLabel xml:lang="en">{"id": "e3b4359b-5c5b-4160-823c-105adde5bfac", "value": "X"}</skos:prefLabel>
  </skos:Concept>
  <skos:Concept rdf:about="http://localhost:8000/1732a855-f8f2-4b28-9594-7c78b2c8c8e0">
    <skos:prefLabel xml:lang="en">{"id": "7982a3ab-9069-4d37-9415-228bd0a1606c", "value": "D"}</skos:prefLabel>
    <skos:scopeNote xml:lang="en">{"id": "6bdaa216-1e37-4283-8a8c-46cd4507bee3", "value": "Precise to a day (eg. 12-Sep-1968)"}</skos:scopeNote>
    <dcterms:identifier xml:lang="en">{"id": "6a438159-9183-40d1-8671-969b1cd5bef4", "value": "http://localhost:8000/1732a855-f8f2-4b28-9594-7c78b2c8c8e0"}</dcterms:identifier>
    <skos:inScheme rdf:resource="http://localhost:8000/8ff5b0b4-c7b3-4007-8db6-1c735d23744d"/>
  </skos:Concept>
  <skos:Concept rdf:about="http://localhost:8000/be1727d3-eb8a-48bb-9cec-d72424447b45">
    <skos:inScheme rdf:resource="http://localhost:8000/8ff5b0b4-c7b3-4007-8db6-1c735d23744d"/>
    <dcterms:identifier xml:lang="en">{"id": "7ec79eba-131b-4128-ae73-1eab0deef5a7", "value": "http://localhost:8000/be1727d3-eb8a-48bb-9cec-d72424447b45"}</dcterms:identifier>
    <skos:scopeNote xml:lang="en">{"id": "abc05e2f-3041-4ff8-baea-389e56d3577d", "value": "Precise to a month (eg. Sep-1968)"}</skos:scopeNote>
    <skos:prefLabel xml:lang="en">{"id": "2b8f5cb3-0230-4cad-b955-ca9784a73e59", "value": "M"}</skos:prefLabel>
  </skos:Concept>
  <skos:Concept rdf:about="http://localhost:8000/5da88c80-6800-4173-89a5-f65cf8a55644">
    <skos:scopeNote xml:lang="en">{"id": "91702191-f101-45a6-b8a3-6fa93821ddf8", "value": "Precise to a year (eg. 1968)"}</skos:scopeNote>
    <dcterms:identifier xml:lang="en">{"id": "86fcff75-65c0-46ef-9aba-92cf739f7825", "value": "http://localhost:8000/5da88c80-6800-4173-89a5-f65cf8a55644"}</dcterms:identifier>
    <skos:prefLabel xml:lang="en">{"id": "f6b3c1ae-77fc-42ba-aff5-ffba5cccc760", "value": "Y"}</skos:prefLabel>
    <skos:inScheme rdf:resource="http://localhost:8000/8ff5b0b4-c7b3-4007-8db6-1c735d23744d"/>
  </skos:Concept>
  <skos:Concept rdf:about="http://localhost:8000/eeea071a-293f-40f6-9fdd-b7d63683457e">
    <skos:scopeNote xml:lang="en">{"id": "932eec4e-0d9d-4267-90aa-2f3b32c5e6ea", "value": "Precise to a century (eg. 18**)"}</skos:scopeNote>
    <dcterms:identifier xml:lang="en">{"id": "3606e52a-15b6-4b71-93fb-60f8c96d0961", "value": "http://localhost:8000/eeea071a-293f-40f6-9fdd-b7d63683457e"}</dcterms:identifier>
    <skos:prefLabel xml:lang="en">{"id": "6b71926c-9c25-4cdd-b060-cdb98e3aaff1", "value": "C"}</skos:prefLabel>
    <skos:inScheme rdf:resource="http://localhost:8000/8ff5b0b4-c7b3-4007-8db6-1c735d23744d"/>
  </skos:Concept>
</rdf:RDF>
