<?xml version="1.0" encoding="utf-8"?>
<rdf:RDF
  xmlns:skos="http://www.w3.org/2004/02/skos/core#"
  xmlns:dcterms="http://purl.org/dc/terms/"
  xmlns:rdf="http://www.w3.org/1999/02/22-rdf-syntax-ns#"
>
  <skos:ConceptScheme rdf:about="http://localhost:8000/0b9d4286-e18b-420a-85a8-8f774d8ae92a">
    <skos:hasTopConcept>
      <skos:Concept rdf:about="http://localhost:8000/bcdc2f2f-18e7-4311-bebd-760a13e94070">
        <dcterms:identifier xml:lang="en">{"id": "79522d5f-c721-4603-898b-e0211af0bcf8", "value": "http://localhost:8000/bcdc2f2f-18e7-4311-bebd-760a13e94070"}</dcterms:identifier>
        <skos:inScheme rdf:resource="http://localhost:8000/0b9d4286-e18b-420a-85a8-8f774d8ae92a"/>
        <skos:prefLabel xml:lang="en">{"id": "39a33725-9b43-47b0-9997-daa99ab29d26", "value": "At some time"}</skos:prefLabel>
      </skos:Concept>
    </skos:hasTopConcept>
    <dcterms:identifier xml:lang="en">{"id": "2b37ecb2-967d-4315-8289-4a2ad7d44419", "value": "http://localhost:8000/0b9d4286-e18b-420a-85a8-8f774d8ae92a"}</dcterms:identifier>
    <skos:hasTopConcept>
      <skos:Concept rdf:about="http://localhost:8000/8ca2e056-69a1-4122-871f-1295fd3660c9">
        <skos:inScheme rdf:resource="http://localhost:8000/0b9d4286-e18b-420a-85a8-8f774d8ae92a"/>
        <skos:prefLabel xml:lang="en">{"id": "ece5f508-b292-480f-b727-36251846bd4f", "value": "Occasionally"}</skos:prefLabel>
        <dcterms:identifier xml:lang="en">{"id": "9a975386-a1e6-41b4-be15-634f5b1cfc53", "value": "http://localhost:8000/8ca2e056-69a1-4122-871f-1295fd3660c9"}</dcterms:identifier>
      </skos:Concept>
    </skos:hasTopConcept>
    <dcterms:title xml:lang="en">{"id": "239fbe15-8cc2-489f-9385-263d31e7f116", "value": "Date Qualifier"}</dcterms:title>
    <skos:hasTopConcept>
      <skos:Concept rdf:about="http://localhost:8000/c7cdd5ac-b431-4f05-a7a0-ddd39645cd89">
        <skos:prefLabel xml:lang="en">{"id": "d2ba282f-8dc3-4a4f-8b97-5c24cb2b9a68", "value": "Pre"}</skos:prefLabel>
        <skos:inScheme rdf:resource="http://localhost:8000/0b9d4286-e18b-420a-85a8-8f774d8ae92a"/>
        <dcterms:identifier xml:lang="en">{"id": "249e119d-6d29-459f-9c14-ccbf83789cfe", "value": "http://localhost:8000/c7cdd5ac-b431-4f05-a7a0-ddd39645cd89"}</dcterms:identifier>
      </skos:Concept>
    </skos:hasTopConcept>
    <skos:hasTopConcept>
      <skos:Concept rdf:about="http://localhost:8000/9681efcd-e4e4-4f11-92fa-ca05c7e0cc44">
        <skos:inScheme rdf:resource="http://localhost:8000/0b9d4286-e18b-420a-85a8-8f774d8ae92a"/>
        <dcterms:identifier xml:lang="en">{"id": "088ef0fa-f671-4d00-a07d-094d93309cd1", "value": "http://localhost:8000/9681efcd-e4e4-4f11-92fa-ca05c7e0cc44"}</dcterms:identifier>
        <skos:prefLabel xml:lang="en">{"id": "b51853b9-08ad-4d73-b932-ff6c68f4ba18", "value": "Post"}</skos:prefLabel>
      </skos:Concept>
    </skos:hasTopConcept>
    <skos:hasTopConcept>
      <skos:Concept rdf:about="http://localhost:8000/e24789dd-3534-4599-b79f-a631dbfedde3">
        <skos:prefLabel xml:lang="en">{"id": "586a2776-7f4a-4be9-9219-3a9896c7f965", "value": "Between"}</skos:prefLabel>
        <skos:inScheme rdf:resource="http://localhost:8000/0b9d4286-e18b-420a-85a8-8f774d8ae92a"/>
        <dcterms:identifier xml:lang="en">{"id": "c7b46466-5d07-48ae-8026-cedfe80ff4c9", "value": "http://localhost:8000/e24789dd-3534-4599-b79f-a631dbfedde3"}</dcterms:identifier>
      </skos:Concept>
    </skos:hasTopConcept>
    <skos:hasTopConcept>
      <skos:Concept rdf:about="http://localhost:8000/29b0400e-07ff-44cb-91c9-de7fb6c949b2">
        <skos:inScheme rdf:resource="http://localhost:8000/0b9d4286-e18b-420a-85a8-8f774d8ae92a"/>
        <skos:prefLabel xml:lang="en">{"id": "a6dfc54c-a130-4ab9-ab29-ec659f8158a9", "value": "Throughout"}</skos:prefLabel>
        <dcterms:identifier xml:lang="en">{"id": "fb710b01-6038-4064-895c-0cedb3d34e00", "value": "http://localhost:8000/29b0400e-07ff-44cb-91c9-de7fb6c949b2"}</dcterms:identifier>
      </skos:Concept>
    </skos:hasTopConcept>
    <skos:hasTopConcept>
      <skos:Concept rdf:about="http://localhost:8000/6449a0a6-f4d3-4afa-8674-52b882281b05">
        <skos:prefLabel xml:lang="en">{"id": "01b88eda-4eed-4f6d-910a-48810acf92b5", "value": "Once between"}</skos:prefLabel>
        <dcterms:identifier xml:lang="en">{"id": "d5884434-e458-4f78-bca6-fc1175c6e426", "value": "http://localhost:8000/6449a0a6-f4d3-4afa-8674-52b882281b05"}</dcterms:identifier>
        <skos:inScheme rdf:resource="http://localhost:8000/0b9d4286-e18b-420a-85a8-8f774d8ae92a"/>
      </skos:Concept>
    </skos:hasTopConcept>
    <skos:hasTopConcept>
      <skos:Concept rdf:about="http://localhost:8000/b2f1cccc-65b7-4633-847f-ec9b09ef07f0">
        <skos:prefLabel xml:lang="en">{"id": "0493601e-3491-40a7-a651-6fd8d9dbdce5", "value": "On"}</skos:prefLabel>
        <dcterms:identifier xml:lang="en">{"id": "dd28a7ee-c06f-40d2-a300-ff9f051f79db", "value": "http://localhost:8000/b2f1cccc-65b7-4633-847f-ec9b09ef07f0"}</dcterms:identifier>
        <skos:inScheme rdf:resource="http://localhost:8000/0b9d4286-e18b-420a-85a8-8f774d8ae92a"/>
      </skos:Concept>
    </skos:hasTopConcept>
  </skos:ConceptScheme>
</rdf:RDF>
