<?xml version="1.0" encoding="utf-8"?>
<rdf:RDF
  xmlns:skos="http://www.w3.org/2004/02/skos/core#"
  xmlns:dcterms="http://purl.org/dc/terms/"
  xmlns:rdf="http://www.w3.org/1999/02/22-rdf-syntax-ns#"
>
  <skos:ConceptScheme rdf:about="http://localhost:8000/99658c4d-08ec-4b64-86cf-bdb8c53f2c99">
    <skos:hasTopConcept>
      <skos:Concept rdf:about="http://localhost:8000/f1cbae8f-0090-47dc-8252-ee533a2deb29">
        <dcterms:identifier xml:lang="en">{"id": "bd254672-9f00-4a74-a2fb-676dcb045a05", "value": "http://www.archesproject.org/f1cbae8f-0090-47dc-8252-ee533a2deb29"}</dcterms:identifier>
        <skos:inScheme rdf:resource="http://localhost:8000/99658c4d-08ec-4b64-86cf-bdb8c53f2c99"/>
        <skos:prefLabel xml:lang="en">{"id": "daa4cddc-8636-4842-b836-eb2e10aabe18", "value": "Notes"}</skos:prefLabel>
      </skos:Concept>
    </skos:hasTopConcept>
    <dcterms:identifier xml:lang="en">{"id": "21b741ee-711c-404f-b90d-d148c691beaa", "value": "http://www.archesproject.org/99658c4d-08ec-4b64-86cf-bdb8c53f2c99"}</dcterms:identifier>
    <skos:hasTopConcept>
      <skos:Concept rdf:about="http://localhost:8000/f7ee7ebb-e764-4142-864c-6e697467464b">
        <skos:inScheme rdf:resource="http://localhost:8000/99658c4d-08ec-4b64-86cf-bdb8c53f2c99"/>
        <skos:prefLabel xml:lang="en">{"id": "39a21ebf-7dd6-4a7f-a211-9453202f60aa", "value": "Full"}</skos:prefLabel>
        <dcterms:identifier xml:lang="en">{"id": "4152b4e2-b501-4863-aa27-99443077dda2", "value": "http://www.archesproject.org/f7ee7ebb-e764-4142-864c-6e697467464b"}</dcterms:identifier>
      </skos:Concept>
    </skos:hasTopConcept>
    <skos:hasTopConcept>
      <skos:Concept rdf:about="http://localhost:8000/10eb5d94-ef77-4d21-b120-896edcdee6c7">
        <dcterms:identifier xml:lang="en">{"id": "db89086a-5e3c-4130-821e-0fd6e3cde60c", "value": "http://localhost:8000/10eb5d94-ef77-4d21-b120-896edcdee6c7"}</dcterms:identifier>
        <skos:prefLabel xml:lang="en">{"id": "b29ec4bd-8cbf-4a00-9762-4f51ba013469", "value": "Reference"}</skos:prefLabel>
        <skos:inScheme rdf:resource="http://localhost:8000/99658c4d-08ec-4b64-86cf-bdb8c53f2c99"/>
      </skos:Concept>
    </skos:hasTopConcept>
    <skos:hasTopConcept>
      <skos:Concept rdf:about="http://localhost:8000/28c3b483-9204-4baa-bdb9-252e0647054e">
        <skos:prefLabel xml:lang="en">{"id": "9b404dbe-ad61-44d1-b276-cbbd6ccd91d1", "value": "Statutory"}</skos:prefLabel>
        <dcterms:identifier xml:lang="en">{"id": "029e3ae4-4e2d-4361-9aa3-81eeeef53a32", "value": "http://www.archesproject.org/28c3b483-9204-4baa-bdb9-252e0647054e"}</dcterms:identifier>
        <skos:inScheme rdf:resource="http://localhost:8000/99658c4d-08ec-4b64-86cf-bdb8c53f2c99"/>
      </skos:Concept>
    </skos:hasTopConcept>
    <skos:hasTopConcept>
      <skos:Concept rdf:about="http://localhost:8000/445e3f51-be88-4c19-ac1d-6a871f5b9c18">
        <skos:inScheme rdf:resource="http://localhost:8000/99658c4d-08ec-4b64-86cf-bdb8c53f2c99"/>
        <dcterms:identifier xml:lang="en">{"id": "c6021070-fb56-418e-ba2f-4d857276e7aa", "value": "http://www.archesproject.org/445e3f51-be88-4c19-ac1d-6a871f5b9c18"}</dcterms:identifier>
        <skos:prefLabel xml:lang="en">{"id": "35508b82-062a-469f-830a-6040c5e5eb8c", "value": "Summary"}</skos:prefLabel>
      </skos:Concept>
    </skos:hasTopConcept>
    <dcterms:title xml:lang="en">{"id": "6515fc58-1568-467a-91cf-cc3be632b8ab", "value": "Description Type"}</dcterms:title>
    <skos:hasTopConcept>
      <skos:Concept rdf:about="http://localhost:8000/9a3241c4-b376-40ce-ba70-281fa3baf996">
        <skos:prefLabel xml:lang="en">{"id": "a3918aa3-5c82-486b-9480-3dd092fa87fa", "value": "Abstract"}</skos:prefLabel>
        <dcterms:identifier xml:lang="en">{"id": "c2bdf1eb-5332-4172-ac38-6cd8c1d7a6e0", "value": "http://www.archesproject.org/9a3241c4-b376-40ce-ba70-281fa3baf996"}</dcterms:identifier>
        <skos:inScheme rdf:resource="http://localhost:8000/99658c4d-08ec-4b64-86cf-bdb8c53f2c99"/>
      </skos:Concept>
    </skos:hasTopConcept>
    <skos:hasTopConcept>
      <skos:Concept rdf:about="http://localhost:8000/7fa59c62-acf8-4fed-84c0-ed171c2bbe70">
        <skos:prefLabel xml:lang="en">{"id": "f5bbf49b-eb8b-40df-8031-8e3788cb7c7d", "value": "Caption"}</skos:prefLabel>
        <dcterms:identifier xml:lang="en">{"id": "fc54c34c-4e93-48ad-ac87-35a134a33519", "value": "http://localhost:8000/7fa59c62-acf8-4fed-84c0-ed171c2bbe70"}</dcterms:identifier>
        <skos:inScheme rdf:resource="http://localhost:8000/99658c4d-08ec-4b64-86cf-bdb8c53f2c99"/>
      </skos:Concept>
    </skos:hasTopConcept>
  </skos:ConceptScheme>
</rdf:RDF>
