<?xml version="1.0" encoding="utf-8"?>
<rdf:RDF
  xmlns:skos="http://www.w3.org/2004/02/skos/core#"
  xmlns:dcterms="http://purl.org/dc/terms/"
  xmlns:rdf="http://www.w3.org/1999/02/22-rdf-syntax-ns#"
>
  <skos:Concept rdf:about="http://localhost:8000/1db0698f-e16b-4be6-ba9a-c1838b939ad7">
    <dcterms:identifier xml:lang="en">{"id": "9189bb31-48ce-48e7-8def-fd731392a95b", "value": "http://www.archesproject.org/1db0698f-e16b-4be6-ba9a-c1838b939ad7"}</dcterms:identifier>
    <skos:inScheme>
      <skos:ConceptScheme rdf:about="http://localhost:8000/4cdcef4d-e285-4d43-b57c-056c2c71d0d4">
        <skos:hasTopConcept rdf:resource="http://localhost:8000/35d5c7dd-3b78-44ad-8d07-52fed4c47843"/>
        <skos:hasTopConcept rdf:resource="http://localhost:8000/fb061455-3c96-42b6-8071-2ab62912745d"/>
        <skos:hasTopConcept rdf:resource="http://localhost:8000/48bf8f55-3148-4e2f-b647-e8c0b4cf9194"/>
        <skos:hasTopConcept rdf:resource="http://localhost:8000/3b81ed81-ffc8-49e3-8f2a-54c8c0fec189"/>
        <skos:hasTopConcept rdf:resource="http://localhost:8000/5273e89f-be54-43cb-9ea7-1199008ee599"/>
        <skos:hasTopConcept rdf:resource="http://localhost:8000/8b312d27-80aa-4cbe-aa9a-9059c84745fb"/>
        <skos:hasTopConcept rdf:resource="http://localhost:8000/7581d663-cf6d-44ca-8c8b-ad887c8239d2"/>
        <skos:hasTopConcept rdf:resource="http://localhost:8000/d3b32efd-733c-45f1-b76a-47fb67a7c4b1"/>
        <skos:hasTopConcept rdf:resource="http://localhost:8000/f5469154-3d44-4e0f-8acb-5eebf8c4252b"/>
        <skos:hasTopConcept rdf:resource="http://localhost:8000/1db0698f-e16b-4be6-ba9a-c1838b939ad7"/>
        <skos:hasTopConcept rdf:resource="http://localhost:8000/a9b05bc3-50ab-44bd-a433-b0fa6ffbffd9"/>
        <dcterms:title xml:lang="en">{"id": "ffdbd558-f3c3-4f5c-a9b5-a47f66e16ae1", "value": "Development Impacts"}</dcterms:title>
        <skos:hasTopConcept rdf:resource="http://localhost:8000/73a2980e-c2b6-4a5c-a8ea-5bbaae738400"/>
        <dcterms:identifier xml:lang="en">{"id": "aa35ae53-d496-4f53-93c5-e5aca718f220", "value": "http://www.archesproject.org/4cdcef4d-e285-4d43-b57c-056c2c71d0d4"}</dcterms:identifier>
        <skos:hasTopConcept rdf:resource="http://localhost:8000/33105c05-07e8-45bd-b267-0438b2fe7db2"/>
      </skos:ConceptScheme>
    </skos:inScheme>
    <skos:prefLabel xml:lang="en">{"id": "11cbe37c-f40d-4f5a-bd2b-2f49aa41baf6", "value": "Landscaping"}</skos:prefLabel>
  </skos:Concept>
  <skos:Concept rdf:about="http://localhost:8000/fb061455-3c96-42b6-8071-2ab62912745d">
    <dcterms:identifier xml:lang="en">{"id": "9ae3b92f-aa00-4039-a4e4-b4a8270b1d3d", "value": "http://www.archesproject.org/fb061455-3c96-42b6-8071-2ab62912745d"}</dcterms:identifier>
    <skos:prefLabel xml:lang="en">{"id": "19180eb8-95c8-4c96-8152-fa82e63b0983", "value": "Demolition"}</skos:prefLabel>
    <skos:inScheme rdf:resource="http://localhost:8000/4cdcef4d-e285-4d43-b57c-056c2c71d0d4"/>
  </skos:Concept>
  <skos:Concept rdf:about="http://localhost:8000/35d5c7dd-3b78-44ad-8d07-52fed4c47843">
    <dcterms:identifier xml:lang="en">{"id": "32b340f9-5b34-4fbb-8e92-65a3f6ad680a", "value": "http://www.archesproject.org/35d5c7dd-3b78-44ad-8d07-52fed4c47843"}</dcterms:identifier>
    <skos:prefLabel xml:lang="en-us">{"id": "8b55e28b-3372-4a47-8e08-aefc02861b57", "value": "Remediation"}</skos:prefLabel>
    <skos:inScheme rdf:resource="http://localhost:8000/4cdcef4d-e285-4d43-b57c-056c2c71d0d4"/>
  </skos:Concept>
  <skos:Concept rdf:about="http://localhost:8000/d3b32efd-733c-45f1-b76a-47fb67a7c4b1">
    <dcterms:identifier xml:lang="en">{"id": "a537bc1a-534f-4e60-99c9-19a08474f121", "value": "http://www.archesproject.org/d3b32efd-733c-45f1-b76a-47fb67a7c4b1"}</dcterms:identifier>
    <skos:inScheme rdf:resource="http://localhost:8000/4cdcef4d-e285-4d43-b57c-056c2c71d0d4"/>
    <skos:prefLabel xml:lang="en">{"id": "945403a7-0da1-4202-a6cc-5708317e0958", "value": "Basement"}</skos:prefLabel>
  </skos:Concept>
  <skos:Concept rdf:about="http://localhost:8000/33105c05-07e8-45bd-b267-0438b2fe7db2">
    <skos:prefLabel xml:lang="en">{"id": "6b1d1d70-db1d-41df-9eb0-b918e5f40d84", "value": "Swimming Pool"}</skos:prefLabel>
    <dcterms:identifier xml:lang="en">{"id": "a1fea6a9-1a23-4a2b-83b4-44a47fd2a1d1", "value": "http://www.archesproject.org/33105c05-07e8-45bd-b267-0438b2fe7db2"}</dcterms:identifier>
    <skos:inScheme rdf:resource="http://localhost:8000/4cdcef4d-e285-4d43-b57c-056c2c71d0d4"/>
  </skos:Concept>
  <skos:Concept rdf:about="http://localhost:8000/7581d663-cf6d-44ca-8c8b-ad887c8239d2">
    <skos:inScheme rdf:resource="http://localhost:8000/4cdcef4d-e285-4d43-b57c-056c2c71d0d4"/>
    <dcterms:identifier xml:lang="en">{"id": "cee20b5f-634f-4a33-bf4e-67d45bd8a69f", "value": "http://www.archesproject.org/7581d663-cf6d-44ca-8c8b-ad887c8239d2"}</dcterms:identifier>
    <skos:prefLabel xml:lang="en">{"id": "576989ba-1fa9-4015-8143-9458746d87e9", "value": "Vehicle movements"}</skos:prefLabel>
  </skos:Concept>
  <skos:Concept rdf:about="http://localhost:8000/5273e89f-be54-43cb-9ea7-1199008ee599">
    <skos:inScheme rdf:resource="http://localhost:8000/4cdcef4d-e285-4d43-b57c-056c2c71d0d4"/>
    <dcterms:identifier xml:lang="en">{"id": "c6f7a569-f02d-4d22-8cd3-f7f8165728b3", "value": "http://www.archesproject.org/5273e89f-be54-43cb-9ea7-1199008ee599"}</dcterms:identifier>
    <skos:prefLabel xml:lang="en">{"id": "3d7b1224-c3a4-458d-939d-a35a05ec0267", "value": "Dewatering/Groundwater"}</skos:prefLabel>
  </skos:Concept>
  <skos:Concept rdf:about="http://localhost:8000/f5469154-3d44-4e0f-8acb-5eebf8c4252b">
    <skos:prefLabel xml:lang="en">{"id": "d3be2760-60e2-4e35-9ffb-cd16620087cc", "value": "Foundations"}</skos:prefLabel>
    <dcterms:identifier xml:lang="en">{"id": "f0510bb7-52f8-4c74-bf90-acf5874155c0", "value": "http://www.archesproject.org/f5469154-3d44-4e0f-8acb-5eebf8c4252b"}</dcterms:identifier>
    <skos:inScheme rdf:resource="http://localhost:8000/4cdcef4d-e285-4d43-b57c-056c2c71d0d4"/>
  </skos:Concept>
  <skos:Concept rdf:about="http://localhost:8000/3b81ed81-ffc8-49e3-8f2a-54c8c0fec189">
    <skos:prefLabel xml:lang="en">{"id": "82209d15-67e0-417d-9061-1b3ecea46e36", "value": "Terracing"}</skos:prefLabel>
    <dcterms:identifier xml:lang="en">{"id": "e90530b1-124f-413b-b339-f75acf21db5f", "value": "http://www.archesproject.org/3b81ed81-ffc8-49e3-8f2a-54c8c0fec189"}</dcterms:identifier>
    <skos:inScheme rdf:resource="http://localhost:8000/4cdcef4d-e285-4d43-b57c-056c2c71d0d4"/>
  </skos:Concept>
  <skos:Concept rdf:about="http://localhost:8000/73a2980e-c2b6-4a5c-a8ea-5bbaae738400">
    <skos:inScheme rdf:resource="http://localhost:8000/4cdcef4d-e285-4d43-b57c-056c2c71d0d4"/>
    <dcterms:identifier xml:lang="en">{"id": "3c0cf778-e516-4ff5-a4c2-36b898facce6", "value": "http://www.archesproject.org/73a2980e-c2b6-4a5c-a8ea-5bbaae738400"}</dcterms:identifier>
    <skos:prefLabel xml:lang="en">{"id": "500a1001-5e6d-40c3-990d-e25d9f869274", "value": "Services"}</skos:prefLabel>
  </skos:Concept>
  <skos:Concept rdf:about="http://localhost:8000/48bf8f55-3148-4e2f-b647-e8c0b4cf9194">
    <skos:prefLabel xml:lang="en">{"id": "76e6ae17-8511-4e2a-9110-269b6fb8e642", "value": "Site stripping"}</skos:prefLabel>
    <skos:inScheme rdf:resource="http://localhost:8000/4cdcef4d-e285-4d43-b57c-056c2c71d0d4"/>
    <dcterms:identifier xml:lang="en">{"id": "3140a7b8-0664-4613-8597-f03654be01a2", "value": "http://www.archesproject.org/48bf8f55-3148-4e2f-b647-e8c0b4cf9194"}</dcterms:identifier>
  </skos:Concept>
  <skos:Concept rdf:about="http://localhost:8000/8b312d27-80aa-4cbe-aa9a-9059c84745fb">
    <skos:prefLabel xml:lang="en">{"id": "aee9c776-c2b8-4e3c-a4a3-3c549dce288f", "value": "Lift pit"}</skos:prefLabel>
    <skos:inScheme rdf:resource="http://localhost:8000/4cdcef4d-e285-4d43-b57c-056c2c71d0d4"/>
    <dcterms:identifier xml:lang="en">{"id": "ed7db3e8-b721-44c8-bff1-7cc886697ca3", "value": "http://www.archesproject.org/8b312d27-80aa-4cbe-aa9a-9059c84745fb"}</dcterms:identifier>
  </skos:Concept>
  <skos:Concept rdf:about="http://localhost:8000/a9b05bc3-50ab-44bd-a433-b0fa6ffbffd9">
    <dcterms:identifier xml:lang="en">{"id": "636326d0-fef8-444a-ae8f-d1cbd3337ded", "value": "http://www.archesproject.org/a9b05bc3-50ab-44bd-a433-b0fa6ffbffd9"}</dcterms:identifier>
    <skos:prefLabel xml:lang="en">{"id": "f7ee682e-7136-4ce2-bb10-6bebc5acb036", "value": "Setting"}</skos:prefLabel>
    <skos:inScheme rdf:resource="http://localhost:8000/4cdcef4d-e285-4d43-b57c-056c2c71d0d4"/>
  </skos:Concept>
</rdf:RDF>
