<?xml version="1.0" encoding="utf-8"?>
<rdf:RDF
  xmlns:skos="http://www.w3.org/2004/02/skos/core#"
  xmlns:dcterms="http://purl.org/dc/terms/"
  xmlns:rdf="http://www.w3.org/1999/02/22-rdf-syntax-ns#"
>
  <skos:Concept rdf:about="http://localhost:8000/369fc17f-bb99-4f25-9678-3d2836a3c16a">
    <skos:prefLabel xml:lang="en">{"id": "1c83c3b4-4ec4-40a9-a69f-7b8cfcd6b9bb", "value": "Housing development"}</skos:prefLabel>
    <skos:inScheme>
      <skos:ConceptScheme rdf:about="http://localhost:8000/461be007-032f-400d-a275-23612396fb07">
        <skos:hasTopConcept rdf:resource="http://localhost:8000/0118c202-d476-479f-88b1-585682098dab"/>
        <skos:hasTopConcept rdf:resource="http://localhost:8000/8d49cbe4-aefc-426a-9238-59d3fda9afed"/>
        <skos:hasTopConcept rdf:resource="http://localhost:8000/b97e459e-e336-4f07-9b35-da004f695436"/>
        <skos:hasTopConcept rdf:resource="http://localhost:8000/f8b9e098-fb31-42ac-9bf5-ce14ce0bdb42"/>
        <skos:hasTopConcept rdf:resource="http://localhost:8000/0c0fa35b-9f37-4e3d-a494-e9a17b391425"/>
        <skos:hasTopConcept rdf:resource="http://localhost:8000/17ff0540-76bf-48d0-a63a-d4c681078a27"/>
        <dcterms:title xml:lang="en">{"id": "934114ad-1b26-4732-80c9-4ef4b2f15368", "value": "Development Type"}</dcterms:title>
        <skos:hasTopConcept rdf:resource="http://localhost:8000/11a34405-d1cb-4728-9f28-f28f64da4f40"/>
        <skos:hasTopConcept rdf:resource="http://localhost:8000/9964eae8-9b5b-40e5-8ef4-d1bc916f13f9"/>
        <skos:hasTopConcept rdf:resource="http://localhost:8000/10cbe28c-9708-4bd7-88ec-e89b800808bc"/>
        <skos:hasTopConcept rdf:resource="http://localhost:8000/42da9f53-8822-4e9c-b63e-ea3b49ea1a63"/>
        <skos:hasTopConcept rdf:resource="http://localhost:8000/0fd57eeb-39d9-4972-82f5-96a33137fe8b"/>
        <skos:hasTopConcept rdf:resource="http://localhost:8000/7742b36f-dfc3-45b4-bd06-b127a2bce676"/>
        <skos:hasTopConcept rdf:resource="http://localhost:8000/7349f2e2-1151-44c9-adff-91eb6fde0af9"/>
        <skos:hasTopConcept rdf:resource="http://localhost:8000/6a660ab3-c3cc-46d5-85f9-5ed7362c10c6"/>
        <skos:hasTopConcept rdf:resource="http://localhost:8000/7e02fde2-aed1-49c0-80cb-a65d8b36e4c2"/>
        <skos:hasTopConcept rdf:resource="http://localhost:8000/ebe0cced-9120-4179-b2ff-ed0ff3c04c2e"/>
        <skos:hasTopConcept rdf:resource="http://localhost:8000/628783e4-445e-42e5-bbfd-289988cf6287"/>
        <skos:hasTopConcept rdf:resource="http://localhost:8000/dafdd5a5-8614-4543-801e-ae0796634749"/>
        <skos:hasTopConcept rdf:resource="http://localhost:8000/61403fcc-ac3c-4746-b218-53739bfba39f"/>
        <skos:hasTopConcept rdf:resource="http://localhost:8000/c66bf8ee-196a-4f73-84e9-1f5e966cb09e"/>
        <skos:hasTopConcept rdf:resource="http://localhost:8000/19644243-e38b-46c3-a0a9-8712211ae0cb"/>
        <skos:hasTopConcept rdf:resource="http://localhost:8000/369fc17f-bb99-4f25-9678-3d2836a3c16a"/>
        <skos:hasTopConcept rdf:resource="http://localhost:8000/fbb8d8f1-a8bb-4bbe-9df0-3617b29d9046"/>
        <skos:hasTopConcept rdf:resource="http://localhost:8000/d650fc05-1834-45ac-80e8-b176a573dd58"/>
        <skos:hasTopConcept rdf:resource="http://localhost:8000/d3179b1a-51c4-4c65-aa19-87d267b456f9"/>
        <skos:hasTopConcept rdf:resource="http://localhost:8000/baee48ea-d161-4c9d-84fa-9769089d0500"/>
        <dcterms:identifier xml:lang="en">{"id": "595483fe-efaa-4586-bd92-8aa74427ea27", "value": "http://www.archesproject.org/461be007-032f-400d-a275-23612396fb07"}</dcterms:identifier>
        <skos:hasTopConcept rdf:resource="http://localhost:8000/b3f4287d-3d10-4955-a1c7-c5dc26eb0751"/>
        <skos:hasTopConcept rdf:resource="http://localhost:8000/dffc67ea-192c-45ec-9e68-20ea2f4e880b"/>
        <skos:hasTopConcept rdf:resource="http://localhost:8000/9adee582-9876-497a-b948-d5b6a39e55ed"/>
        <skos:hasTopConcept rdf:resource="http://localhost:8000/ab2e4dbe-5791-4d87-967a-2ebb88ebe7a8"/>
        <skos:hasTopConcept rdf:resource="http://localhost:8000/7acf2b86-80ea-498b-b9f5-a6f40ee8ca31"/>
        <skos:hasTopConcept rdf:resource="http://localhost:8000/20015e1b-5dc2-489b-a908-4097875ca9d0"/>
        <skos:hasTopConcept rdf:resource="http://localhost:8000/03a56eb2-ce4f-4ffa-99ff-e7dc2c0957ed"/>
        <skos:hasTopConcept rdf:resource="http://localhost:8000/28f2728b-b699-4ef3-8276-8ec9330bfd83"/>
        <skos:hasTopConcept rdf:resource="http://localhost:8000/fd216a80-6b04-4c79-9e92-133c0b267671"/>
        <skos:hasTopConcept rdf:resource="http://localhost:8000/aee9ff04-7d82-4e69-86a1-0a42666f2491"/>
        <skos:hasTopConcept rdf:resource="http://localhost:8000/4b8ba16c-4123-4d1f-b66a-c8ff8e2c53b2"/>
        <skos:hasTopConcept rdf:resource="http://localhost:8000/ec6e9a60-4e73-4820-84da-8f398aa40ddb"/>
        <skos:hasTopConcept rdf:resource="http://localhost:8000/03233e10-7358-4562-8e8a-a92b01fe8f6e"/>
        <skos:hasTopConcept rdf:resource="http://localhost:8000/fb9d3dbe-3a9c-48e8-a49d-858dc1469ad6"/>
        <skos:hasTopConcept rdf:resource="http://localhost:8000/da31c9c6-921e-405c-bdc7-d56c813ee37b"/>
        <skos:hasTopConcept rdf:resource="http://localhost:8000/b3b5d31f-a175-44e0-acb4-81a2796c77c1"/>
        <skos:hasTopConcept rdf:resource="http://localhost:8000/6ce60c2c-1c07-4948-ad10-ba70a42af4bb"/>
        <skos:hasTopConcept rdf:resource="http://localhost:8000/a9c5564d-cf7b-4047-9cc8-9a737cb299b6"/>
        <skos:hasTopConcept rdf:resource="http://localhost:8000/3d7c9463-7a62-4560-88d2-b4a06af61bff"/>
        <skos:hasTopConcept rdf:resource="http://localhost:8000/791ef2cf-7cd6-472d-9652-305044bffe56"/>
        <skos:hasTopConcept rdf:resource="http://localhost:8000/bf452296-88a6-4e8f-bafd-63297e321ffb"/>
        <skos:hasTopConcept rdf:resource="http://localhost:8000/a824b114-0af7-4261-9eb5-8753960af6d0"/>
        <skos:hasTopConcept rdf:resource="http://localhost:8000/8a93d50c-a2e9-408c-87cf-481a7d48e29c"/>
        <skos:hasTopConcept rdf:resource="http://localhost:8000/42d4344d-0e78-4468-b47e-8b41f69797cc"/>
        <skos:hasTopConcept rdf:resource="http://localhost:8000/897ac4bb-a5fe-40f8-82f7-3329fba1477d"/>
        <skos:hasTopConcept rdf:resource="http://localhost:8000/206c8360-908d-402e-ba79-b1785c809d4c"/>
        <skos:hasTopConcept rdf:resource="http://localhost:8000/4d967fd4-7fb8-48f6-b535-4114870b193f"/>
        <skos:hasTopConcept rdf:resource="http://localhost:8000/8889f287-d918-4ee3-8836-ee3f5d654912"/>
        <skos:hasTopConcept rdf:resource="http://localhost:8000/f98c839b-71c2-467a-b863-ce22d4544fb1"/>
        <skos:hasTopConcept rdf:resource="http://localhost:8000/5276a906-e9b4-4a5c-acb6-04608bcf420b"/>
        <skos:hasTopConcept rdf:resource="http://localhost:8000/edebf5d9-0634-4cef-a33d-2d54f90e3bd7"/>
        <skos:hasTopConcept rdf:resource="http://localhost:8000/3c2dfac9-1acf-4020-be12-29e32db671b1"/>
        <skos:hasTopConcept rdf:resource="http://localhost:8000/b41aacfb-51bf-4b66-97fb-3a3f677cd6f7"/>
        <skos:hasTopConcept rdf:resource="http://localhost:8000/729b99a3-432c-4b11-ac89-9c92fc2554c7"/>
        <skos:hasTopConcept rdf:resource="http://localhost:8000/b79f6f24-b386-4f60-aa59-7933e4c36107"/>
        <skos:hasTopConcept rdf:resource="http://localhost:8000/5cc0c622-8be8-4efa-a91c-575d971d2b8c"/>
        <skos:hasTopConcept rdf:resource="http://localhost:8000/fb58610f-2266-4d58-9e6a-67a7760560e8"/>
        <skos:hasTopConcept rdf:resource="http://localhost:8000/8f4f42ed-f2b9-4722-af28-67dcd1732067"/>
      </skos:ConceptScheme>
    </skos:inScheme>
    <skos:narrower>
      <skos:Concept rdf:about="http://localhost:8000/faecb896-43c9-421f-b708-13976595ecc5">
        <skos:inScheme rdf:resource="http://localhost:8000/461be007-032f-400d-a275-23612396fb07"/>
        <dcterms:identifier xml:lang="en">{"id": "603106dc-dc13-49e9-a798-0dca48c194ac", "value": "http://www.archesproject.org/faecb896-43c9-421f-b708-13976595ecc5"}</dcterms:identifier>
        <skos:prefLabel xml:lang="en">{"id": "708b8c90-2c9a-4ae8-b433-f72929b0362f", "value": "Housing Development (&gt;15000 units)"}</skos:prefLabel>
      </skos:Concept>
    </skos:narrower>
    <skos:scopeNote xml:lang="en">{"id": "73571e6a-9747-439a-af79-618d8ec7eb9f", "value": "Residential development, including housing, flats, tower blocks etc. For single houses use: building construction"}</skos:scopeNote>
    <dcterms:identifier xml:lang="en">{"id": "5e7577dd-781f-4fff-b680-3a5652d59ef7", "value": "http://www.archesproject.org/369fc17f-bb99-4f25-9678-3d2836a3c16a"}</dcterms:identifier>
    <skos:narrower>
      <skos:Concept rdf:about="http://localhost:8000/3be0af28-00a1-498e-bbf0-bcbbba616ab5">
        <dcterms:identifier xml:lang="en">{"id": "4623fe3e-dea6-4d77-a46b-3ae28b73e06f", "value": "http://www.archesproject.org/3be0af28-00a1-498e-bbf0-bcbbba616ab5"}</dcterms:identifier>
        <skos:inScheme rdf:resource="http://localhost:8000/461be007-032f-400d-a275-23612396fb07"/>
        <skos:prefLabel xml:lang="en">{"id": "5a60fe48-1d6e-48ae-86d2-8065025016f1", "value": "Housing development (&lt;15000 units)"}</skos:prefLabel>
      </skos:Concept>
    </skos:narrower>
  </skos:Concept>
  <skos:Concept rdf:about="http://localhost:8000/3d7c9463-7a62-4560-88d2-b4a06af61bff">
    <dcterms:identifier xml:lang="en">{"id": "91ae3891-045a-403c-bb4f-439f27db9fb2", "value": "http://www.archesproject.org/3d7c9463-7a62-4560-88d2-b4a06af61bff"}</dcterms:identifier>
    <skos:inScheme rdf:resource="http://localhost:8000/461be007-032f-400d-a275-23612396fb07"/>
    <skos:prefLabel xml:lang="en">{"id": "2add274b-3aa7-47b0-8a09-a3034b6dfd60", "value": "Local environment"}</skos:prefLabel>
  </skos:Concept>
  <skos:Concept rdf:about="http://localhost:8000/11a34405-d1cb-4728-9f28-f28f64da4f40">
    <skos:inScheme rdf:resource="http://localhost:8000/461be007-032f-400d-a275-23612396fb07"/>
    <skos:prefLabel xml:lang="en">{"id": "4816dd7c-78a0-40e1-b3c2-fdfc14de86c7", "value": "Unitary development plan"}</skos:prefLabel>
    <dcterms:identifier xml:lang="en">{"id": "34e66568-0597-4d8c-a470-84c65096f2a1", "value": "http://www.archesproject.org/11a34405-d1cb-4728-9f28-f28f64da4f40"}</dcterms:identifier>
  </skos:Concept>
  <skos:Concept rdf:about="http://localhost:8000/a9c5564d-cf7b-4047-9cc8-9a737cb299b6">
    <skos:scopeNote xml:lang="en">{"id": "fe8d84ba-1a7d-4de0-b5d6-376d3d4ff583", "value": "Construction of new agricultural buildings and facilities, e.g. barns, farm reservoirs."}</skos:scopeNote>
    <skos:inScheme rdf:resource="http://localhost:8000/461be007-032f-400d-a275-23612396fb07"/>
    <dcterms:identifier xml:lang="en">{"id": "799faf52-0b92-49b2-b0d6-c620fed3346e", "value": "AGD"}</dcterms:identifier>
    <skos:prefLabel xml:lang="en">{"id": "c34eea38-f03b-43bd-9dd7-5493a515b13f", "value": "Agricultural development"}</skos:prefLabel>
  </skos:Concept>
  <skos:Concept rdf:about="http://localhost:8000/10cbe28c-9708-4bd7-88ec-e89b800808bc">
    <skos:inScheme rdf:resource="http://localhost:8000/461be007-032f-400d-a275-23612396fb07"/>
    <skos:prefLabel xml:lang="en">{"id": "8ad7c571-fc29-43cf-8d81-2415d3cf0a64", "value": "Estuary management plan"}</skos:prefLabel>
    <dcterms:identifier xml:lang="en">{"id": "8c2c47fc-e7ed-4e7e-aeaf-710c464427f2", "value": "http://www.archesproject.org/10cbe28c-9708-4bd7-88ec-e89b800808bc"}</dcterms:identifier>
  </skos:Concept>
  <skos:Concept rdf:about="http://localhost:8000/729b99a3-432c-4b11-ac89-9c92fc2554c7">
    <skos:prefLabel xml:lang="en">{"id": "f47c22af-be7b-44e7-adf0-9fe0fbf73e40", "value": "Building alteration"}</skos:prefLabel>
    <skos:scopeNote xml:lang="en">{"id": "5a951963-e1cb-47df-bc9d-9d126482e3ce", "value": "Refurbishment of an existing building, without extension to the floor area. Does not include extensions - use Building extension"}</skos:scopeNote>
    <dcterms:identifier xml:lang="en">{"id": "4a0931a7-c121-45c5-8b10-448751616e52", "value": "BAL"}</dcterms:identifier>
    <skos:inScheme rdf:resource="http://localhost:8000/461be007-032f-400d-a275-23612396fb07"/>
  </skos:Concept>
  <skos:Concept rdf:about="http://localhost:8000/ab2e4dbe-5791-4d87-967a-2ebb88ebe7a8">
    <skos:inScheme rdf:resource="http://localhost:8000/461be007-032f-400d-a275-23612396fb07"/>
    <skos:prefLabel xml:lang="en">{"id": "e649a55a-8948-4128-8c68-033156aef61c", "value": "Shoreline management plan"}</skos:prefLabel>
    <dcterms:identifier xml:lang="en">{"id": "e89124d3-c5d9-418a-87dd-5fcac64815f4", "value": "http://www.archesproject.org/ab2e4dbe-5791-4d87-967a-2ebb88ebe7a8"}</dcterms:identifier>
  </skos:Concept>
  <skos:Concept rdf:about="http://localhost:8000/fd216a80-6b04-4c79-9e92-133c0b267671">
    <skos:scopeNote xml:lang="en">{"id": "2057d54d-4315-48ad-9d39-058ffdfd280f", "value": "Development of a single dwelling."}</skos:scopeNote>
    <skos:inScheme rdf:resource="http://localhost:8000/461be007-032f-400d-a275-23612396fb07"/>
    <dcterms:identifier xml:lang="en">{"id": "ba98ab20-0137-4418-8cbb-9e31aeae5522", "value": "http://www.archesproject.org/fd216a80-6b04-4c79-9e92-133c0b267671"}</dcterms:identifier>
    <skos:prefLabel xml:lang="en">{"id": "85c4ab66-963f-40e1-a861-6a27f6d3fe7f", "value": "House (1 unit)"}</skos:prefLabel>
  </skos:Concept>
  <skos:Concept rdf:about="http://localhost:8000/6ce60c2c-1c07-4948-ad10-ba70a42af4bb">
    <skos:prefLabel xml:lang="en">{"id": "8d28b607-8098-4f70-9480-5b4b64368d4a", "value": "Afforestation"}</skos:prefLabel>
    <skos:scopeNote xml:lang="en">{"id": "4e1d0f1a-22a8-48fd-9d5b-747ff8fd9d78", "value": "Planting of a substantial number of trees e.g. as a commercial crop. For small scale planting use: planting scheme."}</skos:scopeNote>
    <skos:inScheme rdf:resource="http://localhost:8000/461be007-032f-400d-a275-23612396fb07"/>
    <dcterms:identifier xml:lang="en">{"id": "57bc3072-f9a8-4bb9-b11b-7f4b77e1b1b1", "value": "AFF"}</dcterms:identifier>
  </skos:Concept>
  <skos:Concept rdf:about="http://localhost:8000/f98c839b-71c2-467a-b863-ce22d4544fb1">
    <skos:prefLabel xml:lang="en">{"id": "54241aea-978e-4c62-8289-acfe1cc19cd9", "value": "Development brief"}</skos:prefLabel>
    <skos:inScheme rdf:resource="http://localhost:8000/461be007-032f-400d-a275-23612396fb07"/>
    <dcterms:identifier xml:lang="en">{"id": "dab2f1ca-7116-4c16-a7ff-a8adc8795050", "value": "http://www.archesproject.org/f98c839b-71c2-467a-b863-ce22d4544fb1"}</dcterms:identifier>
  </skos:Concept>
  <skos:Concept rdf:about="http://localhost:8000/9964eae8-9b5b-40e5-8ef4-d1bc916f13f9">
    <skos:inScheme rdf:resource="http://localhost:8000/461be007-032f-400d-a275-23612396fb07"/>
    <skos:scopeNote xml:lang="en">{"id": "24695d1e-658b-4b10-9df5-6bf6448dcfea", "value": "Excavation of new basement serving  an existing building."}</skos:scopeNote>
    <skos:prefLabel xml:lang="en">{"id": "59ebc27c-14dd-4ab8-8e68-3d9d7fd9d69e", "value": "Basement excavation/extension only"}</skos:prefLabel>
    <dcterms:identifier xml:lang="en">{"id": "d987424f-936a-4f08-94e1-afb9ed381ba2", "value": "BAS"}</dcterms:identifier>
  </skos:Concept>
  <skos:Concept rdf:about="http://localhost:8000/b41aacfb-51bf-4b66-97fb-3a3f677cd6f7">
    <skos:prefLabel xml:lang="en">{"id": "01e9d9de-8352-4972-bca5-f1da1f961d6e", "value": "Submission of details (Archived)"}</skos:prefLabel>
    <dcterms:identifier xml:lang="en">{"id": "05b1ca2b-f350-451d-949c-114496e12029", "value": "http://www.archesproject.org/b41aacfb-51bf-4b66-97fb-3a3f677cd6f7"}</dcterms:identifier>
    <skos:inScheme rdf:resource="http://localhost:8000/461be007-032f-400d-a275-23612396fb07"/>
  </skos:Concept>
  <skos:Concept rdf:about="http://localhost:8000/8a93d50c-a2e9-408c-87cf-481a7d48e29c">
    <skos:inScheme rdf:resource="http://localhost:8000/461be007-032f-400d-a275-23612396fb07"/>
    <dcterms:identifier xml:lang="en">{"id": "098fedd5-85b3-4919-88b0-9487f03e8d1d", "value": "http://www.archesproject.org/8a93d50c-a2e9-408c-87cf-481a7d48e29c"}</dcterms:identifier>
    <skos:prefLabel xml:lang="en">{"id": "f3f1d008-9136-4f44-8109-b244dd856d1e", "value": "Advertisements"}</skos:prefLabel>
  </skos:Concept>
  <skos:Concept rdf:about="http://localhost:8000/b97e459e-e336-4f07-9b35-da004f695436">
    <skos:scopeNote xml:lang="en">{"id": "08949be0-ed88-474a-85dc-e57b063598c7", "value": "Construction of a new building."}</skos:scopeNote>
    <skos:prefLabel xml:lang="en">{"id": "b46771e8-0555-44f3-a31e-05643eab2e88", "value": "Building construction"}</skos:prefLabel>
    <dcterms:identifier xml:lang="en">{"id": "13777979-17f9-4532-9d9d-daf5b4c574eb", "value": "http://www.archesproject.org/b97e459e-e336-4f07-9b35-da004f695436"}</dcterms:identifier>
    <skos:inScheme rdf:resource="http://localhost:8000/461be007-032f-400d-a275-23612396fb07"/>
  </skos:Concept>
  <skos:Concept rdf:about="http://localhost:8000/20015e1b-5dc2-489b-a908-4097875ca9d0">
    <skos:inScheme rdf:resource="http://localhost:8000/461be007-032f-400d-a275-23612396fb07"/>
    <skos:prefLabel xml:lang="en">{"id": "f69b1b50-0b5d-47e2-ab1a-c13ab340c108", "value": "Cemetery creation"}</skos:prefLabel>
    <dcterms:identifier xml:lang="en">{"id": "3eca310d-791e-4573-baa3-d2966fde0ed4", "value": "http://www.archesproject.org/20015e1b-5dc2-489b-a908-4097875ca9d0"}</dcterms:identifier>
  </skos:Concept>
  <skos:Concept rdf:about="http://localhost:8000/9adee582-9876-497a-b948-d5b6a39e55ed">
    <skos:inScheme rdf:resource="http://localhost:8000/461be007-032f-400d-a275-23612396fb07"/>
    <skos:prefLabel xml:lang="en">{"id": "edce0fdc-168e-4fdc-a6b4-93dae09f9f42", "value": "Industrial development"}</skos:prefLabel>
    <skos:scopeNote xml:lang="en">{"id": "928c54b3-a5d3-4180-ad02-a378d926e07b", "value": "Development of new industrial premises including factories, warehousing etc."}</skos:scopeNote>
    <dcterms:identifier xml:lang="en">{"id": "16040117-ea77-4f04-9aa0-ba5cc1d7d434", "value": "http://www.archesproject.org/9adee582-9876-497a-b948-d5b6a39e55ed"}</dcterms:identifier>
  </skos:Concept>
  <skos:Concept rdf:about="http://localhost:8000/7349f2e2-1151-44c9-adff-91eb6fde0af9">
    <skos:inScheme rdf:resource="http://localhost:8000/461be007-032f-400d-a275-23612396fb07"/>
    <skos:prefLabel xml:lang="en">{"id": "dfb6b262-04d8-42a2-b5ed-bd18cfa0133c", "value": "Local plan"}</skos:prefLabel>
    <dcterms:identifier xml:lang="en">{"id": "2474874a-9bed-4a18-a535-b6db9708b53d", "value": "http://www.archesproject.org/7349f2e2-1151-44c9-adff-91eb6fde0af9"}</dcterms:identifier>
  </skos:Concept>
  <skos:Concept rdf:about="http://localhost:8000/fbb8d8f1-a8bb-4bbe-9df0-3617b29d9046">
    <skos:scopeNote xml:lang="en">{"id": "a1210726-b181-4919-b073-b0a79a344db2", "value": "Development relating to the construction of a new highway, or widening or modification of an existing highway."}</skos:scopeNote>
    <skos:prefLabel xml:lang="en">{"id": "1d239365-e486-42e3-9648-fe1a10c4f5a0", "value": "Road construction"}</skos:prefLabel>
    <skos:inScheme rdf:resource="http://localhost:8000/461be007-032f-400d-a275-23612396fb07"/>
    <dcterms:identifier xml:lang="en">{"id": "9b4d9b56-d429-43fd-bf7e-0469431c0101", "value": "http://www.archesproject.org/fbb8d8f1-a8bb-4bbe-9df0-3617b29d9046"}</dcterms:identifier>
  </skos:Concept>
  <skos:Concept rdf:about="http://localhost:8000/0c0fa35b-9f37-4e3d-a494-e9a17b391425">
    <skos:inScheme rdf:resource="http://localhost:8000/461be007-032f-400d-a275-23612396fb07"/>
    <skos:prefLabel xml:lang="en">{"id": "5a73e14e-083c-46d9-bf26-18cd2871af17", "value": "Opportunity Area (Strategic)"}</skos:prefLabel>
    <dcterms:identifier xml:lang="en">{"id": "9ae0bda8-698d-46d8-b92b-3cb35c93d61b", "value": "http://localhost:8000/0c0fa35b-9f37-4e3d-a494-e9a17b391425"}</dcterms:identifier>
  </skos:Concept>
  <skos:Concept rdf:about="http://localhost:8000/628783e4-445e-42e5-bbfd-289988cf6287">
    <skos:inScheme rdf:resource="http://localhost:8000/461be007-032f-400d-a275-23612396fb07"/>
    <skos:prefLabel xml:lang="en">{"id": "096cb6b6-58e1-426d-b17c-2e0e03eec8bd", "value": "Hedgerow removal"}</skos:prefLabel>
    <skos:scopeNote xml:lang="en">{"id": "03f40371-b64f-48b5-bae2-ffef5701040e", "value": "Removal of established hedgerows."}</skos:scopeNote>
    <dcterms:identifier xml:lang="en">{"id": "b1ebeb2f-9e36-448f-a3d9-67c5f6d50b1c", "value": "http://www.archesproject.org/628783e4-445e-42e5-bbfd-289988cf6287"}</dcterms:identifier>
  </skos:Concept>
  <skos:Concept rdf:about="http://localhost:8000/8f4f42ed-f2b9-4722-af28-67dcd1732067">
    <dcterms:identifier xml:lang="en">{"id": "77703b56-c12e-40f0-b344-88018b71987a", "value": "http://www.archesproject.org/8f4f42ed-f2b9-4722-af28-67dcd1732067"}</dcterms:identifier>
    <skos:prefLabel xml:lang="en">{"id": "4235db75-f277-41ab-b699-40b4bbf2a26f", "value": "Structure plan (Archived)"}</skos:prefLabel>
    <skos:inScheme rdf:resource="http://localhost:8000/461be007-032f-400d-a275-23612396fb07"/>
  </skos:Concept>
  <skos:Concept rdf:about="http://localhost:8000/bf452296-88a6-4e8f-bafd-63297e321ffb">
    <skos:inScheme rdf:resource="http://localhost:8000/461be007-032f-400d-a275-23612396fb07"/>
    <dcterms:identifier xml:lang="en">{"id": "8c6aa058-3fbb-4a85-8efb-84c59e642e0c", "value": "http://www.archesproject.org/bf452296-88a6-4e8f-bafd-63297e321ffb"}</dcterms:identifier>
    <skos:scopeNote xml:lang="en">{"id": "595f66bf-1108-4a65-8c20-60c223072475", "value": "Construction of a new pipeline and associated works."}</skos:scopeNote>
    <skos:prefLabel xml:lang="en">{"id": "d28804e3-d1ff-4fa2-b85a-437a1a7266a4", "value": "Pipeline construction"}</skos:prefLabel>
  </skos:Concept>
  <skos:Concept rdf:about="http://localhost:8000/17ff0540-76bf-48d0-a63a-d4c681078a27">
    <dcterms:identifier xml:lang="en">{"id": "c54457e9-2404-4be5-a905-f47c1c7c5416", "value": "http://www.archesproject.org/17ff0540-76bf-48d0-a63a-d4c681078a27"}</dcterms:identifier>
    <skos:inScheme rdf:resource="http://localhost:8000/461be007-032f-400d-a275-23612396fb07"/>
    <skos:prefLabel xml:lang="en">{"id": "28dbbdaf-4b6a-4a77-ad6b-d216d3a5ad9b", "value": "Woodland felling scheme"}</skos:prefLabel>
  </skos:Concept>
  <skos:Concept rdf:about="http://localhost:8000/aee9ff04-7d82-4e69-86a1-0a42666f2491">
    <skos:inScheme rdf:resource="http://localhost:8000/461be007-032f-400d-a275-23612396fb07"/>
    <dcterms:identifier xml:lang="en">{"id": "2a25ffc6-1c6e-44c1-a856-5c5fa646bad7", "value": "http://www.archesproject.org/aee9ff04-7d82-4e69-86a1-0a42666f2491"}</dcterms:identifier>
    <skos:scopeNote xml:lang="en">{"id": "112d3378-8f0c-4926-a9e6-2bdb4d1c955b", "value": "Development of a new area or extension to an existing area of mineral extraction, including associated buildings and works."}</skos:scopeNote>
    <skos:prefLabel xml:lang="en">{"id": "9a1c5253-f9ce-4312-8568-97eab245b04b", "value": "Mineral extraction"}</skos:prefLabel>
  </skos:Concept>
  <skos:Concept rdf:about="http://localhost:8000/03a56eb2-ce4f-4ffa-99ff-e7dc2c0957ed">
    <dcterms:identifier xml:lang="en">{"id": "11d3afa8-2653-43af-834d-1e7e0bc7dac2", "value": "http://www.archesproject.org/03a56eb2-ce4f-4ffa-99ff-e7dc2c0957ed"}</dcterms:identifier>
    <skos:inScheme rdf:resource="http://localhost:8000/461be007-032f-400d-a275-23612396fb07"/>
    <skos:scopeNote xml:lang="en">{"id": "fd2057f3-005b-4bdd-b9e1-dda77e7d742a", "value": "Proposal of or alteration to an existing cultivation regime."}</skos:scopeNote>
    <skos:prefLabel xml:lang="en">{"id": "d64322da-bac3-4c0c-ba90-c64e6fa719cc", "value": "Ploughing regime"}</skos:prefLabel>
  </skos:Concept>
  <skos:Concept rdf:about="http://localhost:8000/61403fcc-ac3c-4746-b218-53739bfba39f">
    <dcterms:identifier xml:lang="en">{"id": "fd13676e-230f-4e2e-b369-5a0b73a1f5bc", "value": "http://www.archesproject.org/61403fcc-ac3c-4746-b218-53739bfba39f"}</dcterms:identifier>
    <skos:prefLabel xml:lang="en">{"id": "b8d340e2-1611-4db4-a58c-cbf540907c4c", "value": "Coastal defence work"}</skos:prefLabel>
    <skos:inScheme rdf:resource="http://localhost:8000/461be007-032f-400d-a275-23612396fb07"/>
    <skos:scopeNote xml:lang="en">{"id": "c924ddde-32f8-48eb-9266-9d552f3e9fc7", "value": "Flood defence and coastal erosion works, extending inland to include estuaries and tidal rivers."}</skos:scopeNote>
  </skos:Concept>
  <skos:Concept rdf:about="http://localhost:8000/5276a906-e9b4-4a5c-acb6-04608bcf420b">
    <dcterms:identifier xml:lang="en">{"id": "8d38830c-b723-4ce1-8b95-9ebfb06c2e83", "value": "http://www.archesproject.org/5276a906-e9b4-4a5c-acb6-04608bcf420b"}</dcterms:identifier>
    <skos:scopeNote xml:lang="en">{"id": "9cc89d7f-74fd-4eec-a6ce-2bbd30a52958", "value": "Deep ploughing to break up hard-pan or otherwise improve soil character in cultivated land."}</skos:scopeNote>
    <skos:prefLabel xml:lang="en">{"id": "852c36a9-d19a-46a6-8ad1-15474366e19e", "value": "Subsoiling"}</skos:prefLabel>
    <skos:inScheme rdf:resource="http://localhost:8000/461be007-032f-400d-a275-23612396fb07"/>
  </skos:Concept>
  <skos:Concept rdf:about="http://localhost:8000/42d4344d-0e78-4468-b47e-8b41f69797cc">
    <skos:prefLabel xml:lang="en">{"id": "5d1cee04-10ef-4c4a-9802-16920f47b756", "value": "Building extension"}</skos:prefLabel>
    <dcterms:identifier xml:lang="en">{"id": "b4a16e29-ae61-466f-b882-4abbdce3d846", "value": "http://www.archesproject.org/42d4344d-0e78-4468-b47e-8b41f69797cc"}</dcterms:identifier>
    <skos:scopeNote xml:lang="en">{"id": "20fc4d4f-9273-421c-aa80-02ef3f45479e", "value": "Enlargement of the floor area of an existing building."}</skos:scopeNote>
    <skos:inScheme rdf:resource="http://localhost:8000/461be007-032f-400d-a275-23612396fb07"/>
  </skos:Concept>
  <skos:Concept rdf:about="http://localhost:8000/f8b9e098-fb31-42ac-9bf5-ce14ce0bdb42">
    <skos:prefLabel xml:lang="en">{"id": "9bd9c77c-360d-4e0a-84d6-654769d7d239", "value": "Woodland planting scheme"}</skos:prefLabel>
    <skos:inScheme rdf:resource="http://localhost:8000/461be007-032f-400d-a275-23612396fb07"/>
    <dcterms:identifier xml:lang="en">{"id": "f7a4ccdb-182d-4df9-942b-5d0026ab4100", "value": "http://www.archesproject.org/f8b9e098-fb31-42ac-9bf5-ce14ce0bdb42"}</dcterms:identifier>
  </skos:Concept>
  <skos:Concept rdf:about="http://localhost:8000/0fd57eeb-39d9-4972-82f5-96a33137fe8b">
    <skos:inScheme rdf:resource="http://localhost:8000/461be007-032f-400d-a275-23612396fb07"/>
    <skos:prefLabel xml:lang="en">{"id": "afc509f9-ca5b-4e18-89f3-4eb9fdb8349b", "value": "Supplementary planning"}</skos:prefLabel>
    <dcterms:identifier xml:lang="en">{"id": "13a984e9-2438-40b6-a2cd-ec4f185055c8", "value": "http://www.archesproject.org/0fd57eeb-39d9-4972-82f5-96a33137fe8b"}</dcterms:identifier>
  </skos:Concept>
  <skos:Concept rdf:about="http://localhost:8000/fb58610f-2266-4d58-9e6a-67a7760560e8">
    <skos:scopeNote xml:lang="en">{"id": "0f54a0e9-f77c-40b6-aea7-4a1918b521e8", "value": "Demolition to the ground level of a building."}</skos:scopeNote>
    <skos:inScheme rdf:resource="http://localhost:8000/461be007-032f-400d-a275-23612396fb07"/>
    <dcterms:identifier xml:lang="en">{"id": "dc576d5b-d646-45cd-9aaa-68d48b596b7c", "value": "http://www.archesproject.org/fb58610f-2266-4d58-9e6a-67a7760560e8"}</dcterms:identifier>
    <skos:prefLabel xml:lang="en">{"id": "970e36b0-c4a5-41de-b2e1-0fbc832aeb39", "value": "Building demolition only"}</skos:prefLabel>
  </skos:Concept>
  <skos:Concept rdf:about="http://localhost:8000/8d49cbe4-aefc-426a-9238-59d3fda9afed">
    <skos:prefLabel xml:lang="en">{"id": "f67c9e39-f611-4ef0-a921-fdb35579493c", "value": "Major Infrastructure"}</skos:prefLabel>
    <skos:inScheme rdf:resource="http://localhost:8000/461be007-032f-400d-a275-23612396fb07"/>
    <dcterms:identifier xml:lang="en">{"id": "d8d2650d-52c7-47a0-8ccd-fde58fd09777", "value": "http://www.archesproject.org/8d49cbe4-aefc-426a-9238-59d3fda9afed"}</dcterms:identifier>
  </skos:Concept>
  <skos:Concept rdf:about="http://localhost:8000/7742b36f-dfc3-45b4-bd06-b127a2bce676">
    <dcterms:identifier xml:lang="en">{"id": "29ffe56a-ea82-4104-a095-8c92964bb067", "value": "http://www.archesproject.org/7742b36f-dfc3-45b4-bd06-b127a2bce676"}</dcterms:identifier>
    <skos:inScheme rdf:resource="http://localhost:8000/461be007-032f-400d-a275-23612396fb07"/>
    <skos:prefLabel xml:lang="en">{"id": "32821262-23f4-4e36-9892-a3e81575341b", "value": "Waterway restoration"}</skos:prefLabel>
    <skos:scopeNote xml:lang="en">{"id": "3978e02d-ad50-4615-a2b1-9a33c4f66905", "value": "Refurbishment of waterways including canals and canalised river channels and associated buildings and structures."}</skos:scopeNote>
  </skos:Concept>
  <skos:Concept rdf:about="http://localhost:8000/7acf2b86-80ea-498b-b9f5-a6f40ee8ca31">
    <skos:prefLabel xml:lang="en">{"id": "5545fad1-eec5-484c-a3b9-ff6a76647c5b", "value": "Building change of use"}</skos:prefLabel>
    <skos:inScheme rdf:resource="http://localhost:8000/461be007-032f-400d-a275-23612396fb07"/>
    <skos:scopeNote xml:lang="en">{"id": "65c66f54-345c-4425-8968-404b786cfb19", "value": "Change of use for an existing building."}</skos:scopeNote>
    <dcterms:identifier xml:lang="en">{"id": "fbfc5d89-80b9-4c2e-8805-4f4b76dd3cde", "value": "http://www.archesproject.org/7acf2b86-80ea-498b-b9f5-a6f40ee8ca31"}</dcterms:identifier>
  </skos:Concept>
  <skos:Concept rdf:about="http://localhost:8000/0118c202-d476-479f-88b1-585682098dab">
    <skos:prefLabel xml:lang="en">{"id": "25b7960d-90ef-416c-b1d7-dcc826c187d6", "value": "Amenity area development"}</skos:prefLabel>
    <skos:scopeNote xml:lang="en-us">{"id": "8ee67a42-207a-4fbd-a4e7-1ee3e9e2259c", "value": "Amenity area development\",\"Development of playing areas, sports facilities, parks, gardens and urban open spaces."}</skos:scopeNote>
    <skos:inScheme rdf:resource="http://localhost:8000/461be007-032f-400d-a275-23612396fb07"/>
    <dcterms:identifier xml:lang="en">{"id": "b82b1512-89f9-4f75-886d-b99fd23a178a", "value": "AAD"}</dcterms:identifier>
  </skos:Concept>
  <skos:Concept rdf:about="http://localhost:8000/5cc0c622-8be8-4efa-a91c-575d971d2b8c">
    <skos:prefLabel xml:lang="en">{"id": "95178974-8098-4d48-ab60-fbd285ce37e9", "value": "Ecclesiastical"}</skos:prefLabel>
    <skos:scopeNote xml:lang="en">{"id": "a66d8846-e6ab-4244-83c9-e7fb0a38077c", "value": "Church related development"}</skos:scopeNote>
    <dcterms:identifier xml:lang="en">{"id": "7956101f-578a-47f3-b2f9-77fc77653994", "value": "http://www.archesproject.org/5cc0c622-8be8-4efa-a91c-575d971d2b8c"}</dcterms:identifier>
    <skos:inScheme rdf:resource="http://localhost:8000/461be007-032f-400d-a275-23612396fb07"/>
  </skos:Concept>
  <skos:Concept rdf:about="http://localhost:8000/edebf5d9-0634-4cef-a33d-2d54f90e3bd7">
    <skos:prefLabel xml:lang="en">{"id": "36aeac7c-834a-4fe7-85e4-dac72a23f488", "value": "Wildlife enhancement scheme"}</skos:prefLabel>
    <skos:inScheme rdf:resource="http://localhost:8000/461be007-032f-400d-a275-23612396fb07"/>
    <dcterms:identifier xml:lang="en">{"id": "3344a485-89ff-4db7-8e0f-f7e03dc47425", "value": "http://www.archesproject.org/edebf5d9-0634-4cef-a33d-2d54f90e3bd7"}</dcterms:identifier>
  </skos:Concept>
  <skos:Concept rdf:about="http://localhost:8000/19644243-e38b-46c3-a0a9-8712211ae0cb">
    <skos:prefLabel xml:lang="en">{"id": "b82c0239-cf8a-4c42-8f78-b5c94b997ca3", "value": "Change of land use"}</skos:prefLabel>
    <dcterms:identifier xml:lang="en">{"id": "45ab3326-c87a-450a-9dfd-dcd7141c6f58", "value": "http://www.archesproject.org/19644243-e38b-46c3-a0a9-8712211ae0cb"}</dcterms:identifier>
    <skos:scopeNote xml:lang="en">{"id": "4f72d4dc-5d58-4394-8936-299992aea146", "value": "Change in land use that might have archaeological implications."}</skos:scopeNote>
    <skos:inScheme rdf:resource="http://localhost:8000/461be007-032f-400d-a275-23612396fb07"/>
  </skos:Concept>
  <skos:Concept rdf:about="http://localhost:8000/a824b114-0af7-4261-9eb5-8753960af6d0">
    <skos:inScheme rdf:resource="http://localhost:8000/461be007-032f-400d-a275-23612396fb07"/>
    <skos:prefLabel xml:lang="en">{"id": "02beb876-bd10-48fd-aa62-46b6cdca22dc", "value": "Service infrastructure development"}</skos:prefLabel>
    <skos:scopeNote xml:lang="en">{"id": "22ae9498-2538-4ca8-b288-a36d817e080b", "value": "Development or changes to infrastructure including below ground services, sewage plants, drainage works"}</skos:scopeNote>
    <dcterms:identifier xml:lang="en">{"id": "8ca0bb68-4f8f-4bcc-9847-4a1d6e4faaee", "value": "http://www.archesproject.org/a824b114-0af7-4261-9eb5-8753960af6d0"}</dcterms:identifier>
  </skos:Concept>
  <skos:Concept rdf:about="http://localhost:8000/d3179b1a-51c4-4c65-aa19-87d267b456f9">
    <skos:prefLabel xml:lang="en">{"id": "6b82e285-0e84-43d1-8473-9ef041676838", "value": "Solar Farm"}</skos:prefLabel>
    <skos:inScheme rdf:resource="http://localhost:8000/461be007-032f-400d-a275-23612396fb07"/>
    <dcterms:identifier xml:lang="en">{"id": "bcc75724-ce19-4260-976e-3750141afaae", "value": "http://www.archesproject.org/d3179b1a-51c4-4c65-aa19-87d267b456f9"}</dcterms:identifier>
  </skos:Concept>
  <skos:Concept rdf:about="http://localhost:8000/206c8360-908d-402e-ba79-b1785c809d4c">
    <skos:scopeNote xml:lang="en">{"id": "8f432701-0735-4b29-9442-1c5d11c898e0", "value": "Works to remove industrial waste contamination or make safe shafts or other dangerous features on former industrial land to provide building or agricultural land."}</skos:scopeNote>
    <skos:inScheme rdf:resource="http://localhost:8000/461be007-032f-400d-a275-23612396fb07"/>
    <dcterms:identifier xml:lang="en">{"id": "9d31ac7a-f933-41a6-b1de-83233be283b1", "value": "http://www.archesproject.org/206c8360-908d-402e-ba79-b1785c809d4c"}</dcterms:identifier>
    <skos:prefLabel xml:lang="en">{"id": "73fa01ea-5679-4b46-bda1-49423044934c", "value": "Land decontamination"}</skos:prefLabel>
  </skos:Concept>
  <skos:Concept rdf:about="http://localhost:8000/791ef2cf-7cd6-472d-9652-305044bffe56">
    <skos:prefLabel xml:lang="en">{"id": "61659de0-ece3-41cb-b55a-6943c5ba2b7e", "value": "Unspecified"}</skos:prefLabel>
    <skos:inScheme rdf:resource="http://localhost:8000/461be007-032f-400d-a275-23612396fb07"/>
    <dcterms:identifier xml:lang="en">{"id": "896101f8-8819-469c-bc43-04a03af52064", "value": "http://localhost:8000/791ef2cf-7cd6-472d-9652-305044bffe56"}</dcterms:identifier>
  </skos:Concept>
  <skos:Concept rdf:about="http://localhost:8000/fb9d3dbe-3a9c-48e8-a49d-858dc1469ad6">
    <skos:inScheme rdf:resource="http://localhost:8000/461be007-032f-400d-a275-23612396fb07"/>
    <skos:scopeNote xml:lang="en">{"id": "e830767c-95a8-4197-8dc5-ddccee1b0fa5", "value": "Dredging of waterways or channels to remove obstacles to navigation. Where the intention is to recover aggregate from the seabed use: mineral extraction."}</skos:scopeNote>
    <skos:prefLabel xml:lang="en">{"id": "82536c2b-0031-4b6b-bb40-ff9a9f6b09ba", "value": "Dredging"}</skos:prefLabel>
    <dcterms:identifier xml:lang="en">{"id": "9a0704de-7057-49e9-9fdb-ab0beedaf040", "value": "http://www.archesproject.org/fb9d3dbe-3a9c-48e8-a49d-858dc1469ad6"}</dcterms:identifier>
  </skos:Concept>
  <skos:Concept rdf:about="http://localhost:8000/c66bf8ee-196a-4f73-84e9-1f5e966cb09e">
    <skos:inScheme rdf:resource="http://localhost:8000/461be007-032f-400d-a275-23612396fb07"/>
    <skos:scopeNote xml:lang="en">{"id": "677f161a-cebe-4bcf-90f6-6dba46397632", "value": "Proposal of or alteration to an existing planting scheme. Includes limited tree planting."}</skos:scopeNote>
    <dcterms:identifier xml:lang="en">{"id": "deb98f13-cf3b-4aef-9184-6e7d2bf27e6c", "value": "http://www.archesproject.org/c66bf8ee-196a-4f73-84e9-1f5e966cb09e"}</dcterms:identifier>
    <skos:prefLabel xml:lang="en">{"id": "17e85a71-fc9a-43cb-a2fd-100dd84dc5b9", "value": "Planting scheme"}</skos:prefLabel>
  </skos:Concept>
  <skos:Concept rdf:about="http://localhost:8000/b3b5d31f-a175-44e0-acb4-81a2796c77c1">
    <skos:inScheme rdf:resource="http://localhost:8000/461be007-032f-400d-a275-23612396fb07"/>
    <dcterms:identifier xml:lang="en">{"id": "e11b965b-c216-4025-8f90-95280afe6761", "value": "http://www.archesproject.org/b3b5d31f-a175-44e0-acb4-81a2796c77c1"}</dcterms:identifier>
    <skos:prefLabel xml:lang="en">{"id": "9606db93-d462-43dc-9736-a8eedbee8373", "value": "Minerals plan"}</skos:prefLabel>
  </skos:Concept>
  <skos:Concept rdf:about="http://localhost:8000/4b8ba16c-4123-4d1f-b66a-c8ff8e2c53b2">
    <skos:inScheme rdf:resource="http://localhost:8000/461be007-032f-400d-a275-23612396fb07"/>
    <skos:prefLabel xml:lang="en">{"id": "23c0a3e4-6b3c-49d3-a737-1a414778070b", "value": "Golf course development"}</skos:prefLabel>
    <skos:scopeNote xml:lang="en">{"id": "683fc840-468a-4ebd-824b-d78321c79894", "value": "Development of golf course, including works on associated buildings and facilities."}</skos:scopeNote>
    <dcterms:identifier xml:lang="en">{"id": "80470cdb-8304-4beb-9b17-9af78c765f2e", "value": "http://www.archesproject.org/4b8ba16c-4123-4d1f-b66a-c8ff8e2c53b2"}</dcterms:identifier>
  </skos:Concept>
  <skos:Concept rdf:about="http://localhost:8000/42da9f53-8822-4e9c-b63e-ea3b49ea1a63">
    <skos:inScheme rdf:resource="http://localhost:8000/461be007-032f-400d-a275-23612396fb07"/>
    <dcterms:identifier xml:lang="en">{"id": "0147dfb6-65a5-4245-95b3-322908d1a0a4", "value": "http://www.archesproject.org/42da9f53-8822-4e9c-b63e-ea3b49ea1a63"}</dcterms:identifier>
    <skos:scopeNote xml:lang="en">{"id": "ac2100bd-330f-438b-90a8-bb8189f40e2c", "value": "Decontamination and other work to render land safe for re-use e.g. previously in industrial use."}</skos:scopeNote>
    <skos:prefLabel xml:lang="en">{"id": "905e3044-79f6-452a-899c-1afd7f1a114b", "value": "Land restoration"}</skos:prefLabel>
  </skos:Concept>
  <skos:Concept rdf:about="http://localhost:8000/897ac4bb-a5fe-40f8-82f7-3329fba1477d">
    <skos:prefLabel xml:lang="en">{"id": "72e3d373-5067-48bf-94bd-3832ab4c0e8f", "value": "Local authority strategy"}</skos:prefLabel>
    <dcterms:identifier xml:lang="en">{"id": "5273fa24-a522-4502-8deb-844d4327d703", "value": "http://www.archesproject.org/897ac4bb-a5fe-40f8-82f7-3329fba1477d"}</dcterms:identifier>
    <skos:inScheme rdf:resource="http://localhost:8000/461be007-032f-400d-a275-23612396fb07"/>
  </skos:Concept>
  <skos:Concept rdf:about="http://localhost:8000/d650fc05-1834-45ac-80e8-b176a573dd58">
    <dcterms:identifier xml:lang="en">{"id": "4bf67da6-69e6-4323-ae7b-3d54613dc5c6", "value": "http://www.archesproject.org/d650fc05-1834-45ac-80e8-b176a573dd58"}</dcterms:identifier>
    <skos:inScheme rdf:resource="http://localhost:8000/461be007-032f-400d-a275-23612396fb07"/>
    <skos:scopeNote xml:lang="en">{"id": "8bbb183c-c8d2-45a2-ae06-de478a9a4f9b", "value": "Development of structures, dumps or other facilities on or above the seabed, below low water mark."}</skos:scopeNote>
    <skos:prefLabel xml:lang="en">{"id": "94cd7699-fbd6-4cea-a85a-72c58aa3ab95", "value": "Offshore development"}</skos:prefLabel>
  </skos:Concept>
  <skos:Concept rdf:about="http://localhost:8000/ebe0cced-9120-4179-b2ff-ed0ff3c04c2e">
    <skos:inScheme rdf:resource="http://localhost:8000/461be007-032f-400d-a275-23612396fb07"/>
    <skos:prefLabel xml:lang="en">{"id": "4b641e67-dc41-4bb8-9456-2a4fc94849fd", "value": "Land reclamation"}</skos:prefLabel>
    <dcterms:identifier xml:lang="en">{"id": "ee752594-beb5-47c6-988d-34493c32a6d5", "value": "http://www.archesproject.org/ebe0cced-9120-4179-b2ff-ed0ff3c04c2e"}</dcterms:identifier>
    <skos:scopeNote xml:lang="en">{"id": "6f2d4112-697a-4bd5-9bb7-9e9eacdf96e0", "value": "Draining of waterlogged coastal or river margin land to provide building or agricultural land."}</skos:scopeNote>
  </skos:Concept>
  <skos:Concept rdf:about="http://localhost:8000/b79f6f24-b386-4f60-aa59-7933e4c36107">
    <skos:scopeNote xml:lang="en">{"id": "d49aa375-2882-4cb8-93a6-9d6acffca5a8", "value": "Development relating to the construction of a new railway, or associated sidings, depots etc, or modification to existing railway."}</skos:scopeNote>
    <skos:inScheme rdf:resource="http://localhost:8000/461be007-032f-400d-a275-23612396fb07"/>
    <skos:prefLabel xml:lang="en">{"id": "a06dff2e-102d-4f7d-b4e8-3f85929c9424", "value": "Railway construction"}</skos:prefLabel>
    <dcterms:identifier xml:lang="en">{"id": "728ed639-244f-4161-8aca-d4cb145bb38f", "value": "http://www.archesproject.org/b79f6f24-b386-4f60-aa59-7933e4c36107"}</dcterms:identifier>
  </skos:Concept>
  <skos:Concept rdf:about="http://localhost:8000/8889f287-d918-4ee3-8836-ee3f5d654912">
    <skos:prefLabel xml:lang="en">{"id": "e71fa7b9-8b22-46af-b497-c0382752bdba", "value": "Strategic Opportunity Area"}</skos:prefLabel>
    <dcterms:identifier xml:lang="en">{"id": "5e986a3f-0d72-482e-b074-f7a51086f9ad", "value": "http://www.archesproject.org/8889f287-d918-4ee3-8836-ee3f5d654912"}</dcterms:identifier>
    <skos:inScheme rdf:resource="http://localhost:8000/461be007-032f-400d-a275-23612396fb07"/>
  </skos:Concept>
  <skos:Concept rdf:about="http://localhost:8000/dffc67ea-192c-45ec-9e68-20ea2f4e880b">
    <skos:scopeNote xml:lang="en">{"id": "61bdf590-8302-4fdd-8237-a35a1aadc12a", "value": "Development of new commercial premises including shops, offices, banks etc."}</skos:scopeNote>
    <skos:inScheme rdf:resource="http://localhost:8000/461be007-032f-400d-a275-23612396fb07"/>
    <dcterms:identifier xml:lang="en">{"id": "d16a1be6-0d3a-4c99-bdc5-8af5e8b98b1e", "value": "http://www.archesproject.org/dffc67ea-192c-45ec-9e68-20ea2f4e880b"}</dcterms:identifier>
    <skos:prefLabel xml:lang="en">{"id": "25c5dd52-8018-4ceb-81f2-52054a28a181", "value": "Commercial development"}</skos:prefLabel>
  </skos:Concept>
  <skos:Concept rdf:about="http://localhost:8000/ec6e9a60-4e73-4820-84da-8f398aa40ddb">
    <skos:inScheme rdf:resource="http://localhost:8000/461be007-032f-400d-a275-23612396fb07"/>
    <dcterms:identifier xml:lang="en">{"id": "95557c67-befd-4415-9b48-05526cd87452", "value": "http://www.archesproject.org/ec6e9a60-4e73-4820-84da-8f398aa40ddb"}</dcterms:identifier>
    <skos:prefLabel xml:lang="en">{"id": "02f2c214-d365-4a09-b857-f9a3b829e9e4", "value": "Residential Development"}</skos:prefLabel>
    <skos:scopeNote xml:lang="en">{"id": "959ff1c5-ae1d-4c40-b0d1-e2ee790e55a0", "value": "Development of more than one dwelling. Archived - Do Not Use"}</skos:scopeNote>
  </skos:Concept>
  <skos:Concept rdf:about="http://localhost:8000/3c2dfac9-1acf-4020-be12-29e32db671b1">
    <skos:inScheme rdf:resource="http://localhost:8000/461be007-032f-400d-a275-23612396fb07"/>
    <skos:prefLabel xml:lang="en">{"id": "32e62753-0f70-48dc-84e8-678ba60f5bf5", "value": "Mixed Use"}</skos:prefLabel>
    <dcterms:identifier xml:lang="en">{"id": "3b654f4b-32b4-4ca5-8eee-05389373b21d", "value": "http://www.archesproject.org/3c2dfac9-1acf-4020-be12-29e32db671b1"}</dcterms:identifier>
  </skos:Concept>
  <skos:Concept rdf:about="http://localhost:8000/baee48ea-d161-4c9d-84fa-9769089d0500">
    <skos:inScheme rdf:resource="http://localhost:8000/461be007-032f-400d-a275-23612396fb07"/>
    <dcterms:identifier xml:lang="en">{"id": "dc7c43f4-1319-4aaa-a691-31ffa0db6ee5", "value": "http://www.archesproject.org/baee48ea-d161-4c9d-84fa-9769089d0500"}</dcterms:identifier>
    <skos:prefLabel xml:lang="en">{"id": "29c90312-9fac-4eb9-90e9-edab74c5922e", "value": "Military"}</skos:prefLabel>
  </skos:Concept>
  <skos:Concept rdf:about="http://localhost:8000/7e02fde2-aed1-49c0-80cb-a65d8b36e4c2">
    <skos:scopeNote xml:lang="en">{"id": "2ed8ed53-506c-45e6-8ef8-4054c72d3be3", "value": "Groundwork to provide a designed landscape e.g. to provide visual or sound barriers including slope profiling and earth moving."}</skos:scopeNote>
    <dcterms:identifier xml:lang="en">{"id": "bd8e2c77-683e-4026-bfde-bd31a82ad70e", "value": "http://www.archesproject.org/7e02fde2-aed1-49c0-80cb-a65d8b36e4c2"}</dcterms:identifier>
    <skos:prefLabel xml:lang="en">{"id": "ec89553d-d922-4a62-812f-2c3d7e62c1e9", "value": "Landscaping"}</skos:prefLabel>
    <skos:inScheme rdf:resource="http://localhost:8000/461be007-032f-400d-a275-23612396fb07"/>
  </skos:Concept>
  <skos:Concept rdf:about="http://localhost:8000/28f2728b-b699-4ef3-8276-8ec9330bfd83">
    <skos:inScheme rdf:resource="http://localhost:8000/461be007-032f-400d-a275-23612396fb07"/>
    <skos:prefLabel xml:lang="en">{"id": "1c68255c-3541-4a30-8108-b0f7a1219a13", "value": "Strategic Environment"}</skos:prefLabel>
    <dcterms:identifier xml:lang="en">{"id": "f2fd5e34-094b-48af-9d8e-57455294d185", "value": "http://www.archesproject.org/28f2728b-b699-4ef3-8276-8ec9330bfd83"}</dcterms:identifier>
  </skos:Concept>
  <skos:Concept rdf:about="http://localhost:8000/6a660ab3-c3cc-46d5-85f9-5ed7362c10c6">
    <dcterms:identifier xml:lang="en">{"id": "fb2e87a9-2bc7-487d-9cb9-60242a189ec6", "value": "http://www.archesproject.org/6a660ab3-c3cc-46d5-85f9-5ed7362c10c6"}</dcterms:identifier>
    <skos:inScheme rdf:resource="http://localhost:8000/461be007-032f-400d-a275-23612396fb07"/>
    <skos:prefLabel xml:lang="en-us">{"id": "2fcd38b1-30d1-4475-997b-d2860e4bb11e", "value": "River Infrastructure Works"}</skos:prefLabel>
  </skos:Concept>
  <skos:Concept rdf:about="http://localhost:8000/da31c9c6-921e-405c-bdc7-d56c813ee37b">
    <skos:inScheme rdf:resource="http://localhost:8000/461be007-032f-400d-a275-23612396fb07"/>
    <dcterms:identifier xml:lang="en">{"id": "470a5d72-fd5b-48ec-9965-99ca8ca718c6", "value": "http://www.archesproject.org/da31c9c6-921e-405c-bdc7-d56c813ee37b"}</dcterms:identifier>
    <skos:prefLabel xml:lang="en">{"id": "fcaf0012-fdee-445a-9f23-cfd38d815ac5", "value": "Waste management plan"}</skos:prefLabel>
  </skos:Concept>
  <skos:Concept rdf:about="http://localhost:8000/b3f4287d-3d10-4955-a1c7-c5dc26eb0751">
    <skos:inScheme rdf:resource="http://localhost:8000/461be007-032f-400d-a275-23612396fb07"/>
    <skos:prefLabel xml:lang="en">{"id": "84d863d3-7bbc-493a-b567-de3ce1aef4ef", "value": "Public Buildings"}</skos:prefLabel>
    <skos:scopeNote xml:lang="en">{"id": "2024b524-832d-45f3-9db5-92adc313f52b", "value": "Development relating civic and municipal buildings."}</skos:scopeNote>
    <dcterms:identifier xml:lang="en">{"id": "46734655-2554-4531-a04e-7b016deba5b8", "value": "http://www.archesproject.org/b3f4287d-3d10-4955-a1c7-c5dc26eb0751"}</dcterms:identifier>
  </skos:Concept>
  <skos:Concept rdf:about="http://localhost:8000/dafdd5a5-8614-4543-801e-ae0796634749">
    <skos:prefLabel xml:lang="en">{"id": "a663034c-7292-40fc-83c4-427b9fdd0bf3", "value": "Miscellaneous"}</skos:prefLabel>
    <skos:inScheme rdf:resource="http://localhost:8000/461be007-032f-400d-a275-23612396fb07"/>
    <dcterms:identifier xml:lang="en">{"id": "727159dc-e687-4163-886a-2b9519d94f33", "value": "http://www.archesproject.org/dafdd5a5-8614-4543-801e-ae0796634749"}</dcterms:identifier>
  </skos:Concept>
  <skos:Concept rdf:about="http://localhost:8000/03233e10-7358-4562-8e8a-a92b01fe8f6e">
    <skos:inScheme rdf:resource="http://localhost:8000/461be007-032f-400d-a275-23612396fb07"/>
    <dcterms:identifier xml:lang="en">{"id": "775fe8fd-4013-4d3b-af2a-4c462d899050", "value": "http://www.archesproject.org/03233e10-7358-4562-8e8a-a92b01fe8f6e"}</dcterms:identifier>
    <skos:prefLabel xml:lang="en">{"id": "f6f999ca-bc4c-4707-9fe7-426186bd5c4d", "value": "Landfill"}</skos:prefLabel>
    <skos:scopeNote xml:lang="en">{"id": "d12b071a-330a-431f-99fc-14a1333376a2", "value": "Use of a quarry or other area as a dumping ground for domestic or other waste."}</skos:scopeNote>
  </skos:Concept>
  <skos:Concept rdf:about="http://localhost:8000/4d967fd4-7fb8-48f6-b535-4114870b193f">
    <skos:scopeNote xml:lang="en">{"id": "228c0e20-1444-4acb-95fd-ca1f05216440", "value": "Development related to schools, colleges and universities."}</skos:scopeNote>
    <skos:prefLabel xml:lang="en">{"id": "fabcae6f-c3c6-4df9-a07d-2ceb15a3819d", "value": "Education"}</skos:prefLabel>
    <dcterms:identifier xml:lang="en">{"id": "0eb50fa4-58db-4e43-9001-10ea3f79c426", "value": "http://www.archesproject.org/4d967fd4-7fb8-48f6-b535-4114870b193f"}</dcterms:identifier>
    <skos:inScheme rdf:resource="http://localhost:8000/461be007-032f-400d-a275-23612396fb07"/>
  </skos:Concept>
</rdf:RDF>
