<?xml version="1.0" encoding="utf-8"?>
<rdf:RDF
  xmlns:skos="http://www.w3.org/2004/02/skos/core#"
  xmlns:dcterms="http://purl.org/dc/terms/"
  xmlns:rdf="http://www.w3.org/1999/02/22-rdf-syntax-ns#"
>
  <skos:Concept rdf:about="http://localhost:8000/f03c37b7-4b7c-4dc7-b98a-a7cfd9b51b90">
    <skos:prefLabel xml:lang="en">{"id": "f75d8d9f-a668-4ec5-8960-90de7145507a", "value": "Breadth"}</skos:prefLabel>
    <skos:inScheme>
      <skos:ConceptScheme rdf:about="http://localhost:8000/a36a2686-a809-4195-9c5d-b578a1a51508">
        <skos:hasTopConcept rdf:resource="http://localhost:8000/4f55d88c-56e2-4d4d-9537-bd5c619ff75a"/>
        <dcterms:title xml:lang="en">{"id": "d134c897-77fb-4642-8a9b-d1fc8559615a", "value": "Dimension Type"}</dcterms:title>
        <skos:hasTopConcept rdf:resource="http://localhost:8000/f03c37b7-4b7c-4dc7-b98a-a7cfd9b51b90"/>
        <skos:hasTopConcept rdf:resource="http://localhost:8000/80b3bfac-2e97-49fa-84d4-f49b0dc8194c"/>
        <skos:hasTopConcept rdf:resource="http://localhost:8000/c4093c44-a52b-4481-8788-e56662889637"/>
        <skos:hasTopConcept rdf:resource="http://localhost:8000/7fd23678-b31f-4461-aa2f-96bba1aaf63a"/>
        <dcterms:identifier xml:lang="en">{"id": "10b106eb-c514-4ea1-9ab3-065b10751a68", "value": "http://localhost:8000/a36a2686-a809-4195-9c5d-b578a1a51508"}</dcterms:identifier>
        <skos:hasTopConcept rdf:resource="http://localhost:8000/64be1319-a857-4cb0-ae67-5f604d999c44"/>
        <skos:hasTopConcept rdf:resource="http://localhost:8000/c51a00e2-be83-4cc6-a3dc-915be5bcd548"/>
        <skos:hasTopConcept rdf:resource="http://localhost:8000/935ed6e8-2b6e-4c10-a2d2-860a8c8d1881"/>
      </skos:ConceptScheme>
    </skos:inScheme>
    <dcterms:identifier xml:lang="en">{"id": "6cb3fc76-fb9e-494f-87e7-6a55a8030707", "value": "http://localhost:8000/f03c37b7-4b7c-4dc7-b98a-a7cfd9b51b90"}</dcterms:identifier>
  </skos:Concept>
  <skos:Concept rdf:about="http://localhost:8000/64be1319-a857-4cb0-ae67-5f604d999c44">
    <skos:prefLabel xml:lang="en">{"id": "443b96a5-b81f-4624-bc85-13012592354e", "value": "Volume"}</skos:prefLabel>
    <dcterms:identifier xml:lang="en">{"id": "443bd2fb-1636-48d7-acab-efaa5642b7d2", "value": "http://localhost:8000/64be1319-a857-4cb0-ae67-5f604d999c44"}</dcterms:identifier>
    <skos:inScheme rdf:resource="http://localhost:8000/a36a2686-a809-4195-9c5d-b578a1a51508"/>
  </skos:Concept>
  <skos:Concept rdf:about="http://localhost:8000/7fd23678-b31f-4461-aa2f-96bba1aaf63a">
    <skos:inScheme rdf:resource="http://localhost:8000/a36a2686-a809-4195-9c5d-b578a1a51508"/>
    <skos:prefLabel xml:lang="en">{"id": "963dd135-2b26-4b46-88f6-ad1467919ab8", "value": "Weight"}</skos:prefLabel>
    <dcterms:identifier xml:lang="en">{"id": "1ff4245e-ce27-4004-9117-f334eb8477ad", "value": "http://localhost:8000/7fd23678-b31f-4461-aa2f-96bba1aaf63a"}</dcterms:identifier>
  </skos:Concept>
  <skos:Concept rdf:about="http://localhost:8000/c51a00e2-be83-4cc6-a3dc-915be5bcd548">
    <dcterms:identifier xml:lang="en">{"id": "8d308ece-7a66-453b-a67d-980aeb4e7752", "value": "http://localhost:8000/c51a00e2-be83-4cc6-a3dc-915be5bcd548"}</dcterms:identifier>
    <skos:inScheme rdf:resource="http://localhost:8000/a36a2686-a809-4195-9c5d-b578a1a51508"/>
    <skos:prefLabel xml:lang="en">{"id": "72c89b81-7987-487b-89e4-9acdb0552542", "value": "Height"}</skos:prefLabel>
  </skos:Concept>
  <skos:Concept rdf:about="http://localhost:8000/c4093c44-a52b-4481-8788-e56662889637">
    <dcterms:identifier xml:lang="en">{"id": "2cae480a-abef-4b0c-bef1-240001df6cc8", "value": "http://localhost:8000/c4093c44-a52b-4481-8788-e56662889637"}</dcterms:identifier>
    <skos:prefLabel xml:lang="en">{"id": "afc4573d-4cd2-4541-b408-af38348826bf", "value": "Length"}</skos:prefLabel>
    <skos:inScheme rdf:resource="http://localhost:8000/a36a2686-a809-4195-9c5d-b578a1a51508"/>
  </skos:Concept>
  <skos:Concept rdf:about="http://localhost:8000/80b3bfac-2e97-49fa-84d4-f49b0dc8194c">
    <skos:inScheme rdf:resource="http://localhost:8000/a36a2686-a809-4195-9c5d-b578a1a51508"/>
    <skos:prefLabel xml:lang="en">{"id": "75748511-29c9-41d2-87a8-7b23048b7ca2", "value": "Depth"}</skos:prefLabel>
    <dcterms:identifier xml:lang="en">{"id": "55973635-4f31-4f0a-80f5-897be4ffc6bb", "value": "http://localhost:8000/80b3bfac-2e97-49fa-84d4-f49b0dc8194c"}</dcterms:identifier>
  </skos:Concept>
  <skos:Concept rdf:about="http://localhost:8000/4f55d88c-56e2-4d4d-9537-bd5c619ff75a">
    <skos:inScheme rdf:resource="http://localhost:8000/a36a2686-a809-4195-9c5d-b578a1a51508"/>
    <dcterms:identifier xml:lang="en">{"id": "4d26e54e-2b18-4c61-9458-bcb7ee563e08", "value": "http://localhost:8000/4f55d88c-56e2-4d4d-9537-bd5c619ff75a"}</dcterms:identifier>
    <skos:prefLabel xml:lang="en">{"id": "167a31ad-add3-4ee3-b674-3a975b9a14ba", "value": "Tonnage"}</skos:prefLabel>
  </skos:Concept>
  <skos:Concept rdf:about="http://localhost:8000/935ed6e8-2b6e-4c10-a2d2-860a8c8d1881">
    <dcterms:identifier xml:lang="en">{"id": "2c38d66e-e5e3-4877-89ce-6141b52ed6f5", "value": "http://localhost:8000/935ed6e8-2b6e-4c10-a2d2-860a8c8d1881"}</dcterms:identifier>
    <skos:prefLabel xml:lang="en">{"id": "58f17757-4aa5-491b-b070-9271d37c3a63", "value": "Quantity"}</skos:prefLabel>
    <skos:inScheme rdf:resource="http://localhost:8000/a36a2686-a809-4195-9c5d-b578a1a51508"/>
  </skos:Concept>
</rdf:RDF>
