<?xml version="1.0" encoding="utf-8"?>
<rdf:RDF
  xmlns:skos="http://www.w3.org/2004/02/skos/core#"
  xmlns:dcterms="http://purl.org/dc/terms/"
  xmlns:rdf="http://www.w3.org/1999/02/22-rdf-syntax-ns#"
>
  <skos:Concept rdf:about="http://localhost:8000/d0e39ff0-17b5-4445-b2ac-ad0f14885537">
    <skos:inScheme>
      <skos:ConceptScheme rdf:about="http://localhost:8000/9122b57c-2ee4-4dd9-8c98-ef6013d3d4cb">
        <dcterms:title xml:lang="en">{"id": "7be0d25d-31ef-449b-9387-4313bc448e26", "value": "Discovery Method"}</dcterms:title>
        <skos:hasTopConcept rdf:resource="http://localhost:8000/513405a4-f4de-4d5b-8282-fee4a00a905e"/>
        <skos:hasTopConcept rdf:resource="http://localhost:8000/7928d3cb-a1f6-4140-81fb-3ec1e5479364"/>
        <skos:hasTopConcept rdf:resource="http://localhost:8000/d0e39ff0-17b5-4445-b2ac-ad0f14885537"/>
        <dcterms:identifier xml:lang="en">{"id": "2a45c9c2-c587-4048-b512-7c58c9b33b51", "value": "http://localhost:8000/9122b57c-2ee4-4dd9-8c98-ef6013d3d4cb"}</dcterms:identifier>
      </skos:ConceptScheme>
    </skos:inScheme>
    <skos:prefLabel xml:lang="en">{"id": "405bd110-30ae-4459-b192-ada0897ae60d", "value": "Metal Detecting"}</skos:prefLabel>
    <dcterms:identifier xml:lang="en">{"id": "772032fc-a34c-454d-a1ac-37f0f2d53ee5", "value": "http://localhost:8000/d0e39ff0-17b5-4445-b2ac-ad0f14885537"}</dcterms:identifier>
  </skos:Concept>
  <skos:Concept rdf:about="http://localhost:8000/513405a4-f4de-4d5b-8282-fee4a00a905e">
    <dcterms:identifier xml:lang="en">{"id": "e7d02d44-520e-4485-a328-7ad30858a90d", "value": "http://localhost:8000/513405a4-f4de-4d5b-8282-fee4a00a905e"}</dcterms:identifier>
    <skos:prefLabel xml:lang="en">{"id": "73dc0a1d-1c79-40be-a7d6-e676c9d822a1", "value": "Archaeological Intervention"}</skos:prefLabel>
    <skos:inScheme rdf:resource="http://localhost:8000/9122b57c-2ee4-4dd9-8c98-ef6013d3d4cb"/>
  </skos:Concept>
  <skos:Concept rdf:about="http://localhost:8000/7928d3cb-a1f6-4140-81fb-3ec1e5479364">
    <skos:prefLabel xml:lang="en">{"id": "5204dd4b-ad45-48f7-8e65-353b7df797b5", "value": "Chance discovery"}</skos:prefLabel>
    <skos:inScheme rdf:resource="http://localhost:8000/9122b57c-2ee4-4dd9-8c98-ef6013d3d4cb"/>
    <dcterms:identifier xml:lang="en">{"id": "a9f37aee-4523-49aa-b8aa-94e057fa0b94", "value": "http://localhost:8000/7928d3cb-a1f6-4140-81fb-3ec1e5479364"}</dcterms:identifier>
  </skos:Concept>
</rdf:RDF>
