<?xml version="1.0" encoding="utf-8"?>
<rdf:RDF
  xmlns:skos="http://www.w3.org/2004/02/skos/core#"
  xmlns:dcterms="http://purl.org/dc/terms/"
  xmlns:rdf="http://www.w3.org/1999/02/22-rdf-syntax-ns#"
>
  <skos:Concept rdf:about="http://localhost:8000/fe1c249d-39ac-4279-b8b3-7cc23c50663c">
    <dcterms:identifier xml:lang="en">{"id": "37acfda5-2ab2-44fb-9550-312c4cedde77", "value": "http://localhost:8000/fe1c249d-39ac-4279-b8b3-7cc23c50663c"}</dcterms:identifier>
    <skos:inScheme>
      <skos:ConceptScheme rdf:about="http://localhost:8000/fc965ea6-dfa9-4400-9f50-ee1eaa67ed96">
        <skos:hasTopConcept rdf:resource="http://localhost:8000/3a7e2b59-19b2-4fd6-827c-9dee41dbdbf1"/>
        <skos:hasTopConcept rdf:resource="http://localhost:8000/0d0a3f01-e8b2-4cee-81f5-fbad69cc8fee"/>
        <skos:hasTopConcept rdf:resource="http://localhost:8000/64c64e8b-5831-4f0f-80ef-bc2402eb6b9e"/>
        <skos:hasTopConcept rdf:resource="http://localhost:8000/3a1f3d58-024b-4f6b-8dcf-de9fdea9e02f"/>
        <dcterms:title xml:lang="en">{"id": "0a85063a-9a55-43b0-89ba-ca0390415628", "value": "File Format Type"}</dcterms:title>
        <dcterms:identifier xml:lang="en">{"id": "d417d72a-ed0e-486d-9c7b-b89bd2557e09", "value": "http://localhost:8000/fc965ea6-dfa9-4400-9f50-ee1eaa67ed96"}</dcterms:identifier>
        <skos:hasTopConcept rdf:resource="http://localhost:8000/8bce5f45-24ed-4c7c-b1fc-efdd196ab035"/>
        <skos:hasTopConcept rdf:resource="http://localhost:8000/1851b7d0-f3d0-4daf-80bc-e28d9116f149"/>
        <skos:hasTopConcept rdf:resource="http://localhost:8000/fe1c249d-39ac-4279-b8b3-7cc23c50663c"/>
        <skos:hasTopConcept rdf:resource="http://localhost:8000/1b22eba4-0355-474e-b363-10cd5f068758"/>
        <skos:hasTopConcept rdf:resource="http://localhost:8000/b06e4d1b-717b-44a8-8a3d-acb27abf3824"/>
        <skos:hasTopConcept rdf:resource="http://localhost:8000/37b7cdc5-9f8a-4a49-afa0-7f5de02a0830"/>
        <skos:hasTopConcept rdf:resource="http://localhost:8000/40da0b6a-3919-4ed1-a981-1a5098dcc10a"/>
      </skos:ConceptScheme>
    </skos:inScheme>
    <skos:prefLabel xml:lang="en">{"id": "dc485ed6-c1e7-475a-9c43-636b42808998", "value": "gif"}</skos:prefLabel>
  </skos:Concept>
  <skos:Concept rdf:about="http://localhost:8000/40da0b6a-3919-4ed1-a981-1a5098dcc10a">
    <skos:inScheme rdf:resource="http://localhost:8000/fc965ea6-dfa9-4400-9f50-ee1eaa67ed96"/>
    <dcterms:identifier xml:lang="en">{"id": "63a2f545-7c1e-4843-9610-e0fe4803e653", "value": "http://localhost:8000/40da0b6a-3919-4ed1-a981-1a5098dcc10a"}</dcterms:identifier>
    <skos:prefLabel xml:lang="en">{"id": "766c28fd-86e2-496f-8565-2ca0f38b8e05", "value": "ppt"}</skos:prefLabel>
  </skos:Concept>
  <skos:Concept rdf:about="http://localhost:8000/37b7cdc5-9f8a-4a49-afa0-7f5de02a0830">
    <dcterms:identifier xml:lang="en">{"id": "e45fa25a-d4b8-4ed5-9f5b-70b406b7707f", "value": "http://localhost:8000/37b7cdc5-9f8a-4a49-afa0-7f5de02a0830"}</dcterms:identifier>
    <skos:inScheme rdf:resource="http://localhost:8000/fc965ea6-dfa9-4400-9f50-ee1eaa67ed96"/>
    <skos:prefLabel xml:lang="en">{"id": "56be85bf-48af-4450-a2f3-62ebffa34a90", "value": "xls"}</skos:prefLabel>
  </skos:Concept>
  <skos:Concept rdf:about="http://localhost:8000/3a1f3d58-024b-4f6b-8dcf-de9fdea9e02f">
    <dcterms:identifier xml:lang="en">{"id": "6fc9d8eb-9064-47a3-a924-8b65c2cd493f", "value": "http://localhost:8000/3a1f3d58-024b-4f6b-8dcf-de9fdea9e02f"}</dcterms:identifier>
    <skos:inScheme rdf:resource="http://localhost:8000/fc965ea6-dfa9-4400-9f50-ee1eaa67ed96"/>
    <skos:prefLabel xml:lang="en">{"id": "36aac070-cd1f-4e0a-8cbb-b38a7e0aa687", "value": "docx"}</skos:prefLabel>
  </skos:Concept>
  <skos:Concept rdf:about="http://localhost:8000/1b22eba4-0355-474e-b363-10cd5f068758">
    <skos:inScheme rdf:resource="http://localhost:8000/fc965ea6-dfa9-4400-9f50-ee1eaa67ed96"/>
    <skos:prefLabel xml:lang="en">{"id": "5c3496d9-90dd-4e28-bf1d-e02a132a36db", "value": "pptx"}</skos:prefLabel>
    <dcterms:identifier xml:lang="en">{"id": "9aad5fc4-c111-4ff8-bb45-50fd45bffa43", "value": "http://localhost:8000/1b22eba4-0355-474e-b363-10cd5f068758"}</dcterms:identifier>
  </skos:Concept>
  <skos:Concept rdf:about="http://localhost:8000/0d0a3f01-e8b2-4cee-81f5-fbad69cc8fee">
    <dcterms:identifier xml:lang="en">{"id": "4d1b5354-9acd-48a9-b9f1-c52fbcc677b7", "value": "http://localhost:8000/0d0a3f01-e8b2-4cee-81f5-fbad69cc8fee"}</dcterms:identifier>
    <skos:inScheme rdf:resource="http://localhost:8000/fc965ea6-dfa9-4400-9f50-ee1eaa67ed96"/>
    <skos:prefLabel xml:lang="en">{"id": "78c925ca-7852-40da-903b-3e2b72ce3068", "value": "tiff"}</skos:prefLabel>
  </skos:Concept>
  <skos:Concept rdf:about="http://localhost:8000/64c64e8b-5831-4f0f-80ef-bc2402eb6b9e">
    <skos:inScheme rdf:resource="http://localhost:8000/fc965ea6-dfa9-4400-9f50-ee1eaa67ed96"/>
    <dcterms:identifier xml:lang="en">{"id": "d4b131cb-7c4f-4160-87d7-da647703f5e4", "value": "http://localhost:8000/64c64e8b-5831-4f0f-80ef-bc2402eb6b9e"}</dcterms:identifier>
    <skos:prefLabel xml:lang="en">{"id": "a1d966ca-8b3e-4334-8575-823270b070ef", "value": "xlsx"}</skos:prefLabel>
  </skos:Concept>
  <skos:Concept rdf:about="http://localhost:8000/8bce5f45-24ed-4c7c-b1fc-efdd196ab035">
    <skos:prefLabel xml:lang="en">{"id": "e2d106e2-fe77-419d-a9a5-638160f169b0", "value": "pdf"}</skos:prefLabel>
    <skos:inScheme rdf:resource="http://localhost:8000/fc965ea6-dfa9-4400-9f50-ee1eaa67ed96"/>
    <dcterms:identifier xml:lang="en">{"id": "9b9c9af3-9267-47db-bf74-2fb47c13e439", "value": "http://localhost:8000/8bce5f45-24ed-4c7c-b1fc-efdd196ab035"}</dcterms:identifier>
  </skos:Concept>
  <skos:Concept rdf:about="http://localhost:8000/1851b7d0-f3d0-4daf-80bc-e28d9116f149">
    <skos:inScheme rdf:resource="http://localhost:8000/fc965ea6-dfa9-4400-9f50-ee1eaa67ed96"/>
    <dcterms:identifier xml:lang="en">{"id": "683ee7e1-1e30-479a-86ee-21839a755158", "value": "http://localhost:8000/1851b7d0-f3d0-4daf-80bc-e28d9116f149"}</dcterms:identifier>
    <skos:prefLabel xml:lang="en">{"id": "1617812a-dbfd-4168-8cd1-371d69d833ae", "value": "jpg"}</skos:prefLabel>
  </skos:Concept>
  <skos:Concept rdf:about="http://localhost:8000/3a7e2b59-19b2-4fd6-827c-9dee41dbdbf1">
    <skos:prefLabel xml:lang="en">{"id": "2a8e4acc-8e50-4c7b-9449-fe1e9e083011", "value": "doc"}</skos:prefLabel>
    <dcterms:identifier xml:lang="en">{"id": "c64f0c0f-d8cc-4fa7-9bad-31817a0ab8d5", "value": "http://localhost:8000/3a7e2b59-19b2-4fd6-827c-9dee41dbdbf1"}</dcterms:identifier>
    <skos:inScheme rdf:resource="http://localhost:8000/fc965ea6-dfa9-4400-9f50-ee1eaa67ed96"/>
  </skos:Concept>
  <skos:Concept rdf:about="http://localhost:8000/b06e4d1b-717b-44a8-8a3d-acb27abf3824">
    <skos:prefLabel xml:lang="en">{"id": "a6e21ece-e18a-4ed2-8b4c-80aa620f1838", "value": "jpeg"}</skos:prefLabel>
    <skos:inScheme rdf:resource="http://localhost:8000/fc965ea6-dfa9-4400-9f50-ee1eaa67ed96"/>
    <dcterms:identifier xml:lang="en">{"id": "a642c509-4220-4458-9791-04e99c6a98f6", "value": "http://localhost:8000/b06e4d1b-717b-44a8-8a3d-acb27abf3824"}</dcterms:identifier>
  </skos:Concept>
</rdf:RDF>
