<?xml version="1.0" encoding="utf-8"?>
<rdf:RDF
  xmlns:skos="http://www.w3.org/2004/02/skos/core#"
  xmlns:rdf="http://www.w3.org/1999/02/22-rdf-syntax-ns#"
  xmlns:dcterms="http://purl.org/dc/terms/"
>
  <skos:Concept rdf:about="http://localhost:8000/fcd87d2a-55bb-4ceb-8ab5-e2a5b6a4c300">
    <skos:inScheme>
      <skos:ConceptScheme rdf:about="http://localhost:8000/9cc44d59-f0e7-43ea-a1f2-4f29fed16776">
        <skos:hasTopConcept rdf:resource="http://localhost:8000/f614c58f-4e3b-4047-bbea-c431f45f374a"/>
        <skos:hasTopConcept rdf:resource="http://localhost:8000/666a16cf-cbe1-4072-8073-1e8ce6137747"/>
        <skos:hasTopConcept rdf:resource="http://localhost:8000/5e7f846f-e95e-4da0-a3bd-4c932732b961"/>
        <dcterms:title xml:lang="en">{"id": "b272da1a-ff01-47e8-9821-2746ad3774b1", "value": "File Type"}</dcterms:title>
        <skos:hasTopConcept rdf:resource="http://localhost:8000/201a8cd0-168e-4bc1-945e-4bffde48ca5f"/>
        <skos:hasTopConcept rdf:resource="http://localhost:8000/cc168dc2-e732-4d34-969b-8fb84cfcc560"/>
        <skos:hasTopConcept rdf:resource="http://localhost:8000/ccecac98-973f-4478-9e01-a4fc212da770"/>
        <skos:hasTopConcept rdf:resource="http://localhost:8000/fcd87d2a-55bb-4ceb-8ab5-e2a5b6a4c300"/>
        <skos:hasTopConcept rdf:resource="http://localhost:8000/6847eba4-a695-40ac-86b2-df6a1067cd1e"/>
        <dcterms:identifier xml:lang="en">{"id": "3ddc4410-6b00-41d0-84f5-3ecf152804fd", "value": "http://localhost:8000/9cc44d59-f0e7-43ea-a1f2-4f29fed16776"}</dcterms:identifier>
        <skos:hasTopConcept rdf:resource="http://localhost:8000/90170f45-b5bd-4124-b774-694db63c15a5"/>
      </skos:ConceptScheme>
    </skos:inScheme>
    <skos:prefLabel xml:lang="en">{"id": "69bf53f1-05a9-450e-894b-c43fcf5522a2", "value": "Image"}</skos:prefLabel>
    <dcterms:identifier xml:lang="en">{"id": "89e5fe00-9392-4ef7-821a-4ebb44bfaaff", "value": "http://localhost:8000/fcd87d2a-55bb-4ceb-8ab5-e2a5b6a4c300"}</dcterms:identifier>
  </skos:Concept>
  <skos:Concept rdf:about="http://localhost:8000/cc168dc2-e732-4d34-969b-8fb84cfcc560">
    <skos:narrower>
      <skos:Concept rdf:about="http://localhost:8000/30e6392e-2486-45f0-9790-6b6d52734b42">
        <skos:prefLabel xml:lang="en">{"id": "ee3c77c7-73f2-4a2d-8ddc-8ecd4d143c2a", "value": "Scanned Book Extract"}</skos:prefLabel>
        <skos:inScheme rdf:resource="http://localhost:8000/9cc44d59-f0e7-43ea-a1f2-4f29fed16776"/>
        <dcterms:identifier xml:lang="en">{"id": "0738475c-8785-439a-bc19-b3e732f7c9e3", "value": "http://localhost:8000/30e6392e-2486-45f0-9790-6b6d52734b42"}</dcterms:identifier>
      </skos:Concept>
    </skos:narrower>
    <skos:narrower>
      <skos:Concept rdf:about="http://localhost:8000/c5c328d5-ec74-43ee-a324-567900319993">
        <skos:inScheme rdf:resource="http://localhost:8000/9cc44d59-f0e7-43ea-a1f2-4f29fed16776"/>
        <skos:prefLabel xml:lang="en">{"id": "5ac6fec1-f3f0-4eac-bc7d-88ab78433665", "value": "Scanned Article"}</skos:prefLabel>
        <dcterms:identifier xml:lang="en">{"id": "1e450b11-96c5-4496-8e24-ca41db027cba", "value": "http://localhost:8000/c5c328d5-ec74-43ee-a324-567900319993"}</dcterms:identifier>
      </skos:Concept>
    </skos:narrower>
    <skos:inScheme rdf:resource="http://localhost:8000/9cc44d59-f0e7-43ea-a1f2-4f29fed16776"/>
    <dcterms:identifier xml:lang="en">{"id": "a1bbb697-e64d-4326-bb25-e03f5783e667", "value": "http://localhost:8000/cc168dc2-e732-4d34-969b-8fb84cfcc560"}</dcterms:identifier>
    <skos:prefLabel xml:lang="en">{"id": "35c425b7-98e0-4a5a-beb8-9e43f93235d0", "value": "Offprint"}</skos:prefLabel>
  </skos:Concept>
  <skos:Concept rdf:about="http://localhost:8000/ccecac98-973f-4478-9e01-a4fc212da770">
    <skos:prefLabel xml:lang="en">{"id": "59310e65-b828-4972-aa2c-a8a940a5b984", "value": "CAD Drawing"}</skos:prefLabel>
    <skos:inScheme rdf:resource="http://localhost:8000/9cc44d59-f0e7-43ea-a1f2-4f29fed16776"/>
    <dcterms:identifier xml:lang="en">{"id": "28f0540c-4eeb-4e1c-b871-76f3f43092cf", "value": "http://localhost:8000/ccecac98-973f-4478-9e01-a4fc212da770"}</dcterms:identifier>
  </skos:Concept>
  <skos:Concept rdf:about="http://localhost:8000/666a16cf-cbe1-4072-8073-1e8ce6137747">
    <skos:inScheme rdf:resource="http://localhost:8000/9cc44d59-f0e7-43ea-a1f2-4f29fed16776"/>
    <dcterms:identifier xml:lang="en">{"id": "e1579796-e8a6-4419-915a-2d01ef15dda7", "value": "http://localhost:8000/666a16cf-cbe1-4072-8073-1e8ce6137747"}</dcterms:identifier>
    <skos:prefLabel xml:lang="en">{"id": "ace45740-ef28-42ef-b491-07f0b289c5d1", "value": "3D Scan"}</skos:prefLabel>
  </skos:Concept>
  <skos:Concept rdf:about="http://localhost:8000/6847eba4-a695-40ac-86b2-df6a1067cd1e">
    <dcterms:identifier xml:lang="en">{"id": "8ede2ccf-c60f-42be-a0c2-22e62c0bc737", "value": "http://localhost:8000/6847eba4-a695-40ac-86b2-df6a1067cd1e"}</dcterms:identifier>
    <skos:inScheme rdf:resource="http://localhost:8000/9cc44d59-f0e7-43ea-a1f2-4f29fed16776"/>
    <skos:prefLabel xml:lang="en">{"id": "7cfc8fae-e5b1-4698-ab46-041c981b0ac6", "value": "Presentation"}</skos:prefLabel>
  </skos:Concept>
  <skos:Concept rdf:about="http://localhost:8000/201a8cd0-168e-4bc1-945e-4bffde48ca5f">
    <skos:prefLabel xml:lang="en">{"id": "9e45ed3e-31d4-4667-9a6f-85a4eeafd63e", "value": "Report"}</skos:prefLabel>
    <dcterms:identifier xml:lang="en">{"id": "e4906cee-0a56-48ac-9573-1f0400d99154", "value": "http://localhost:8000/201a8cd0-168e-4bc1-945e-4bffde48ca5f"}</dcterms:identifier>
    <skos:inScheme rdf:resource="http://localhost:8000/9cc44d59-f0e7-43ea-a1f2-4f29fed16776"/>
  </skos:Concept>
  <skos:Concept rdf:about="http://localhost:8000/90170f45-b5bd-4124-b774-694db63c15a5">
    <dcterms:identifier xml:lang="en">{"id": "8e05bfe1-8018-4e50-99f0-9b085b25e5bd", "value": "http://localhost:8000/90170f45-b5bd-4124-b774-694db63c15a5"}</dcterms:identifier>
    <skos:prefLabel xml:lang="en">{"id": "dd0b5e03-845e-4670-86a5-2002bbd29167", "value": "Letter"}</skos:prefLabel>
    <skos:inScheme rdf:resource="http://localhost:8000/9cc44d59-f0e7-43ea-a1f2-4f29fed16776"/>
  </skos:Concept>
  <skos:Concept rdf:about="http://localhost:8000/5e7f846f-e95e-4da0-a3bd-4c932732b961">
    <skos:prefLabel xml:lang="en">{"id": "31e698cd-67cd-44e5-aa3b-530cd8c750c9", "value": "Spreadsheet"}</skos:prefLabel>
    <skos:inScheme rdf:resource="http://localhost:8000/9cc44d59-f0e7-43ea-a1f2-4f29fed16776"/>
    <dcterms:identifier xml:lang="en">{"id": "3b45566a-474b-4638-918c-0210945436f1", "value": "http://localhost:8000/5e7f846f-e95e-4da0-a3bd-4c932732b961"}</dcterms:identifier>
  </skos:Concept>
  <skos:Concept rdf:about="http://localhost:8000/f614c58f-4e3b-4047-bbea-c431f45f374a">
    <dcterms:identifier xml:lang="en">{"id": "6570a930-a0ee-43c1-837c-8a7a69ed77e5", "value": "http://localhost:8000/f614c58f-4e3b-4047-bbea-c431f45f374a"}</dcterms:identifier>
    <skos:inScheme rdf:resource="http://localhost:8000/9cc44d59-f0e7-43ea-a1f2-4f29fed16776"/>
    <skos:prefLabel xml:lang="en">{"id": "bc857fea-8fa6-4032-92bd-8f9a5294b67d", "value": "Database"}</skos:prefLabel>
  </skos:Concept>
</rdf:RDF>
