<?xml version="1.0" encoding="utf-8"?>
<rdf:RDF
  xmlns:skos="http://www.w3.org/2004/02/skos/core#"
  xmlns:dcterms="http://purl.org/dc/terms/"
  xmlns:rdf="http://www.w3.org/1999/02/22-rdf-syntax-ns#"
>
  <skos:Concept rdf:about="http://localhost:8000/4466734b-069b-34d0-a426-b082556e3990">
    <dcterms:identifier xml:lang="en">{"id": "92f9076f-3c0a-4a85-b49d-8e9c950a89f6", "value": "http://purl.org/heritagedata/schemes/80/concepts/123813"}</dcterms:identifier>
    <skos:narrower>
      <skos:Concept rdf:about="http://localhost:8000/5ee26bac-d5eb-34b9-8b05-df36095ad7a0">
        <dcterms:identifier xml:lang="en">{"id": "683c8cf3-f87b-4122-bc21-1f29a67a3fef", "value": "http://purl.org/heritagedata/schemes/80/concepts/123806"}</dcterms:identifier>
        <skos:prefLabel xml:lang="en">{"id": "8eedef3a-daf4-401f-af0c-e1c2227c5bc3", "value": "Scottish"}</skos:prefLabel>
        <skos:inScheme rdf:resource="http://localhost:8000/5986bf4b-2407-3b5f-8c66-b0147e85663b"/>
        <skos:scopeNote xml:lang="en">{"id": "544b4d06-24bd-40ec-9a2c-e92e1accf6f2", "value": "Use for vessels registered in Scotland."}</skos:scopeNote>
      </skos:Concept>
    </skos:narrower>
    <skos:narrower>
      <skos:Concept rdf:about="http://localhost:8000/f8510bca-02de-3c3b-a32f-62e0c6619286">
        <skos:inScheme rdf:resource="http://localhost:8000/5986bf4b-2407-3b5f-8c66-b0147e85663b"/>
        <skos:prefLabel xml:lang="en">{"id": "1e146880-472d-4ff0-a241-61ffc8a0115a", "value": "Welsh"}</skos:prefLabel>
        <dcterms:identifier xml:lang="en">{"id": "91ffb10d-72e8-4bdd-af68-bb04213827b1", "value": "http://purl.org/heritagedata/schemes/80/concepts/86279"}</dcterms:identifier>
        <skos:scopeNote xml:lang="en">{"id": "bdea4ff4-eec4-4947-b150-1e1b2d1fb084", "value": "Use for vessels registered in Wales."}</skos:scopeNote>
      </skos:Concept>
    </skos:narrower>
    <skos:narrower>
      <skos:Concept rdf:about="http://localhost:8000/8b1103a5-bbb3-3812-9353-86a9c03e0f54">
        <skos:prefLabel xml:lang="en">{"id": "a03740c8-f54c-4013-b235-35b929778855", "value": "Northern Irish"}</skos:prefLabel>
        <skos:scopeNote xml:lang="en">{"id": "96f8d4b9-4ded-4301-a372-fa6be174e142", "value": "Use for vessels registered in Northern Ireland."}</skos:scopeNote>
        <skos:inScheme rdf:resource="http://localhost:8000/5986bf4b-2407-3b5f-8c66-b0147e85663b"/>
        <dcterms:identifier xml:lang="en">{"id": "bbff9c52-1737-46fd-a968-7ec3736fed54", "value": "http://purl.org/heritagedata/schemes/80/concepts/123799"}</dcterms:identifier>
      </skos:Concept>
    </skos:narrower>
    <skos:narrower>
      <skos:Concept rdf:about="http://localhost:8000/c944869a-940d-34af-a65f-a1967d672e8d">
        <skos:scopeNote xml:lang="en">{"id": "0107f1ee-f5c0-4c2b-99f8-27591b6ddb7c", "value": "Use for vessels registered in England"}</skos:scopeNote>
        <skos:prefLabel xml:lang="en">{"id": "2b15685f-3e36-4649-98ea-dbd0c1c51637", "value": "English"}</skos:prefLabel>
        <dcterms:identifier xml:lang="en">{"id": "758585a3-38ed-4a51-8cb9-6d2adce4d5bb", "value": "http://purl.org/heritagedata/schemes/80/concepts/86253"}</dcterms:identifier>
        <skos:inScheme rdf:resource="http://localhost:8000/5986bf4b-2407-3b5f-8c66-b0147e85663b"/>
      </skos:Concept>
    </skos:narrower>
    <skos:prefLabel xml:lang="en">{"id": "b34e8ea6-f945-4c2a-9f69-5ed86e1400f5", "value": "British"}</skos:prefLabel>
    <skos:inScheme>
      <skos:ConceptScheme rdf:about="http://localhost:8000/5986bf4b-2407-3b5f-8c66-b0147e85663b">
        <skos:hasTopConcept rdf:resource="http://localhost:8000/bf2f644f-e888-3d47-bc45-a260ea1ad3bf"/>
        <dcterms:description xml:lang="en">{"id": "6517c6e8-e636-4c82-bc16-3ad3de81bc61", "value": "Used to record the nationality, including flags of convenience, of a vessel or craft."}</dcterms:description>
        <dcterms:title xml:lang="en">{"id": "cc9af783-a5f5-4afb-a75e-7c22f0f07c67", "value": "FISH Maritime Nationality Thesaurus"}</dcterms:title>
        <dcterms:identifier xml:lang="en">{"id": "3b5a3f05-dc13-4ef7-beda-46c50ee0f431", "value": "http://purl.org/heritagedata/schemes/80"}</dcterms:identifier>
      </skos:ConceptScheme>
    </skos:inScheme>
    <skos:scopeNote xml:lang="en">{"id": "dca2119a-f78a-44bf-b84e-8eaeb420af91", "value": "Use for vessels registered in the United Kingdom of Great Britain and Northern Ireland"}</skos:scopeNote>
  </skos:Concept>
  <skos:Concept rdf:about="http://localhost:8000/5619d956-178b-349e-ba52-0f283adb01a0">
    <dcterms:identifier xml:lang="en">{"id": "1c589823-0c38-4e2d-9e9b-49a87caf5ee8", "value": "http://purl.org/heritagedata/schemes/80/concepts/123782"}</dcterms:identifier>
    <skos:prefLabel xml:lang="en">{"id": "ce3188ad-d856-46b8-bc7a-4c91e41f9047", "value": "Czechoslovakian"}</skos:prefLabel>
    <skos:scopeNote xml:lang="en">{"id": "b2305c6d-9703-40ce-a751-cd884c6f37a0", "value": "Use for vessels registered in the former Czechoslovakia between 1918 and 1992. See also CZECH and SLOVAK."}</skos:scopeNote>
    <skos:inScheme rdf:resource="http://localhost:8000/5986bf4b-2407-3b5f-8c66-b0147e85663b"/>
  </skos:Concept>
  <skos:Concept rdf:about="http://localhost:8000/74b6275e-a56d-3ded-ad78-43148600b53b">
    <dcterms:identifier xml:lang="en">{"id": "fca88453-8cee-45e5-b182-605416c0b824", "value": "http://purl.org/heritagedata/schemes/80/concepts/123814"}</dcterms:identifier>
    <skos:inScheme rdf:resource="http://localhost:8000/5986bf4b-2407-3b5f-8c66-b0147e85663b"/>
    <skos:scopeNote xml:lang="en">{"id": "0d532186-195c-4a84-9d6a-ffa03750db56", "value": "Use for vessels registered in the United States of America."}</skos:scopeNote>
    <skos:prefLabel xml:lang="en">{"id": "310e1d35-c655-4e68-8dfa-b21fcd233257", "value": "American"}</skos:prefLabel>
  </skos:Concept>
  <skos:Concept rdf:about="http://localhost:8000/c8022934-42a6-368f-918e-a5ac59694928">
    <skos:narrower>
      <skos:Concept rdf:about="http://localhost:8000/0656689d-35e4-3d91-9f77-922e8734df21">
        <skos:prefLabel xml:lang="en">{"id": "02cb40a8-44ab-4488-a907-9385d23ace7b", "value": "Hondurian"}</skos:prefLabel>
        <skos:inScheme rdf:resource="http://localhost:8000/5986bf4b-2407-3b5f-8c66-b0147e85663b"/>
        <dcterms:identifier xml:lang="en">{"id": "4b60851e-8504-4250-bd57-66a146781121", "value": "http://purl.org/heritagedata/schemes/80/concepts/151821"}</dcterms:identifier>
      </skos:Concept>
    </skos:narrower>
    <skos:narrower>
      <skos:Concept rdf:about="http://localhost:8000/f8ee0b9d-7a55-3652-bd3c-285a9dd287ae">
        <skos:inScheme rdf:resource="http://localhost:8000/5986bf4b-2407-3b5f-8c66-b0147e85663b"/>
        <skos:scopeNote xml:lang="en">{"id": "256aa2c4-26bd-4d19-82c3-9db5ae8053a6", "value": "Use for vessels registered in Panama. Often used as a flag of convenience."}</skos:scopeNote>
        <skos:prefLabel xml:lang="en">{"id": "46350193-6912-48d1-b344-71b963093026", "value": "Panamanian"}</skos:prefLabel>
        <dcterms:identifier xml:lang="en">{"id": "b211fe86-272e-4ab0-8189-b4e14b20da89", "value": "http://purl.org/heritagedata/schemes/80/concepts/123801"}</dcterms:identifier>
      </skos:Concept>
    </skos:narrower>
    <skos:inScheme rdf:resource="http://localhost:8000/5986bf4b-2407-3b5f-8c66-b0147e85663b"/>
    <skos:prefLabel xml:lang="en">{"id": "b30d9f69-f5a3-4792-a8e2-c65cd60ff02f", "value": "Central American"}</skos:prefLabel>
    <skos:scopeNote xml:lang="en">{"id": "af7d7822-22af-41f2-9ed5-f39ecc42eb67", "value": "Use for vessels believed to come from Central America but where the precise nationality is not known."}</skos:scopeNote>
    <dcterms:identifier xml:lang="en">{"id": "f17eb7af-f7f8-4d85-a859-3236415ace16", "value": "http://purl.org/heritagedata/schemes/80/concepts/123833"}</dcterms:identifier>
  </skos:Concept>
  <skos:Concept rdf:about="http://localhost:8000/94c9e9b9-5e58-348f-9a77-c5d10495f723">
    <dcterms:identifier xml:lang="en">{"id": "879169cf-1442-4b73-b6e6-173a475be4f1", "value": "http://purl.org/heritagedata/schemes/80/concepts/123795"}</dcterms:identifier>
    <skos:scopeNote xml:lang="en">{"id": "6376331a-0a59-4720-9967-b2f3a1579703", "value": "Use for vessels registered in Italy."}</skos:scopeNote>
    <skos:inScheme rdf:resource="http://localhost:8000/5986bf4b-2407-3b5f-8c66-b0147e85663b"/>
    <skos:prefLabel xml:lang="en">{"id": "cd3f7e82-f80d-4466-82c5-fdeb8e958e4b", "value": "Italian"}</skos:prefLabel>
  </skos:Concept>
  <skos:Concept rdf:about="http://localhost:8000/248d3ded-f3ff-33a8-8770-25b79de06841">
    <skos:prefLabel xml:lang="en">{"id": "042b8adf-2696-48f6-a63e-012c56d8a853", "value": "French"}</skos:prefLabel>
    <skos:inScheme rdf:resource="http://localhost:8000/5986bf4b-2407-3b5f-8c66-b0147e85663b"/>
    <skos:scopeNote xml:lang="en">{"id": "84c205a7-c9d2-4730-b9aa-31b2a252c801", "value": "Use for vessels registered in France."}</skos:scopeNote>
    <dcterms:identifier xml:lang="en">{"id": "3e9b8d2f-1232-4b1f-9f53-a574b38ed522", "value": "http://purl.org/heritagedata/schemes/80/concepts/123789"}</dcterms:identifier>
  </skos:Concept>
  <skos:Concept rdf:about="http://localhost:8000/d1dac625-0e37-33d0-b2b7-3b61d7b793a0">
    <skos:narrower>
      <skos:Concept rdf:about="http://localhost:8000/e9a27d04-00b4-388f-96d9-98c7df06f124">
        <dcterms:identifier xml:lang="en">{"id": "184954f5-e9ca-4d64-8bc8-d44b97c543db", "value": "http://purl.org/heritagedata/schemes/80/concepts/123819"}</dcterms:identifier>
        <skos:scopeNote xml:lang="en">{"id": "1425c882-66e4-465e-a7bb-fc445288005b", "value": "Use for vessels registered in Malta."}</skos:scopeNote>
        <skos:inScheme rdf:resource="http://localhost:8000/5986bf4b-2407-3b5f-8c66-b0147e85663b"/>
        <skos:prefLabel xml:lang="en">{"id": "8b260805-78da-410e-bcf6-d9dde4005a87", "value": "Maltese"}</skos:prefLabel>
      </skos:Concept>
    </skos:narrower>
    <skos:narrower>
      <skos:Concept rdf:about="http://localhost:8000/b2f18614-377b-3773-90ca-2a3da6a86d63">
        <skos:inScheme rdf:resource="http://localhost:8000/5986bf4b-2407-3b5f-8c66-b0147e85663b"/>
        <dcterms:identifier xml:lang="en">{"id": "f9dfeeb9-1699-4e74-ac60-7a3752c14e09", "value": "http://purl.org/heritagedata/schemes/80/concepts/123812"}</dcterms:identifier>
        <skos:prefLabel xml:lang="en">{"id": "b82f5cf1-e3ff-4ceb-a944-af6f67f28606", "value": "Ukrainian"}</skos:prefLabel>
        <skos:scopeNote xml:lang="en">{"id": "1cfa92db-2a04-4786-b08a-503bd60881ca", "value": "Use for vessels registered in Ukraine"}</skos:scopeNote>
      </skos:Concept>
    </skos:narrower>
    <skos:narrower rdf:resource="http://localhost:8000/94c9e9b9-5e58-348f-9a77-c5d10495f723"/>
    <skos:narrower rdf:resource="http://localhost:8000/5619d956-178b-349e-ba52-0f283adb01a0"/>
    <skos:narrower>
      <skos:Concept rdf:about="http://localhost:8000/f645c6ce-a4b9-3a63-8ab7-96d58dd72ff9">
        <skos:scopeNote xml:lang="en">{"id": "819a4711-eb15-4a4f-9727-f722e119cdb4", "value": "Use for vessels registered in Lithuania."}</skos:scopeNote>
        <skos:inScheme rdf:resource="http://localhost:8000/5986bf4b-2407-3b5f-8c66-b0147e85663b"/>
        <dcterms:identifier xml:lang="en">{"id": "d70f95f5-d12b-4777-92ea-ad10647f4832", "value": "http://purl.org/heritagedata/schemes/80/concepts/123822"}</dcterms:identifier>
        <skos:prefLabel xml:lang="en">{"id": "776a3dea-a402-4ee4-a32d-7aa181e76855", "value": "Lithuanian"}</skos:prefLabel>
      </skos:Concept>
    </skos:narrower>
    <skos:narrower>
      <skos:Concept rdf:about="http://localhost:8000/2f43ae5b-044e-3e0d-b488-d41cd962dc78">
        <skos:scopeNote xml:lang="en">{"id": "52a8f61a-dd23-4703-9437-f7c17dc50b04", "value": "Use for vessels registered in Estonia."}</skos:scopeNote>
        <dcterms:identifier xml:lang="en">{"id": "d1e4988f-a2e1-4857-9ee0-6a1fae86031a", "value": "http://purl.org/heritagedata/schemes/80/concepts/123787"}</dcterms:identifier>
        <skos:prefLabel xml:lang="en">{"id": "86176219-1436-42da-95d2-8464fc6ce642", "value": "Estonian"}</skos:prefLabel>
        <skos:inScheme rdf:resource="http://localhost:8000/5986bf4b-2407-3b5f-8c66-b0147e85663b"/>
      </skos:Concept>
    </skos:narrower>
    <skos:narrower>
      <skos:Concept rdf:about="http://localhost:8000/e93fa6da-3cb8-3185-b997-41a9b7c0a910">
        <skos:inScheme rdf:resource="http://localhost:8000/5986bf4b-2407-3b5f-8c66-b0147e85663b"/>
        <skos:scopeNote xml:lang="en">{"id": "3349b5ea-5e1b-4f17-8fa9-61be13cc3c64", "value": "Use for vessels registered in Hungary."}</skos:scopeNote>
        <skos:prefLabel xml:lang="en">{"id": "02bafae9-d810-4451-834f-5846e02cfd61", "value": "Hungarian"}</skos:prefLabel>
        <dcterms:identifier xml:lang="en">{"id": "03aba05a-8ed0-4b8b-b13f-aaf444a289c9", "value": "http://purl.org/heritagedata/schemes/80/concepts/123792"}</dcterms:identifier>
      </skos:Concept>
    </skos:narrower>
    <skos:narrower>
      <skos:Concept rdf:about="http://localhost:8000/486b42ae-6724-393c-8b4b-c1cc7ec4ebbc">
        <skos:prefLabel xml:lang="en">{"id": "175ad2ad-def1-445c-992e-74172517e6c5", "value": "Swiss"}</skos:prefLabel>
        <skos:inScheme rdf:resource="http://localhost:8000/5986bf4b-2407-3b5f-8c66-b0147e85663b"/>
        <skos:scopeNote xml:lang="en">{"id": "61318424-e3cc-40a3-a8d6-d73bfd129a14", "value": "Use for vessels registered in Switzerland."}</skos:scopeNote>
        <dcterms:identifier xml:lang="en">{"id": "4001b03f-1b1e-4ef3-aad2-aa348efa7eea", "value": "http://purl.org/heritagedata/schemes/80/concepts/123810"}</dcterms:identifier>
      </skos:Concept>
    </skos:narrower>
    <skos:narrower>
      <skos:Concept rdf:about="http://localhost:8000/caef6b24-2031-381f-85b9-f124c6d44535">
        <skos:scopeNote xml:lang="en">{"id": "dd10e0ed-d422-4969-b8d3-5d9e3f12583f", "value": "Use for vessels registered in the Faroe (also spelt Faeroe) Islands, e.g. at Torshavn"}</skos:scopeNote>
        <dcterms:identifier xml:lang="en">{"id": "ae4b0aad-2b87-4900-8a4f-a8156b66d363", "value": "http://purl.org/heritagedata/schemes/80/concepts/143578"}</dcterms:identifier>
        <skos:prefLabel xml:lang="en">{"id": "f5a2696f-b466-4026-9998-c77b15a8d9f5", "value": "Faroese"}</skos:prefLabel>
        <skos:inScheme rdf:resource="http://localhost:8000/5986bf4b-2407-3b5f-8c66-b0147e85663b"/>
      </skos:Concept>
    </skos:narrower>
    <skos:narrower>
      <skos:Concept rdf:about="http://localhost:8000/a4e65fa4-e131-3309-a04e-034fab13ac3a">
        <skos:scopeNote xml:lang="en">{"id": "2a8572e6-5b59-4049-be17-60c60b5daf54", "value": "Use for vessels registered in the Republic of Ireland (Eire)."}</skos:scopeNote>
        <skos:inScheme rdf:resource="http://localhost:8000/5986bf4b-2407-3b5f-8c66-b0147e85663b"/>
        <skos:prefLabel xml:lang="en">{"id": "0a8db6fd-850d-4b35-92e4-77f92331e5b9", "value": "Irish"}</skos:prefLabel>
        <dcterms:identifier xml:lang="en">{"id": "ac08fc50-3884-4add-9e8d-c429c69bad36", "value": "http://purl.org/heritagedata/schemes/80/concepts/123786"}</dcterms:identifier>
      </skos:Concept>
    </skos:narrower>
    <skos:narrower>
      <skos:Concept rdf:about="http://localhost:8000/787e4108-1e67-3e9c-aac2-5d561d6c219d">
        <skos:scopeNote xml:lang="en">{"id": "04555924-c9b5-4b24-a4b7-4495cece0d80", "value": "Use for vessels registered in Greece."}</skos:scopeNote>
        <skos:inScheme rdf:resource="http://localhost:8000/5986bf4b-2407-3b5f-8c66-b0147e85663b"/>
        <dcterms:identifier xml:lang="en">{"id": "4bcf78f2-df21-4508-bd57-b93f22715fed", "value": "http://purl.org/heritagedata/schemes/80/concepts/123791"}</dcterms:identifier>
        <skos:prefLabel xml:lang="en">{"id": "57a8d4ab-4458-4bc2-900d-33e4dbf273a8", "value": "Greek"}</skos:prefLabel>
      </skos:Concept>
    </skos:narrower>
    <skos:inScheme rdf:resource="http://localhost:8000/5986bf4b-2407-3b5f-8c66-b0147e85663b"/>
    <skos:narrower>
      <skos:Concept rdf:about="http://localhost:8000/8bb7a679-fe21-3a42-b972-3b4c81f746e9">
        <dcterms:identifier xml:lang="en">{"id": "dcd101ad-4e68-48a2-82d4-7069acd4de48", "value": "http://purl.org/heritagedata/schemes/80/concepts/123808"}</dcterms:identifier>
        <skos:scopeNote xml:lang="en">{"id": "df434cf5-bcd7-4169-a845-8623008a6f2d", "value": "Use for vessels registered in Spain."}</skos:scopeNote>
        <skos:inScheme rdf:resource="http://localhost:8000/5986bf4b-2407-3b5f-8c66-b0147e85663b"/>
        <skos:prefLabel xml:lang="en">{"id": "ceb0d808-a0e5-4cdc-8f0a-a72abd99f766", "value": "Spanish"}</skos:prefLabel>
      </skos:Concept>
    </skos:narrower>
    <skos:narrower>
      <skos:Concept rdf:about="http://localhost:8000/9491fb94-815b-3d83-984e-2fd8e00e92a6">
        <dcterms:identifier xml:lang="en">{"id": "9b3f7c43-01c5-4fbe-b006-3073044feb8b", "value": "http://purl.org/heritagedata/schemes/80/concepts/123816"}</dcterms:identifier>
        <skos:prefLabel xml:lang="en">{"id": "cceddd7b-e4f4-4493-a620-23f66b609ded", "value": "Latvian"}</skos:prefLabel>
        <skos:scopeNote xml:lang="en">{"id": "82c69a0f-20e9-4c18-9159-6ba78ab38562", "value": "Use for vessels registered in Latvia."}</skos:scopeNote>
        <skos:inScheme rdf:resource="http://localhost:8000/5986bf4b-2407-3b5f-8c66-b0147e85663b"/>
      </skos:Concept>
    </skos:narrower>
    <skos:prefLabel xml:lang="en">{"id": "a9bc883a-4fb2-4134-b22c-0072fb4bc695", "value": "European"}</skos:prefLabel>
    <skos:narrower>
      <skos:Concept rdf:about="http://localhost:8000/34689562-2521-3c49-8024-b4d27cb6c584">
        <skos:prefLabel xml:lang="en">{"id": "cb30e122-f4f8-4d86-bacf-c3fbba3445c5", "value": "Cypriot"}</skos:prefLabel>
        <dcterms:identifier xml:lang="en">{"id": "58e0af85-4128-47bc-b745-df143775d8a6", "value": "http://purl.org/heritagedata/schemes/80/concepts/151490"}</dcterms:identifier>
        <skos:inScheme rdf:resource="http://localhost:8000/5986bf4b-2407-3b5f-8c66-b0147e85663b"/>
        <skos:scopeNote xml:lang="en">{"id": "845bc709-958f-43bc-98fd-3b4b760ad582", "value": "Use for vessel registered in Cyprus whether Greek or Turkish."}</skos:scopeNote>
      </skos:Concept>
    </skos:narrower>
    <skos:narrower>
      <skos:Concept rdf:about="http://localhost:8000/eb9619f1-e449-39b2-ad24-9758cc89019e">
        <skos:prefLabel xml:lang="en">{"id": "366dd5cb-8a46-4184-b470-e47a114813e7", "value": "Icelandic"}</skos:prefLabel>
        <dcterms:identifier xml:lang="en">{"id": "2f8de622-700d-4fb2-afb0-4c8e2de697ad", "value": "http://purl.org/heritagedata/schemes/80/concepts/123821"}</dcterms:identifier>
        <skos:inScheme rdf:resource="http://localhost:8000/5986bf4b-2407-3b5f-8c66-b0147e85663b"/>
        <skos:scopeNote xml:lang="en">{"id": "23266543-1c0e-49e5-a444-c666644f9939", "value": "Use for vessels registered in Iceland."}</skos:scopeNote>
      </skos:Concept>
    </skos:narrower>
    <skos:narrower>
      <skos:Concept rdf:about="http://localhost:8000/5ac14bb0-b8f9-3237-8608-7e9121e6d250">
        <dcterms:identifier xml:lang="en">{"id": "786a9624-419b-4b9a-8af4-75f2c0039e38", "value": "http://purl.org/heritagedata/schemes/80/concepts/123784"}</dcterms:identifier>
        <skos:prefLabel xml:lang="en">{"id": "7f557431-da34-4ced-ba85-d3079491c050", "value": "Slovak"}</skos:prefLabel>
        <skos:scopeNote xml:lang="en">{"id": "455205e5-3669-478e-b4a6-a9f29fed4295", "value": "Use for vessels registered in Slovakia. See also Czechoslovakian (for vessels registered between 1918-1992)"}</skos:scopeNote>
        <skos:inScheme rdf:resource="http://localhost:8000/5986bf4b-2407-3b5f-8c66-b0147e85663b"/>
      </skos:Concept>
    </skos:narrower>
    <skos:scopeNote xml:lang="en">{"id": "be158c54-bbfd-4774-af50-67b0cd4eca76", "value": "Use for vessels believed to come from Europe but where the precise nationality is not known."}</skos:scopeNote>
    <skos:narrower>
      <skos:Concept rdf:about="http://localhost:8000/1fd83f21-6426-3beb-b8ee-09decb1c847e">
        <skos:prefLabel xml:lang="en">{"id": "f38a74bb-b025-48be-8d78-2e119860c96b", "value": "Russian"}</skos:prefLabel>
        <skos:inScheme rdf:resource="http://localhost:8000/5986bf4b-2407-3b5f-8c66-b0147e85663b"/>
        <skos:scopeNote xml:lang="en">{"id": "b5636651-e9d4-464f-b353-d08215ce0123", "value": "Use for vessels registered in Russia."}</skos:scopeNote>
        <dcterms:identifier xml:lang="en">{"id": "867cf68a-f43e-4489-bdb8-2ddee6bba09b", "value": "http://purl.org/heritagedata/schemes/80/concepts/123805"}</dcterms:identifier>
      </skos:Concept>
    </skos:narrower>
    <skos:narrower>
      <skos:Concept rdf:about="http://localhost:8000/3af30de6-0128-3db5-9877-ea7e1bbbad6f">
        <skos:scopeNote xml:lang="en">{"id": "86e757f7-d644-4182-8143-ca79e22f8392", "value": "Use for vessels registered in Finland."}</skos:scopeNote>
        <dcterms:identifier xml:lang="en">{"id": "471081c5-ef57-4ef2-b05b-fa89ee08ff1f", "value": "http://purl.org/heritagedata/schemes/80/concepts/123788"}</dcterms:identifier>
        <skos:prefLabel xml:lang="en">{"id": "be2ddf8c-9d88-4e3c-9e45-5bbe7b28f8a1", "value": "Finnish"}</skos:prefLabel>
        <skos:inScheme rdf:resource="http://localhost:8000/5986bf4b-2407-3b5f-8c66-b0147e85663b"/>
      </skos:Concept>
    </skos:narrower>
    <skos:narrower>
      <skos:Concept rdf:about="http://localhost:8000/33fca785-4991-3e16-87e9-2889d833a435">
        <skos:scopeNote xml:lang="en">{"id": "9d0b0bd2-3254-4ab8-8326-a6fc992abdfc", "value": "Use for vessels registered in Romania."}</skos:scopeNote>
        <skos:prefLabel xml:lang="en">{"id": "824d772b-ab81-4e45-bf34-b591746b5ba8", "value": "Romanian"}</skos:prefLabel>
        <skos:inScheme rdf:resource="http://localhost:8000/5986bf4b-2407-3b5f-8c66-b0147e85663b"/>
        <dcterms:identifier xml:lang="en">{"id": "27976035-ad5b-488d-935b-789f3966bbb4", "value": "http://purl.org/heritagedata/schemes/80/concepts/139616"}</dcterms:identifier>
      </skos:Concept>
    </skos:narrower>
    <skos:narrower>
      <skos:Concept rdf:about="http://localhost:8000/fc7a0178-3b61-3011-8195-895b547ecf67">
        <dcterms:identifier xml:lang="en">{"id": "bcc60f97-e2ab-4c77-9fae-8d3db764e10f", "value": "http://purl.org/heritagedata/schemes/80/concepts/123776"}</dcterms:identifier>
        <skos:scopeNote xml:lang="en">{"id": "b267721e-3ad1-4070-9311-b7a0bde6f318", "value": "Use for vessels registered in Austria."}</skos:scopeNote>
        <skos:prefLabel xml:lang="en">{"id": "ad5b3e6f-57ab-4822-8b5d-ab5a13e1f1b4", "value": "Austrian"}</skos:prefLabel>
        <skos:inScheme rdf:resource="http://localhost:8000/5986bf4b-2407-3b5f-8c66-b0147e85663b"/>
      </skos:Concept>
    </skos:narrower>
    <skos:narrower>
      <skos:Concept rdf:about="http://localhost:8000/72f28e7a-39b9-3090-82c2-779202636e76">
        <skos:scopeNote xml:lang="en">{"id": "f036fe3a-4723-4d81-913f-b428352ba533", "value": "Use for vessels registered in the Netherlands."}</skos:scopeNote>
        <dcterms:identifier xml:lang="en">{"id": "74e335af-5d4a-4b89-8b21-576ec9a9f814", "value": "http://purl.org/heritagedata/schemes/80/concepts/123798"}</dcterms:identifier>
        <skos:prefLabel xml:lang="en">{"id": "a3698539-ad69-42cb-8920-4a36df33565b", "value": "Dutch"}</skos:prefLabel>
        <skos:inScheme rdf:resource="http://localhost:8000/5986bf4b-2407-3b5f-8c66-b0147e85663b"/>
      </skos:Concept>
    </skos:narrower>
    <skos:narrower>
      <skos:Concept rdf:about="http://localhost:8000/7846792b-2f6b-3872-9250-a2ef0d9e530a">
        <skos:prefLabel xml:lang="en">{"id": "058f901f-31d2-40c0-8a27-8bf5887f9b91", "value": "Polish"}</skos:prefLabel>
        <skos:scopeNote xml:lang="en">{"id": "e4199d03-0079-48f4-9685-8ca39db0c576", "value": "Use for vessels registered in Poland."}</skos:scopeNote>
        <skos:inScheme rdf:resource="http://localhost:8000/5986bf4b-2407-3b5f-8c66-b0147e85663b"/>
        <dcterms:identifier xml:lang="en">{"id": "12be2eb9-7580-4628-bbd8-033a7e726e27", "value": "http://purl.org/heritagedata/schemes/80/concepts/123803"}</dcterms:identifier>
      </skos:Concept>
    </skos:narrower>
    <skos:narrower>
      <skos:Concept rdf:about="http://localhost:8000/df940205-70ca-3ffd-913b-198202fe58c1">
        <skos:scopeNote xml:lang="en">{"id": "a43115c4-baaa-4ac2-b0a6-096e188858ab", "value": "Use for vessels registered in Germany or any of the states prior to unification."}</skos:scopeNote>
        <dcterms:identifier xml:lang="en">{"id": "5fc27e90-99ba-4212-9c9b-180efa7e4000", "value": "http://purl.org/heritagedata/schemes/80/concepts/123753"}</dcterms:identifier>
        <skos:inScheme rdf:resource="http://localhost:8000/5986bf4b-2407-3b5f-8c66-b0147e85663b"/>
        <skos:prefLabel xml:lang="en">{"id": "38925d1f-1a51-46e8-b585-1352c2024295", "value": "German"}</skos:prefLabel>
      </skos:Concept>
    </skos:narrower>
    <dcterms:identifier xml:lang="en">{"id": "d3c7b5ec-e3fc-4391-84f0-4c17245cac83", "value": "http://purl.org/heritagedata/schemes/80/concepts/123831"}</dcterms:identifier>
    <skos:narrower>
      <skos:Concept rdf:about="http://localhost:8000/55938878-f68a-3067-af45-0688cbe44826">
        <skos:inScheme rdf:resource="http://localhost:8000/5986bf4b-2407-3b5f-8c66-b0147e85663b"/>
        <skos:prefLabel xml:lang="en">{"id": "f854b8d8-111c-4c16-86b5-7f03be1e8213", "value": "Czech"}</skos:prefLabel>
        <dcterms:identifier xml:lang="en">{"id": "9400e37e-d27d-452f-aede-c966aeba156f", "value": "http://purl.org/heritagedata/schemes/80/concepts/123783"}</dcterms:identifier>
        <skos:scopeNote xml:lang="en">{"id": "1f0147ad-a246-40ed-a9c7-8fbe3c01aa0d", "value": "Use for vessels registered in the Czech Republic. See also Czechoslovakian (for vessels registered between 1918-1992)"}</skos:scopeNote>
      </skos:Concept>
    </skos:narrower>
    <skos:narrower>
      <skos:Concept rdf:about="http://localhost:8000/542d8d76-140a-3c54-a29e-fa9e4c08792a">
        <skos:inScheme rdf:resource="http://localhost:8000/5986bf4b-2407-3b5f-8c66-b0147e85663b"/>
        <dcterms:identifier xml:lang="en">{"id": "3c1c6138-4fc3-40be-b0b6-e4f12f53a97c", "value": "http://purl.org/heritagedata/schemes/80/concepts/123811"}</dcterms:identifier>
        <skos:prefLabel xml:lang="en">{"id": "c7387f54-ff61-4628-bb83-b4dca4d38599", "value": "Turkish"}</skos:prefLabel>
        <skos:scopeNote xml:lang="en">{"id": "412296fa-d3cd-4f27-977c-af80fe05d74c", "value": "Use for vessels registered in Turkey or the Ottoman Empire."}</skos:scopeNote>
      </skos:Concept>
    </skos:narrower>
    <skos:narrower>
      <skos:Concept rdf:about="http://localhost:8000/795751a1-c70b-3a02-b2a5-394a31ceaaf6">
        <dcterms:identifier xml:lang="en">{"id": "9af37ff4-df12-4623-8b8c-ef86ae6f922c", "value": "http://purl.org/heritagedata/schemes/80/concepts/133333"}</dcterms:identifier>
        <skos:inScheme rdf:resource="http://localhost:8000/5986bf4b-2407-3b5f-8c66-b0147e85663b"/>
        <skos:prefLabel xml:lang="en">{"id": "64f41acb-2ca0-4c3b-bba0-36324cead195", "value": "Croatian"}</skos:prefLabel>
        <skos:scopeNote xml:lang="en">{"id": "696a0984-1f3d-4601-a99e-f5bd25611aeb", "value": "Use for vessels registered in Croatia."}</skos:scopeNote>
      </skos:Concept>
    </skos:narrower>
    <skos:narrower rdf:resource="http://localhost:8000/248d3ded-f3ff-33a8-8770-25b79de06841"/>
    <skos:narrower>
      <skos:Concept rdf:about="http://localhost:8000/0503ee19-2de1-3a97-b408-44910cf0052e">
        <skos:scopeNote xml:lang="en">{"id": "3173fbc2-198c-489f-a0cf-89908e09039a", "value": "Use for vessels registered in Slovenia."}</skos:scopeNote>
        <skos:prefLabel xml:lang="en">{"id": "17d608e2-bc59-4bb9-92ae-3367f1f29a1a", "value": "Slovene"}</skos:prefLabel>
        <skos:inScheme rdf:resource="http://localhost:8000/5986bf4b-2407-3b5f-8c66-b0147e85663b"/>
        <dcterms:identifier xml:lang="en">{"id": "9dbcf14e-5714-49fe-987f-09cfbcb9b997", "value": "http://purl.org/heritagedata/schemes/80/concepts/139816"}</dcterms:identifier>
      </skos:Concept>
    </skos:narrower>
    <skos:narrower>
      <skos:Concept rdf:about="http://localhost:8000/2474df3c-acb0-3c80-a2b7-143d475a5d7f">
        <skos:prefLabel xml:lang="en">{"id": "058a71cb-da1e-4781-98df-f52a1851425f", "value": "Swedish"}</skos:prefLabel>
        <dcterms:identifier xml:lang="en">{"id": "74ed8fa0-0ae9-49cd-a210-d33ec9df848c", "value": "http://purl.org/heritagedata/schemes/80/concepts/123809"}</dcterms:identifier>
        <skos:inScheme rdf:resource="http://localhost:8000/5986bf4b-2407-3b5f-8c66-b0147e85663b"/>
        <skos:scopeNote xml:lang="en">{"id": "61b8357f-5005-4c34-93b0-45f7cf892a16", "value": "Use for vessels registered in Sweden."}</skos:scopeNote>
      </skos:Concept>
    </skos:narrower>
    <skos:narrower>
      <skos:Concept rdf:about="http://localhost:8000/01dd3a31-4c0d-3eb8-a3cb-5bed02532d1c">
        <skos:prefLabel xml:lang="en">{"id": "9c0e8714-13e1-47fc-ad50-94c26894d161", "value": "Portuguese"}</skos:prefLabel>
        <skos:inScheme rdf:resource="http://localhost:8000/5986bf4b-2407-3b5f-8c66-b0147e85663b"/>
        <dcterms:identifier xml:lang="en">{"id": "2b21498e-8447-4c98-b08d-97984ab03c7c", "value": "http://purl.org/heritagedata/schemes/80/concepts/123804"}</dcterms:identifier>
        <skos:scopeNote xml:lang="en">{"id": "8e01f485-7fc2-4ef0-ab04-ba3a2a244556", "value": "Use for vessels registered in Portugal."}</skos:scopeNote>
      </skos:Concept>
    </skos:narrower>
    <skos:narrower rdf:resource="http://localhost:8000/4466734b-069b-34d0-a426-b082556e3990"/>
    <skos:narrower>
      <skos:Concept rdf:about="http://localhost:8000/4f606518-c9b1-32fc-b1c5-c4536e0fa87a">
        <skos:inScheme rdf:resource="http://localhost:8000/5986bf4b-2407-3b5f-8c66-b0147e85663b"/>
        <skos:prefLabel xml:lang="en">{"id": "4af9e1e2-056c-46f1-b1f7-d87d189ebb37", "value": "Norwegian"}</skos:prefLabel>
        <dcterms:identifier xml:lang="en">{"id": "9c29418a-86ff-439c-a4ae-28f15cbf9efe", "value": "http://purl.org/heritagedata/schemes/80/concepts/123800"}</dcterms:identifier>
        <skos:scopeNote xml:lang="en">{"id": "bf356546-467e-4357-8ff1-185ce3171422", "value": "Use for vessels registered in Norway."}</skos:scopeNote>
      </skos:Concept>
    </skos:narrower>
    <skos:narrower>
      <skos:Concept rdf:about="http://localhost:8000/6e04acef-c050-3bd9-af19-abe21bdb20a8">
        <skos:prefLabel xml:lang="en">{"id": "f8549bcd-49b0-4521-8082-f1d0008c9048", "value": "Channel Islander"}</skos:prefLabel>
        <dcterms:identifier xml:lang="en">{"id": "263b8e2c-3b4b-474f-8474-9ad2637e9ecf", "value": "http://purl.org/heritagedata/schemes/80/concepts/123779"}</dcterms:identifier>
        <skos:inScheme rdf:resource="http://localhost:8000/5986bf4b-2407-3b5f-8c66-b0147e85663b"/>
        <skos:scopeNote xml:lang="en">{"id": "85756f25-ed30-4d49-bdd4-10ecac0091fc", "value": "Use for vessels registered in Jersey, Guernsey or another of the other Channel Islands."}</skos:scopeNote>
      </skos:Concept>
    </skos:narrower>
    <skos:narrower>
      <skos:Concept rdf:about="http://localhost:8000/508930d2-3d6a-30a4-b8ce-fb83527909e1">
        <skos:scopeNote xml:lang="en">{"id": "b11cc7cc-ad6d-4c66-9cdc-9f48b89f6ce0", "value": "Use for vessels registered in Yugoslavia between 1918 and 1992."}</skos:scopeNote>
        <skos:prefLabel xml:lang="en">{"id": "9938ba3f-b6d2-4183-95bb-f3f1efa677a7", "value": "Yugoslavian"}</skos:prefLabel>
        <skos:inScheme rdf:resource="http://localhost:8000/5986bf4b-2407-3b5f-8c66-b0147e85663b"/>
        <dcterms:identifier xml:lang="en">{"id": "d8ab9a70-acdf-4d4f-9015-f4f595a0117e", "value": "http://purl.org/heritagedata/schemes/80/concepts/123823"}</dcterms:identifier>
      </skos:Concept>
    </skos:narrower>
    <skos:narrower>
      <skos:Concept rdf:about="http://localhost:8000/8cd2fc23-9d90-3ee6-87a8-7650b66fcc80">
        <dcterms:identifier xml:lang="en">{"id": "ec851318-d77a-40de-b612-e67cc4151757", "value": "http://purl.org/heritagedata/schemes/80/concepts/123794"}</dcterms:identifier>
        <skos:inScheme rdf:resource="http://localhost:8000/5986bf4b-2407-3b5f-8c66-b0147e85663b"/>
        <skos:scopeNote xml:lang="en">{"id": "1b4a0fbd-c765-4cbc-9b36-9a75cdf00415", "value": "Use for vessels registered in the Isle of Man."}</skos:scopeNote>
        <skos:prefLabel xml:lang="en">{"id": "238333ce-91b5-4f7e-bacd-294abd9ea39c", "value": "Manx"}</skos:prefLabel>
      </skos:Concept>
    </skos:narrower>
    <skos:narrower>
      <skos:Concept rdf:about="http://localhost:8000/6c874f1c-2854-31b1-a3d1-2b11b22e0d47">
        <dcterms:identifier xml:lang="en">{"id": "b0c46f98-6850-48b8-b362-0968b917730d", "value": "http://purl.org/heritagedata/schemes/80/concepts/123777"}</dcterms:identifier>
        <skos:inScheme rdf:resource="http://localhost:8000/5986bf4b-2407-3b5f-8c66-b0147e85663b"/>
        <skos:prefLabel xml:lang="en">{"id": "fe65742a-f233-4655-9746-987ea22fcb19", "value": "Belgian"}</skos:prefLabel>
        <skos:scopeNote xml:lang="en">{"id": "ad2bd6a1-6597-426f-997f-924b28b2e334", "value": "Use for vessels registered in Belgium."}</skos:scopeNote>
      </skos:Concept>
    </skos:narrower>
    <skos:narrower>
      <skos:Concept rdf:about="http://localhost:8000/f8a51857-bfdc-3714-bc97-4f9bce8c6d1f">
        <skos:scopeNote xml:lang="en">{"id": "c0779152-a8d5-470f-9bfe-45365a8a2679", "value": "Use for vessels registered in Denmark"}</skos:scopeNote>
        <skos:inScheme rdf:resource="http://localhost:8000/5986bf4b-2407-3b5f-8c66-b0147e85663b"/>
        <dcterms:identifier xml:lang="en">{"id": "4fc4a42a-aac5-447b-9083-3cded7ee6783", "value": "http://purl.org/heritagedata/schemes/80/concepts/123785"}</dcterms:identifier>
        <skos:prefLabel xml:lang="en">{"id": "c02f705c-569b-4f08-8134-e9d89c8ef25a", "value": "Danish"}</skos:prefLabel>
      </skos:Concept>
    </skos:narrower>
  </skos:Concept>
  <skos:Concept rdf:about="http://localhost:8000/fcc100a8-c042-319b-9958-206b29a70f5a">
    <skos:inScheme rdf:resource="http://localhost:8000/5986bf4b-2407-3b5f-8c66-b0147e85663b"/>
    <skos:scopeNote xml:lang="en">{"id": "0b0e03ec-6fb1-405d-866e-3be2301eac21", "value": "Use for vessels registered in Brazil."}</skos:scopeNote>
    <skos:prefLabel xml:lang="en">{"id": "1462b3ac-9f5f-4f9f-95b1-52cda15f19f5", "value": "Brazilian"}</skos:prefLabel>
    <dcterms:identifier xml:lang="en">{"id": "b3b53237-5baf-40e6-82b6-65474a627f38", "value": "http://purl.org/heritagedata/schemes/80/concepts/123820"}</dcterms:identifier>
  </skos:Concept>
  <skos:Concept rdf:about="http://localhost:8000/14bc66a4-f140-307c-b5a5-f85f3843ae30">
    <skos:scopeNote xml:lang="en">{"id": "c92b3997-558f-427f-be04-2fb8e8394eeb", "value": "Use for vessels registered in Japan."}</skos:scopeNote>
    <skos:inScheme rdf:resource="http://localhost:8000/5986bf4b-2407-3b5f-8c66-b0147e85663b"/>
    <dcterms:identifier xml:lang="en">{"id": "6203579a-66f7-4633-b09f-14142946440b", "value": "http://purl.org/heritagedata/schemes/80/concepts/123796"}</dcterms:identifier>
    <skos:prefLabel xml:lang="en">{"id": "b57a0b3d-2088-4c40-aeb3-3647e464711a", "value": "Japanese"}</skos:prefLabel>
  </skos:Concept>
  <skos:Concept rdf:about="http://localhost:8000/61c50330-ee15-34ec-aae6-3adcfa9b8ea0">
    <skos:prefLabel xml:lang="en">{"id": "b70d6481-bf4b-40ab-9dbd-627b8e34f358", "value": "New Zealander"}</skos:prefLabel>
    <skos:inScheme rdf:resource="http://localhost:8000/5986bf4b-2407-3b5f-8c66-b0147e85663b"/>
    <dcterms:identifier xml:lang="en">{"id": "31f778ed-18b0-4fb3-aaf9-2fcb0b5171e0", "value": "http://purl.org/heritagedata/schemes/80/concepts/123773"}</dcterms:identifier>
    <skos:scopeNote xml:lang="en">{"id": "73c59587-cfb6-45e4-81ab-830f5cf047cd", "value": "Use for vessels registered in New Zealand."}</skos:scopeNote>
  </skos:Concept>
  <skos:Concept rdf:about="http://localhost:8000/4817bb51-1ca1-3cd3-9839-7c9d913fd31b">
    <skos:inScheme rdf:resource="http://localhost:8000/5986bf4b-2407-3b5f-8c66-b0147e85663b"/>
    <dcterms:identifier xml:lang="en">{"id": "77b0eaa3-2574-4724-a4a0-cd2ab8949207", "value": "http://purl.org/heritagedata/schemes/80/concepts/123802"}</dcterms:identifier>
    <skos:scopeNote xml:lang="en">{"id": "f43e69de-1c6a-4f04-9d32-92d305ed4863", "value": "Use for vessels registered in the Philippines."}</skos:scopeNote>
    <skos:prefLabel xml:lang="en">{"id": "5c954155-db8e-423b-8fab-0b171b7b4ab7", "value": "Philippine"}</skos:prefLabel>
  </skos:Concept>
  <skos:Concept rdf:about="http://localhost:8000/bf9befe3-e7ec-34e7-8ed2-5f90f797d2a2">
    <skos:prefLabel xml:lang="en">{"id": "c763ffff-9748-4897-a8d9-93dc5809e788", "value": "Malaysian"}</skos:prefLabel>
    <skos:scopeNote xml:lang="en">{"id": "a080647b-f5d3-401f-b5bb-0bf05e8973fd", "value": "Used for vessels registered in Malaysia."}</skos:scopeNote>
    <skos:inScheme rdf:resource="http://localhost:8000/5986bf4b-2407-3b5f-8c66-b0147e85663b"/>
    <dcterms:identifier xml:lang="en">{"id": "9b1cced2-ea0e-4dff-bac9-94a638d16329", "value": "http://purl.org/heritagedata/schemes/80/concepts/151579"}</dcterms:identifier>
  </skos:Concept>
  <skos:Concept rdf:about="http://localhost:8000/093e8e78-bd7e-3ccc-86bb-7e29e316d0b9">
    <skos:prefLabel xml:lang="en">{"id": "b6dd61c0-18e6-413e-b1a7-2699c66f2153", "value": "Jamaican"}</skos:prefLabel>
    <skos:inScheme rdf:resource="http://localhost:8000/5986bf4b-2407-3b5f-8c66-b0147e85663b"/>
    <skos:scopeNote xml:lang="en">{"id": "4c1aa183-ef3a-4884-aa1e-54b6eea20f23", "value": "Used for the island of Jamaica which gained independence from Britain in 1958."}</skos:scopeNote>
    <dcterms:identifier xml:lang="en">{"id": "9e249a86-247f-4365-9d35-83a71b63b5b2", "value": "http://purl.org/heritagedata/schemes/80/concepts/164376"}</dcterms:identifier>
  </skos:Concept>
  <skos:Concept rdf:about="http://localhost:8000/871e42d6-d569-3769-825f-72e477f04452">
    <skos:prefLabel xml:lang="en">{"id": "7c5335a1-2cec-49f0-babd-cea192249103", "value": "Asian"}</skos:prefLabel>
    <skos:narrower>
      <skos:Concept rdf:about="http://localhost:8000/4683fa74-b5b1-330d-85b6-a5fa3abc1806">
        <skos:inScheme rdf:resource="http://localhost:8000/5986bf4b-2407-3b5f-8c66-b0147e85663b"/>
        <skos:prefLabel xml:lang="en">{"id": "38c3f298-b6f1-4458-8310-4992063080df", "value": "Lebanese"}</skos:prefLabel>
        <dcterms:identifier xml:lang="en">{"id": "0d8d333f-b27f-472d-95c0-3445bf1170e9", "value": "http://purl.org/heritagedata/schemes/80/concepts/152440"}</dcterms:identifier>
      </skos:Concept>
    </skos:narrower>
    <skos:narrower>
      <skos:Concept rdf:about="http://localhost:8000/56f691fa-efa4-3d14-b7bf-eabb2581768f">
        <skos:inScheme rdf:resource="http://localhost:8000/5986bf4b-2407-3b5f-8c66-b0147e85663b"/>
        <skos:prefLabel xml:lang="en">{"id": "2381f291-ecac-4fed-ad79-2d4aa76a5fb4", "value": "Chinese"}</skos:prefLabel>
        <dcterms:identifier xml:lang="en">{"id": "8d3ea687-0478-4077-9ef0-ec3cdc5d74ac", "value": "http://purl.org/heritagedata/schemes/80/concepts/123780"}</dcterms:identifier>
        <skos:scopeNote xml:lang="en">{"id": "d7f012cb-7b84-43c2-915f-78331fe0d4c4", "value": "Use for vessels registered in China."}</skos:scopeNote>
      </skos:Concept>
    </skos:narrower>
    <skos:narrower>
      <skos:Concept rdf:about="http://localhost:8000/08cd9385-507d-3301-812d-1628939aa8fa">
        <dcterms:identifier xml:lang="en">{"id": "d8514808-cac9-4ed9-9320-7b4cad9916a5", "value": "http://purl.org/heritagedata/schemes/80/concepts/123790"}</dcterms:identifier>
        <skos:inScheme rdf:resource="http://localhost:8000/5986bf4b-2407-3b5f-8c66-b0147e85663b"/>
        <skos:prefLabel xml:lang="en">{"id": "01d859d0-6ba1-4c49-aa2c-c49d1edd39c1", "value": "Georgian"}</skos:prefLabel>
        <skos:scopeNote xml:lang="en">{"id": "48a425af-1f6d-4cc1-ac9c-17456ca57c37", "value": "Use for vessels registered in Georgia."}</skos:scopeNote>
      </skos:Concept>
    </skos:narrower>
    <skos:narrower rdf:resource="http://localhost:8000/4817bb51-1ca1-3cd3-9839-7c9d913fd31b"/>
    <skos:narrower>
      <skos:Concept rdf:about="http://localhost:8000/23ff6174-3b33-3cd0-a55f-2d6e62eeb32f">
        <skos:prefLabel xml:lang="en">{"id": "d801d99e-1718-40fe-a474-d98d83f684c8", "value": "Indian"}</skos:prefLabel>
        <skos:scopeNote xml:lang="en">{"id": "065291e5-02b3-429b-83d0-25679ca95d9c", "value": "Use for vessels registered in India."}</skos:scopeNote>
        <skos:inScheme rdf:resource="http://localhost:8000/5986bf4b-2407-3b5f-8c66-b0147e85663b"/>
        <dcterms:identifier xml:lang="en">{"id": "1ccff4fb-dac4-4e79-a5ad-7da6a30af0f8", "value": "http://purl.org/heritagedata/schemes/80/concepts/123793"}</dcterms:identifier>
      </skos:Concept>
    </skos:narrower>
    <skos:narrower rdf:resource="http://localhost:8000/34689562-2521-3c49-8024-b4d27cb6c584"/>
    <skos:narrower rdf:resource="http://localhost:8000/542d8d76-140a-3c54-a29e-fa9e4c08792a"/>
    <skos:narrower rdf:resource="http://localhost:8000/14bc66a4-f140-307c-b5a5-f85f3843ae30"/>
    <skos:inScheme rdf:resource="http://localhost:8000/5986bf4b-2407-3b5f-8c66-b0147e85663b"/>
    <skos:narrower rdf:resource="http://localhost:8000/bf9befe3-e7ec-34e7-8ed2-5f90f797d2a2"/>
    <skos:narrower>
      <skos:Concept rdf:about="http://localhost:8000/32607224-e680-3693-a967-0cafa3c89284">
        <skos:scopeNote xml:lang="en">{"id": "87ae0294-9079-4455-a7a8-33a6e0b76a3e", "value": "Descriptive of inhabitants of, and cultural artefacts belonging to, Vietnam."}</skos:scopeNote>
        <skos:inScheme rdf:resource="http://localhost:8000/5986bf4b-2407-3b5f-8c66-b0147e85663b"/>
        <skos:prefLabel xml:lang="en">{"id": "b4470e5b-d3c8-49a9-8342-432bd03802ed", "value": "Vietnamese"}</skos:prefLabel>
        <dcterms:identifier xml:lang="en">{"id": "8fbd18ec-9256-4b4f-bde2-6bf8d7c6d164", "value": "http://purl.org/heritagedata/schemes/80/concepts/167564"}</dcterms:identifier>
      </skos:Concept>
    </skos:narrower>
    <skos:scopeNote xml:lang="en">{"id": "4cb85e7f-e887-44e6-90f3-74bcd50dd46f", "value": "Use for vessels believed to come from Asia but where the precise nationality is not known."}</skos:scopeNote>
    <dcterms:identifier xml:lang="en">{"id": "0db76c8e-0114-4114-9cf0-d3df4ad33910", "value": "http://purl.org/heritagedata/schemes/80/concepts/123829"}</dcterms:identifier>
    <skos:narrower>
      <skos:Concept rdf:about="http://localhost:8000/7efd233d-e691-358e-83c5-bb7b23a1024c">
        <skos:prefLabel xml:lang="en">{"id": "2ab28d42-297c-4afe-b3dc-937bd103d499", "value": "Pakistani"}</skos:prefLabel>
        <dcterms:identifier xml:lang="en">{"id": "f41bd5ab-9ce7-4105-8627-8f6d7b27b4aa", "value": "http://purl.org/heritagedata/schemes/80/concepts/151857"}</dcterms:identifier>
        <skos:scopeNote xml:lang="en">{"id": "c6983318-c54b-4c5d-8bef-350a0dcc9293", "value": "Use for vessels registered in Pakistan."}</skos:scopeNote>
        <skos:inScheme rdf:resource="http://localhost:8000/5986bf4b-2407-3b5f-8c66-b0147e85663b"/>
      </skos:Concept>
    </skos:narrower>
    <skos:narrower rdf:resource="http://localhost:8000/1fd83f21-6426-3beb-b8ee-09decb1c847e"/>
  </skos:Concept>
  <skos:Concept rdf:about="http://localhost:8000/f86fce3c-2998-393f-aded-a577ecf40834">
    <skos:scopeNote xml:lang="en">{"id": "e3acc5f4-1e8b-4cfb-b65b-2a64ad874d38", "value": "Use for vessels registered in Venezuela."}</skos:scopeNote>
    <dcterms:identifier xml:lang="en">{"id": "c2130474-b4e3-49e9-b631-44445ab54392", "value": "http://purl.org/heritagedata/schemes/80/concepts/123815"}</dcterms:identifier>
    <skos:prefLabel xml:lang="en">{"id": "17697508-aef5-433a-8fc7-64b1917749b3", "value": "Venezuelan"}</skos:prefLabel>
    <skos:inScheme rdf:resource="http://localhost:8000/5986bf4b-2407-3b5f-8c66-b0147e85663b"/>
  </skos:Concept>
  <skos:Concept rdf:about="http://localhost:8000/975e28f6-fc0e-3122-9596-7f24f27999e0">
    <skos:narrower rdf:resource="http://localhost:8000/61c50330-ee15-34ec-aae6-3adcfa9b8ea0"/>
    <skos:narrower>
      <skos:Concept rdf:about="http://localhost:8000/4cc19a5c-aa8d-3e87-8b43-0125f80c3565">
        <skos:prefLabel xml:lang="en">{"id": "6c05a7a0-c18d-4ca0-8f3b-dc8d37b6b500", "value": "Australian"}</skos:prefLabel>
        <skos:scopeNote xml:lang="en">{"id": "2561721d-043e-49fc-a28c-13c5dcb0f2d7", "value": "Use for vessels registered in Australia."}</skos:scopeNote>
        <skos:inScheme rdf:resource="http://localhost:8000/5986bf4b-2407-3b5f-8c66-b0147e85663b"/>
        <dcterms:identifier xml:lang="en">{"id": "b3e23de8-77b3-4a74-83ac-f20fe415ef8e", "value": "http://purl.org/heritagedata/schemes/80/concepts/123775"}</dcterms:identifier>
      </skos:Concept>
    </skos:narrower>
    <skos:prefLabel xml:lang="en">{"id": "80db1137-8452-437e-b0b1-d2fb4c4251d7", "value": "Australasian"}</skos:prefLabel>
    <skos:scopeNote xml:lang="en">{"id": "5b5e1d25-e320-48a8-b51b-5ccc4aacd3ff", "value": "Use for vessels believed to come from Australasia but where the precise nationality is not known."}</skos:scopeNote>
    <dcterms:identifier xml:lang="en">{"id": "b0b0be2b-ec68-4758-964a-bb49876ae427", "value": "http://purl.org/heritagedata/schemes/80/concepts/123830"}</dcterms:identifier>
    <skos:inScheme rdf:resource="http://localhost:8000/5986bf4b-2407-3b5f-8c66-b0147e85663b"/>
  </skos:Concept>
  <skos:Concept rdf:about="http://localhost:8000/d4de147b-987a-36a2-b05d-00ad0d8337fd">
    <skos:narrower rdf:resource="http://localhost:8000/fcc100a8-c042-319b-9958-206b29a70f5a"/>
    <skos:narrower rdf:resource="http://localhost:8000/f86fce3c-2998-393f-aded-a577ecf40834"/>
    <skos:narrower>
      <skos:Concept rdf:about="http://localhost:8000/b70f178b-e446-3f6a-a645-40433dfe8154">
        <skos:inScheme rdf:resource="http://localhost:8000/5986bf4b-2407-3b5f-8c66-b0147e85663b"/>
        <skos:scopeNote xml:lang="en">{"id": "e1da52dc-f72b-42e5-be40-69e347efd3ea", "value": "Use for vessels registered in Uruguay."}</skos:scopeNote>
        <dcterms:identifier xml:lang="en">{"id": "67312cd8-aa3c-4e18-9bc3-dcf6cb04c744", "value": "http://purl.org/heritagedata/schemes/80/concepts/123825"}</dcterms:identifier>
        <skos:prefLabel xml:lang="en">{"id": "e005d3c0-8822-4b0c-a0ea-39ecc9442cd5", "value": "Uruguayan"}</skos:prefLabel>
      </skos:Concept>
    </skos:narrower>
    <skos:prefLabel xml:lang="en">{"id": "414e88e5-afd8-4ba0-b4e0-bfb8a96dd373", "value": "South American"}</skos:prefLabel>
    <dcterms:identifier xml:lang="en">{"id": "2be360f0-4c4f-46f8-83ce-2b9d7bf8e853", "value": "http://purl.org/heritagedata/schemes/80/concepts/123826"}</dcterms:identifier>
    <skos:inScheme rdf:resource="http://localhost:8000/5986bf4b-2407-3b5f-8c66-b0147e85663b"/>
    <skos:narrower>
      <skos:Concept rdf:about="http://localhost:8000/d5d3b250-f9c4-3700-aecc-05d4905059fd">
        <skos:inScheme rdf:resource="http://localhost:8000/5986bf4b-2407-3b5f-8c66-b0147e85663b"/>
        <skos:prefLabel xml:lang="en">{"id": "faa2b351-4543-4c52-9cd3-5ecfc4d954e1", "value": "Argentinian"}</skos:prefLabel>
        <dcterms:identifier xml:lang="en">{"id": "5a5002f3-0e76-44b5-965e-52c0ccc86be9", "value": "http://purl.org/heritagedata/schemes/80/concepts/123774"}</dcterms:identifier>
        <skos:scopeNote xml:lang="en">{"id": "b80cdc81-5106-4ea0-9c60-b5cb65400eb2", "value": "Use for vessels registered in Argentina."}</skos:scopeNote>
      </skos:Concept>
    </skos:narrower>
    <skos:scopeNote xml:lang="en">{"id": "1511604a-687e-4083-aa11-9f14aa5ef330", "value": "Use for vessels believed to come from South America but where the precise nationality is not known."}</skos:scopeNote>
    <skos:narrower>
      <skos:Concept rdf:about="http://localhost:8000/afc7ce92-19e2-35f4-b9fd-e58f8b6a7eff">
        <skos:prefLabel xml:lang="en">{"id": "79bae953-20b9-477f-96ec-a9f246168fbf", "value": "Peruvian"}</skos:prefLabel>
        <dcterms:identifier xml:lang="en">{"id": "015ac99c-5fd1-4a47-9a22-89bb449fdfa9", "value": "http://purl.org/heritagedata/schemes/80/concepts/123817"}</dcterms:identifier>
        <skos:scopeNote xml:lang="en">{"id": "b16eeac2-abfa-4da5-ab9f-b93f22850438", "value": "Use for vessels registered in Peru."}</skos:scopeNote>
        <skos:inScheme rdf:resource="http://localhost:8000/5986bf4b-2407-3b5f-8c66-b0147e85663b"/>
      </skos:Concept>
    </skos:narrower>
  </skos:Concept>
  <skos:Concept rdf:about="http://localhost:8000/0a15f6f2-9b34-3bab-bdd3-3cc2ff469c42">
    <skos:narrower>
      <skos:Concept rdf:about="http://localhost:8000/031d86a0-566c-3c9b-a8ae-58901eab372f">
        <skos:inScheme rdf:resource="http://localhost:8000/5986bf4b-2407-3b5f-8c66-b0147e85663b"/>
        <dcterms:identifier xml:lang="en">{"id": "cce81bd4-be05-44f1-a660-cedaa5626698", "value": "http://purl.org/heritagedata/schemes/80/concepts/123797"}</dcterms:identifier>
        <skos:scopeNote xml:lang="en">{"id": "b7415c2a-2615-4b97-a9a8-513cd28dae17", "value": "Use for vessels registered in Liberia. Often used as a flag of convenience."}</skos:scopeNote>
        <skos:prefLabel xml:lang="en">{"id": "625f2ac9-6a5a-4ec2-9bf7-f349ac45ac04", "value": "Liberian"}</skos:prefLabel>
      </skos:Concept>
    </skos:narrower>
    <skos:narrower>
      <skos:Concept rdf:about="http://localhost:8000/cd8b9dda-9973-3c3a-a33d-8cfd84677efa">
        <dcterms:identifier xml:lang="en">{"id": "3acde64a-639d-4e20-a4ef-e6ef701545e8", "value": "http://purl.org/heritagedata/schemes/80/concepts/123807"}</dcterms:identifier>
        <skos:scopeNote xml:lang="en">{"id": "f41e6dd0-c868-4fa9-af52-7f51c692c7cf", "value": "Use for vessels registered in South Africa."}</skos:scopeNote>
        <skos:prefLabel xml:lang="en">{"id": "ea91fcad-fa4c-46df-a8ae-f8b7bbe0222c", "value": "South African"}</skos:prefLabel>
        <skos:inScheme rdf:resource="http://localhost:8000/5986bf4b-2407-3b5f-8c66-b0147e85663b"/>
      </skos:Concept>
    </skos:narrower>
    <skos:narrower>
      <skos:Concept rdf:about="http://localhost:8000/5fb18492-3d25-327c-b282-6663d27320d0">
        <skos:prefLabel xml:lang="en">{"id": "0f6ebbe2-7cf6-42e8-a5bf-91fa6bc8f84c", "value": "Algerian"}</skos:prefLabel>
        <skos:scopeNote xml:lang="en">{"id": "d12d7e1d-1e3f-44a6-8369-4f2bfc343e5d", "value": "Use for vessels registered in Algeria."}</skos:scopeNote>
        <skos:inScheme rdf:resource="http://localhost:8000/5986bf4b-2407-3b5f-8c66-b0147e85663b"/>
        <dcterms:identifier xml:lang="en">{"id": "af098304-b3f1-4a3c-b9b9-f936864faf08", "value": "http://purl.org/heritagedata/schemes/80/concepts/123824"}</dcterms:identifier>
      </skos:Concept>
    </skos:narrower>
    <dcterms:identifier xml:lang="en">{"id": "dc3df0ec-c5ba-46d3-aa4a-bceb2c4e80f5", "value": "http://purl.org/heritagedata/schemes/80/concepts/123828"}</dcterms:identifier>
    <skos:prefLabel xml:lang="en">{"id": "882f21cd-b56f-4836-9af0-6b07671b3703", "value": "African"}</skos:prefLabel>
    <skos:inScheme rdf:resource="http://localhost:8000/5986bf4b-2407-3b5f-8c66-b0147e85663b"/>
    <skos:narrower>
      <skos:Concept rdf:about="http://localhost:8000/d17f8ba8-d457-3e0f-81cd-f087ccbf20b9">
        <skos:prefLabel xml:lang="en">{"id": "d849a45f-0168-4dfc-9e3b-613835f68bf3", "value": "Somali"}</skos:prefLabel>
        <dcterms:identifier xml:lang="en">{"id": "4037b533-905b-42fc-9e58-97979f00677a", "value": "http://purl.org/heritagedata/schemes/80/concepts/152293"}</dcterms:identifier>
        <skos:inScheme rdf:resource="http://localhost:8000/5986bf4b-2407-3b5f-8c66-b0147e85663b"/>
        <skos:scopeNote xml:lang="en">{"id": "669ece5e-9d1b-4b41-a242-b727d085ab4c", "value": "Of Somalia"}</skos:scopeNote>
      </skos:Concept>
    </skos:narrower>
    <skos:narrower>
      <skos:Concept rdf:about="http://localhost:8000/9fb67dde-6823-395d-b4bb-75212ab8c24b">
        <skos:inScheme rdf:resource="http://localhost:8000/5986bf4b-2407-3b5f-8c66-b0147e85663b"/>
        <skos:prefLabel xml:lang="en">{"id": "f2357cfb-7bcc-43d9-849e-653b36e99d53", "value": "Egyptian"}</skos:prefLabel>
        <dcterms:identifier xml:lang="en">{"id": "3a995ac4-1332-43cc-aee1-3502507abbd1", "value": "http://purl.org/heritagedata/schemes/80/concepts/152480"}</dcterms:identifier>
        <skos:scopeNote xml:lang="en">{"id": "23ccfec7-e8c9-4017-b374-d5c82dbd9783", "value": "Use for vessels registered in Egypt."}</skos:scopeNote>
      </skos:Concept>
    </skos:narrower>
    <skos:narrower>
      <skos:Concept rdf:about="http://localhost:8000/6b516ce7-f864-360b-bd92-db9d74587e0b">
        <skos:scopeNote xml:lang="en">{"id": "b008ddb7-2c95-436b-9d20-0df436975793", "value": "Use for vessels registered in Morocco."}</skos:scopeNote>
        <skos:inScheme rdf:resource="http://localhost:8000/5986bf4b-2407-3b5f-8c66-b0147e85663b"/>
        <dcterms:identifier xml:lang="en">{"id": "a8a7290a-c722-4cd7-be2e-cc3cb7b82f2d", "value": "http://purl.org/heritagedata/schemes/80/concepts/123818"}</dcterms:identifier>
        <skos:prefLabel xml:lang="en">{"id": "9ae3c760-7ea4-49d0-bdbf-589c5069dbca", "value": "Moroccan"}</skos:prefLabel>
      </skos:Concept>
    </skos:narrower>
    <skos:scopeNote xml:lang="en">{"id": "3c422599-1003-413f-be89-cd740df4422e", "value": "Use for vessels believed to come from Africa but where the precise nationality is not known."}</skos:scopeNote>
  </skos:Concept>
  <skos:Concept rdf:about="http://localhost:8000/f348aeb4-6b07-3bae-9c14-5b70b6677df1">
    <skos:narrower rdf:resource="http://localhost:8000/74b6275e-a56d-3ded-ad78-43148600b53b"/>
    <skos:inScheme rdf:resource="http://localhost:8000/5986bf4b-2407-3b5f-8c66-b0147e85663b"/>
    <skos:narrower>
      <skos:Concept rdf:about="http://localhost:8000/051d7445-5f19-3a5d-923d-e437aff4d5b4">
        <dcterms:identifier xml:lang="en">{"id": "82c91fba-fe84-460a-97a6-86510608e8a0", "value": "http://purl.org/heritagedata/schemes/80/concepts/141890"}</dcterms:identifier>
        <skos:scopeNote xml:lang="en">{"id": "76d841a6-41a4-4726-a716-88b5ddd53b83", "value": "Use for vessels registered in Antigua."}</skos:scopeNote>
        <skos:prefLabel xml:lang="en">{"id": "46cd4ecc-e53d-404b-ae98-6d882159bc90", "value": "Antiguan"}</skos:prefLabel>
        <skos:inScheme rdf:resource="http://localhost:8000/5986bf4b-2407-3b5f-8c66-b0147e85663b"/>
      </skos:Concept>
    </skos:narrower>
    <skos:narrower>
      <skos:Concept rdf:about="http://localhost:8000/e9c5f5df-b1f8-36cb-aa7e-20098ecd0b9b">
        <skos:inScheme rdf:resource="http://localhost:8000/5986bf4b-2407-3b5f-8c66-b0147e85663b"/>
        <skos:prefLabel xml:lang="en">{"id": "7dba2a45-0ff3-47af-a004-0f62a6d18258", "value": "Barbadian"}</skos:prefLabel>
        <dcterms:identifier xml:lang="en">{"id": "18de2e99-46f5-45c6-8e24-8ce73228fed0", "value": "http://purl.org/heritagedata/schemes/80/concepts/152441"}</dcterms:identifier>
      </skos:Concept>
    </skos:narrower>
    <dcterms:identifier xml:lang="en">{"id": "652ba68b-a940-4508-a355-39e64995ad74", "value": "http://purl.org/heritagedata/schemes/80/concepts/123827"}</dcterms:identifier>
    <skos:prefLabel xml:lang="en">{"id": "cf57cd99-167f-48fc-8b86-58810681a7ce", "value": "North American"}</skos:prefLabel>
    <skos:narrower>
      <skos:Concept rdf:about="http://localhost:8000/3b45d968-0b48-3342-9671-dff754b6adcb">
        <skos:prefLabel xml:lang="en">{"id": "d99a019c-1539-4e36-9dce-7873057ad9a4", "value": "Cuban"}</skos:prefLabel>
        <skos:scopeNote xml:lang="en">{"id": "a8e10279-d52d-4fd3-8ead-bf65a43a226c", "value": "Use for vessels registered in Cuba."}</skos:scopeNote>
        <skos:inScheme rdf:resource="http://localhost:8000/5986bf4b-2407-3b5f-8c66-b0147e85663b"/>
        <dcterms:identifier xml:lang="en">{"id": "d974b224-3952-4033-b40e-fb5b5e2ecb1b", "value": "http://purl.org/heritagedata/schemes/80/concepts/123781"}</dcterms:identifier>
      </skos:Concept>
    </skos:narrower>
    <skos:narrower>
      <skos:Concept rdf:about="http://localhost:8000/caefce7b-7809-36c6-8106-57ed86db7092">
        <skos:prefLabel xml:lang="en">{"id": "96f05bc8-1366-425a-9657-8f0ffde51798", "value": "Canadian"}</skos:prefLabel>
        <dcterms:identifier xml:lang="en">{"id": "b604f24f-e8a1-4a78-8a5e-63ea56ed8930", "value": "http://purl.org/heritagedata/schemes/80/concepts/123778"}</dcterms:identifier>
        <skos:scopeNote xml:lang="en">{"id": "edbabb00-726f-4bbb-b04f-52e94c45c3d2", "value": "Use for vessels registered in Canada."}</skos:scopeNote>
        <skos:inScheme rdf:resource="http://localhost:8000/5986bf4b-2407-3b5f-8c66-b0147e85663b"/>
      </skos:Concept>
    </skos:narrower>
    <skos:scopeNote xml:lang="en">{"id": "8b8ebbd1-916b-43cb-9b2c-8227b1d2a8ba", "value": "Use for vessels believed to come from North America but where the precise nationality is not known."}</skos:scopeNote>
    <skos:narrower rdf:resource="http://localhost:8000/093e8e78-bd7e-3ccc-86bb-7e29e316d0b9"/>
  </skos:Concept>
  <skos:Concept rdf:about="http://localhost:8000/bf2f644f-e888-3d47-bc45-a260ea1ad3bf">
    <skos:narrower rdf:resource="http://localhost:8000/871e42d6-d569-3769-825f-72e477f04452"/>
    <skos:prefLabel xml:lang="en">{"id": "5197ec42-4523-4f37-b718-09d4aef29caa", "value": "Maritime Nationality"}</skos:prefLabel>
    <skos:inScheme rdf:resource="http://localhost:8000/5986bf4b-2407-3b5f-8c66-b0147e85663b"/>
    <skos:narrower rdf:resource="http://localhost:8000/0a15f6f2-9b34-3bab-bdd3-3cc2ff469c42"/>
    <dcterms:identifier xml:lang="en">{"id": "8dfe4397-29a6-47fc-8514-a6e7f0c121cd", "value": "http://purl.org/heritagedata/schemes/80/concepts/79275"}</dcterms:identifier>
    <skos:narrower rdf:resource="http://localhost:8000/c8022934-42a6-368f-918e-a5ac59694928"/>
    <skos:narrower rdf:resource="http://localhost:8000/d1dac625-0e37-33d0-b2b7-3b61d7b793a0"/>
    <skos:scopeNote xml:lang="en">{"id": "18fce060-0bcb-413a-af96-e94640f0356f", "value": "The nationality of a vessel according to its registration."}</skos:scopeNote>
    <skos:narrower rdf:resource="http://localhost:8000/975e28f6-fc0e-3122-9596-7f24f27999e0"/>
    <skos:narrower rdf:resource="http://localhost:8000/d4de147b-987a-36a2-b05d-00ad0d8337fd"/>
    <skos:narrower rdf:resource="http://localhost:8000/f348aeb4-6b07-3bae-9c14-5b70b6677df1"/>
  </skos:Concept>
</rdf:RDF>
