<?xml version="1.0" encoding="utf-8"?>
<rdf:RDF
  xmlns:skos="http://www.w3.org/2004/02/skos/core#"
  xmlns:dcterms="http://purl.org/dc/terms/"
  xmlns:rdf="http://www.w3.org/1999/02/22-rdf-syntax-ns#"
>
  <skos:Concept rdf:about="http://localhost:8000/a4d47b92-2bee-3aff-95cc-0115b0d3cf22">
    <skos:inScheme>
      <skos:ConceptScheme rdf:about="http://localhost:8000/faec338a-8ae1-3043-96e7-3177fdabdec0">
        <dcterms:title xml:lang="en">{"id": "86b78db6-68ca-46a7-a516-d1ad9d6861c2", "value": "FISH Evidence Thesaurus"}</dcterms:title>
        <skos:hasTopConcept rdf:resource="http://localhost:8000/af4a9a4d-96ef-3293-a2a4-fbddd9bafa99"/>
        <dcterms:description xml:lang="en">{"id": "45e943f6-7f34-483a-b2da-eafaa45fce99", "value": "Terminology covering the existing physical remains of a monument, or the means by which a monument has been identified where no physical remains exist"}</dcterms:description>
        <dcterms:identifier xml:lang="en">{"id": "0a031767-5bca-4ef5-82c2-0abe6c23db8c", "value": "http://purl.org/heritagedata/schemes/eh_evd"}</dcterms:identifier>
      </skos:ConceptScheme>
    </skos:inScheme>
    <skos:narrower>
      <skos:Concept rdf:about="http://localhost:8000/a51c6291-921f-3782-a608-dab6591f5131">
        <skos:prefLabel xml:lang="en">{"id": "526198c1-1862-4f30-b1f0-f9975096bda9", "value": "Side Scan Sonar Contact"}</skos:prefLabel>
        <skos:scopeNote xml:lang="en">{"id": "fa6383c3-9e29-4cc1-92b9-e6549b72cd5a", "value": "An object projecting out of the sea bed detected by marine survey equipment that emits and receives high frequency sound waves projected sideways from a boat or towed array."}</skos:scopeNote>
        <skos:inScheme rdf:resource="http://localhost:8000/faec338a-8ae1-3043-96e7-3177fdabdec0"/>
        <dcterms:identifier xml:lang="en">{"id": "3465e3bb-e960-4ff4-8bb7-28a8b3961147", "value": "http://purl.org/heritagedata/schemes/eh_evd/concepts/82796"}</dcterms:identifier>
      </skos:Concept>
    </skos:narrower>
    <skos:prefLabel xml:lang="en">{"id": "5aad5b48-7fe4-4277-a7e9-4eef111a30ee", "value": "Sonar Contact"}</skos:prefLabel>
    <dcterms:identifier xml:lang="en">{"id": "96010b36-e11c-4398-ac8b-411b97ede7c1", "value": "http://purl.org/heritagedata/schemes/eh_evd/concepts/82797"}</dcterms:identifier>
    <skos:scopeNote xml:lang="en">{"id": "13f8db79-86c0-4f6c-bacf-30c30bb02580", "value": "An object lying on the sea bed detected by marine survey equipment that emits and receives high frequency sound waves."}</skos:scopeNote>
  </skos:Concept>
  <skos:Concept rdf:about="http://localhost:8000/1e57824c-ef51-3d3c-8b23-8449f990ac74">
    <skos:scopeNote xml:lang="en">{"id": "0c214d29-498b-4eec-8c53-c0af1c04ccc5", "value": "A monument composed of plants or trees which are still extant. Especially relevant for park and garden features. For example tree avenue, orchard, rose garden and lawn."}</skos:scopeNote>
    <skos:inScheme rdf:resource="http://localhost:8000/faec338a-8ae1-3043-96e7-3177fdabdec0"/>
    <skos:prefLabel xml:lang="en">{"id": "9aae494e-bbcf-48a6-9e93-343b1c72f9fb", "value": "Botanical Feature"}</skos:prefLabel>
    <dcterms:identifier xml:lang="en">{"id": "cb572475-8864-4d68-b88d-46967ac118e7", "value": "http://purl.org/heritagedata/schemes/eh_evd/concepts/99691"}</dcterms:identifier>
  </skos:Concept>
  <skos:Concept rdf:about="http://localhost:8000/fb941f4d-da81-3e9c-a1a8-3de080908574">
    <dcterms:identifier xml:lang="en">{"id": "33c4ea70-2920-47d0-babb-c3ebc0176cb6", "value": "http://purl.org/heritagedata/schemes/eh_evd/concepts/139114"}</dcterms:identifier>
    <skos:prefLabel xml:lang="en">{"id": "374e4d70-1b07-4d64-af28-76da193ba592", "value": "Wreckage"}</skos:prefLabel>
    <skos:inScheme rdf:resource="http://localhost:8000/faec338a-8ae1-3043-96e7-3177fdabdec0"/>
    <skos:scopeNote xml:lang="en">{"id": "9a3ca8b3-8b4b-45b4-972c-d1e3dc7b1340", "value": "The fragmentary or substantial remains of a vehicle or aircraft. Where recovered from excavation double index with SUB SURFACE DEPOSIT."}</skos:scopeNote>
  </skos:Concept>
  <skos:Concept rdf:about="http://localhost:8000/fe0f8c8b-0a5c-3957-9088-d4ad10ddaf9b">
    <skos:inScheme rdf:resource="http://localhost:8000/faec338a-8ae1-3043-96e7-3177fdabdec0"/>
    <dcterms:identifier xml:lang="en">{"id": "a82e9fd7-6305-455d-a4a1-c63d4a954d9a", "value": "http://purl.org/heritagedata/schemes/eh_evd/concepts/97296"}</dcterms:identifier>
    <skos:scopeNote xml:lang="en">{"id": "4f297fe3-7788-4f46-8f72-dd8d4a6adc90", "value": "Monument whose existence is inferred from the traces of architectural features. Eg include shadow marks on building walls or beams, pillars, floors incorporated into a later structure, suggesting the existence of an earlier building."}</skos:scopeNote>
    <skos:prefLabel xml:lang="en">{"id": "bfc2c51a-6f52-4ee0-86c9-05f568853705", "value": "Architectural Component"}</skos:prefLabel>
  </skos:Concept>
  <skos:Concept rdf:about="http://localhost:8000/9f4ad871-24c2-397a-af7f-43d69c65173b">
    <dcterms:identifier xml:lang="en">{"id": "0142c13e-e29a-4449-b8f7-62f6d1c7b3cf", "value": "http://purl.org/heritagedata/schemes/eh_evd/concepts/146360"}</dcterms:identifier>
    <skos:inScheme rdf:resource="http://localhost:8000/faec338a-8ae1-3043-96e7-3177fdabdec0"/>
    <skos:scopeNote xml:lang="en">{"id": "672fb5b4-1301-46a4-a791-5935460f5786", "value": "An object in the sea bed recorded on the Hydrographic Office plot of objects snagged by nets during trawling."}</skos:scopeNote>
    <skos:prefLabel xml:lang="en">{"id": "ea59e1a3-049f-40c8-bba2-a816b30c7143", "value": "Marine Trawling Plot"}</skos:prefLabel>
  </skos:Concept>
  <skos:Concept rdf:about="http://localhost:8000/86b1134e-1880-39c6-94f3-ed99ec8c56a9">
    <skos:scopeNote xml:lang="en">{"id": "c48e951a-b6db-475b-96b3-35a86596e6fa", "value": "Natural feature or area deliberately enhanced to construct a monument, eg rock carving, cave, rock shelter."}</skos:scopeNote>
    <dcterms:identifier xml:lang="en">{"id": "7ea71a34-e83e-4cf5-a01b-4857577686df", "value": "http://purl.org/heritagedata/schemes/eh_evd/concepts/84567"}</dcterms:identifier>
    <skos:prefLabel xml:lang="en">{"id": "c3ce4bbb-3191-4bac-995e-d1bd7530cf10", "value": "Enhanced Natural Feature"}</skos:prefLabel>
    <skos:inScheme rdf:resource="http://localhost:8000/faec338a-8ae1-3043-96e7-3177fdabdec0"/>
  </skos:Concept>
  <skos:Concept rdf:about="http://localhost:8000/ffee8e12-7eb3-3838-893d-82c452b9a6f2">
    <dcterms:identifier xml:lang="en">{"id": "275ff822-1f62-4236-b1d3-7da6b4372e15", "value": "http://purl.org/heritagedata/schemes/eh_evd/concepts/140391"}</dcterms:identifier>
    <skos:scopeNote xml:lang="en">{"id": "fa04f4cf-5b6f-40c8-8056-63673b413a69", "value": "A monument whose presence is inferred from verbally delivered information drawn from the speaker's personal knowledge."}</skos:scopeNote>
    <skos:inScheme rdf:resource="http://localhost:8000/faec338a-8ae1-3043-96e7-3177fdabdec0"/>
    <skos:prefLabel xml:lang="en">{"id": "5f68b058-3249-4ae0-a6dd-f433adf4a59f", "value": "Oral Evidence"}</skos:prefLabel>
  </skos:Concept>
  <skos:Concept rdf:about="http://localhost:8000/0c388576-6409-365a-86b7-9ea0370e2f3a">
    <dcterms:identifier xml:lang="en">{"id": "d97a543e-d29c-4113-81c5-d4b89aa5b619", "value": "http://purl.org/heritagedata/schemes/eh_evd/concepts/142975"}</dcterms:identifier>
    <skos:scopeNote xml:lang="en">{"id": "093a9929-05ee-49ef-8fa4-df26e480a9d5", "value": "A deposit that forms the ground surface (when the evidence is collected), particularly a hard surface such as a floor or road."}</skos:scopeNote>
    <skos:prefLabel xml:lang="en">{"id": "012b8e00-47ef-4957-8bda-f065a2fdbe87", "value": "Surface Deposit"}</skos:prefLabel>
    <skos:inScheme rdf:resource="http://localhost:8000/faec338a-8ae1-3043-96e7-3177fdabdec0"/>
  </skos:Concept>
  <skos:Concept rdf:about="http://localhost:8000/e04e63e4-8a4a-320d-924b-bf63206b9812">
    <skos:inScheme rdf:resource="http://localhost:8000/faec338a-8ae1-3043-96e7-3177fdabdec0"/>
    <skos:prefLabel xml:lang="en">{"id": "d81b3335-8960-425d-b7be-d6e4c0d671b0", "value": "Documentary Evidence"}</skos:prefLabel>
    <skos:scopeNote xml:lang="en">{"id": "016b9da4-3bca-40a1-9178-23d83c1dc6f0", "value": "Monument known only from primary documentary sources eg books, maps, legal records, where no physical evidence exists. Use also where a monument has been planned but never constructed."}</skos:scopeNote>
    <dcterms:identifier xml:lang="en">{"id": "28882205-9812-4d76-8455-4f71d4f48e68", "value": "http://purl.org/heritagedata/schemes/eh_evd/concepts/82788"}</dcterms:identifier>
  </skos:Concept>
  <skos:Concept rdf:about="http://localhost:8000/eddfd552-51ca-3cd8-8e09-f29bbc8a8834">
    <skos:prefLabel xml:lang="en">{"id": "c6688662-e9b6-423f-aad0-49d1fe464f19", "value": "Building"}</skos:prefLabel>
    <skos:scopeNote xml:lang="en">{"id": "dbb43538-c49d-425e-b6a8-c3dc7689acb4", "value": "Monument with a roof and walls or evidence of these."}</skos:scopeNote>
    <skos:narrower>
      <skos:Concept rdf:about="http://localhost:8000/ac491512-e39e-35ae-8906-39fe2ab2e7a4">
        <skos:altLabel xml:lang="en">{"id": "929cccf6-a51f-4637-a770-61838e3ceffa", "value": "Roofed Building"}</skos:altLabel>
        <skos:scopeNote xml:lang="en">{"id": "9953986e-ddfb-4ba2-9103-de33f758ec15", "value": "Monument with roof or walls intact or substantially intact, significant survival of original features, even if building no longer in use for original function."}</skos:scopeNote>
        <skos:altLabel xml:lang="en">{"id": "e35e49e7-9df3-4a54-af24-0ee5bb76b2ca", "value": "Partially Destroyed Monument"}</skos:altLabel>
        <skos:prefLabel xml:lang="en">{"id": "1fa9d44b-d3b6-46f3-a026-7e8809e6750a", "value": "Extant Building"}</skos:prefLabel>
        <dcterms:identifier xml:lang="en">{"id": "c2e38cd9-d623-41fb-8d3f-913856e4e3f3", "value": "http://purl.org/heritagedata/schemes/eh_evd/concepts/97291"}</dcterms:identifier>
        <skos:altLabel xml:lang="en">{"id": "4995d4cf-9e4f-4534-ba8f-74c47300e7fd", "value": "Partially Demolished Building"}</skos:altLabel>
        <skos:inScheme rdf:resource="http://localhost:8000/faec338a-8ae1-3043-96e7-3177fdabdec0"/>
        <skos:altLabel xml:lang="en">{"id": "bb30cdbf-85da-4216-91ad-88e8d5949998", "value": "Building - Bonded"}</skos:altLabel>
        <skos:altLabel xml:lang="en">{"id": "96451052-b6ff-4ff5-be50-ddf8debab2c4", "value": "Building Complex"}</skos:altLabel>
        <skos:altLabel xml:lang="en">{"id": "e5f297d4-a3aa-4130-85f5-69c8239df649", "value": "Uninhabited Building"}</skos:altLabel>
        <skos:altLabel xml:lang="en">{"id": "b03266ee-f47b-45b6-8492-db5ecd84d019", "value": "Building - Other"}</skos:altLabel>
        <skos:altLabel xml:lang="en">{"id": "9cfab9d4-57d6-4126-b31b-585ff17f77e8", "value": "Inhabited Building"}</skos:altLabel>
        <skos:altLabel xml:lang="en">{"id": "754c7179-e80f-400c-80ba-9c773f2dfa9d", "value": "Roofed Ruin"}</skos:altLabel>
      </skos:Concept>
    </skos:narrower>
    <skos:narrower>
      <skos:Concept rdf:about="http://localhost:8000/fc1885ba-f303-33cb-b9ca-9b4ae86279e7">
        <skos:prefLabel xml:lang="en">{"id": "ce79a91b-6e80-4731-a5ca-4ff0366726ea", "value": "Ruined Building"}</skos:prefLabel>
        <skos:scopeNote xml:lang="en">{"id": "0f96c813-ab64-49d1-a660-6a5346bef53d", "value": "Monument visible as substantial above ground remains, retaining evidence of architecture and materials, with walls partially or completely intact but with roof and interior walls substantially or completely destroyed."}</skos:scopeNote>
        <dcterms:identifier xml:lang="en">{"id": "29068f3c-2765-4784-ab22-0a68607ba780", "value": "http://purl.org/heritagedata/schemes/eh_evd/concepts/87962"}</dcterms:identifier>
        <skos:altLabel xml:lang="en">{"id": "f9a70e40-b9bd-4269-a20f-8de104b2a121", "value": "Partially Demolished Building"}</skos:altLabel>
        <skos:inScheme rdf:resource="http://localhost:8000/faec338a-8ae1-3043-96e7-3177fdabdec0"/>
      </skos:Concept>
    </skos:narrower>
    <dcterms:identifier xml:lang="en">{"id": "7943dc1f-d29c-4140-acc6-9111bade34a1", "value": "http://purl.org/heritagedata/schemes/eh_evd/concepts/84564"}</dcterms:identifier>
    <skos:narrower>
      <skos:Concept rdf:about="http://localhost:8000/4ec1586b-989e-31a1-bf4e-0e5ba8e6891c">
        <skos:prefLabel xml:lang="en">{"id": "4588a5ad-32de-4096-a09d-1081f5dbcb45", "value": "Moved Building"}</skos:prefLabel>
        <skos:scopeNote xml:lang="en">{"id": "33edfffe-0bbe-4a31-99d5-40462e420e08", "value": "A building which has been moved from its original site either through active human intervention or natural processes such as erosion. For structures or objects such as gravestones use MOVED STRUCTURE."}</skos:scopeNote>
        <dcterms:identifier xml:lang="en">{"id": "f81b050e-651e-440f-bb7d-d4c0a4037bfa", "value": "http://purl.org/heritagedata/schemes/eh_evd/concepts/141908"}</dcterms:identifier>
        <skos:inScheme rdf:resource="http://localhost:8000/faec338a-8ae1-3043-96e7-3177fdabdec0"/>
      </skos:Concept>
    </skos:narrower>
    <skos:narrower>
      <skos:Concept rdf:about="http://localhost:8000/60da8a05-f927-3a00-899b-ecd6aad37b54">
        <skos:prefLabel xml:lang="en">{"id": "49a0991b-e502-4f97-9bfb-73530224db8b", "value": "Demolished Building"}</skos:prefLabel>
        <skos:scopeNote xml:lang="en">{"id": "5ec1b7d7-a316-4a06-8aa1-4cf05a1072d6", "value": "A monument previously consisting of a built structure, but which has been demolished, such that only a ground plan and foundations or similar are thought to remain. Where all below ground traces have also been removed use DESTROYED MONUMENT."}</skos:scopeNote>
        <skos:altLabel xml:lang="en">{"id": "49f394ee-a224-46aa-979a-1a3b53c50cbc", "value": "Building Foundation"}</skos:altLabel>
        <skos:inScheme rdf:resource="http://localhost:8000/faec338a-8ae1-3043-96e7-3177fdabdec0"/>
        <skos:altLabel xml:lang="en">{"id": "5d872d48-234d-4d17-8ef9-50154e062b40", "value": "Partially Demolished Building"}</skos:altLabel>
        <dcterms:identifier xml:lang="en">{"id": "2a028ace-13e6-4e06-b47e-e209c1112902", "value": "http://purl.org/heritagedata/schemes/eh_evd/concepts/100510"}</dcterms:identifier>
      </skos:Concept>
    </skos:narrower>
    <skos:inScheme rdf:resource="http://localhost:8000/faec338a-8ae1-3043-96e7-3177fdabdec0"/>
  </skos:Concept>
  <skos:Concept rdf:about="http://localhost:8000/c5b906bb-68a8-34f6-a01b-00737320c82e">
    <skos:scopeNote xml:lang="en">{"id": "cf4e982a-63d7-49d3-9e91-68191985a846", "value": "Monument visible on the sea, lake or river bed, either totally submerged at all times, or exposed at low tide, low water conditions etc."}</skos:scopeNote>
    <skos:altLabel xml:lang="en">{"id": "713b288f-df24-4ce7-891e-c8cdceb01e0e", "value": "Submerged"}</skos:altLabel>
    <skos:narrower>
      <skos:Concept rdf:about="http://localhost:8000/0f62ef26-5775-3e63-84f7-cdb4b0f8b3ac">
        <skos:scopeNote xml:lang="en">{"id": "c275f9e1-8860-41f0-a9d6-400a774fef36", "value": "A maritime monument where the remains of a vessel are known to exist but where no detailed information is available."}</skos:scopeNote>
        <skos:narrower rdf:resource="http://localhost:8000/1b4426b0-8728-38d6-84ca-70edc23d5904"/>
        <dcterms:identifier xml:lang="en">{"id": "dc94d0be-1a8c-4b58-94b8-e052b5858b38", "value": "http://purl.org/heritagedata/schemes/eh_evd/concepts/82799"}</dcterms:identifier>
        <skos:narrower rdf:resource="http://localhost:8000/bc654789-6cf1-3e2a-a9a5-d4472beb85e6"/>
        <skos:narrower rdf:resource="http://localhost:8000/ec0a82f6-7368-3f02-a0ab-ae17d99f852e"/>
        <skos:narrower rdf:resource="http://localhost:8000/45ef23b6-d977-30d9-8d00-caced0108569"/>
        <skos:narrower rdf:resource="http://localhost:8000/8cb9c7fa-af8b-34c4-a03a-764d5fd773ea"/>
        <skos:inScheme rdf:resource="http://localhost:8000/faec338a-8ae1-3043-96e7-3177fdabdec0"/>
        <skos:prefLabel xml:lang="en">{"id": "3be2b195-e3e0-4d5a-b681-7a2fd27391c7", "value": "Vessel Structure"}</skos:prefLabel>
      </skos:Concept>
    </skos:narrower>
    <skos:inScheme rdf:resource="http://localhost:8000/faec338a-8ae1-3043-96e7-3177fdabdec0"/>
    <dcterms:identifier xml:lang="en">{"id": "c38b85e5-0042-4249-8582-d9a757fa980a", "value": "http://purl.org/heritagedata/schemes/eh_evd/concepts/99975"}</dcterms:identifier>
    <skos:prefLabel xml:lang="en">{"id": "16f5dfe2-1dc4-4b67-b1e0-aff4405a97a6", "value": "Submerged Monument"}</skos:prefLabel>
  </skos:Concept>
  <skos:Concept rdf:about="http://localhost:8000/07e03c8e-fd0b-34d8-b875-c345b0d6fcb8">
    <skos:narrower>
      <skos:Concept rdf:about="http://localhost:8000/8a9b1a43-d74b-36a3-bcd4-3b521ab582da">
        <dcterms:identifier xml:lang="en">{"id": "ba0aea54-477a-4d0d-8b0d-4b1454214e39", "value": "http://purl.org/heritagedata/schemes/eh_evd/concepts/100511"}</dcterms:identifier>
        <skos:scopeNote xml:lang="en">{"id": "f8d7ea4a-c587-4816-a89d-f9448330cd6a", "value": "A monument where the evidence that defines the type of the monument derives from the nature of surface markings. Examples include graffitti on quarry walls."}</skos:scopeNote>
        <skos:inScheme rdf:resource="http://localhost:8000/faec338a-8ae1-3043-96e7-3177fdabdec0"/>
        <skos:prefLabel xml:lang="en">{"id": "1681f8a2-e5da-45a9-b554-215e0567ad0e", "value": "Modified Surface"}</skos:prefLabel>
      </skos:Concept>
    </skos:narrower>
    <skos:narrower rdf:resource="http://localhost:8000/0c388576-6409-365a-86b7-9ea0370e2f3a"/>
    <skos:narrower>
      <skos:Concept rdf:about="http://localhost:8000/3dbaf383-a9c2-38df-901e-2f773a7140c5">
        <skos:narrower rdf:resource="http://localhost:8000/917ed06b-c404-3058-be6c-3bea5bd75b02"/>
        <dcterms:identifier xml:lang="en">{"id": "21472d4a-4632-4049-8546-54a8377fc2cb", "value": "http://purl.org/heritagedata/schemes/eh_evd/concepts/84570"}</dcterms:identifier>
        <skos:altLabel xml:lang="en">{"id": "8e971857-48bf-4415-8213-d5e55feb568b", "value": "Standing Structure - Unbonded"}</skos:altLabel>
        <skos:narrower rdf:resource="http://localhost:8000/937d45e3-28db-3818-81ff-9b027eee24bc"/>
        <skos:altLabel xml:lang="en">{"id": "8e18e55d-5575-4a90-a104-38f873282348", "value": "Partially Destroyed Monument"}</skos:altLabel>
        <skos:inScheme rdf:resource="http://localhost:8000/faec338a-8ae1-3043-96e7-3177fdabdec0"/>
        <skos:altLabel xml:lang="en">{"id": "cfc9510c-0154-461b-ba5f-92a50ba1c81a", "value": "Other Structure"}</skos:altLabel>
        <skos:prefLabel xml:lang="en">{"id": "ce524a9c-82f8-4fd7-808f-a3be80646520", "value": "Structure"}</skos:prefLabel>
        <skos:narrower rdf:resource="http://localhost:8000/87944f71-242d-380e-a5be-bf9f046240e4"/>
        <skos:altLabel xml:lang="en">{"id": "ee0e6bc5-7997-4b25-9035-188dc0e8b788", "value": "Standing Structure - Bonded"}</skos:altLabel>
        <skos:altLabel xml:lang="en">{"id": "e72a89af-0fc5-406a-a7ad-5d42b8e7ccb8", "value": "Standing  Monument"}</skos:altLabel>
        <skos:scopeNote xml:lang="en">{"id": "cb1e1bb3-c64e-4dc1-ad35-c3ea27e7489d", "value": "Man-made building, edifice or construction of assembled material parts."}</skos:scopeNote>
        <skos:narrower rdf:resource="http://localhost:8000/05613a1e-ef5b-3833-9a8d-9db5a2c776f5"/>
      </skos:Concept>
    </skos:narrower>
    <skos:narrower rdf:resource="http://localhost:8000/1e57824c-ef51-3d3c-8b23-8449f990ac74"/>
    <skos:narrower>
      <skos:Concept rdf:about="http://localhost:8000/0edeac8c-6b8a-351c-8313-3903d2fb9b12">
        <skos:scopeNote xml:lang="en">{"id": "58983eed-a63d-4cc5-8207-5f39f7628986", "value": "Feature visible following archaeological excavation"}</skos:scopeNote>
        <skos:inScheme rdf:resource="http://localhost:8000/faec338a-8ae1-3043-96e7-3177fdabdec0"/>
        <skos:prefLabel xml:lang="en">{"id": "2256fe00-a356-402a-b28e-6ab172d36f67", "value": "Excavated Feature"}</skos:prefLabel>
        <dcterms:identifier xml:lang="en">{"id": "11e4b035-bcd0-4d87-a3d9-c22de41de860", "value": "http://purl.org/heritagedata/schemes/eh_evd/concepts/143015"}</dcterms:identifier>
      </skos:Concept>
    </skos:narrower>
    <skos:narrower rdf:resource="http://localhost:8000/eddfd552-51ca-3cd8-8e09-f29bbc8a8834"/>
    <skos:narrower rdf:resource="http://localhost:8000/86b1134e-1880-39c6-94f3-ed99ec8c56a9"/>
    <skos:narrower>
      <skos:Concept rdf:about="http://localhost:8000/d454b734-f733-355f-ba0c-b708b4664d60">
        <skos:prefLabel xml:lang="en">{"id": "67a2ccfc-a73c-4304-a9a3-ad56c5363c70", "value": "Natural Feature"}</skos:prefLabel>
        <dcterms:identifier xml:lang="en">{"id": "595d06c8-5d9b-4f87-afc5-e0e6db151803", "value": "http://purl.org/heritagedata/schemes/eh_evd/concepts/84568"}</dcterms:identifier>
        <skos:inScheme rdf:resource="http://localhost:8000/faec338a-8ae1-3043-96e7-3177fdabdec0"/>
        <skos:scopeNote xml:lang="en">{"id": "69e61369-c574-44bd-9249-13a5e4543b31", "value": "Monument thought to be archaeological or historical but proved to be natural."}</skos:scopeNote>
      </skos:Concept>
    </skos:narrower>
    <skos:narrower>
      <skos:Concept rdf:about="http://localhost:8000/803f2754-5824-3068-af89-9fb817299c42">
        <dcterms:identifier xml:lang="en">{"id": "375b5ca9-1d7f-4c63-a670-3eda3e34fbe2", "value": "http://purl.org/heritagedata/schemes/eh_evd/concepts/151454"}</dcterms:identifier>
        <skos:scopeNote xml:lang="en">{"id": "31fd1fdf-ffe9-4232-9d30-d378e6ebdd64", "value": "The deliberate deposit of a body in the ground, usually located in a special area set aside for the purpose of burial, such as a graveyard or cemetery."}</skos:scopeNote>
        <skos:prefLabel xml:lang="en">{"id": "2c1c95a6-0913-4eea-a827-6ccf6c35da10", "value": "Burial"}</skos:prefLabel>
        <skos:inScheme rdf:resource="http://localhost:8000/faec338a-8ae1-3043-96e7-3177fdabdec0"/>
      </skos:Concept>
    </skos:narrower>
    <skos:narrower>
      <skos:Concept rdf:about="http://localhost:8000/1f0682cc-24f8-35af-8a06-c1b86774726c">
        <skos:scopeNote xml:lang="en">{"id": "895e1648-ff35-4e65-acf8-d3dc1d89d117", "value": "Monument visible, usually from the air, due to the fill of features being of a different colour than the surrounding subsoil. Soilmarks show up well in ploughed fields or areas where the topsoil has been stripped.  Term derived from AN32 Glossary"}</skos:scopeNote>
        <skos:altLabel xml:lang="en">{"id": "4397aedd-9f54-4653-a7aa-703d11086770", "value": "AP Macula"}</skos:altLabel>
        <skos:altLabel xml:lang="en">{"id": "3bcd88a1-9f8b-4330-a2db-6686bb15b025", "value": "AP Site"}</skos:altLabel>
        <skos:altLabel xml:lang="en">{"id": "fabb3c00-5c6c-424c-ad6a-73b17f35219b", "value": "AP Linear Feature"}</skos:altLabel>
        <skos:inScheme rdf:resource="http://localhost:8000/faec338a-8ae1-3043-96e7-3177fdabdec0"/>
        <skos:altLabel xml:lang="en">{"id": "3152bbc9-c4c4-41de-8efb-cbd541377090", "value": "Soil Mark"}</skos:altLabel>
        <skos:prefLabel xml:lang="en">{"id": "63832170-2d1c-4c7e-9d33-62b6e5475657", "value": "Soilmark"}</skos:prefLabel>
        <dcterms:identifier xml:lang="en">{"id": "5a2384be-4c1a-4af1-be06-d3271560349a", "value": "http://purl.org/heritagedata/schemes/eh_evd/concepts/99982"}</dcterms:identifier>
        <skos:altLabel xml:lang="en">{"id": "1fe09d4f-df85-47b0-bf7e-b98a3e2cb2d0", "value": "AP Enclosure"}</skos:altLabel>
      </skos:Concept>
    </skos:narrower>
    <skos:narrower>
      <skos:Concept rdf:about="http://localhost:8000/793f3097-dfa2-35ab-9447-98f0f7a31c7f">
        <skos:scopeNote xml:lang="en">{"id": "68d01bbc-80b4-4779-bba5-52e9d5626534", "value": "An object such as an organ, display case or piece of furniture such as a pew, usually associated with a larger monument but which may be found in isolation. For example a war memorial roll of honour in its display case."}</skos:scopeNote>
        <skos:inScheme rdf:resource="http://localhost:8000/faec338a-8ae1-3043-96e7-3177fdabdec0"/>
        <skos:prefLabel xml:lang="en">{"id": "d933a831-f535-4b0b-96f8-c9461c09c120", "value": "Movable Object"}</skos:prefLabel>
        <dcterms:identifier xml:lang="en">{"id": "1ad84c63-bbfd-4d53-8750-cfb4afc684bb", "value": "http://purl.org/heritagedata/schemes/eh_evd/concepts/170018"}</dcterms:identifier>
      </skos:Concept>
    </skos:narrower>
    <skos:narrower rdf:resource="http://localhost:8000/fb941f4d-da81-3e9c-a1a8-3de080908574"/>
    <skos:narrower>
      <skos:Concept rdf:about="http://localhost:8000/8b609135-cf59-3fc6-b51a-92b05b0bdb7e">
        <skos:inScheme rdf:resource="http://localhost:8000/faec338a-8ae1-3043-96e7-3177fdabdec0"/>
        <skos:scopeNote xml:lang="en">{"id": "28a7f258-eddc-451b-801a-c45da95d9883", "value": "Monument whose existence is indicated by the discovery of isolated artefacts or an artefact scatter. Eg a scatter of roofing tiles indicating the presence of a building. Use narrow terms where circumstances of discovery are known."}</skos:scopeNote>
        <skos:narrower rdf:resource="http://localhost:8000/3a1df06f-bace-333c-a017-c9fe65b53cda"/>
        <dcterms:identifier xml:lang="en">{"id": "ebb3430e-ba04-4592-ad6e-650efa7da7b6", "value": "http://purl.org/heritagedata/schemes/eh_evd/concepts/82791"}</dcterms:identifier>
        <skos:prefLabel xml:lang="en">{"id": "8abbcdb0-0645-4789-a0d0-486c7f5c7b60", "value": "Find"}</skos:prefLabel>
        <skos:narrower rdf:resource="http://localhost:8000/dd633ee4-be74-3ed0-8836-198b0ec56480"/>
        <skos:narrower rdf:resource="http://localhost:8000/59884534-a0c0-3dcf-85df-050075ef3014"/>
      </skos:Concept>
    </skos:narrower>
    <skos:narrower>
      <skos:Concept rdf:about="http://localhost:8000/ad06f750-f444-3742-a678-57a67e2d2038">
        <skos:prefLabel xml:lang="en">{"id": "e0c3890f-7f1d-4e65-b567-840660b7f30e", "value": "Designed Landscape"}</skos:prefLabel>
        <dcterms:identifier xml:lang="en">{"id": "9167d8d4-3e5d-42e7-b8b4-94356ced055f", "value": "http://purl.org/heritagedata/schemes/eh_evd/concepts/151455"}</dcterms:identifier>
        <skos:inScheme rdf:resource="http://localhost:8000/faec338a-8ae1-3043-96e7-3177fdabdec0"/>
        <skos:scopeNote xml:lang="en">{"id": "2279cdf0-3367-47d3-9512-b4599f6b38a8", "value": "A landscape which has been specifically designed or modified. Often indicated by proven below ground stratigraphy, revealed by deliberate investigation including geophysical survey, or other surface monuments or structures."}</skos:scopeNote>
      </skos:Concept>
    </skos:narrower>
    <skos:narrower>
      <skos:Concept rdf:about="http://localhost:8000/dbf53122-9c63-3258-b41d-222ee17c088d">
        <skos:scopeNote xml:lang="en">{"id": "20010698-6d38-489e-a526-a2f880d57169", "value": "Monument existing as an upstanding earthwork, ditch or artificial watercourse, or as a low stone built feature not covered by the other categories."}</skos:scopeNote>
        <dcterms:identifier xml:lang="en">{"id": "c2f7fd87-a1af-4433-8351-a17ed0ee5258", "value": "http://purl.org/heritagedata/schemes/eh_evd/concepts/78252"}</dcterms:identifier>
        <skos:inScheme rdf:resource="http://localhost:8000/faec338a-8ae1-3043-96e7-3177fdabdec0"/>
        <skos:narrower rdf:resource="http://localhost:8000/df19c7e4-7cb2-3efc-b847-66361ecff908"/>
        <skos:prefLabel xml:lang="en">{"id": "5ac5a32a-47b6-42bf-b3f3-9ba13b806bc2", "value": "Earthwork"}</skos:prefLabel>
      </skos:Concept>
    </skos:narrower>
    <skos:narrower>
      <skos:Concept rdf:about="http://localhost:8000/828be8fe-0073-3113-b11b-d93060b9c97f">
        <skos:inScheme rdf:resource="http://localhost:8000/faec338a-8ae1-3043-96e7-3177fdabdec0"/>
        <skos:prefLabel xml:lang="en">{"id": "08e2d7db-2e14-4043-94da-0f49fe7ca0bf", "value": "Environmental Evidence"}</skos:prefLabel>
        <skos:scopeNote xml:lang="en">{"id": "397434d7-49db-4a5c-9e6b-c360f0107162", "value": "Evidence of past environmental conditions, eg insect, seed, pollen remains"}</skos:scopeNote>
        <dcterms:identifier xml:lang="en">{"id": "0ace61f9-c25e-4232-963a-33699006f0c8", "value": "http://purl.org/heritagedata/schemes/eh_evd/concepts/167857"}</dcterms:identifier>
      </skos:Concept>
    </skos:narrower>
    <skos:narrower>
      <skos:Concept rdf:about="http://localhost:8000/e30a4916-bc40-38c3-8ddd-913e9c9b5fb1">
        <skos:prefLabel xml:lang="en">{"id": "d1282714-09fd-44f1-b799-84ad0b87bb03", "value": "Subterranean Feature"}</skos:prefLabel>
        <skos:altLabel xml:lang="en">{"id": "c81d7621-c558-40d4-ac5b-30b455366f84", "value": "Subterranean"}</skos:altLabel>
        <skos:scopeNote xml:lang="en">{"id": "7e105299-f5a8-47a9-9629-ae390b966dcd", "value": "Monument visible as a below ground man-made structure. Use for tunnels, mineworking, cellars, shelters."}</skos:scopeNote>
        <skos:inScheme rdf:resource="http://localhost:8000/faec338a-8ae1-3043-96e7-3177fdabdec0"/>
        <dcterms:identifier xml:lang="en">{"id": "ec0b8606-ee58-43c6-a6c6-273e0d6501b3", "value": "http://purl.org/heritagedata/schemes/eh_evd/concepts/84571"}</dcterms:identifier>
      </skos:Concept>
    </skos:narrower>
    <dcterms:identifier xml:lang="en">{"id": "cf869ac9-e5e5-4767-9d2c-57846e23d3cf", "value": "http://purl.org/heritagedata/schemes/eh_evd/concepts/97294"}</dcterms:identifier>
    <skos:prefLabel xml:lang="en">{"id": "b6854511-fd60-4773-a2e4-f611ce3c71e8", "value": "Physical Evidence"}</skos:prefLabel>
    <skos:inScheme rdf:resource="http://localhost:8000/faec338a-8ae1-3043-96e7-3177fdabdec0"/>
    <skos:narrower>
      <skos:Concept rdf:about="http://localhost:8000/d11c6c0f-ff00-3f3b-bedd-7b40940310af">
        <skos:inScheme rdf:resource="http://localhost:8000/faec338a-8ae1-3043-96e7-3177fdabdec0"/>
        <skos:scopeNote xml:lang="en">{"id": "e2decc7a-a29b-43c0-8d6e-6191e42fe210", "value": "An element such as a window, door or wall decoration, usually associated with a larger monument but which may be found in isolation. For example a stained glass window or panelling saved from a demolished building."}</skos:scopeNote>
        <skos:prefLabel xml:lang="en">{"id": "2b8229b5-6a11-4e1c-b8b3-b93bc13b491a", "value": "Architectural Element"}</skos:prefLabel>
        <dcterms:identifier xml:lang="en">{"id": "b8cb9f16-cf9b-4f8c-bd67-bcd14cf148de", "value": "http://purl.org/heritagedata/schemes/eh_evd/concepts/169985"}</dcterms:identifier>
      </skos:Concept>
    </skos:narrower>
    <skos:narrower>
      <skos:Concept rdf:about="http://localhost:8000/7d42141f-8a6b-3305-8abe-c27ecaa27351">
        <skos:altLabel xml:lang="en">{"id": "242b8542-f7c2-419e-9c42-013fe2225fed", "value": "AP Enclosure"}</skos:altLabel>
        <skos:altLabel xml:lang="en">{"id": "089ffb20-0b5c-469e-919a-f7b416bdea56", "value": "Crop Mark"}</skos:altLabel>
        <skos:altLabel xml:lang="en">{"id": "5b677728-d4e6-4b77-86da-e3f18237e670", "value": "AP Linear Feature"}</skos:altLabel>
        <skos:prefLabel xml:lang="en">{"id": "83ae3749-6014-4bf4-bc31-c2c3e898f77b", "value": "Cropmark"}</skos:prefLabel>
        <skos:altLabel xml:lang="en">{"id": "24ee3ad0-5c63-42e1-b7d8-448504212bf8", "value": "AP Macula"}</skos:altLabel>
        <skos:altLabel xml:lang="en">{"id": "d812d50c-2ac6-4832-87ff-862165a8cb9a", "value": "AP Site"}</skos:altLabel>
        <dcterms:identifier xml:lang="en">{"id": "dc53d3c6-612d-4ba1-a404-74972337d60c", "value": "http://purl.org/heritagedata/schemes/eh_evd/concepts/78253"}</dcterms:identifier>
        <skos:scopeNote xml:lang="en">{"id": "48f86342-a061-4297-ae3e-6d96f47e2392", "value": "Monument visible as a mark in standing crops or parchmarks, but where no subsurface deposits have been proven eg by excavation or other ground disturbance, in which case SUB SURFACE DEPOSIT should be used."}</skos:scopeNote>
        <skos:inScheme rdf:resource="http://localhost:8000/faec338a-8ae1-3043-96e7-3177fdabdec0"/>
        <skos:altLabel xml:lang="en">{"id": "ffc4b437-946b-4698-82ca-e2bd32d070fe", "value": "Parchmark"}</skos:altLabel>
      </skos:Concept>
    </skos:narrower>
    <skos:scopeNote xml:lang="en">{"id": "8cef8c61-cfd1-4203-9a47-db33eaf24572", "value": "Not to be used for indexing. Broad term used to assist retreival of all monuments where physical evidence is recorded."}</skos:scopeNote>
    <skos:narrower rdf:resource="http://localhost:8000/c5b906bb-68a8-34f6-a01b-00737320c82e"/>
    <skos:narrower rdf:resource="http://localhost:8000/fe0f8c8b-0a5c-3957-9088-d4ad10ddaf9b"/>
    <skos:narrower>
      <skos:Concept rdf:about="http://localhost:8000/fbae1d73-9bce-3eb7-997f-aa6bbaa86bc7">
        <skos:altLabel xml:lang="en">{"id": "8ed59915-0662-4fd2-a341-5a1a257f7402", "value": "Flat - Unaccumulated"}</skos:altLabel>
        <skos:inScheme rdf:resource="http://localhost:8000/faec338a-8ae1-3043-96e7-3177fdabdec0"/>
        <skos:altLabel xml:lang="en">{"id": "47630c00-57b8-4d13-8154-d1dd66e06ac1", "value": "Geophysical Evidence"}</skos:altLabel>
        <skos:prefLabel xml:lang="en">{"id": "8124abb5-cb98-4818-8a98-52d813f66de7", "value": "Sub Surface Deposit"}</skos:prefLabel>
        <skos:altLabel xml:lang="en">{"id": "78c8ae09-7c92-4480-9127-ed66dd1162e6", "value": "Flat - Accumulated"}</skos:altLabel>
        <dcterms:identifier xml:lang="en">{"id": "8cc4edb4-36e5-49a6-94d0-2e35cfa8638c", "value": "http://purl.org/heritagedata/schemes/eh_evd/concepts/84569"}</dcterms:identifier>
        <skos:scopeNote xml:lang="en">{"id": "d3e43183-22e0-41c4-ac66-953693b126db", "value": "Monument either never or no longer visible above ground surface, but whose presence is indicated by proven below ground stratigraphy revealed by deliberate investigation, including geophysical survey, or other surface disturbance."}</skos:scopeNote>
      </skos:Concept>
    </skos:narrower>
  </skos:Concept>
  <skos:Concept rdf:about="http://localhost:8000/fdb53f5a-6825-355f-90c5-0c051ba536ee">
    <skos:prefLabel xml:lang="en">{"id": "508323b6-b14e-4419-b439-3e644a9f7329", "value": "Marine Geophysical Evidence"}</skos:prefLabel>
    <skos:narrower>
      <skos:Concept rdf:about="http://localhost:8000/376e1787-48fc-3f7c-831a-c506b5d93166">
        <skos:scopeNote xml:lang="en">{"id": "f84de97f-db09-4d81-9c5b-29fba96594f4", "value": "An object in the sea bed detected by marine survey equipment that shows the contours of the sea bed beneath a vessel."}</skos:scopeNote>
        <dcterms:identifier xml:lang="en">{"id": "fca19587-c8e7-4f4c-980b-c14944cd38ad", "value": "http://purl.org/heritagedata/schemes/eh_evd/concepts/82789"}</dcterms:identifier>
        <skos:prefLabel xml:lang="en">{"id": "bf1f5b28-46e8-4e10-ad87-3d3221fa5180", "value": "Echosounder Trace"}</skos:prefLabel>
        <skos:inScheme rdf:resource="http://localhost:8000/faec338a-8ae1-3043-96e7-3177fdabdec0"/>
      </skos:Concept>
    </skos:narrower>
    <dcterms:identifier xml:lang="en">{"id": "acea33bc-90c2-42b3-9c47-a59d56192913", "value": "http://purl.org/heritagedata/schemes/eh_evd/concepts/99976"}</dcterms:identifier>
    <skos:narrower rdf:resource="http://localhost:8000/a4d47b92-2bee-3aff-95cc-0115b0d3cf22"/>
    <skos:narrower>
      <skos:Concept rdf:about="http://localhost:8000/56231d11-8975-3733-bf52-07238724f484">
        <skos:inScheme rdf:resource="http://localhost:8000/faec338a-8ae1-3043-96e7-3177fdabdec0"/>
        <dcterms:identifier xml:lang="en">{"id": "77d589e7-8ad2-4cbd-9119-32bced240b0e", "value": "http://purl.org/heritagedata/schemes/eh_evd/concepts/143438"}</dcterms:identifier>
        <skos:scopeNote xml:lang="en">{"id": "83912d6b-1473-4045-a6b0-bc75b04c6002", "value": "A marine survey in which a multi-element transducer provides many (30-150) individual soundings of the water depth and echo strength for each ping."}</skos:scopeNote>
        <skos:prefLabel xml:lang="en">{"id": "0d81ed47-7bd6-4f95-8e06-e39df3579f9b", "value": "Multibeam Survey"}</skos:prefLabel>
      </skos:Concept>
    </skos:narrower>
    <skos:scopeNote xml:lang="en">{"id": "285a5b27-33dc-482e-bf6f-4ef1f005d4ad", "value": "A monument visible as a trace on marine survey equipment"}</skos:scopeNote>
    <skos:narrower>
      <skos:Concept rdf:about="http://localhost:8000/d1504bd9-279c-36c2-a532-d207a6b49c01">
        <dcterms:identifier xml:lang="en">{"id": "6eadb47b-ec8a-4087-a2ed-40967f0dd444", "value": "http://purl.org/heritagedata/schemes/eh_evd/concepts/111133"}</dcterms:identifier>
        <skos:scopeNote xml:lang="en">{"id": "4e669b27-46d2-4b6b-9024-88df300e5c8b", "value": "Maritime monument identified as a ferrous object lying on the sea bed detected using marine surveying equipment that detects localised anomalies in the Earth's magnetic field."}</skos:scopeNote>
        <skos:prefLabel xml:lang="en">{"id": "eb4ea68e-55f5-4615-bc96-09d65f5a08f1", "value": "Marine Magnetometer Reading"}</skos:prefLabel>
        <skos:inScheme rdf:resource="http://localhost:8000/faec338a-8ae1-3043-96e7-3177fdabdec0"/>
      </skos:Concept>
    </skos:narrower>
    <skos:inScheme rdf:resource="http://localhost:8000/faec338a-8ae1-3043-96e7-3177fdabdec0"/>
  </skos:Concept>
  <skos:Concept rdf:about="http://localhost:8000/05613a1e-ef5b-3833-9a8d-9db5a2c776f5">
    <skos:inScheme rdf:resource="http://localhost:8000/faec338a-8ae1-3043-96e7-3177fdabdec0"/>
    <skos:altLabel xml:lang="en">{"id": "dbd0a965-b69c-451a-bdd5-38581aa58c68", "value": "Partially Destroyed Monument"}</skos:altLabel>
    <skos:prefLabel xml:lang="en">{"id": "f762b01a-57f4-42d9-a7d7-cfc3126ae2c5", "value": "Ruined Structure"}</skos:prefLabel>
    <skos:altLabel xml:lang="en">{"id": "4ef2cd1e-cfc9-49c2-ac3a-50f4f3c1a3d9", "value": "Ruined Structure - Unbonded"}</skos:altLabel>
    <dcterms:identifier xml:lang="en">{"id": "9bdc23c1-0571-414a-affc-9af57c312e86", "value": "http://purl.org/heritagedata/schemes/eh_evd/concepts/142985"}</dcterms:identifier>
    <skos:altLabel xml:lang="en">{"id": "511da219-8aba-4356-be3c-9f4608cecb72", "value": "Ruined Structure - Bonded"}</skos:altLabel>
    <skos:scopeNote xml:lang="en">{"id": "b79b827c-c290-466d-a039-14dfe17366ec", "value": "Man-made, roofless edifice or construction visible as substantial above-ground remains retaining evidence of architecture and materials, but which has been substantially destroyed."}</skos:scopeNote>
  </skos:Concept>
  <skos:Concept rdf:about="http://localhost:8000/af4a9a4d-96ef-3293-a2a4-fbddd9bafa99">
    <skos:scopeNote xml:lang="en">{"id": "ba66cb8e-ec46-4271-b4da-322b7d75042d", "value": "Do not use"}</skos:scopeNote>
    <skos:narrower>
      <skos:Concept rdf:about="http://localhost:8000/d23f0762-d271-36e6-8811-35acc4bfec64">
        <skos:narrower rdf:resource="http://localhost:8000/d4cf4bfd-2ed9-36d2-b55e-b958d8d16478"/>
        <skos:inScheme rdf:resource="http://localhost:8000/faec338a-8ae1-3043-96e7-3177fdabdec0"/>
        <skos:narrower rdf:resource="http://localhost:8000/9f4ad871-24c2-397a-af7f-43d69c65173b"/>
        <skos:prefLabel xml:lang="en">{"id": "d7ce0ba7-3fa8-4985-a1a4-f18b3868d90d", "value": "Implied Evidence"}</skos:prefLabel>
        <skos:narrower rdf:resource="http://localhost:8000/755738de-fc27-3f81-a7ac-91ed6730a6f9"/>
        <dcterms:identifier xml:lang="en">{"id": "ea41c2a4-3f9a-471c-a1d9-381829d2d63a", "value": "http://purl.org/heritagedata/schemes/eh_evd/concepts/97293"}</dcterms:identifier>
        <skos:narrower rdf:resource="http://localhost:8000/ffee8e12-7eb3-3838-893d-82c452b9a6f2"/>
        <skos:narrower rdf:resource="http://localhost:8000/e04e63e4-8a4a-320d-924b-bf63206b9812"/>
        <skos:narrower rdf:resource="http://localhost:8000/fdb53f5a-6825-355f-90c5-0c051ba536ee"/>
        <skos:scopeNote xml:lang="en">{"id": "00af6253-9605-402b-ac81-c97fcec271b1", "value": "Not to be used for indexing. Broad term to assist retreival of all monuments where non-physical evidence is recorded."}</skos:scopeNote>
      </skos:Concept>
    </skos:narrower>
    <skos:narrower>
      <skos:Concept rdf:about="http://localhost:8000/db847fed-fe84-3ddb-b43c-f73ca3911968">
        <skos:scopeNote xml:lang="en">{"id": "52b7758c-4005-4596-95d5-9933ea473e62", "value": "Current recorded information does not give the evidence for a monument, or the information is regarded as unreliable."}</skos:scopeNote>
        <skos:inScheme rdf:resource="http://localhost:8000/faec338a-8ae1-3043-96e7-3177fdabdec0"/>
        <dcterms:identifier xml:lang="en">{"id": "1b44268d-c02b-4500-80b3-f7b63a8889a0", "value": "http://purl.org/heritagedata/schemes/eh_evd/concepts/82798"}</dcterms:identifier>
        <skos:prefLabel xml:lang="en">{"id": "56b337e5-2796-46cc-b0b9-c4c0c41fdadf", "value": "Uncertain Evidence"}</skos:prefLabel>
        <skos:altLabel xml:lang="en">{"id": "b38a6079-0b44-47d2-859c-f8eef8de065d", "value": "Uncertain"}</skos:altLabel>
      </skos:Concept>
    </skos:narrower>
    <skos:narrower rdf:resource="http://localhost:8000/07e03c8e-fd0b-34d8-b875-c345b0d6fcb8"/>
    <dcterms:identifier xml:lang="en">{"id": "cce22b4e-b310-454b-b27f-70b53052cec9", "value": "http://purl.org/heritagedata/schemes/eh_evd/concepts/82790"}</dcterms:identifier>
    <skos:prefLabel xml:lang="en">{"id": "a154e0aa-0fca-44c9-ab96-2832a10e4c81", "value": "Evidence"}</skos:prefLabel>
    <skos:narrower>
      <skos:Concept rdf:about="http://localhost:8000/fe6db12c-433b-3344-a1f0-78ce0c555e58">
        <skos:scopeNote xml:lang="en">{"id": "d37c8d15-8750-46f2-814d-3f091f683216", "value": "All physical evidence for a monument has certainly been completely destroyed (allowing no future reinvestigation) by activity implying substantial ground disturbance. Eg quarrying, road cutting, or natural disaster, erosion, acts of God etc."}</skos:scopeNote>
        <skos:altLabel xml:lang="en">{"id": "deb5e76f-cd39-46ff-bf51-518dc604223f", "value": "Destroyed"}</skos:altLabel>
        <dcterms:identifier xml:lang="en">{"id": "640a4b7d-ae0f-4339-bd8c-fc95aa672c38", "value": "http://purl.org/heritagedata/schemes/eh_evd/concepts/84565"}</dcterms:identifier>
        <skos:altLabel xml:lang="en">{"id": "a8229e14-86ee-4b36-a15d-b606be6bccbf", "value": "Partially Destroyed Monument"}</skos:altLabel>
        <skos:inScheme rdf:resource="http://localhost:8000/faec338a-8ae1-3043-96e7-3177fdabdec0"/>
        <skos:prefLabel xml:lang="en">{"id": "5ffa2eee-0a97-44ee-bdcc-e747bcb7d1ad", "value": "Destroyed Monument"}</skos:prefLabel>
      </skos:Concept>
    </skos:narrower>
    <skos:inScheme rdf:resource="http://localhost:8000/faec338a-8ae1-3043-96e7-3177fdabdec0"/>
  </skos:Concept>
  <skos:Concept rdf:about="http://localhost:8000/df19c7e4-7cb2-3efc-b847-66361ecff908">
    <skos:altLabel xml:lang="en">{"id": "92b05af4-4dae-459d-b0ce-50f6891df036", "value": "Plough Levelled Earthwork"}</skos:altLabel>
    <skos:prefLabel xml:lang="en">{"id": "4cb7a7bf-7ee7-45dc-abf8-4a2e385d359a", "value": "Levelled Earthwork"}</skos:prefLabel>
    <skos:scopeNote xml:lang="en">{"id": "e9405471-43c0-4cab-96af-3d57709917b0", "value": "Monument visible as remains of former earthworks."}</skos:scopeNote>
    <dcterms:identifier xml:lang="en">{"id": "8ba417c7-6493-4100-84b0-405622f1b0ef", "value": "http://purl.org/heritagedata/schemes/eh_evd/concepts/99974"}</dcterms:identifier>
    <skos:inScheme rdf:resource="http://localhost:8000/faec338a-8ae1-3043-96e7-3177fdabdec0"/>
  </skos:Concept>
  <skos:Concept rdf:about="http://localhost:8000/bc654789-6cf1-3e2a-a9a5-d4472beb85e6">
    <skos:inScheme rdf:resource="http://localhost:8000/faec338a-8ae1-3043-96e7-3177fdabdec0"/>
    <skos:prefLabel xml:lang="en">{"id": "1b98547c-b553-481d-a2fd-5b3b3d61f795", "value": "Coherent Vessel Structure"}</skos:prefLabel>
    <dcterms:identifier xml:lang="en">{"id": "93051b28-70b1-4afe-805b-ec2df69df4e3", "value": "http://purl.org/heritagedata/schemes/eh_evd/concepts/82786"}</dcterms:identifier>
    <skos:scopeNote xml:lang="en">{"id": "184181ae-b44f-414c-ab2d-88f77c170149", "value": "A maritime monument where the hull structure and fabric of a vessel remain wholly or mainly intact."}</skos:scopeNote>
  </skos:Concept>
  <skos:Concept rdf:about="http://localhost:8000/45ef23b6-d977-30d9-8d00-caced0108569">
    <skos:inScheme rdf:resource="http://localhost:8000/faec338a-8ae1-3043-96e7-3177fdabdec0"/>
    <skos:scopeNote xml:lang="en">{"id": "ed6acba3-4970-4f54-b809-3657dff436b8", "value": "A maritime monument where the remains of a vessel are scattered over a wide area."}</skos:scopeNote>
    <dcterms:identifier xml:lang="en">{"id": "c7bc0f04-1845-4338-9771-144e673930d8", "value": "http://purl.org/heritagedata/schemes/eh_evd/concepts/82795"}</dcterms:identifier>
    <skos:prefLabel xml:lang="en">{"id": "563b0d74-b309-400d-9c99-f50d43377057", "value": "Scattered Vessel Structure"}</skos:prefLabel>
  </skos:Concept>
  <skos:Concept rdf:about="http://localhost:8000/ec0a82f6-7368-3f02-a0ab-ae17d99f852e">
    <skos:inScheme rdf:resource="http://localhost:8000/faec338a-8ae1-3043-96e7-3177fdabdec0"/>
    <dcterms:identifier xml:lang="en">{"id": "706d440d-9dfe-43e7-a665-e55b41ef09af", "value": "http://purl.org/heritagedata/schemes/eh_evd/concepts/82793"}</dcterms:identifier>
    <skos:prefLabel xml:lang="en">{"id": "6fb0569b-9ffd-4d92-b7c3-94ec6134e023", "value": "Intact Vessel Structure"}</skos:prefLabel>
    <skos:scopeNote xml:lang="en">{"id": "5a3778b3-62a4-4b59-ba4a-4c9c2b204a2c", "value": "A maritime monument where the hull of a vessel is mostly in one piece, with large pieces of the superstructure intact."}</skos:scopeNote>
  </skos:Concept>
  <skos:Concept rdf:about="http://localhost:8000/87944f71-242d-380e-a5be-bf9f046240e4">
    <skos:scopeNote xml:lang="en">{"id": "b07ca4d8-c699-48f8-a066-7bf1682a92d0", "value": "A man-made construction or object (such as a gravestone) which has been moved from its original site either through active human intervention or natural processes such as erosion. For buildings which have been moved use MOVED BUILDING."}</skos:scopeNote>
    <skos:narrower rdf:resource="http://localhost:8000/4ec1586b-989e-31a1-bf4e-0e5ba8e6891c"/>
    <skos:inScheme rdf:resource="http://localhost:8000/faec338a-8ae1-3043-96e7-3177fdabdec0"/>
    <skos:prefLabel xml:lang="en">{"id": "87b2456c-994b-48c0-9ea0-8b89519407ea", "value": "Moved Structure"}</skos:prefLabel>
    <dcterms:identifier xml:lang="en">{"id": "489ffb7a-f7e7-4ef9-b6b7-99adbaea7dcf", "value": "http://purl.org/heritagedata/schemes/eh_evd/concepts/141909"}</dcterms:identifier>
  </skos:Concept>
  <skos:Concept rdf:about="http://localhost:8000/937d45e3-28db-3818-81ff-9b027eee24bc">
    <skos:scopeNote xml:lang="en">{"id": "7a801c24-88b0-42eb-8fe7-6de05e580a7e", "value": "Man-made roofless edifice or construction which is intact or substantially intact, with significant survival of original features, even if no longer serving original intended function."}</skos:scopeNote>
    <skos:prefLabel xml:lang="en">{"id": "b7742c1b-342c-4537-b16d-f54587724129", "value": "Extant Structure"}</skos:prefLabel>
    <dcterms:identifier xml:lang="en">{"id": "dc65a055-f628-414b-9202-e7cd942a8da9", "value": "http://purl.org/heritagedata/schemes/eh_evd/concepts/142986"}</dcterms:identifier>
    <skos:inScheme rdf:resource="http://localhost:8000/faec338a-8ae1-3043-96e7-3177fdabdec0"/>
  </skos:Concept>
  <skos:Concept rdf:about="http://localhost:8000/8cb9c7fa-af8b-34c4-a03a-764d5fd773ea">
    <skos:inScheme rdf:resource="http://localhost:8000/faec338a-8ae1-3043-96e7-3177fdabdec0"/>
    <skos:prefLabel xml:lang="en">{"id": "185ebd35-caee-4188-b3c0-67e8fc848b76", "value": "Buried Vessel Structure"}</skos:prefLabel>
    <skos:scopeNote xml:lang="en">{"id": "0adffd69-1424-418c-9758-289b93b92898", "value": "A maritime monument where the vessel remains are buried in the sea bed."}</skos:scopeNote>
    <dcterms:identifier xml:lang="en">{"id": "27662fe8-2b5d-4a66-8c5c-b177233f872c", "value": "http://purl.org/heritagedata/schemes/eh_evd/concepts/82785"}</dcterms:identifier>
  </skos:Concept>
  <skos:Concept rdf:about="http://localhost:8000/dd633ee4-be74-3ed0-8836-198b0ec56480">
    <skos:scopeNote xml:lang="en">{"id": "577edf3b-e31f-4e14-8c7b-945e9aaf6258", "value": "Monument whose presence is inferred by discovery of unstratified artefacts, for instance in plough soil."}</skos:scopeNote>
    <skos:inScheme rdf:resource="http://localhost:8000/faec338a-8ae1-3043-96e7-3177fdabdec0"/>
    <dcterms:identifier xml:lang="en">{"id": "d51d29ca-1352-4062-b503-f720b5b55807", "value": "http://purl.org/heritagedata/schemes/eh_evd/concepts/111153"}</dcterms:identifier>
    <skos:prefLabel xml:lang="en">{"id": "10c59d46-6073-4afd-a832-6c9dc8a5f7d9", "value": "Unstratified Find"}</skos:prefLabel>
  </skos:Concept>
  <skos:Concept rdf:about="http://localhost:8000/59884534-a0c0-3dcf-85df-050075ef3014">
    <skos:scopeNote xml:lang="en">{"id": "01bd122f-f2a3-4c31-b5c7-8cc8c7d6419a", "value": "A Monument whose presence is inferred from artefacts found in stratified below ground deposits, as distinct from surface collection or chance find."}</skos:scopeNote>
    <skos:prefLabel xml:lang="en">{"id": "96aee259-f5a1-4020-a714-672edb90efc0", "value": "Stratified Find"}</skos:prefLabel>
    <dcterms:identifier xml:lang="en">{"id": "dff6f993-020b-48bd-85e8-299a70645f52", "value": "http://purl.org/heritagedata/schemes/eh_evd/concepts/100512"}</dcterms:identifier>
    <skos:inScheme rdf:resource="http://localhost:8000/faec338a-8ae1-3043-96e7-3177fdabdec0"/>
  </skos:Concept>
  <skos:Concept rdf:about="http://localhost:8000/917ed06b-c404-3058-be6c-3bea5bd75b02">
    <dcterms:identifier xml:lang="en">{"id": "729c28ab-49d1-43c7-82e4-58f1ae8544d3", "value": "http://purl.org/heritagedata/schemes/eh_evd/concepts/142987"}</dcterms:identifier>
    <skos:prefLabel xml:lang="en">{"id": "98b380c7-c57a-4d3b-a720-bcf3bbabf3df", "value": "Demolished Structure"}</skos:prefLabel>
    <skos:inScheme rdf:resource="http://localhost:8000/faec338a-8ae1-3043-96e7-3177fdabdec0"/>
    <skos:scopeNote xml:lang="en">{"id": "7f50ec56-daab-40e1-8cf0-965187551683", "value": "A monument consisting of a built structure, but which has been demolished so that only a ground plan and foundations, or similar, are thought to remain. Where all below ground traces have also been removed use DESTROYED MONUMENT."}</skos:scopeNote>
  </skos:Concept>
  <skos:Concept rdf:about="http://localhost:8000/d4cf4bfd-2ed9-36d2-b55e-b958d8d16478">
    <dcterms:identifier xml:lang="en">{"id": "9f484c49-03fe-4a63-ac05-463644c19df0", "value": "http://purl.org/heritagedata/schemes/eh_evd/concepts/84574"}</dcterms:identifier>
    <skos:prefLabel xml:lang="en">{"id": "3cdae692-9be6-49e8-b40f-f0d3130accf4", "value": "Placename Evidence"}</skos:prefLabel>
    <skos:inScheme rdf:resource="http://localhost:8000/faec338a-8ae1-3043-96e7-3177fdabdec0"/>
    <skos:scopeNote xml:lang="en">{"id": "871bdca7-b64d-4c69-a5c3-f94f6ba2372e", "value": "Use where the presence or nature of a monument is inferred from placenames or placename elements."}</skos:scopeNote>
  </skos:Concept>
  <skos:Concept rdf:about="http://localhost:8000/1b4426b0-8728-38d6-84ca-70edc23d5904">
    <skos:scopeNote xml:lang="en">{"id": "74c4732b-3cd8-4878-a3c6-1c69860a8c4c", "value": "A maritime monument where the fabric of a vessel has collapsed, leaving the hull structure flat on the sea bed but not widely dispersed."}</skos:scopeNote>
    <skos:prefLabel xml:lang="en">{"id": "a642dec5-4ed1-4f5a-ade3-904973d988b0", "value": "Collapsed Vessel Structure"}</skos:prefLabel>
    <skos:inScheme rdf:resource="http://localhost:8000/faec338a-8ae1-3043-96e7-3177fdabdec0"/>
    <dcterms:identifier xml:lang="en">{"id": "3f7c1681-3c6a-45fe-9c43-de5fb5aa686e", "value": "http://purl.org/heritagedata/schemes/eh_evd/concepts/82787"}</dcterms:identifier>
  </skos:Concept>
  <skos:Concept rdf:about="http://localhost:8000/755738de-fc27-3f81-a7ac-91ed6730a6f9">
    <dcterms:identifier xml:lang="en">{"id": "565bb90e-ca5c-4356-85bb-1830798682f3", "value": "http://purl.org/heritagedata/schemes/eh_evd/concepts/84573"}</dcterms:identifier>
    <skos:scopeNote xml:lang="en">{"id": "c99e771c-6e16-4fcd-a53d-fe08bdcf89f5", "value": "Monument type/interpretation is inferred, based on informed speculation eg by comparison with similar monuments, proximity to other monuments, topography, site character etc."}</skos:scopeNote>
    <skos:prefLabel xml:lang="en">{"id": "72e82b54-26f8-42f8-ae5c-867e9b3b75fd", "value": "Conjectural Evidence"}</skos:prefLabel>
    <skos:inScheme rdf:resource="http://localhost:8000/faec338a-8ae1-3043-96e7-3177fdabdec0"/>
  </skos:Concept>
  <skos:Concept rdf:about="http://localhost:8000/3a1df06f-bace-333c-a017-c9fe65b53cda">
    <skos:inScheme rdf:resource="http://localhost:8000/faec338a-8ae1-3043-96e7-3177fdabdec0"/>
    <dcterms:identifier xml:lang="en">{"id": "d94b1034-4f37-4c2f-bbfa-aff36a244f1b", "value": "http://purl.org/heritagedata/schemes/eh_evd/concepts/135585"}</dcterms:identifier>
    <skos:scopeNote xml:lang="en">{"id": "5e5d0fbf-ebda-484a-b7bf-c74e3c06628a", "value": "A distribution of artefacts indicating the presence, or former presence, of a monument."}</skos:scopeNote>
    <skos:prefLabel xml:lang="en">{"id": "7691687a-fce4-4c29-ba8f-5a2ab55e2a4b", "value": "Artefact Scatter"}</skos:prefLabel>
  </skos:Concept>
</rdf:RDF>
