<?xml version="1.0" encoding="utf-8"?>
<rdf:RDF
  xmlns:skos="http://www.w3.org/2004/02/skos/core#"
  xmlns:rdf="http://www.w3.org/1999/02/22-rdf-syntax-ns#"
  xmlns:dcterms="http://purl.org/dc/terms/"
>
  <skos:Concept rdf:about="http://localhost:8000/acb207f4-d0e1-4f00-98b4-b4fe6e7361ca">
    <skos:altLabel xml:lang="en">{"id": "5b0522a2-492f-41d3-9823-660a0b5f90a9", "value": "SA4"}</skos:altLabel>
    <skos:prefLabel xml:lang="en">{"id": "df066f54-6b46-41df-9835-8ee33b5af7a6", "value": "Tertiary Sand"}</skos:prefLabel>
    <skos:inScheme>
      <skos:ConceptScheme rdf:about="http://localhost:8000/e83b293e-2e6c-48a1-ab09-28311296daea">
        <skos:hasTopConcept rdf:resource="http://localhost:8000/5c4b96df-0da3-4124-ba3d-f721e54df79d"/>
        <skos:hasTopConcept rdf:resource="http://localhost:8000/85f781f6-d063-4d1e-ae92-984279398c70"/>
        <skos:hasTopConcept rdf:resource="http://localhost:8000/02f87dc1-991f-4f45-a13a-fc5c2f648eb9"/>
        <skos:hasTopConcept rdf:resource="http://localhost:8000/45c32da5-f4cd-443c-8c4e-e6b8bf4882b4"/>
        <skos:hasTopConcept rdf:resource="http://localhost:8000/e2690c5f-baf4-405a-8b89-26a9e2223dd9"/>
        <skos:hasTopConcept rdf:resource="http://localhost:8000/0730dbb3-30f4-45da-80c3-0fd459760de8"/>
        <skos:hasTopConcept rdf:resource="http://localhost:8000/22befb05-f421-4a29-95e7-1ef1ee9a046e"/>
        <skos:hasTopConcept rdf:resource="http://localhost:8000/9bafe5ef-0134-4157-8647-fdbf1e0b4301"/>
        <skos:hasTopConcept rdf:resource="http://localhost:8000/4ffabd64-715e-4ffd-b034-6081eab16180"/>
        <skos:hasTopConcept rdf:resource="http://localhost:8000/79981403-5cce-487f-aadf-286751d94eaf"/>
        <skos:hasTopConcept rdf:resource="http://localhost:8000/f5f8f945-3e04-4625-a276-210f4745d139"/>
        <skos:hasTopConcept rdf:resource="http://localhost:8000/ab5525e0-3511-4f4c-b3fa-6da5c516b70f"/>
        <dcterms:title xml:lang="en">{"id": "6bfdd045-97dc-4d9b-83ac-63394a655841", "value": "Geology Type"}</dcterms:title>
        <skos:hasTopConcept rdf:resource="http://localhost:8000/0ed3e1d9-ebda-41d4-ac79-e65cdbb8d26c"/>
        <skos:hasTopConcept rdf:resource="http://localhost:8000/ec974bd0-1892-43df-a8bf-60ce72950696"/>
        <skos:hasTopConcept rdf:resource="http://localhost:8000/3f722911-64f3-4771-84d4-16b141d20f69"/>
      </skos:ConceptScheme>
    </skos:inScheme>
  </skos:Concept>
  <skos:Concept rdf:about="http://localhost:8000/41709946-8301-4c38-b516-e89fbf180d00">
    <skos:prefLabel xml:lang="en">{"id": "ac6e259f-7c0d-43bb-8ff2-62cbf44619e3", "value": "Cretaceous Clay"}</skos:prefLabel>
    <skos:inScheme rdf:resource="http://localhost:8000/e83b293e-2e6c-48a1-ab09-28311296daea"/>
    <skos:altLabel xml:lang="en">{"id": "03ec9445-0fde-4e34-838b-2606299672a4", "value": "CY4"}</skos:altLabel>
  </skos:Concept>
  <skos:Concept rdf:about="http://localhost:8000/4ffabd64-715e-4ffd-b034-6081eab16180">
    <skos:narrower>
      <skos:Concept rdf:about="http://localhost:8000/c2dc0327-3f8a-4941-98e4-b8bc91d983ef">
        <skos:altLabel xml:lang="en">{"id": "d023daf9-e3b0-496c-9a2f-3377913bf43d", "value": "DR6"}</skos:altLabel>
        <skos:prefLabel xml:lang="en">{"id": "ecd9ccf1-d95d-477d-a5c4-443bd3a7b575", "value": "River Terrace Drift"}</skos:prefLabel>
        <skos:inScheme rdf:resource="http://localhost:8000/e83b293e-2e6c-48a1-ab09-28311296daea"/>
      </skos:Concept>
    </skos:narrower>
    <skos:narrower>
      <skos:Concept rdf:about="http://localhost:8000/00201277-fc1a-47ce-991c-65aee04a88d8">
        <skos:inScheme rdf:resource="http://localhost:8000/e83b293e-2e6c-48a1-ab09-28311296daea"/>
        <skos:prefLabel xml:lang="en">{"id": "bb2882d6-d418-46c9-a72c-707ca56d76d1", "value": "Chalky Drift"}</skos:prefLabel>
        <skos:altLabel xml:lang="en">{"id": "fa4aa48b-101e-4b91-b697-12693dec21c6", "value": "DR3"}</skos:altLabel>
      </skos:Concept>
    </skos:narrower>
    <skos:narrower>
      <skos:Concept rdf:about="http://localhost:8000/226c1014-536b-4d10-a42c-e0856c7346a9">
        <skos:altLabel xml:lang="en">{"id": "37cb5534-982f-400b-961b-2ba8332d6873", "value": "DR5"}</skos:altLabel>
        <skos:inScheme rdf:resource="http://localhost:8000/e83b293e-2e6c-48a1-ab09-28311296daea"/>
        <skos:prefLabel xml:lang="en">{"id": "abcb1102-da72-43ae-b214-68613710c216", "value": "Drift over clay"}</skos:prefLabel>
      </skos:Concept>
    </skos:narrower>
    <skos:altLabel xml:lang="en">{"id": "67bee10e-e054-40ae-ba0e-57e1ee524c17", "value": "DR1"}</skos:altLabel>
    <skos:inScheme rdf:resource="http://localhost:8000/e83b293e-2e6c-48a1-ab09-28311296daea"/>
    <skos:narrower>
      <skos:Concept rdf:about="http://localhost:8000/72e70248-d847-4972-8e35-74fce02c3f23">
        <skos:inScheme rdf:resource="http://localhost:8000/e83b293e-2e6c-48a1-ab09-28311296daea"/>
        <skos:prefLabel xml:lang="en">{"id": "63e78a4e-e0d7-4836-8da7-5742b2348935", "value": "Plateau Drift"}</skos:prefLabel>
        <skos:altLabel xml:lang="en">{"id": "6060ec98-e36a-42f8-91cf-81485b1ef20d", "value": "DR10"}</skos:altLabel>
      </skos:Concept>
    </skos:narrower>
    <skos:narrower>
      <skos:Concept rdf:about="http://localhost:8000/4a651022-8571-437c-bc46-d846c5369b11">
        <skos:prefLabel xml:lang="en">{"id": "97e2f66c-9b11-41c1-9aed-b1f09ee5b680", "value": "Aeolian Silty Drift"}</skos:prefLabel>
        <skos:inScheme rdf:resource="http://localhost:8000/e83b293e-2e6c-48a1-ab09-28311296daea"/>
        <skos:altLabel xml:lang="en">{"id": "7e909910-1dbd-447f-b342-2094e0e8efa6", "value": "DR4"}</skos:altLabel>
      </skos:Concept>
    </skos:narrower>
    <skos:narrower>
      <skos:Concept rdf:about="http://localhost:8000/90d0b146-6c08-42bb-882a-b69a166b3a84">
        <skos:prefLabel xml:lang="en">{"id": "a0f1a5a0-8ac0-4480-aae2-216effcca235", "value": "Glaciofluvial Drift"}</skos:prefLabel>
        <skos:inScheme rdf:resource="http://localhost:8000/e83b293e-2e6c-48a1-ab09-28311296daea"/>
        <skos:altLabel xml:lang="en">{"id": "cb3652aa-e7ba-453a-b41f-483546eb928d", "value": "DR9"}</skos:altLabel>
      </skos:Concept>
    </skos:narrower>
    <skos:narrower>
      <skos:Concept rdf:about="http://localhost:8000/53d403ea-3c72-411b-b111-530dd5bb2f89">
        <skos:prefLabel xml:lang="en">{"id": "0d6e8e69-c22e-43e6-8b72-2518b0d0444d", "value": "Drift over chalk"}</skos:prefLabel>
        <skos:inScheme rdf:resource="http://localhost:8000/e83b293e-2e6c-48a1-ab09-28311296daea"/>
        <skos:altLabel xml:lang="en">{"id": "3316d10c-c616-4ba5-9e3e-fe56a35a8ef8", "value": "DR7"}</skos:altLabel>
      </skos:Concept>
    </skos:narrower>
    <skos:narrower>
      <skos:Concept rdf:about="http://localhost:8000/92fa3ff4-d1e7-4b3a-901d-6dd23568cea7">
        <skos:altLabel xml:lang="en">{"id": "6546b435-ef4c-4fc2-b37e-5f3edc8fc012", "value": "DR8"}</skos:altLabel>
        <skos:inScheme rdf:resource="http://localhost:8000/e83b293e-2e6c-48a1-ab09-28311296daea"/>
        <skos:prefLabel xml:lang="en">{"id": "bee59fc2-fa7e-4c4c-8fda-8a7816f0182f", "value": "Flinty Silty Drift"}</skos:prefLabel>
      </skos:Concept>
    </skos:narrower>
    <skos:prefLabel xml:lang="en">{"id": "7e3ce2de-6efe-4b26-9fed-ed963d4a243d", "value": "Drift"}</skos:prefLabel>
    <skos:narrower>
      <skos:Concept rdf:about="http://localhost:8000/58545ef4-ab62-4113-8811-794cf46612da">
        <skos:prefLabel xml:lang="en">{"id": "f4374625-e178-4cae-9c50-4a2cf51620e7", "value": "Coombe Deposit"}</skos:prefLabel>
        <skos:altLabel xml:lang="en">{"id": "bca8f1d3-b08c-4c8e-823b-e6576a471d76", "value": "DR2"}</skos:altLabel>
        <skos:inScheme rdf:resource="http://localhost:8000/e83b293e-2e6c-48a1-ab09-28311296daea"/>
      </skos:Concept>
    </skos:narrower>
  </skos:Concept>
  <skos:Concept rdf:about="http://localhost:8000/79981403-5cce-487f-aadf-286751d94eaf">
    <skos:prefLabel xml:lang="en">{"id": "b4ce682b-495a-472f-94b5-4262c73b0fd2", "value": "Metamorphic Rock"}</skos:prefLabel>
    <skos:inScheme rdf:resource="http://localhost:8000/e83b293e-2e6c-48a1-ab09-28311296daea"/>
    <skos:narrower>
      <skos:Concept rdf:about="http://localhost:8000/2657248c-c2e9-430f-a1ad-1fe46b4a84d1">
        <skos:altLabel xml:lang="en">{"id": "affa906b-5521-4de8-ab72-d3de58883185", "value": "MR4"}</skos:altLabel>
        <skos:inScheme rdf:resource="http://localhost:8000/e83b293e-2e6c-48a1-ab09-28311296daea"/>
        <skos:prefLabel xml:lang="en">{"id": "c40e5296-69f3-4c40-b7bf-5fbd1ae0fbc8", "value": "Slate"}</skos:prefLabel>
      </skos:Concept>
    </skos:narrower>
    <skos:narrower>
      <skos:Concept rdf:about="http://localhost:8000/3928cc45-044c-4590-947f-4440e0433313">
        <skos:prefLabel xml:lang="en">{"id": "cc3ab44a-680b-43c8-a66b-a14afea8323c", "value": "Granite"}</skos:prefLabel>
        <skos:inScheme rdf:resource="http://localhost:8000/e83b293e-2e6c-48a1-ab09-28311296daea"/>
        <skos:altLabel xml:lang="en">{"id": "490848e1-3264-49c5-b4a9-13e0bdb967ee", "value": "MR3"}</skos:altLabel>
      </skos:Concept>
    </skos:narrower>
    <skos:altLabel xml:lang="en">{"id": "cf4661b7-5ac8-4022-a92c-b10c76e37fb5", "value": "MR1"}</skos:altLabel>
    <skos:narrower>
      <skos:Concept rdf:about="http://localhost:8000/1bbcce1b-8ba1-4053-9841-e9a4d5ad8995">
        <skos:inScheme rdf:resource="http://localhost:8000/e83b293e-2e6c-48a1-ab09-28311296daea"/>
        <skos:altLabel xml:lang="en">{"id": "13dd4bad-ba2a-46f6-984c-6eb472cfa0c5", "value": "MR2"}</skos:altLabel>
        <skos:prefLabel xml:lang="en">{"id": "eeabafff-76b3-4e0d-837c-0b1bed9a8ba1", "value": "Ironstone"}</skos:prefLabel>
      </skos:Concept>
    </skos:narrower>
  </skos:Concept>
  <skos:Concept rdf:about="http://localhost:8000/fbbd1202-dad8-4a52-99f0-3448d2c62979">
    <skos:prefLabel xml:lang="en">{"id": "c795e0ef-2b45-4598-8dad-8bd56251baa6", "value": "Shale"}</skos:prefLabel>
    <skos:inScheme rdf:resource="http://localhost:8000/e83b293e-2e6c-48a1-ab09-28311296daea"/>
    <skos:narrower>
      <skos:Concept rdf:about="http://localhost:8000/56bf49f1-844c-4371-bd6c-dafe7690c89a">
        <skos:inScheme rdf:resource="http://localhost:8000/e83b293e-2e6c-48a1-ab09-28311296daea"/>
        <skos:prefLabel xml:lang="en">{"id": "62b8738f-8377-463f-8e33-b6fbbb608d0d", "value": "Carboniferous Shale"}</skos:prefLabel>
        <skos:altLabel xml:lang="en">{"id": "2b3c2f94-d5ae-43fc-8988-c1eefb6f3990", "value": "OR3"}</skos:altLabel>
      </skos:Concept>
    </skos:narrower>
  </skos:Concept>
  <skos:Concept rdf:about="http://localhost:8000/1536d4b0-71aa-4110-991b-2f7a633ed8a1">
    <skos:inScheme rdf:resource="http://localhost:8000/e83b293e-2e6c-48a1-ab09-28311296daea"/>
    <skos:prefLabel xml:lang="en">{"id": "7e0f390c-34e1-4b90-80bc-235a81720701", "value": "River Alluvium"}</skos:prefLabel>
    <skos:altLabel xml:lang="en">{"id": "1bee7ab1-2b89-4acf-bbe5-007e47720ad3", "value": "ALL2"}</skos:altLabel>
  </skos:Concept>
  <skos:Concept rdf:about="http://localhost:8000/5e9164aa-d727-48cb-b291-6584af1afc04">
    <skos:prefLabel xml:lang="en">{"id": "c4432003-41b0-42d4-88a8-7dcfca10ae0e", "value": "Raised Bog Peat"}</skos:prefLabel>
    <skos:altLabel xml:lang="en">{"id": "d145a5c9-c026-4d99-95fb-c1b2093d13e7", "value": "PE2"}</skos:altLabel>
    <skos:inScheme rdf:resource="http://localhost:8000/e83b293e-2e6c-48a1-ab09-28311296daea"/>
  </skos:Concept>
  <skos:Concept rdf:about="http://localhost:8000/708cf710-e124-4d59-8bb7-49be9da0388c">
    <skos:prefLabel xml:lang="en">{"id": "0e36a7f8-923e-49bc-9751-b23b79ccf109", "value": "Limestone"}</skos:prefLabel>
    <skos:narrower>
      <skos:Concept rdf:about="http://localhost:8000/0200d284-f9b7-454b-98e0-392be0147851">
        <skos:altLabel xml:lang="en">{"id": "2affa6bb-547f-4062-b932-1203529b2529", "value": "SR2"}</skos:altLabel>
        <skos:prefLabel xml:lang="en">{"id": "5d1833e4-43da-498d-b954-85a799e1930c", "value": "Jurassic Limestone"}</skos:prefLabel>
        <skos:inScheme rdf:resource="http://localhost:8000/e83b293e-2e6c-48a1-ab09-28311296daea"/>
      </skos:Concept>
    </skos:narrower>
    <skos:narrower>
      <skos:Concept rdf:about="http://localhost:8000/4a83bbc9-5297-4026-abdd-1fab4d666830">
        <skos:altLabel xml:lang="en">{"id": "9a39a3a2-96e0-4e88-94d8-6221c09e123a", "value": "OR2"}</skos:altLabel>
        <skos:prefLabel xml:lang="en">{"id": "4a1b0f00-d987-4a9f-a95b-f243cad3b46c", "value": "Tufa"}</skos:prefLabel>
        <skos:inScheme rdf:resource="http://localhost:8000/e83b293e-2e6c-48a1-ab09-28311296daea"/>
      </skos:Concept>
    </skos:narrower>
    <skos:narrower>
      <skos:Concept rdf:about="http://localhost:8000/cd54e30e-59dc-4b74-af96-5d46b40af19c">
        <skos:prefLabel xml:lang="en">{"id": "26105eaa-7300-4407-8828-34d1cae88107", "value": "Carboniferous Limestone"}</skos:prefLabel>
        <skos:altLabel xml:lang="en">{"id": "ad98e0a5-2e94-4f44-8874-8be2e7b20f59", "value": "SR7"}</skos:altLabel>
        <skos:inScheme rdf:resource="http://localhost:8000/e83b293e-2e6c-48a1-ab09-28311296daea"/>
      </skos:Concept>
    </skos:narrower>
    <skos:inScheme rdf:resource="http://localhost:8000/e83b293e-2e6c-48a1-ab09-28311296daea"/>
  </skos:Concept>
  <skos:Concept rdf:about="http://localhost:8000/bfee267d-dede-48af-9dd7-2d47ebad3f3a">
    <skos:prefLabel xml:lang="en">{"id": "48f4b48b-9a3a-407a-9a86-7b519aaf576b", "value": "Tertiary Clay"}</skos:prefLabel>
    <skos:altLabel xml:lang="en">{"id": "90420122-3b84-450c-8726-7ecff53b2aba", "value": "CY6"}</skos:altLabel>
    <skos:inScheme rdf:resource="http://localhost:8000/e83b293e-2e6c-48a1-ab09-28311296daea"/>
  </skos:Concept>
  <skos:Concept rdf:about="http://localhost:8000/d3051f3b-6523-4a0c-b440-10b070e3e492">
    <skos:inScheme rdf:resource="http://localhost:8000/e83b293e-2e6c-48a1-ab09-28311296daea"/>
    <skos:altLabel xml:lang="en">{"id": "d4ef59d2-cc02-4324-94b9-1c6dfff08205", "value": "SR5"}</skos:altLabel>
    <skos:prefLabel xml:lang="en">{"id": "7ac048ba-aa32-4c80-854c-70c4f5359321", "value": "Mudstone"}</skos:prefLabel>
  </skos:Concept>
  <skos:Concept rdf:about="http://localhost:8000/97748740-b27f-422a-86c8-ebf80d2b994b">
    <skos:altLabel xml:lang="en">{"id": "5db210a6-d9a7-4e31-ba4f-dbde92aae8fb", "value": "GR5"}</skos:altLabel>
    <skos:inScheme rdf:resource="http://localhost:8000/e83b293e-2e6c-48a1-ab09-28311296daea"/>
    <skos:prefLabel xml:lang="en">{"id": "753b652f-b6b2-4f05-a2a2-0a2501067663", "value": "River Terrace Gravel"}</skos:prefLabel>
  </skos:Concept>
  <skos:Concept rdf:about="http://localhost:8000/939ab23f-25ec-45ea-aa63-2279bee2ee52">
    <skos:prefLabel xml:lang="en">{"id": "7724ba74-b3ad-4a10-ac09-9385443d1f7c", "value": "Lake Deposit"}</skos:prefLabel>
    <skos:inScheme rdf:resource="http://localhost:8000/e83b293e-2e6c-48a1-ab09-28311296daea"/>
    <skos:altLabel xml:lang="en">{"id": "16243928-dd4e-47eb-bb4b-8641f019b1cc", "value": "SI2"}</skos:altLabel>
  </skos:Concept>
  <skos:Concept rdf:about="http://localhost:8000/0bdbca22-ccbf-4f2b-9909-666b849273b2">
    <skos:inScheme rdf:resource="http://localhost:8000/e83b293e-2e6c-48a1-ab09-28311296daea"/>
    <skos:prefLabel xml:lang="en">{"id": "442d25ce-25b2-4e6f-a065-d7f15aa0d119", "value": "Dune Sand"}</skos:prefLabel>
    <skos:altLabel xml:lang="en">{"id": "c93d6715-9c52-48b8-b7e9-66f00e3eae02", "value": "SA2"}</skos:altLabel>
  </skos:Concept>
  <skos:Concept rdf:about="http://localhost:8000/f5f8f945-3e04-4625-a276-210f4745d139">
    <skos:altLabel xml:lang="en">{"id": "ca01518a-7f5d-429f-be1c-2ab7c7358d7a", "value": "SI1"}</skos:altLabel>
    <skos:narrower rdf:resource="http://localhost:8000/939ab23f-25ec-45ea-aa63-2279bee2ee52"/>
    <skos:prefLabel xml:lang="en">{"id": "86f93b07-7f6a-4c73-a2a2-d005521e4f7c", "value": "Silt"}</skos:prefLabel>
    <skos:inScheme rdf:resource="http://localhost:8000/e83b293e-2e6c-48a1-ab09-28311296daea"/>
  </skos:Concept>
  <skos:Concept rdf:about="http://localhost:8000/6c0a82fb-6b57-4358-aa63-a4e669740b71">
    <skos:inScheme rdf:resource="http://localhost:8000/e83b293e-2e6c-48a1-ab09-28311296daea"/>
    <skos:altLabel xml:lang="en">{"id": "f620b21c-d568-466b-9055-9163a2e81b28", "value": "CY5"}</skos:altLabel>
    <skos:prefLabel xml:lang="en">{"id": "8b38c535-a0e7-4bbb-8874-870661313e8e", "value": "Boulder Clay"}</skos:prefLabel>
  </skos:Concept>
  <skos:Concept rdf:about="http://localhost:8000/db5a02a4-b81d-41ce-9a94-bf21c96e3d5e">
    <skos:altLabel xml:lang="en">{"id": "796c4087-5204-47eb-832f-0b618306e6b7", "value": "SA6"}</skos:altLabel>
    <skos:prefLabel xml:lang="en">{"id": "e625270e-3903-4f9c-ac65-793f7c940cdc", "value": "Aeolian Sand"}</skos:prefLabel>
    <skos:inScheme rdf:resource="http://localhost:8000/e83b293e-2e6c-48a1-ab09-28311296daea"/>
  </skos:Concept>
  <skos:Concept rdf:about="http://localhost:8000/ab5525e0-3511-4f4c-b3fa-6da5c516b70f">
    <skos:narrower rdf:resource="http://localhost:8000/0bdbca22-ccbf-4f2b-9909-666b849273b2"/>
    <skos:narrower>
      <skos:Concept rdf:about="http://localhost:8000/737cab7f-6ce1-4a77-9386-17403e1d8d92">
        <skos:prefLabel xml:lang="en">{"id": "dc6c2f76-bec5-4d00-9abb-6d6c1e763374", "value": "Cretaceous Sand"}</skos:prefLabel>
        <skos:altLabel xml:lang="en">{"id": "cd0cec04-5254-4605-90ac-a6d3fc86a04a", "value": "SA5"}</skos:altLabel>
        <skos:inScheme rdf:resource="http://localhost:8000/e83b293e-2e6c-48a1-ab09-28311296daea"/>
      </skos:Concept>
    </skos:narrower>
    <skos:narrower rdf:resource="http://localhost:8000/db5a02a4-b81d-41ce-9a94-bf21c96e3d5e"/>
    <skos:altLabel xml:lang="en">{"id": "4f5e6e0a-e612-4e60-aef0-45cbf71d1862", "value": "SA1"}</skos:altLabel>
    <skos:narrower rdf:resource="http://localhost:8000/acb207f4-d0e1-4f00-98b4-b4fe6e7361ca"/>
    <skos:narrower>
      <skos:Concept rdf:about="http://localhost:8000/84729b20-8f14-4b78-a71d-a9b2dea31126">
        <skos:inScheme rdf:resource="http://localhost:8000/e83b293e-2e6c-48a1-ab09-28311296daea"/>
        <skos:prefLabel xml:lang="en">{"id": "1e12932e-6c25-4b35-96b4-0ff002e9bbd6", "value": "Marine Shingle"}</skos:prefLabel>
        <skos:altLabel xml:lang="en">{"id": "ad23ee88-f6bd-4056-9e8d-bbb1fbe6b6c9", "value": "SA3"}</skos:altLabel>
      </skos:Concept>
    </skos:narrower>
    <skos:inScheme rdf:resource="http://localhost:8000/e83b293e-2e6c-48a1-ab09-28311296daea"/>
    <skos:prefLabel xml:lang="en">{"id": "23f5a9b2-698d-4191-b359-231174fcc8c5", "value": "Sand"}</skos:prefLabel>
  </skos:Concept>
  <skos:Concept rdf:about="http://localhost:8000/ac5a0d69-ccee-43bb-b8f8-43d4bf8910e5">
    <skos:prefLabel xml:lang="en">{"id": "cbfeea7f-c9b3-43ec-98e0-fd8eb526d930", "value": "Fen Peat"}</skos:prefLabel>
    <skos:inScheme rdf:resource="http://localhost:8000/e83b293e-2e6c-48a1-ab09-28311296daea"/>
    <skos:altLabel xml:lang="en">{"id": "48d33b9e-9beb-4460-973d-f18fd13f094e", "value": "PE3"}</skos:altLabel>
  </skos:Concept>
  <skos:Concept rdf:about="http://localhost:8000/ec974bd0-1892-43df-a8bf-60ce72950696">
    <skos:narrower>
      <skos:Concept rdf:about="http://localhost:8000/c162e3c6-408c-4dad-85b9-a6eb1e3de227">
        <skos:inScheme rdf:resource="http://localhost:8000/e83b293e-2e6c-48a1-ab09-28311296daea"/>
        <skos:prefLabel xml:lang="en">{"id": "227a2c3d-ae12-46de-abfa-a7b3a16f5232", "value": "River Brick Earth"}</skos:prefLabel>
        <skos:altLabel xml:lang="en">{"id": "c6b9edb1-c511-4f15-8795-6a131964bddd", "value": "GR8"}</skos:altLabel>
      </skos:Concept>
    </skos:narrower>
    <skos:altLabel xml:lang="en">{"id": "a03fee6a-b977-459a-93e3-305170fc98e8", "value": "GR1"}</skos:altLabel>
    <skos:narrower>
      <skos:Concept rdf:about="http://localhost:8000/2dfa147f-4115-4871-aa41-4d589fd34e5e">
        <skos:altLabel xml:lang="en">{"id": "86e481af-d875-44c5-8370-7aeb356f97a2", "value": "GR6"}</skos:altLabel>
        <skos:prefLabel xml:lang="en">{"id": "6decfc54-1281-4b32-9a23-f7f434c1ac77", "value": "Marine Gravel"}</skos:prefLabel>
        <skos:inScheme rdf:resource="http://localhost:8000/e83b293e-2e6c-48a1-ab09-28311296daea"/>
      </skos:Concept>
    </skos:narrower>
    <skos:narrower>
      <skos:Concept rdf:about="http://localhost:8000/faa17d15-b296-4170-be2b-cdd222d5808b">
        <skos:prefLabel xml:lang="en">{"id": "72fd3b55-2757-4e22-888e-e24f9c412370", "value": "Pebble Beds"}</skos:prefLabel>
        <skos:altLabel xml:lang="en">{"id": "3e54a831-fdbb-483f-b93b-55b4c2539450", "value": "GR3"}</skos:altLabel>
        <skos:inScheme rdf:resource="http://localhost:8000/e83b293e-2e6c-48a1-ab09-28311296daea"/>
      </skos:Concept>
    </skos:narrower>
    <skos:inScheme rdf:resource="http://localhost:8000/e83b293e-2e6c-48a1-ab09-28311296daea"/>
    <skos:prefLabel xml:lang="en">{"id": "c1d69e3a-006c-4e4c-ad4a-30852d553e70", "value": "Gravel"}</skos:prefLabel>
    <skos:narrower rdf:resource="http://localhost:8000/97748740-b27f-422a-86c8-ebf80d2b994b"/>
    <skos:narrower>
      <skos:Concept rdf:about="http://localhost:8000/78c35b26-efe2-4863-ab4b-bc9ce310e42c">
        <skos:altLabel xml:lang="en">{"id": "7d7d8397-19c0-4d33-b7be-25f06a654744", "value": "GR2"}</skos:altLabel>
        <skos:inScheme rdf:resource="http://localhost:8000/e83b293e-2e6c-48a1-ab09-28311296daea"/>
        <skos:prefLabel xml:lang="en">{"id": "da4a4e0d-5620-412e-8f95-47027911ed2c", "value": "Lacustrine Gravel"}</skos:prefLabel>
      </skos:Concept>
    </skos:narrower>
    <skos:narrower>
      <skos:Concept rdf:about="http://localhost:8000/81ea35ec-c018-4b04-92d4-1c6116ffcbff">
        <skos:prefLabel xml:lang="en">{"id": "5209121a-5e9e-4fae-9a39-a72bb034e50b", "value": "Plateau Gravel"}</skos:prefLabel>
        <skos:altLabel xml:lang="en">{"id": "f2b51116-8469-44d9-a6d1-7500d66db952", "value": "GR7"}</skos:altLabel>
        <skos:inScheme rdf:resource="http://localhost:8000/e83b293e-2e6c-48a1-ab09-28311296daea"/>
      </skos:Concept>
    </skos:narrower>
    <skos:narrower>
      <skos:Concept rdf:about="http://localhost:8000/6f99b96d-f6fc-4896-8453-2761b92e7424">
        <skos:inScheme rdf:resource="http://localhost:8000/e83b293e-2e6c-48a1-ab09-28311296daea"/>
        <skos:prefLabel xml:lang="en">{"id": "a2172299-0348-46f7-9b24-f739deb26349", "value": "Head Gravel"}</skos:prefLabel>
        <skos:altLabel xml:lang="en">{"id": "3e388b02-9bf1-40a8-b096-fa2f0d7654db", "value": "GR4"}</skos:altLabel>
      </skos:Concept>
    </skos:narrower>
  </skos:Concept>
  <skos:Concept rdf:about="http://localhost:8000/fc7ad812-4627-4651-bec3-1ed80d61a498">
    <skos:prefLabel xml:lang="en">{"id": "52d3eea7-acc9-4d08-9fb4-1ca7ede9368a", "value": "Lake Marl"}</skos:prefLabel>
    <skos:inScheme rdf:resource="http://localhost:8000/e83b293e-2e6c-48a1-ab09-28311296daea"/>
    <skos:altLabel xml:lang="en">{"id": "f1e0e647-0d91-471d-b34b-688e084f73c7", "value": "MA2"}</skos:altLabel>
  </skos:Concept>
  <skos:Concept rdf:about="http://localhost:8000/9cbb8d5e-be6d-4319-a15a-048c453edad1">
    <skos:prefLabel xml:lang="en">{"id": "078d9212-f310-47c6-88fd-62e85f376681", "value": "Sandstone"}</skos:prefLabel>
    <skos:inScheme rdf:resource="http://localhost:8000/e83b293e-2e6c-48a1-ab09-28311296daea"/>
    <skos:altLabel xml:lang="en">{"id": "ff2cda5b-1d47-40f4-9339-4fc84c9641d5", "value": "SR8"}</skos:altLabel>
    <skos:narrower>
      <skos:Concept rdf:about="http://localhost:8000/e724518e-b405-42ef-8728-1c833b3ba16d">
        <skos:prefLabel xml:lang="en">{"id": "4aede071-48d5-43be-9194-e5858ff9beae", "value": "Gritstone"}</skos:prefLabel>
        <skos:inScheme rdf:resource="http://localhost:8000/e83b293e-2e6c-48a1-ab09-28311296daea"/>
        <skos:altLabel xml:lang="en">{"id": "febed508-0b39-42f9-b2e4-7e295877824f", "value": "OR1"}</skos:altLabel>
      </skos:Concept>
    </skos:narrower>
  </skos:Concept>
  <skos:Concept rdf:about="http://localhost:8000/02f87dc1-991f-4f45-a13a-fc5c2f648eb9">
    <skos:prefLabel xml:lang="en">{"id": "bf999f72-983a-4b61-8433-6af80d838606", "value": "Till"}</skos:prefLabel>
    <skos:inScheme rdf:resource="http://localhost:8000/e83b293e-2e6c-48a1-ab09-28311296daea"/>
    <skos:altLabel xml:lang="en">{"id": "cc997906-38b2-41ca-9993-7aaa55562a7e", "value": "TI1"}</skos:altLabel>
  </skos:Concept>
  <skos:Concept rdf:about="http://localhost:8000/f8d6799f-3413-43f9-a823-859301da87a8">
    <skos:altLabel xml:lang="en">{"id": "15c5c00d-34b1-436c-b69b-17d22a5af245", "value": "SR6"}</skos:altLabel>
    <skos:altLabel xml:lang="en">{"id": "a8f9f5f7-c7d4-4bca-b0a2-ad09c0c49407", "value": "SR4"}</skos:altLabel>
    <skos:inScheme rdf:resource="http://localhost:8000/e83b293e-2e6c-48a1-ab09-28311296daea"/>
    <skos:prefLabel xml:lang="en">{"id": "7b7db15e-9b9c-44d6-b076-d987b4427693", "value": "Siltstone"}</skos:prefLabel>
  </skos:Concept>
  <skos:Concept rdf:about="http://localhost:8000/5c4b96df-0da3-4124-ba3d-f721e54df79d">
    <skos:inScheme rdf:resource="http://localhost:8000/e83b293e-2e6c-48a1-ab09-28311296daea"/>
    <skos:narrower rdf:resource="http://localhost:8000/f8d6799f-3413-43f9-a823-859301da87a8"/>
    <skos:narrower rdf:resource="http://localhost:8000/708cf710-e124-4d59-8bb7-49be9da0388c"/>
    <skos:prefLabel xml:lang="en">{"id": "3f3653ee-8cce-403a-a275-c1fa46e9bf45", "value": "Sedimentary Rock"}</skos:prefLabel>
    <skos:altLabel xml:lang="en">{"id": "b8bddbbe-570e-4b4b-aa99-372a817c3fbb", "value": "SR1"}</skos:altLabel>
    <skos:narrower>
      <skos:Concept rdf:about="http://localhost:8000/2d301440-f441-4bc7-b3d1-e6c9cc252513">
        <skos:inScheme rdf:resource="http://localhost:8000/e83b293e-2e6c-48a1-ab09-28311296daea"/>
        <skos:altLabel xml:lang="en">{"id": "2ba26b6d-74d8-4374-8bf1-daa3144e0bf1", "value": "SR3"}</skos:altLabel>
        <skos:prefLabel xml:lang="en">{"id": "10dd8d14-388b-4b44-aa73-91d02c1488ec", "value": "Chalk"}</skos:prefLabel>
      </skos:Concept>
    </skos:narrower>
    <skos:narrower rdf:resource="http://localhost:8000/9cbb8d5e-be6d-4319-a15a-048c453edad1"/>
    <skos:narrower rdf:resource="http://localhost:8000/d3051f3b-6523-4a0c-b440-10b070e3e492"/>
    <skos:narrower rdf:resource="http://localhost:8000/fbbd1202-dad8-4a52-99f0-3448d2c62979"/>
  </skos:Concept>
  <skos:Concept rdf:about="http://localhost:8000/85f781f6-d063-4d1e-ae92-984279398c70">
    <skos:narrower rdf:resource="http://localhost:8000/bfee267d-dede-48af-9dd7-2d47ebad3f3a"/>
    <skos:inScheme rdf:resource="http://localhost:8000/e83b293e-2e6c-48a1-ab09-28311296daea"/>
    <skos:narrower>
      <skos:Concept rdf:about="http://localhost:8000/b58d6dcc-e50f-431b-82de-60e95a54795e">
        <skos:inScheme rdf:resource="http://localhost:8000/e83b293e-2e6c-48a1-ab09-28311296daea"/>
        <skos:altLabel xml:lang="en">{"id": "83cb6705-c19f-4944-b6ef-e84d0dce5c32", "value": "CY2"}</skos:altLabel>
        <skos:prefLabel xml:lang="en">{"id": "eaa815b4-3808-4ebd-8096-2c948bac15b2", "value": "Clay with flints"}</skos:prefLabel>
      </skos:Concept>
    </skos:narrower>
    <skos:altLabel xml:lang="en">{"id": "7ba14ef1-ab91-4236-b4ac-3f38498dbb3e", "value": "CY1"}</skos:altLabel>
    <skos:narrower rdf:resource="http://localhost:8000/6c0a82fb-6b57-4358-aa63-a4e669740b71"/>
    <skos:narrower rdf:resource="http://localhost:8000/41709946-8301-4c38-b516-e89fbf180d00"/>
    <skos:narrower>
      <skos:Concept rdf:about="http://localhost:8000/edef7057-dd6c-4ab6-b9ce-51205daef2ce">
        <skos:inScheme rdf:resource="http://localhost:8000/e83b293e-2e6c-48a1-ab09-28311296daea"/>
        <skos:altLabel xml:lang="en">{"id": "bd31651e-0e13-4bba-8815-d6ee567e0471", "value": "CY3"}</skos:altLabel>
        <skos:prefLabel xml:lang="en">{"id": "a764d57b-00c5-4305-beb8-e2ddee91c475", "value": "Jurassic Clay"}</skos:prefLabel>
      </skos:Concept>
    </skos:narrower>
    <skos:prefLabel xml:lang="en">{"id": "c082b36c-dca1-42b4-aa4c-92025f4192ff", "value": "Clay"}</skos:prefLabel>
  </skos:Concept>
  <skos:Concept rdf:about="http://localhost:8000/45c32da5-f4cd-443c-8c4e-e6b8bf4882b4">
    <skos:prefLabel xml:lang="en">{"id": "f6abdb7e-8371-4d82-80bd-5d8c11d9eda2", "value": "Igneous Rock"}</skos:prefLabel>
    <skos:altLabel xml:lang="en">{"id": "e9591333-23d1-4af5-9716-29e92d246bd0", "value": "IR1"}</skos:altLabel>
    <skos:inScheme rdf:resource="http://localhost:8000/e83b293e-2e6c-48a1-ab09-28311296daea"/>
  </skos:Concept>
  <skos:Concept rdf:about="http://localhost:8000/96836f46-7762-4916-b934-1cf6704b9182">
    <skos:inScheme rdf:resource="http://localhost:8000/e83b293e-2e6c-48a1-ab09-28311296daea"/>
    <skos:altLabel xml:lang="en">{"id": "ee86a189-ed8d-47d3-9fb9-d7c938b90efc", "value": "PE4"}</skos:altLabel>
    <skos:prefLabel xml:lang="en">{"id": "ea5158e6-dbc3-444b-a17b-e375dc0e2b79", "value": "Basin Peat"}</skos:prefLabel>
  </skos:Concept>
  <skos:Concept rdf:about="http://localhost:8000/22befb05-f421-4a29-95e7-1ef1ee9a046e">
    <skos:altLabel xml:lang="en">{"id": "16b474c8-62a9-47c1-8eb3-70e37e8fdaee", "value": "PE1"}</skos:altLabel>
    <skos:prefLabel xml:lang="en">{"id": "bda06c14-ac85-40b3-89ee-bdad959ce8ec", "value": "Peat"}</skos:prefLabel>
    <skos:narrower rdf:resource="http://localhost:8000/ac5a0d69-ccee-43bb-b8f8-43d4bf8910e5"/>
    <skos:inScheme rdf:resource="http://localhost:8000/e83b293e-2e6c-48a1-ab09-28311296daea"/>
    <skos:narrower>
      <skos:Concept rdf:about="http://localhost:8000/006a3100-a3a8-40e1-af7e-14846a179d06">
        <skos:prefLabel xml:lang="en">{"id": "469e82a5-b698-4b4e-a325-9f0a3ce0c11f", "value": "Blanket Peat"}</skos:prefLabel>
        <skos:altLabel xml:lang="en">{"id": "78226367-64f7-4f84-aca5-1a0b6ebb7e0f", "value": "PE5"}</skos:altLabel>
        <skos:inScheme rdf:resource="http://localhost:8000/e83b293e-2e6c-48a1-ab09-28311296daea"/>
      </skos:Concept>
    </skos:narrower>
    <skos:narrower rdf:resource="http://localhost:8000/96836f46-7762-4916-b934-1cf6704b9182"/>
    <skos:narrower rdf:resource="http://localhost:8000/5e9164aa-d727-48cb-b291-6584af1afc04"/>
  </skos:Concept>
  <skos:Concept rdf:about="http://localhost:8000/9bafe5ef-0134-4157-8647-fdbf1e0b4301">
    <skos:altLabel xml:lang="en">{"id": "0fd4c37d-a213-40b7-af44-20feab900de5", "value": "LO1"}</skos:altLabel>
    <skos:inScheme rdf:resource="http://localhost:8000/e83b293e-2e6c-48a1-ab09-28311296daea"/>
    <skos:prefLabel xml:lang="en">{"id": "252c4e50-6487-480a-a74e-67a1653733ed", "value": "Loam"}</skos:prefLabel>
    <skos:narrower>
      <skos:Concept rdf:about="http://localhost:8000/6a9e60d7-14b5-4ec2-8f21-ae02661605c4">
        <skos:inScheme rdf:resource="http://localhost:8000/e83b293e-2e6c-48a1-ab09-28311296daea"/>
        <skos:altLabel xml:lang="en">{"id": "d1b30cfa-432c-4829-a97b-0d6f456be10e", "value": "LO2"}</skos:altLabel>
        <skos:prefLabel xml:lang="en">{"id": "79f06959-b3d1-4434-8ae2-06d44ec9936d", "value": "Cretaceous Loam"}</skos:prefLabel>
      </skos:Concept>
    </skos:narrower>
  </skos:Concept>
  <skos:Concept rdf:about="http://localhost:8000/34b18473-3767-4c4d-9f0b-da820291c454">
    <skos:altLabel xml:lang="en">{"id": "c70b1e95-ac0b-45be-b3f2-17eb10e1881e", "value": "ALL3"}</skos:altLabel>
    <skos:inScheme rdf:resource="http://localhost:8000/e83b293e-2e6c-48a1-ab09-28311296daea"/>
    <skos:prefLabel xml:lang="en">{"id": "730d77e8-1eb8-4e90-adb1-0a708cb28c9e", "value": "Marine Alluvium"}</skos:prefLabel>
  </skos:Concept>
  <skos:Concept rdf:about="http://localhost:8000/0ed3e1d9-ebda-41d4-ac79-e65cdbb8d26c">
    <skos:altLabel xml:lang="en">{"id": "cf0a1fe7-9eab-40ac-913d-224660656066", "value": "OR5"}</skos:altLabel>
    <skos:inScheme rdf:resource="http://localhost:8000/e83b293e-2e6c-48a1-ab09-28311296daea"/>
    <skos:prefLabel xml:lang="en">{"id": "8adbb54c-d9fe-4281-8270-bd119546ff77", "value": "Breccia"}</skos:prefLabel>
  </skos:Concept>
  <skos:Concept rdf:about="http://localhost:8000/8dffc9df-5f44-4430-87d7-9af3c04b92b4">
    <skos:prefLabel xml:lang="en">{"id": "6fd7d774-55ca-4731-8c9c-796a38cf4ed3", "value": "Collovium"}</skos:prefLabel>
    <skos:inScheme rdf:resource="http://localhost:8000/e83b293e-2e6c-48a1-ab09-28311296daea"/>
    <skos:altLabel xml:lang="en">{"id": "3392517c-c385-4495-9afb-762db7fd6f2d", "value": "ALL4"}</skos:altLabel>
  </skos:Concept>
  <skos:Concept rdf:about="http://localhost:8000/0730dbb3-30f4-45da-80c3-0fd459760de8">
    <skos:narrower rdf:resource="http://localhost:8000/1536d4b0-71aa-4110-991b-2f7a633ed8a1"/>
    <skos:inScheme rdf:resource="http://localhost:8000/e83b293e-2e6c-48a1-ab09-28311296daea"/>
    <skos:prefLabel xml:lang="en">{"id": "21d5b8d5-41c5-4416-800f-ec117692ab3b", "value": "Alluvium"}</skos:prefLabel>
    <skos:narrower rdf:resource="http://localhost:8000/34b18473-3767-4c4d-9f0b-da820291c454"/>
    <skos:altLabel xml:lang="en">{"id": "9130e7fa-d85b-4211-9b59-f4d47a11e14c", "value": "ALL1"}</skos:altLabel>
    <skos:narrower rdf:resource="http://localhost:8000/8dffc9df-5f44-4430-87d7-9af3c04b92b4"/>
  </skos:Concept>
  <skos:Concept rdf:about="http://localhost:8000/3f722911-64f3-4771-84d4-16b141d20f69">
    <skos:inScheme rdf:resource="http://localhost:8000/e83b293e-2e6c-48a1-ab09-28311296daea"/>
    <skos:altLabel xml:lang="en">{"id": "1909cffa-52a9-4372-b136-16e0f736f4d0", "value": "OR4"}</skos:altLabel>
    <skos:prefLabel xml:lang="en">{"id": "b7b32c04-4c51-4ff5-b458-839eaf2a2fd7", "value": "Brickearth"}</skos:prefLabel>
  </skos:Concept>
  <skos:Concept rdf:about="http://localhost:8000/e2690c5f-baf4-405a-8b89-26a9e2223dd9">
    <skos:prefLabel xml:lang="en">{"id": "38f14885-a7ba-4326-aad8-f64084ac0f1c", "value": "Marl"}</skos:prefLabel>
    <skos:altLabel xml:lang="en">{"id": "272f75f2-ffed-4ad0-b381-625054de446f", "value": "MA1"}</skos:altLabel>
    <skos:inScheme rdf:resource="http://localhost:8000/e83b293e-2e6c-48a1-ab09-28311296daea"/>
    <skos:narrower rdf:resource="http://localhost:8000/fc7ad812-4627-4651-bec3-1ed80d61a498"/>
  </skos:Concept>
</rdf:RDF>
