<?xml version="1.0" encoding="utf-8"?>
<rdf:RDF
  xmlns:skos="http://www.w3.org/2004/02/skos/core#"
  xmlns:rdf="http://www.w3.org/1999/02/22-rdf-syntax-ns#"
  xmlns:dcterms="http://purl.org/dc/terms/"
>
  <skos:Concept rdf:about="http://localhost:8000/58131f31-c16f-45b7-8700-6531df456468">
    <skos:prefLabel xml:lang="en">{"id": "d8338ba5-b9a3-4df0-a399-6e99e19003bb", "value": "Chart Datum"}</skos:prefLabel>
    <skos:altLabel xml:lang="en">{"id": "8bf2e8fd-e17e-456c-90b9-0d1d7ed7957d", "value": "CD"}</skos:altLabel>
    <dcterms:identifier xml:lang="en">{"id": "04a3e4f0-491e-493f-bf59-278731a23040", "value": "http://localhost:8000/58131f31-c16f-45b7-8700-6531df456468"}</dcterms:identifier>
    <skos:inScheme>
      <skos:ConceptScheme rdf:about="http://localhost:8000/3386de00-0c69-4638-b386-3dd0b6cccb2d">
        <skos:hasTopConcept rdf:resource="http://localhost:8000/622e2191-22e4-4722-bd19-243e090dff3c"/>
        <dcterms:title xml:lang="en">{"id": "2d8d7d9d-1f9f-4bfa-bb9f-7eed37c9a22d", "value": "Height Qualifiers"}</dcterms:title>
        <skos:hasTopConcept rdf:resource="http://localhost:8000/64fc3479-334e-412f-b09a-b5dcc00aba20"/>
        <skos:hasTopConcept rdf:resource="http://localhost:8000/70ff70c8-27d6-40c4-8264-c32c9ed1eecc"/>
        <dcterms:identifier xml:lang="en">{"id": "feae7a75-46ec-4219-aa36-cd02cb89346b", "value": "http://localhost:8000/3386de00-0c69-4638-b386-3dd0b6cccb2d"}</dcterms:identifier>
        <skos:hasTopConcept rdf:resource="http://localhost:8000/58131f31-c16f-45b7-8700-6531df456468"/>
      </skos:ConceptScheme>
    </skos:inScheme>
  </skos:Concept>
  <skos:Concept rdf:about="http://localhost:8000/64fc3479-334e-412f-b09a-b5dcc00aba20">
    <skos:altLabel xml:lang="en">{"id": "2548e3d1-7855-44fa-933c-2c89813d94a1", "value": "UN"}</skos:altLabel>
    <skos:prefLabel xml:lang="en">{"id": "e8dda1c5-4f91-4ffa-ae4f-4fe26d6fee96", "value": "Unknown"}</skos:prefLabel>
    <skos:inScheme rdf:resource="http://localhost:8000/3386de00-0c69-4638-b386-3dd0b6cccb2d"/>
    <dcterms:identifier xml:lang="en">{"id": "6f9aa437-f684-4364-8ef8-ede40487b519", "value": "http://localhost:8000/64fc3479-334e-412f-b09a-b5dcc00aba20"}</dcterms:identifier>
  </skos:Concept>
  <skos:Concept rdf:about="http://localhost:8000/70ff70c8-27d6-40c4-8264-c32c9ed1eecc">
    <skos:prefLabel xml:lang="en">{"id": "bb902ce0-1745-4005-a8b4-8eef30dd10ff", "value": "Ordnance Datum"}</skos:prefLabel>
    <dcterms:identifier xml:lang="en">{"id": "2f9b6281-7d98-4cfe-a8b9-289b9f2c27e1", "value": "http://localhost:8000/70ff70c8-27d6-40c4-8264-c32c9ed1eecc"}</dcterms:identifier>
    <skos:inScheme rdf:resource="http://localhost:8000/3386de00-0c69-4638-b386-3dd0b6cccb2d"/>
    <skos:altLabel xml:lang="en">{"id": "23ae35fc-9593-4fe6-9f42-85ef00705f4b", "value": "OD"}</skos:altLabel>
  </skos:Concept>
  <skos:Concept rdf:about="http://localhost:8000/622e2191-22e4-4722-bd19-243e090dff3c">
    <skos:inScheme rdf:resource="http://localhost:8000/3386de00-0c69-4638-b386-3dd0b6cccb2d"/>
    <skos:prefLabel xml:lang="en">{"id": "8dd36fc5-edb5-4def-9fd7-6936f2a118d3", "value": "General Depth"}</skos:prefLabel>
    <dcterms:identifier xml:lang="en">{"id": "ea7a9c4c-271c-4ee1-87d5-7b4b6bf77d64", "value": "http://localhost:8000/622e2191-22e4-4722-bd19-243e090dff3c"}</dcterms:identifier>
    <skos:altLabel xml:lang="en">{"id": "a2c163a1-cc2d-4259-a06b-7e64ba0a10b4", "value": "GD"}</skos:altLabel>
  </skos:Concept>
</rdf:RDF>
