<?xml version="1.0" encoding="utf-8"?>
<rdf:RDF
  xmlns:skos="http://www.w3.org/2004/02/skos/core#"
  xmlns:dcterms="http://purl.org/dc/terms/"
  xmlns:rdf="http://www.w3.org/1999/02/22-rdf-syntax-ns#"
>
  <skos:Concept rdf:about="http://localhost:8000/a223b9ce-6b19-4cb9-baca-41fd9a1e96ff">
    <skos:prefLabel xml:lang="en">{"id": "fc2712a3-4680-444c-ae8f-f6ac53b27019", "value": "Other mineral extraction / processing"}</skos:prefLabel>
    <dcterms:identifier xml:lang="en">{"id": "9f4229ee-5861-4fad-8a57-5b0d0abdf301", "value": "http://localhost:8000/a223b9ce-6b19-4cb9-baca-41fd9a1e96ff"}</dcterms:identifier>
    <skos:altLabel xml:lang="en">{"id": "481bc30d-fae1-4c55-8193-955bd3b2cfa7", "value": "MINEX"}</skos:altLabel>
    <skos:inScheme>
      <skos:ConceptScheme rdf:about="http://localhost:8000/d147b8ca-cb14-4140-a510-e77dd6036efe">
        <skos:hasTopConcept rdf:resource="http://localhost:8000/101d416d-dbe0-4053-a3e1-bad16bb5b34d"/>
        <skos:hasTopConcept rdf:resource="http://localhost:8000/e2c4703f-5d68-4589-9c42-e4364b5616e6"/>
        <skos:hasTopConcept rdf:resource="http://localhost:8000/a95e39eb-932e-4b8a-be27-e2f7811f5ba8"/>
        <skos:hasTopConcept rdf:resource="http://localhost:8000/70fddf7f-8a1d-43fb-851b-c9e56ab61f0f"/>
        <skos:hasTopConcept rdf:resource="http://localhost:8000/3216c5e8-e2c1-45b7-982a-b0eb0d0802a8"/>
        <skos:hasTopConcept rdf:resource="http://localhost:8000/e91f8870-85f1-4b3c-8ba9-c121b33d3f3d"/>
        <skos:hasTopConcept rdf:resource="http://localhost:8000/f0c43f28-59b6-42e2-b172-f242b3611249"/>
        <dcterms:identifier xml:lang="en">{"id": "b3c39c8a-9e0b-49d3-8f78-194be55fae8d", "value": "http://localhost:8000/d147b8ca-cb14-4140-a510-e77dd6036efe"}</dcterms:identifier>
        <skos:hasTopConcept rdf:resource="http://localhost:8000/4a3eabf6-959d-47fb-bb58-5e2f18dfe3f3"/>
        <skos:hasTopConcept rdf:resource="http://localhost:8000/701eeb76-4b62-42f4-8433-e268f584e56e"/>
        <skos:hasTopConcept rdf:resource="http://localhost:8000/2fc358c6-87d1-4b66-aa3f-5fda4570c1bd"/>
        <skos:hasTopConcept rdf:resource="http://localhost:8000/39778958-44a9-4362-ab14-4a1312b93a8f"/>
        <skos:hasTopConcept rdf:resource="http://localhost:8000/c989ff71-b50b-442b-b657-701daa9519fe"/>
        <skos:hasTopConcept rdf:resource="http://localhost:8000/4dfcff92-0805-4242-a80f-427754b0d71a"/>
        <skos:hasTopConcept rdf:resource="http://localhost:8000/4fd1b8dd-0f82-4f29-a866-caf6a8a35457"/>
        <skos:hasTopConcept rdf:resource="http://localhost:8000/eb9d235c-9156-4972-9878-aaaf2dadb901"/>
        <skos:hasTopConcept rdf:resource="http://localhost:8000/b671cbe8-9729-4923-9df9-8faac9b821b7"/>
        <skos:hasTopConcept rdf:resource="http://localhost:8000/4da18499-adbe-4c8b-92e4-21fe72d9075e"/>
        <skos:hasTopConcept rdf:resource="http://localhost:8000/e2883459-fb01-4c63-98e0-a47557d590bc"/>
        <skos:hasTopConcept rdf:resource="http://localhost:8000/c519ef07-bcf1-45d7-a7da-d589931eb247"/>
        <skos:hasTopConcept rdf:resource="http://localhost:8000/cac15cd7-4a82-41be-84e6-ed2557fd8cac"/>
        <skos:hasTopConcept rdf:resource="http://localhost:8000/7682b858-8429-4a41-bb97-f0bfc9b746d4"/>
        <skos:hasTopConcept rdf:resource="http://localhost:8000/86e896df-fac6-4194-b865-d2eeae0d4222"/>
        <skos:hasTopConcept rdf:resource="http://localhost:8000/53d5fb20-caca-49cd-84c1-a7eded58ab79"/>
        <skos:hasTopConcept rdf:resource="http://localhost:8000/4227d269-67a6-4d10-a8c1-61099b6dee4c"/>
        <dcterms:title xml:lang="en">{"id": "b99a5b9f-bf8c-4e66-a029-79e71c8da865", "value": "Historic Landscape Characterization"}</dcterms:title>
        <skos:hasTopConcept rdf:resource="http://localhost:8000/5c915e2e-281f-49f1-8ea4-5627800a9dd5"/>
      </skos:ConceptScheme>
    </skos:inScheme>
  </skos:Concept>
  <skos:Concept rdf:about="http://localhost:8000/cde0e26a-05e9-4cb9-92c3-75b088160b8c">
    <skos:inScheme rdf:resource="http://localhost:8000/d147b8ca-cb14-4140-a510-e77dd6036efe"/>
    <skos:altLabel xml:lang="en">{"id": "52486427-a08a-4ee2-bd7b-0e0cffbf2cd4", "value": "FRTST"}</skos:altLabel>
    <dcterms:identifier xml:lang="en">{"id": "05497eea-1bd9-437c-bf4b-ad54146dc0f9", "value": "http://localhost:8000/cde0e26a-05e9-4cb9-92c3-75b088160b8c"}</dcterms:identifier>
    <skos:prefLabel xml:lang="en">{"id": "69b3ed0e-93fa-4ee2-9f67-686176678056", "value": "Fortified site"}</skos:prefLabel>
  </skos:Concept>
  <skos:Concept rdf:about="http://localhost:8000/b23af291-0b28-4f1e-b500-244abdeb7633">
    <dcterms:identifier xml:lang="en">{"id": "8747c327-525a-4e08-b949-3d0712b9963a", "value": "http://localhost:8000/b23af291-0b28-4f1e-b500-244abdeb7633"}</dcterms:identifier>
    <skos:altLabel xml:lang="en">{"id": "8291244e-606b-4539-a60a-c92145704130", "value": "CNL"}</skos:altLabel>
    <skos:inScheme rdf:resource="http://localhost:8000/d147b8ca-cb14-4140-a510-e77dd6036efe"/>
    <skos:prefLabel xml:lang="en">{"id": "8a5d4d51-3c59-4f7c-b1ec-539a9a1710fd", "value": "Canal"}</skos:prefLabel>
  </skos:Concept>
  <skos:Concept rdf:about="http://localhost:8000/369994ac-8efc-4afa-a041-4aee6f509aac">
    <skos:altLabel xml:lang="en">{"id": "5ad7d790-97a7-42ad-b539-a0c14c3c79b9", "value": "HIST"}</skos:altLabel>
    <dcterms:identifier xml:lang="en">{"id": "bb3c1616-bb2a-405c-8f8e-22ed8f1d6495", "value": "http://localhost:8000/369994ac-8efc-4afa-a041-4aee6f509aac"}</dcterms:identifier>
    <skos:inScheme rdf:resource="http://localhost:8000/d147b8ca-cb14-4140-a510-e77dd6036efe"/>
    <skos:prefLabel xml:lang="en">{"id": "5d056320-145e-4074-a981-4771f02a251f", "value": "Historic Estate"}</skos:prefLabel>
  </skos:Concept>
  <skos:Concept rdf:about="http://localhost:8000/5807d86b-83f3-4554-a854-4954dc5f68fb">
    <skos:inScheme rdf:resource="http://localhost:8000/d147b8ca-cb14-4140-a510-e77dd6036efe"/>
    <dcterms:identifier xml:lang="en">{"id": "2efe11cd-2fa8-4439-9a5e-3ea9d83ef586", "value": "http://localhost:8000/5807d86b-83f3-4554-a854-4954dc5f68fb"}</dcterms:identifier>
    <skos:altLabel xml:lang="en">{"id": "79ed91b4-b3e9-4679-9370-d6536b0e5111", "value": "RAIL"}</skos:altLabel>
    <skos:prefLabel xml:lang="en">{"id": "986e7361-27f9-47cc-bee3-859b7ca117ef", "value": "Rail"}</skos:prefLabel>
  </skos:Concept>
  <skos:Concept rdf:about="http://localhost:8000/1e989efe-a6e3-462d-b6f3-995e6e211e89">
    <dcterms:identifier xml:lang="en">{"id": "de3112f1-1804-44ea-99ec-da79fd60fbce", "value": "http://localhost:8000/1e989efe-a6e3-462d-b6f3-995e6e211e89"}</dcterms:identifier>
    <skos:altLabel xml:lang="en">{"id": "73ec0704-ef5c-4103-9d48-0bada73f0f52", "value": "RMFRM"}</skos:altLabel>
    <skos:inScheme rdf:resource="http://localhost:8000/d147b8ca-cb14-4140-a510-e77dd6036efe"/>
    <skos:prefLabel xml:lang="en">{"id": "ea63e9c1-7e55-4459-9fd1-fcaa80549a01", "value": "Roman farmstead"}</skos:prefLabel>
  </skos:Concept>
  <skos:Concept rdf:about="http://localhost:8000/701eeb76-4b62-42f4-8433-e268f584e56e">
    <dcterms:identifier xml:lang="en">{"id": "a7ae48f6-30fb-4df2-80e6-5154422b17af", "value": "http://localhost:8000/701eeb76-4b62-42f4-8433-e268f584e56e"}</dcterms:identifier>
    <skos:prefLabel xml:lang="en">{"id": "7fa015ec-08a8-49d0-9618-50de700b7cdc", "value": "Religious"}</skos:prefLabel>
    <skos:inScheme rdf:resource="http://localhost:8000/d147b8ca-cb14-4140-a510-e77dd6036efe"/>
  </skos:Concept>
  <skos:Concept rdf:about="http://localhost:8000/4a3eabf6-959d-47fb-bb58-5e2f18dfe3f3">
    <skos:prefLabel xml:lang="en">{"id": "48b129ec-db91-4ef6-bd96-692d8d6bdcc7", "value": "Residential Inter-war"}</skos:prefLabel>
    <skos:inScheme rdf:resource="http://localhost:8000/d147b8ca-cb14-4140-a510-e77dd6036efe"/>
    <skos:altLabel xml:lang="en">{"id": "493ed5b4-35b0-4be4-8fa8-33cd267ce0bf", "value": "IWR"}</skos:altLabel>
    <dcterms:identifier xml:lang="en">{"id": "2a29e9a2-d9f6-4c35-8dba-b89771fc3f57", "value": "http://localhost:8000/4a3eabf6-959d-47fb-bb58-5e2f18dfe3f3"}</dcterms:identifier>
  </skos:Concept>
  <skos:Concept rdf:about="http://localhost:8000/c989ff71-b50b-442b-b657-701daa9519fe">
    <skos:inScheme rdf:resource="http://localhost:8000/d147b8ca-cb14-4140-a510-e77dd6036efe"/>
    <skos:narrower>
      <skos:Concept rdf:about="http://localhost:8000/584efc95-2801-4665-bbeb-b97c114e02e3">
        <dcterms:identifier xml:lang="en">{"id": "cb193fea-3bd4-469e-a1ab-d468384ecbb3", "value": "http://localhost:8000/584efc95-2801-4665-bbeb-b97c114e02e3"}</dcterms:identifier>
        <skos:prefLabel xml:lang="en">{"id": "b2fdbf53-fe6f-46b6-9989-afa1c4a8d9c4", "value": "Petrol station"}</skos:prefLabel>
        <skos:inScheme rdf:resource="http://localhost:8000/d147b8ca-cb14-4140-a510-e77dd6036efe"/>
        <skos:altLabel xml:lang="en">{"id": "42936555-6c7f-4e07-9e55-0c82c1f66b87", "value": "PETR"}</skos:altLabel>
      </skos:Concept>
    </skos:narrower>
    <skos:narrower>
      <skos:Concept rdf:about="http://localhost:8000/c7cce164-e7fd-471e-ba56-872c6eb05d2f">
        <dcterms:identifier xml:lang="en">{"id": "b098c4bc-5efe-43ec-a324-7bf1d6048295", "value": "http://localhost:8000/c7cce164-e7fd-471e-ba56-872c6eb05d2f"}</dcterms:identifier>
        <skos:altLabel xml:lang="en">{"id": "fd1aecb7-132d-41ba-8d89-5db7cdc59be9", "value": "GAR"}</skos:altLabel>
        <skos:inScheme rdf:resource="http://localhost:8000/d147b8ca-cb14-4140-a510-e77dd6036efe"/>
        <skos:prefLabel xml:lang="en">{"id": "1eaa2935-e8f7-49aa-9991-0f74b6180dbe", "value": "Garage/car sales"}</skos:prefLabel>
      </skos:Concept>
    </skos:narrower>
    <skos:narrower>
      <skos:Concept rdf:about="http://localhost:8000/a42caf74-186a-4968-8b0a-8d22ce3a40a2">
        <skos:inScheme rdf:resource="http://localhost:8000/d147b8ca-cb14-4140-a510-e77dd6036efe"/>
        <dcterms:identifier xml:lang="en">{"id": "1413db47-a2c0-4ac4-bf12-35b9bc031d8c", "value": "http://localhost:8000/a42caf74-186a-4968-8b0a-8d22ce3a40a2"}</dcterms:identifier>
        <skos:prefLabel xml:lang="en">{"id": "3435d049-baf8-4bf8-995f-7596c269598d", "value": "Public House"}</skos:prefLabel>
        <skos:altLabel xml:lang="en">{"id": "96f966d4-7548-401d-a897-d26b89457e29", "value": "PUB"}</skos:altLabel>
      </skos:Concept>
    </skos:narrower>
    <skos:narrower>
      <skos:Concept rdf:about="http://localhost:8000/96d445f1-3d61-4c3f-be72-04a168a93fe5">
        <dcterms:identifier xml:lang="en">{"id": "4de67110-c5ff-40d1-97f6-6c0e0c1a14c4", "value": "http://localhost:8000/96d445f1-3d61-4c3f-be72-04a168a93fe5"}</dcterms:identifier>
        <skos:inScheme rdf:resource="http://localhost:8000/d147b8ca-cb14-4140-a510-e77dd6036efe"/>
        <skos:altLabel xml:lang="en">{"id": "903b2ebe-ed3c-43b7-a92f-7c1522a149e3", "value": "RETG"}</skos:altLabel>
        <skos:prefLabel xml:lang="en">{"id": "a7add4bd-e06a-453b-bad5-0f1fb566c5d3", "value": "Retail (general)"}</skos:prefLabel>
      </skos:Concept>
    </skos:narrower>
    <skos:narrower>
      <skos:Concept rdf:about="http://localhost:8000/5cdb4f11-78bd-4d4c-a9e0-01b591ccaa4b">
        <skos:altLabel xml:lang="en">{"id": "f027fe9a-9f73-44be-91e9-07dfd4633ee9", "value": "RTLPK"}</skos:altLabel>
        <skos:prefLabel xml:lang="en">{"id": "96735d80-5721-4d49-94f4-6ad288913e7c", "value": "Retail parks"}</skos:prefLabel>
        <skos:inScheme rdf:resource="http://localhost:8000/d147b8ca-cb14-4140-a510-e77dd6036efe"/>
        <dcterms:identifier xml:lang="en">{"id": "b67a6796-3007-453e-bc6e-786b45d3718a", "value": "http://localhost:8000/5cdb4f11-78bd-4d4c-a9e0-01b591ccaa4b"}</dcterms:identifier>
      </skos:Concept>
    </skos:narrower>
    <skos:narrower>
      <skos:Concept rdf:about="http://localhost:8000/d33030f5-d89c-4e70-97b7-55dc48d7b7c6">
        <skos:prefLabel xml:lang="en">{"id": "a7502434-695c-4f2f-95b6-6a9ff3b7f8a4", "value": "Markets"}</skos:prefLabel>
        <dcterms:identifier xml:lang="en">{"id": "e34bd8f5-4b75-40b1-a34d-f57450a069c8", "value": "http://localhost:8000/d33030f5-d89c-4e70-97b7-55dc48d7b7c6"}</dcterms:identifier>
        <skos:altLabel xml:lang="en">{"id": "beb32be6-84b8-4e8b-8ff5-954b79129d09", "value": "MRKTS"}</skos:altLabel>
        <skos:inScheme rdf:resource="http://localhost:8000/d147b8ca-cb14-4140-a510-e77dd6036efe"/>
      </skos:Concept>
    </skos:narrower>
    <skos:narrower>
      <skos:Concept rdf:about="http://localhost:8000/1a2bf38b-1ac2-4710-9dad-2876c220b3fd">
        <skos:altLabel xml:lang="en">{"id": "2da09077-2af4-4d50-87df-8fc5ca4bcb5e", "value": "OFF"}</skos:altLabel>
        <skos:prefLabel xml:lang="en">{"id": "a0987019-9c16-44d5-b9f8-2bb35b36cf14", "value": "Offices / business centres"}</skos:prefLabel>
        <skos:inScheme rdf:resource="http://localhost:8000/d147b8ca-cb14-4140-a510-e77dd6036efe"/>
        <dcterms:identifier xml:lang="en">{"id": "f4cc7ca5-a1f3-469f-8e43-e85bab16196b", "value": "http://localhost:8000/1a2bf38b-1ac2-4710-9dad-2876c220b3fd"}</dcterms:identifier>
      </skos:Concept>
    </skos:narrower>
    <skos:prefLabel xml:lang="en">{"id": "ba133366-afc5-4f41-9f73-73c3e1b78d3e", "value": "Commercial"}</skos:prefLabel>
    <dcterms:identifier xml:lang="en">{"id": "25d96540-25c3-4f46-9dcb-69f571a166c3", "value": "http://localhost:8000/c989ff71-b50b-442b-b657-701daa9519fe"}</dcterms:identifier>
    <skos:narrower>
      <skos:Concept rdf:about="http://localhost:8000/ffef8256-ed08-45d1-8d04-3e3a1a9640e6">
        <skos:prefLabel xml:lang="en">{"id": "adefb426-744d-45e3-9b88-1295cc3de6ea", "value": "Stables/Kennels/Cattery"}</skos:prefLabel>
        <dcterms:identifier xml:lang="en">{"id": "c2601ac2-3553-4404-9644-29357326bb31", "value": "http://localhost:8000/ffef8256-ed08-45d1-8d04-3e3a1a9640e6"}</dcterms:identifier>
        <skos:altLabel xml:lang="en">{"id": "c55c796b-3c7d-45e7-8d89-d785a8f0739e", "value": "ANIM"}</skos:altLabel>
        <skos:inScheme rdf:resource="http://localhost:8000/d147b8ca-cb14-4140-a510-e77dd6036efe"/>
      </skos:Concept>
    </skos:narrower>
    <skos:narrower>
      <skos:Concept rdf:about="http://localhost:8000/2d0f1e08-88cb-4c6a-bfd8-d149d665ea2f">
        <skos:altLabel xml:lang="en">{"id": "9f4bcd6c-0e9d-4145-a9b9-81ff5b1ffcc3", "value": "HTL"}</skos:altLabel>
        <skos:inScheme rdf:resource="http://localhost:8000/d147b8ca-cb14-4140-a510-e77dd6036efe"/>
        <dcterms:identifier xml:lang="en">{"id": "342b8fc7-b6c3-431e-a457-334e6fb13e02", "value": "http://localhost:8000/2d0f1e08-88cb-4c6a-bfd8-d149d665ea2f"}</dcterms:identifier>
        <skos:prefLabel xml:lang="en">{"id": "3469c53e-9e62-4ecb-8008-93d7e55112a8", "value": "Hotel/motel"}</skos:prefLabel>
      </skos:Concept>
    </skos:narrower>
    <skos:altLabel xml:lang="en">{"id": "a3f9dafd-4f0d-443c-b1dd-09733c4e3ba3", "value": "CML"}</skos:altLabel>
    <skos:narrower>
      <skos:Concept rdf:about="http://localhost:8000/7908e9e5-79e1-44d2-9aa6-23f7771c15bc">
        <skos:altLabel xml:lang="en">{"id": "3a35c527-e150-476d-b196-7d34a425a3e7", "value": "GRDNC"}</skos:altLabel>
        <skos:inScheme rdf:resource="http://localhost:8000/d147b8ca-cb14-4140-a510-e77dd6036efe"/>
        <skos:prefLabel xml:lang="en">{"id": "0b1cb6a6-2c39-4d8c-92e1-26926dd98e07", "value": "Garden centre/nursery"}</skos:prefLabel>
        <dcterms:identifier xml:lang="en">{"id": "8f3264e7-bb63-4c1b-8a70-01a13a344885", "value": "http://localhost:8000/7908e9e5-79e1-44d2-9aa6-23f7771c15bc"}</dcterms:identifier>
      </skos:Concept>
    </skos:narrower>
    <skos:narrower>
      <skos:Concept rdf:about="http://localhost:8000/cb62331a-674d-4c66-a4e9-e6837a043665">
        <dcterms:identifier xml:lang="en">{"id": "35294ce9-88f2-47e7-8ec3-b742753a7ba5", "value": "http://localhost:8000/cb62331a-674d-4c66-a4e9-e6837a043665"}</dcterms:identifier>
        <skos:inScheme rdf:resource="http://localhost:8000/d147b8ca-cb14-4140-a510-e77dd6036efe"/>
        <skos:altLabel xml:lang="en">{"id": "4abe19f2-14fc-4812-b09e-4be6f6617a71", "value": "REST"}</skos:altLabel>
        <skos:prefLabel xml:lang="en">{"id": "194fe433-40bc-46a0-ba88-a9aea657fc2e", "value": "Restaurant/food outlet"}</skos:prefLabel>
      </skos:Concept>
    </skos:narrower>
    <skos:narrower>
      <skos:Concept rdf:about="http://localhost:8000/4cba019f-ba06-406d-bc57-4d4fae072418">
        <skos:altLabel xml:lang="en">{"id": "66cef4fd-e58e-41ad-9f1e-43f01030b51f", "value": "COMI"}</skos:altLabel>
        <skos:prefLabel xml:lang="en">{"id": "9739a822-b3e9-4a66-867f-8961acd3424f", "value": "Mixed commercial/light industrial"}</skos:prefLabel>
        <skos:inScheme rdf:resource="http://localhost:8000/d147b8ca-cb14-4140-a510-e77dd6036efe"/>
        <dcterms:identifier xml:lang="en">{"id": "983b4d8b-b417-4c75-8dee-2884333baa67", "value": "http://localhost:8000/4cba019f-ba06-406d-bc57-4d4fae072418"}</dcterms:identifier>
      </skos:Concept>
    </skos:narrower>
    <skos:narrower>
      <skos:Concept rdf:about="http://localhost:8000/5ffe4166-1166-4ea2-9f4d-748701c1a1a8">
        <dcterms:identifier xml:lang="en">{"id": "7b1811e4-3167-4844-aa5d-8cfd2ff6b511", "value": "http://localhost:8000/5ffe4166-1166-4ea2-9f4d-748701c1a1a8"}</dcterms:identifier>
        <skos:inScheme rdf:resource="http://localhost:8000/d147b8ca-cb14-4140-a510-e77dd6036efe"/>
        <skos:altLabel xml:lang="en">{"id": "dacf4268-f32a-4b43-8fe8-4d3991539b52", "value": "SHPC"}</skos:altLabel>
        <skos:prefLabel xml:lang="en">{"id": "df91716e-bd50-477a-844b-14536b2c1f78", "value": "Shopping centres"}</skos:prefLabel>
      </skos:Concept>
    </skos:narrower>
    <skos:narrower>
      <skos:Concept rdf:about="http://localhost:8000/ad521164-4b3c-433a-a53a-28cd86715e85">
        <skos:altLabel xml:lang="en">{"id": "674fe449-0621-454f-bb60-3bd1df3cf9c2", "value": "CORES"}</skos:altLabel>
        <dcterms:identifier xml:lang="en">{"id": "785ae3a4-2dc7-4fa5-9095-3c4fcc88ef10", "value": "http://localhost:8000/ad521164-4b3c-433a-a53a-28cd86715e85"}</dcterms:identifier>
        <skos:prefLabel xml:lang="en">{"id": "4f717909-fd05-4adc-94ff-3fa1ea767821", "value": "Mixed commercial/residential"}</skos:prefLabel>
        <skos:inScheme rdf:resource="http://localhost:8000/d147b8ca-cb14-4140-a510-e77dd6036efe"/>
      </skos:Concept>
    </skos:narrower>
  </skos:Concept>
  <skos:Concept rdf:about="http://localhost:8000/c519ef07-bcf1-45d7-a7da-d589931eb247">
    <skos:prefLabel xml:lang="en">{"id": "429d900e-9f50-42f6-a605-bd192b6ad275", "value": "Unknown"}</skos:prefLabel>
    <dcterms:identifier xml:lang="en">{"id": "90801ee2-1d9b-4e63-9fb7-cf5e8bef4b37", "value": "http://localhost:8000/c519ef07-bcf1-45d7-a7da-d589931eb247"}</dcterms:identifier>
    <skos:altLabel xml:lang="en">{"id": "1ac8fc08-0df6-47a6-af7d-a2d63dc8f1ce", "value": "UNK"}</skos:altLabel>
    <skos:inScheme rdf:resource="http://localhost:8000/d147b8ca-cb14-4140-a510-e77dd6036efe"/>
  </skos:Concept>
  <skos:Concept rdf:about="http://localhost:8000/5c915e2e-281f-49f1-8ea4-5627800a9dd5">
    <skos:prefLabel xml:lang="en">{"id": "f932e912-cedc-4c53-ab72-e4e49bd8b073", "value": "Residential Post-war"}</skos:prefLabel>
    <skos:inScheme rdf:resource="http://localhost:8000/d147b8ca-cb14-4140-a510-e77dd6036efe"/>
    <skos:altLabel xml:lang="en">{"id": "963de761-66e5-46ac-8f65-5303cda6ba46", "value": "PWR"}</skos:altLabel>
    <dcterms:identifier xml:lang="en">{"id": "16472dfb-5ae2-4ba7-91c6-b57ab189585a", "value": "http://localhost:8000/5c915e2e-281f-49f1-8ea4-5627800a9dd5"}</dcterms:identifier>
  </skos:Concept>
  <skos:Concept rdf:about="http://localhost:8000/007920f6-b67b-44d7-9bc2-55fcc443e9e4">
    <dcterms:identifier xml:lang="en">{"id": "3dad5ccf-b51d-4df6-9e76-c83a825aefc6", "value": "http://localhost:8000/007920f6-b67b-44d7-9bc2-55fcc443e9e4"}</dcterms:identifier>
    <skos:altLabel xml:lang="en">{"id": "7d97ed62-e6fb-4f22-8a08-51557da49d7b", "value": "HMIX1"}</skos:altLabel>
    <skos:inScheme rdf:resource="http://localhost:8000/d147b8ca-cb14-4140-a510-e77dd6036efe"/>
    <skos:prefLabel xml:lang="en">{"id": "eabcb7c1-0eb7-4732-add2-7205fd66b8b1", "value": "Mixed commercial and residential 1750-1870"}</skos:prefLabel>
  </skos:Concept>
  <skos:Concept rdf:about="http://localhost:8000/11939877-d0b5-4081-89c0-4b8ae13bac8d">
    <skos:prefLabel xml:lang="en">{"id": "e0510b02-c415-4dd2-94b2-3aa2327965fc", "value": "Planned enclosure"}</skos:prefLabel>
    <dcterms:identifier xml:lang="en">{"id": "ef20e597-9e0c-4e4d-9384-742b0a8851dc", "value": "http://localhost:8000/11939877-d0b5-4081-89c0-4b8ae13bac8d"}</dcterms:identifier>
    <skos:inScheme rdf:resource="http://localhost:8000/d147b8ca-cb14-4140-a510-e77dd6036efe"/>
    <skos:altLabel xml:lang="en">{"id": "0e6dc832-4206-4899-b053-38f093228b46", "value": "PLNEN"}</skos:altLabel>
  </skos:Concept>
  <skos:Concept rdf:about="http://localhost:8000/840ac219-23c7-4eeb-af96-90b668d185eb">
    <skos:altLabel xml:lang="en">{"id": "e4271bc0-ae91-4816-97fc-33bce0dbd993", "value": "NRSRY"}</skos:altLabel>
    <dcterms:identifier xml:lang="en">{"id": "953b5c26-ec6d-47b5-b5b1-58c69e34e3b2", "value": "http://localhost:8000/840ac219-23c7-4eeb-af96-90b668d185eb"}</dcterms:identifier>
    <skos:prefLabel xml:lang="en">{"id": "c01ad5d4-b312-4a3d-ad75-cf73f7a68d5f", "value": "Nursery (commercial)"}</skos:prefLabel>
    <skos:inScheme rdf:resource="http://localhost:8000/d147b8ca-cb14-4140-a510-e77dd6036efe"/>
  </skos:Concept>
  <skos:Concept rdf:about="http://localhost:8000/e2c2f460-93eb-4548-862b-7c4387caf9ac">
    <skos:altLabel xml:lang="en">{"id": "d9d8a7e4-619e-4d81-b488-751b4bb7af04", "value": "MDS"}</skos:altLabel>
    <skos:inScheme rdf:resource="http://localhost:8000/d147b8ca-cb14-4140-a510-e77dd6036efe"/>
    <dcterms:identifier xml:lang="en">{"id": "16568dfe-add7-4414-a24f-1e1b272d0d1e", "value": "http://localhost:8000/e2c2f460-93eb-4548-862b-7c4387caf9ac"}</dcterms:identifier>
    <skos:prefLabel xml:lang="en">{"id": "db093ba2-8ba5-4675-8f33-79af5e35682d", "value": "Medieval dispersed settlement"}</skos:prefLabel>
  </skos:Concept>
  <skos:Concept rdf:about="http://localhost:8000/f9df841f-e0bf-40b8-83e8-b7a233bed991">
    <skos:altLabel xml:lang="en">{"id": "3652d087-855a-4ad2-9f71-a825aa673e09", "value": "RMVIL"}</skos:altLabel>
    <skos:prefLabel xml:lang="en">{"id": "066f9d53-08e1-409e-a7df-6f508e6c5e69", "value": "Roman villa"}</skos:prefLabel>
    <dcterms:identifier xml:lang="en">{"id": "dbda81fd-b49a-41c8-b706-2c00fcf92d3d", "value": "http://localhost:8000/f9df841f-e0bf-40b8-83e8-b7a233bed991"}</dcterms:identifier>
    <skos:inScheme rdf:resource="http://localhost:8000/d147b8ca-cb14-4140-a510-e77dd6036efe"/>
  </skos:Concept>
  <skos:Concept rdf:about="http://localhost:8000/457985d7-71f8-4c1b-aa37-1d8b739e9875">
    <skos:inScheme rdf:resource="http://localhost:8000/d147b8ca-cb14-4140-a510-e77dd6036efe"/>
    <dcterms:identifier xml:lang="en">{"id": "86f2822d-1f10-4a1e-a055-1db1edb1d694", "value": "http://localhost:8000/457985d7-71f8-4c1b-aa37-1d8b739e9875"}</dcterms:identifier>
    <skos:altLabel xml:lang="en">{"id": "743c5408-0f84-4309-9edd-8ea2367e1143", "value": "OPNFD"}</skos:altLabel>
    <skos:prefLabel xml:lang="en">{"id": "b3e99f10-dc73-43aa-ac94-9ec97cb8a663", "value": "Open fields"}</skos:prefLabel>
  </skos:Concept>
  <skos:Concept rdf:about="http://localhost:8000/671814c7-75c5-46b9-8cb5-d115f7389fec">
    <skos:prefLabel xml:lang="en">{"id": "50df7304-cd0d-4035-b266-e4f326d12d71", "value": "Undeveloped Urban Land"}</skos:prefLabel>
    <dcterms:identifier xml:lang="en">{"id": "5a54082e-771c-4814-a05b-6fe46f8fefc8", "value": "http://localhost:8000/671814c7-75c5-46b9-8cb5-d115f7389fec"}</dcterms:identifier>
    <skos:altLabel xml:lang="en">{"id": "329650be-4d61-411d-8075-c65fab0220e0", "value": "UUL"}</skos:altLabel>
    <skos:inScheme rdf:resource="http://localhost:8000/d147b8ca-cb14-4140-a510-e77dd6036efe"/>
  </skos:Concept>
  <skos:Concept rdf:about="http://localhost:8000/eb9d235c-9156-4972-9878-aaaf2dadb901">
    <skos:inScheme rdf:resource="http://localhost:8000/d147b8ca-cb14-4140-a510-e77dd6036efe"/>
    <skos:narrower>
      <skos:Concept rdf:about="http://localhost:8000/507f8ff5-90cc-43df-97ef-b4611c688bf0">
        <skos:inScheme rdf:resource="http://localhost:8000/d147b8ca-cb14-4140-a510-e77dd6036efe"/>
        <skos:prefLabel xml:lang="en">{"id": "c080fe0d-ba98-4c7d-b6cb-b23b10346077", "value": "Postmedieval settlement core"}</skos:prefLabel>
        <skos:altLabel xml:lang="en">{"id": "e52a9af9-971f-44ee-9b40-fd924aac8f5e", "value": "PMDSC"}</skos:altLabel>
        <dcterms:identifier xml:lang="en">{"id": "db511aa9-c068-4835-ba01-772de215abda", "value": "http://localhost:8000/507f8ff5-90cc-43df-97ef-b4611c688bf0"}</dcterms:identifier>
      </skos:Concept>
    </skos:narrower>
    <skos:prefLabel xml:lang="en">{"id": "3cf024f5-3ffe-4ec1-a90c-46cbc119eeb6", "value": "Settlement Core/Early Historic"}</skos:prefLabel>
    <skos:narrower>
      <skos:Concept rdf:about="http://localhost:8000/f2d802c2-5371-488e-b391-376deea1dc8b">
        <dcterms:identifier xml:lang="en">{"id": "38b2a145-f2c0-4d60-b9d1-8f4e44a018d4", "value": "http://localhost:8000/f2d802c2-5371-488e-b391-376deea1dc8b"}</dcterms:identifier>
        <skos:inScheme rdf:resource="http://localhost:8000/d147b8ca-cb14-4140-a510-e77dd6036efe"/>
        <skos:altLabel xml:lang="en">{"id": "944f9a95-4605-4076-a7c2-883d65252ff6", "value": "RLGRS"}</skos:altLabel>
        <skos:prefLabel xml:lang="en">{"id": "ce910b8e-0baa-47b1-984a-82c8c476aee7", "value": "Religious and residential"}</skos:prefLabel>
      </skos:Concept>
    </skos:narrower>
    <skos:narrower rdf:resource="http://localhost:8000/f9df841f-e0bf-40b8-83e8-b7a233bed991"/>
    <skos:narrower>
      <skos:Concept rdf:about="http://localhost:8000/b58800e9-02e7-4d5c-8854-574aeafb95f6">
        <skos:altLabel xml:lang="en">{"id": "c20b6bf8-3f01-4f57-880d-dcf110d9eb72", "value": "HMIX2"}</skos:altLabel>
        <dcterms:identifier xml:lang="en">{"id": "e9448f12-cd34-4044-8233-b8c724c10c5f", "value": "http://localhost:8000/b58800e9-02e7-4d5c-8854-574aeafb95f6"}</dcterms:identifier>
        <skos:inScheme rdf:resource="http://localhost:8000/d147b8ca-cb14-4140-a510-e77dd6036efe"/>
        <skos:prefLabel xml:lang="en">{"id": "96204d0f-5064-42cb-ba76-26803faa4671", "value": "Mixed commercial and residential 1870-1915"}</skos:prefLabel>
      </skos:Concept>
    </skos:narrower>
    <dcterms:identifier xml:lang="en">{"id": "8622cad2-84db-4a99-8d41-b0d699ab068c", "value": "http://localhost:8000/eb9d235c-9156-4972-9878-aaaf2dadb901"}</dcterms:identifier>
    <skos:narrower rdf:resource="http://localhost:8000/007920f6-b67b-44d7-9bc2-55fcc443e9e4"/>
    <skos:narrower>
      <skos:Concept rdf:about="http://localhost:8000/4c2d63d1-14bd-4ef9-8b48-cf1239e7f4e2">
        <skos:prefLabel xml:lang="en">{"id": "4456ec30-3012-46e5-ae9a-06b895cde2aa", "value": "Mixed commercial"}</skos:prefLabel>
        <dcterms:identifier xml:lang="en">{"id": "08f015c2-c425-46ef-8540-0c3deead96c7", "value": "http://localhost:8000/4c2d63d1-14bd-4ef9-8b48-cf1239e7f4e2"}</dcterms:identifier>
        <skos:inScheme rdf:resource="http://localhost:8000/d147b8ca-cb14-4140-a510-e77dd6036efe"/>
        <skos:altLabel xml:lang="en">{"id": "75b0e035-ef45-48f7-a3d1-54a885c583a7", "value": "MCOM"}</skos:altLabel>
      </skos:Concept>
    </skos:narrower>
    <skos:narrower>
      <skos:Concept rdf:about="http://localhost:8000/b825bece-7f83-4c97-b62b-2be51d35372c">
        <dcterms:identifier xml:lang="en">{"id": "f1442441-2fb2-411e-be46-f3119c362774", "value": "http://localhost:8000/b825bece-7f83-4c97-b62b-2be51d35372c"}</dcterms:identifier>
        <skos:prefLabel xml:lang="en">{"id": "6985cf51-9eee-433e-8902-f4678573d47d", "value": "Mixed commercial and residential 1945-present"}</skos:prefLabel>
        <skos:altLabel xml:lang="en">{"id": "59cdcd08-9050-4239-8b85-9da5cc15d23a", "value": "HMIX4"}</skos:altLabel>
        <skos:inScheme rdf:resource="http://localhost:8000/d147b8ca-cb14-4140-a510-e77dd6036efe"/>
      </skos:Concept>
    </skos:narrower>
    <skos:narrower>
      <skos:Concept rdf:about="http://localhost:8000/5017f999-dfcf-436b-a228-7ba2f042886d">
        <skos:altLabel xml:lang="en">{"id": "614712cc-bacf-4255-9d37-b89774d533ca", "value": "ANCST"}</skos:altLabel>
        <skos:inScheme rdf:resource="http://localhost:8000/d147b8ca-cb14-4140-a510-e77dd6036efe"/>
        <skos:prefLabel xml:lang="en">{"id": "ab800461-ec2d-40b1-accc-43547b8fc4fe", "value": "Ancient settlement"}</skos:prefLabel>
        <dcterms:identifier xml:lang="en">{"id": "ccfe8f36-d1d7-4183-abe0-ae5190627b69", "value": "http://localhost:8000/5017f999-dfcf-436b-a228-7ba2f042886d"}</dcterms:identifier>
      </skos:Concept>
    </skos:narrower>
    <skos:narrower rdf:resource="http://localhost:8000/cde0e26a-05e9-4cb9-92c3-75b088160b8c"/>
    <skos:narrower>
      <skos:Concept rdf:about="http://localhost:8000/0a22cc4b-f3ab-4da1-8c1a-8c58c7ed814b">
        <skos:prefLabel xml:lang="en">{"id": "e96d6bee-8a9f-4fcd-a258-5ac73c29c695", "value": "Mixed commercial and residential 1915-1939"}</skos:prefLabel>
        <skos:altLabel xml:lang="en">{"id": "8b85876a-e512-410b-afa0-ae9100b13664", "value": "HMIX3"}</skos:altLabel>
        <dcterms:identifier xml:lang="en">{"id": "ad4caed9-1baf-4a57-8abd-e974435e04b3", "value": "http://localhost:8000/0a22cc4b-f3ab-4da1-8c1a-8c58c7ed814b"}</dcterms:identifier>
        <skos:inScheme rdf:resource="http://localhost:8000/d147b8ca-cb14-4140-a510-e77dd6036efe"/>
      </skos:Concept>
    </skos:narrower>
    <skos:altLabel xml:lang="en">{"id": "bdb77620-b2a6-4e69-ac85-e5f2027b3178", "value": "HIS"}</skos:altLabel>
    <skos:narrower rdf:resource="http://localhost:8000/e2c2f460-93eb-4548-862b-7c4387caf9ac"/>
    <skos:narrower>
      <skos:Concept rdf:about="http://localhost:8000/184f6c1a-46fb-4cb4-baf1-74aedf410239">
        <dcterms:identifier xml:lang="en">{"id": "cb676870-26e7-4728-9588-df507cdcdd20", "value": "http://localhost:8000/184f6c1a-46fb-4cb4-baf1-74aedf410239"}</dcterms:identifier>
        <skos:altLabel xml:lang="en">{"id": "b1ea877c-e9ce-4036-8b43-7b1180bc3b35", "value": "MSC"}</skos:altLabel>
        <skos:prefLabel xml:lang="en">{"id": "abf401af-b2fc-4f23-8c3a-2b327d5fdc25", "value": "Medieval settlement core"}</skos:prefLabel>
        <skos:inScheme rdf:resource="http://localhost:8000/d147b8ca-cb14-4140-a510-e77dd6036efe"/>
      </skos:Concept>
    </skos:narrower>
    <skos:narrower rdf:resource="http://localhost:8000/1e989efe-a6e3-462d-b6f3-995e6e211e89"/>
  </skos:Concept>
  <skos:Concept rdf:about="http://localhost:8000/a95e39eb-932e-4b8a-be27-e2f7811f5ba8">
    <skos:narrower>
      <skos:Concept rdf:about="http://localhost:8000/f54a7f92-b727-4750-956f-d7d388ab58a3">
        <skos:altLabel xml:lang="en">{"id": "1617b60d-896f-4784-a0d2-3d252403aa3f", "value": "PICEM"}</skos:altLabel>
        <skos:prefLabel xml:lang="en">{"id": "848236ed-7ef6-4f4b-94a4-df99e275dcd8", "value": "Piecemeal enclosure"}</skos:prefLabel>
        <skos:inScheme rdf:resource="http://localhost:8000/d147b8ca-cb14-4140-a510-e77dd6036efe"/>
        <dcterms:identifier xml:lang="en">{"id": "5b3836d9-e08f-4037-a954-90d048fa8276", "value": "http://localhost:8000/f54a7f92-b727-4750-956f-d7d388ab58a3"}</dcterms:identifier>
      </skos:Concept>
    </skos:narrower>
    <skos:narrower>
      <skos:Concept rdf:about="http://localhost:8000/f466a47a-5c29-4ff2-b8c4-09cd4b573758">
        <skos:prefLabel xml:lang="en">{"id": "ea8671c1-0bfd-45ec-9bef-06347ec768e5", "value": "Drained wetland"}</skos:prefLabel>
        <dcterms:identifier xml:lang="en">{"id": "d2b5182d-84a5-49cd-81a5-5d6be4814b63", "value": "http://localhost:8000/f466a47a-5c29-4ff2-b8c4-09cd4b573758"}</dcterms:identifier>
        <skos:inScheme rdf:resource="http://localhost:8000/d147b8ca-cb14-4140-a510-e77dd6036efe"/>
        <skos:altLabel xml:lang="en">{"id": "21507e10-a618-4fd6-8fb1-309186783797", "value": "DRNWT"}</skos:altLabel>
      </skos:Concept>
    </skos:narrower>
    <skos:narrower>
      <skos:Concept rdf:about="http://localhost:8000/c9d20ba4-a757-4cd3-98ae-2c9a1783982b">
        <dcterms:identifier xml:lang="en">{"id": "22abf788-b3b5-48c4-9ad8-f4c2cfcef7ef", "value": "http://localhost:8000/c9d20ba4-a757-4cd3-98ae-2c9a1783982b"}</dcterms:identifier>
        <skos:altLabel xml:lang="en">{"id": "9435ec15-737a-4fc8-ab7d-88079c92e014", "value": "REGEN"}</skos:altLabel>
        <skos:prefLabel xml:lang="en">{"id": "f1f0aa18-45da-4cd5-840b-0d08ac122041", "value": "Regular enclosure"}</skos:prefLabel>
        <skos:inScheme rdf:resource="http://localhost:8000/d147b8ca-cb14-4140-a510-e77dd6036efe"/>
      </skos:Concept>
    </skos:narrower>
    <skos:narrower>
      <skos:Concept rdf:about="http://localhost:8000/dc5d56c6-ab42-439d-842a-06fb3a3d71a6">
        <skos:altLabel xml:lang="en">{"id": "50b32c39-0ef6-456a-bc1e-d0e0fc25b44c", "value": "FAR"}</skos:altLabel>
        <skos:inScheme rdf:resource="http://localhost:8000/d147b8ca-cb14-4140-a510-e77dd6036efe"/>
        <dcterms:identifier xml:lang="en">{"id": "19229413-c962-4670-b369-a54a973c9b40", "value": "http://localhost:8000/dc5d56c6-ab42-439d-842a-06fb3a3d71a6"}</dcterms:identifier>
        <skos:prefLabel xml:lang="en">{"id": "88360001-4bd3-4ca1-9868-f64860268201", "value": "Pre-18th century farmland"}</skos:prefLabel>
      </skos:Concept>
    </skos:narrower>
    <skos:inScheme rdf:resource="http://localhost:8000/d147b8ca-cb14-4140-a510-e77dd6036efe"/>
    <dcterms:identifier xml:lang="en">{"id": "9afd45da-ebea-49db-864d-626c3630e4dd", "value": "http://localhost:8000/a95e39eb-932e-4b8a-be27-e2f7811f5ba8"}</dcterms:identifier>
    <skos:altLabel xml:lang="en">{"id": "c3065c0e-5ef4-4d14-8a83-6b311dd7b6ae", "value": "ENC"}</skos:altLabel>
    <skos:narrower>
      <skos:Concept rdf:about="http://localhost:8000/e0ae08cb-d947-496d-93b7-f740d5fceabb">
        <skos:inScheme rdf:resource="http://localhost:8000/d147b8ca-cb14-4140-a510-e77dd6036efe"/>
        <skos:prefLabel xml:lang="en">{"id": "51b63577-2c43-42f4-b8ef-d5704e8f91a5", "value": "Brownfield site"}</skos:prefLabel>
        <skos:altLabel xml:lang="en">{"id": "6b0696bd-e3a0-4a4d-9a1c-9072d1a2a493", "value": "BRN"}</skos:altLabel>
        <dcterms:identifier xml:lang="en">{"id": "53593328-4938-47ee-9c3e-0c17399ca9cf", "value": "http://localhost:8000/e0ae08cb-d947-496d-93b7-f740d5fceabb"}</dcterms:identifier>
      </skos:Concept>
    </skos:narrower>
    <skos:narrower>
      <skos:Concept rdf:about="http://localhost:8000/fd1fb6cd-d20a-4544-a589-34af1202de03">
        <dcterms:identifier xml:lang="en">{"id": "7403d4d2-c0bc-429c-bd24-fa18ecbec2bb", "value": "http://localhost:8000/fd1fb6cd-d20a-4544-a589-34af1202de03"}</dcterms:identifier>
        <skos:inScheme rdf:resource="http://localhost:8000/d147b8ca-cb14-4140-a510-e77dd6036efe"/>
        <skos:altLabel xml:lang="en">{"id": "cc56381e-22a3-4eac-a72b-d3e7fa20b9d3", "value": "AGGLM"}</skos:altLabel>
        <skos:prefLabel xml:lang="en">{"id": "c80e56d2-5af0-4325-a6d9-9d8b7c0c82d9", "value": "Agglomerated field"}</skos:prefLabel>
      </skos:Concept>
    </skos:narrower>
    <skos:narrower rdf:resource="http://localhost:8000/369994ac-8efc-4afa-a041-4aee6f509aac"/>
    <skos:narrower>
      <skos:Concept rdf:about="http://localhost:8000/7a3f46ff-50b6-44b8-acf3-3b5269039b2e">
        <skos:prefLabel xml:lang="en">{"id": "aa3c0d71-b479-44d9-92b4-c038a107a3d6", "value": "Assarts"}</skos:prefLabel>
        <skos:inScheme rdf:resource="http://localhost:8000/d147b8ca-cb14-4140-a510-e77dd6036efe"/>
        <skos:altLabel xml:lang="en">{"id": "7cfd7d5c-3efd-4ab6-a8ac-074a2fce1a0f", "value": "ASSRT"}</skos:altLabel>
        <dcterms:identifier xml:lang="en">{"id": "2edcadf1-6a58-4d82-a470-48cf888ae3c5", "value": "http://localhost:8000/7a3f46ff-50b6-44b8-acf3-3b5269039b2e"}</dcterms:identifier>
      </skos:Concept>
    </skos:narrower>
    <skos:narrower>
      <skos:Concept rdf:about="http://localhost:8000/a3ae6fb6-99bc-4480-b78d-1319d4d5bebd">
        <skos:prefLabel xml:lang="en">{"id": "240539b1-4dc7-4c5a-8259-9ee53ceff91f", "value": "Paddocks and closes"}</skos:prefLabel>
        <skos:altLabel xml:lang="en">{"id": "f0108744-f36d-4945-8614-c1fbeb7b1a3a", "value": "PADK"}</skos:altLabel>
        <dcterms:identifier xml:lang="en">{"id": "f442476b-e9a0-4605-aec1-b3f0af8c2d99", "value": "http://localhost:8000/a3ae6fb6-99bc-4480-b78d-1319d4d5bebd"}</dcterms:identifier>
        <skos:inScheme rdf:resource="http://localhost:8000/d147b8ca-cb14-4140-a510-e77dd6036efe"/>
      </skos:Concept>
    </skos:narrower>
    <skos:narrower>
      <skos:Concept rdf:about="http://localhost:8000/034ed8c5-32bb-420f-865f-139e8eadeea8">
        <dcterms:identifier xml:lang="en">{"id": "75dfa29a-8dc6-4e89-a9a2-4fac702cc981", "value": "http://localhost:8000/034ed8c5-32bb-420f-865f-139e8eadeea8"}</dcterms:identifier>
        <skos:altLabel xml:lang="en">{"id": "a3c74a4d-ff61-44b3-9469-f1b813b8e1b3", "value": "PREFS"}</skos:altLabel>
        <skos:prefLabel xml:lang="en">{"id": "e6d0d73c-cd4a-4d0b-a79e-9357dc1fe5b7", "value": "Prehistoric field systems"}</skos:prefLabel>
        <skos:inScheme rdf:resource="http://localhost:8000/d147b8ca-cb14-4140-a510-e77dd6036efe"/>
      </skos:Concept>
    </skos:narrower>
    <skos:narrower>
      <skos:Concept rdf:about="http://localhost:8000/bbab844a-b931-4c80-a083-4781902ab2c5">
        <skos:inScheme rdf:resource="http://localhost:8000/d147b8ca-cb14-4140-a510-e77dd6036efe"/>
        <skos:altLabel xml:lang="en">{"id": "61036add-4912-4635-ad63-4e6e446fd6e7", "value": "STPFD"}</skos:altLabel>
        <dcterms:identifier xml:lang="en">{"id": "36347cc4-71ac-4095-aec6-64117802ba14", "value": "http://localhost:8000/bbab844a-b931-4c80-a083-4781902ab2c5"}</dcterms:identifier>
        <skos:prefLabel xml:lang="en">{"id": "0fa1b496-cfa5-451f-9de5-c020127c1686", "value": "Strip fields"}</skos:prefLabel>
      </skos:Concept>
    </skos:narrower>
    <skos:narrower>
      <skos:Concept rdf:about="http://localhost:8000/ab14e24a-dfc8-4061-b04f-ab1ac924283c">
        <dcterms:identifier xml:lang="en">{"id": "402c17a2-4800-4c0e-9c3d-54229549506c", "value": "http://localhost:8000/ab14e24a-dfc8-4061-b04f-ab1ac924283c"}</dcterms:identifier>
        <skos:altLabel xml:lang="en">{"id": "d4816060-b02c-4bd2-9f7c-bc2cf66f74aa", "value": "SRVFD"}</skos:altLabel>
        <skos:prefLabel xml:lang="en">{"id": "1f1b4738-56a0-44c3-9cb0-ccd121132e52", "value": "Surveyed enclosure"}</skos:prefLabel>
        <skos:inScheme rdf:resource="http://localhost:8000/d147b8ca-cb14-4140-a510-e77dd6036efe"/>
      </skos:Concept>
    </skos:narrower>
    <skos:narrower>
      <skos:Concept rdf:about="http://localhost:8000/15559d2d-000d-49d1-92ab-f5622c88c7f7">
        <skos:inScheme rdf:resource="http://localhost:8000/d147b8ca-cb14-4140-a510-e77dd6036efe"/>
        <dcterms:identifier xml:lang="en">{"id": "604aaf2c-2d0d-416c-aac1-3c7560131cf9", "value": "http://localhost:8000/15559d2d-000d-49d1-92ab-f5622c88c7f7"}</dcterms:identifier>
        <skos:prefLabel xml:lang="en">{"id": "5314b236-5e14-4444-8599-803fc858424d", "value": "Irregular enclosure"}</skos:prefLabel>
        <skos:altLabel xml:lang="en">{"id": "6a8c9489-3d4b-4822-a15e-e17fd04e740e", "value": "IRREN"}</skos:altLabel>
      </skos:Concept>
    </skos:narrower>
    <skos:narrower>
      <skos:Concept rdf:about="http://localhost:8000/d5676899-ac8c-4b8b-a896-35be35097811">
        <skos:inScheme rdf:resource="http://localhost:8000/d147b8ca-cb14-4140-a510-e77dd6036efe"/>
        <dcterms:identifier xml:lang="en">{"id": "dbc5a9c3-92b2-4a15-9f94-e6f9907c177a", "value": "http://localhost:8000/d5676899-ac8c-4b8b-a896-35be35097811"}</dcterms:identifier>
        <skos:altLabel xml:lang="en">{"id": "5d8f9efe-5ebf-4ba0-a41a-f75c61cea1d9", "value": "CON"}</skos:altLabel>
        <skos:prefLabel xml:lang="en">{"id": "d28ac212-138e-4938-9bc7-ce3edf2ebfaf", "value": "Construction Site"}</skos:prefLabel>
      </skos:Concept>
    </skos:narrower>
    <skos:narrower rdf:resource="http://localhost:8000/457985d7-71f8-4c1b-aa37-1d8b739e9875"/>
    <skos:prefLabel xml:lang="en">{"id": "73b3421c-e61b-40bb-b500-f24c857a1e70", "value": "Enclosed Land"}</skos:prefLabel>
    <skos:narrower rdf:resource="http://localhost:8000/11939877-d0b5-4081-89c0-4b8ae13bac8d"/>
    <skos:narrower rdf:resource="http://localhost:8000/671814c7-75c5-46b9-8cb5-d115f7389fec"/>
    <skos:narrower>
      <skos:Concept rdf:about="http://localhost:8000/296ecd56-4e5b-483e-b312-e9cdd112ace3">
        <skos:altLabel xml:lang="en">{"id": "60ae5f51-8f21-48be-8617-c0e776873d38", "value": "MDPA"}</skos:altLabel>
        <skos:inScheme rdf:resource="http://localhost:8000/d147b8ca-cb14-4140-a510-e77dd6036efe"/>
        <skos:prefLabel xml:lang="en">{"id": "ef8bc76c-782f-4092-9963-4669af840ae7", "value": "Meadow pasture"}</skos:prefLabel>
        <dcterms:identifier xml:lang="en">{"id": "5495ef31-c993-4abf-a04e-21d442dea0ed", "value": "http://localhost:8000/296ecd56-4e5b-483e-b312-e9cdd112ace3"}</dcterms:identifier>
      </skos:Concept>
    </skos:narrower>
  </skos:Concept>
  <skos:Concept rdf:about="http://localhost:8000/4fd1b8dd-0f82-4f29-a866-caf6a8a35457">
    <dcterms:identifier xml:lang="en">{"id": "be06ea84-75f5-45b1-9c26-27fb4a5f80cd", "value": "http://localhost:8000/4fd1b8dd-0f82-4f29-a866-caf6a8a35457"}</dcterms:identifier>
    <skos:inScheme rdf:resource="http://localhost:8000/d147b8ca-cb14-4140-a510-e77dd6036efe"/>
    <skos:altLabel xml:lang="en">{"id": "13b45e20-dd25-4a2c-89ee-12d9b485fba8", "value": "WTR"}</skos:altLabel>
    <skos:prefLabel xml:lang="en">{"id": "e5bdf077-10d7-451f-86cf-52aa6509fa3f", "value": "Waterbodies"}</skos:prefLabel>
  </skos:Concept>
  <skos:Concept rdf:about="http://localhost:8000/4227d269-67a6-4d10-a8c1-61099b6dee4c">
    <dcterms:identifier xml:lang="en">{"id": "04506fad-0dba-4d64-b86b-eda9b42b63fe", "value": "http://localhost:8000/4227d269-67a6-4d10-a8c1-61099b6dee4c"}</dcterms:identifier>
    <skos:inScheme rdf:resource="http://localhost:8000/d147b8ca-cb14-4140-a510-e77dd6036efe"/>
    <skos:altLabel xml:lang="en">{"id": "05dd67ac-f062-45c6-8921-fbf65ab6a037", "value": "HOR"}</skos:altLabel>
    <skos:prefLabel xml:lang="en">{"id": "4ef380bc-d285-4152-812c-326e60642656", "value": "Horticulture"}</skos:prefLabel>
    <skos:narrower>
      <skos:Concept rdf:about="http://localhost:8000/3e6e0cd5-50c5-4970-83ca-5e30d53abb70">
        <skos:altLabel xml:lang="en">{"id": "3d25b382-656d-4ad1-a8e3-f4ddfa572412", "value": "ALTMT"}</skos:altLabel>
        <dcterms:identifier xml:lang="en">{"id": "dd4a8032-c872-4a5a-b7b6-d9bce4512c51", "value": "http://localhost:8000/3e6e0cd5-50c5-4970-83ca-5e30d53abb70"}</dcterms:identifier>
        <skos:inScheme rdf:resource="http://localhost:8000/d147b8ca-cb14-4140-a510-e77dd6036efe"/>
        <skos:prefLabel xml:lang="en">{"id": "20132134-6029-4366-b0ef-965991f115ab", "value": "Allotments"}</skos:prefLabel>
      </skos:Concept>
    </skos:narrower>
    <skos:narrower rdf:resource="http://localhost:8000/840ac219-23c7-4eeb-af96-90b668d185eb"/>
    <skos:narrower>
      <skos:Concept rdf:about="http://localhost:8000/78e1851f-776a-4ef5-9bb7-bef02a0b17c8">
        <dcterms:identifier xml:lang="en">{"id": "ad90cb5c-aa7e-41dd-8bd2-ec04dfcbaee2", "value": "http://localhost:8000/78e1851f-776a-4ef5-9bb7-bef02a0b17c8"}</dcterms:identifier>
        <skos:altLabel xml:lang="en">{"id": "eee4ffc4-1dec-49bf-9fda-a3da884b90e7", "value": "ORCHD"}</skos:altLabel>
        <skos:inScheme rdf:resource="http://localhost:8000/d147b8ca-cb14-4140-a510-e77dd6036efe"/>
        <skos:prefLabel xml:lang="en">{"id": "7edefa4c-5726-4348-88c3-0b29349fcf14", "value": "Orchard"}</skos:prefLabel>
      </skos:Concept>
    </skos:narrower>
    <skos:narrower>
      <skos:Concept rdf:about="http://localhost:8000/74c5a652-1143-4f89-9bec-42ed75da4ab7">
        <dcterms:identifier xml:lang="en">{"id": "d88c4a76-ea5e-4339-96a8-f990b4cbd002", "value": "http://localhost:8000/74c5a652-1143-4f89-9bec-42ed75da4ab7"}</dcterms:identifier>
        <skos:altLabel xml:lang="en">{"id": "cd505ad6-8e9b-4e4e-8532-6e02376ecc3d", "value": "MARK"}</skos:altLabel>
        <skos:inScheme rdf:resource="http://localhost:8000/d147b8ca-cb14-4140-a510-e77dd6036efe"/>
        <skos:prefLabel xml:lang="en">{"id": "6837614a-3215-4313-8d84-263c08125d8c", "value": "Market Gardens"}</skos:prefLabel>
      </skos:Concept>
    </skos:narrower>
  </skos:Concept>
  <skos:Concept rdf:about="http://localhost:8000/c1a1de71-0874-4aa8-87e7-04731e347505">
    <skos:inScheme rdf:resource="http://localhost:8000/d147b8ca-cb14-4140-a510-e77dd6036efe"/>
    <skos:prefLabel xml:lang="en">{"id": "93afb743-d2d5-4411-9667-5eb0ff7289e3", "value": "Landfill"}</skos:prefLabel>
    <dcterms:identifier xml:lang="en">{"id": "ff7c7eb2-727a-446f-ade7-fc458df6ea28", "value": "http://localhost:8000/c1a1de71-0874-4aa8-87e7-04731e347505"}</dcterms:identifier>
    <skos:altLabel xml:lang="en">{"id": "eeea00a6-5901-46b8-8a8f-857b2b0508d1", "value": "LNDFL"}</skos:altLabel>
  </skos:Concept>
  <skos:Concept rdf:about="http://localhost:8000/3216c5e8-e2c1-45b7-982a-b0eb0d0802a8">
    <skos:inScheme rdf:resource="http://localhost:8000/d147b8ca-cb14-4140-a510-e77dd6036efe"/>
    <skos:prefLabel xml:lang="en">{"id": "0e150f8a-5795-420a-924f-1466f9fe7fed", "value": "Ornamental, Parkland and Recreational"}</skos:prefLabel>
    <dcterms:identifier xml:lang="en">{"id": "2f73a250-ba8c-4c3e-bed6-672cdffca5f6", "value": "http://localhost:8000/3216c5e8-e2c1-45b7-982a-b0eb0d0802a8"}</dcterms:identifier>
    <skos:altLabel xml:lang="en">{"id": "22884e1c-22af-4961-af47-a14be9236acd", "value": "PRK"}</skos:altLabel>
  </skos:Concept>
  <skos:Concept rdf:about="http://localhost:8000/81368a58-53c6-4d67-a550-d534b60e2620">
    <skos:altLabel xml:lang="en">{"id": "cbcca381-02d2-4e57-a1cc-867892eee730", "value": "GRGC"}</skos:altLabel>
    <skos:prefLabel xml:lang="en">{"id": "0301c696-2c8b-492e-bef9-fc82fcb9d842", "value": "Cottages"}</skos:prefLabel>
    <skos:inScheme rdf:resource="http://localhost:8000/d147b8ca-cb14-4140-a510-e77dd6036efe"/>
    <dcterms:identifier xml:lang="en">{"id": "48d41fab-f9f5-4776-b8ae-acd9f0519350", "value": "http://localhost:8000/81368a58-53c6-4d67-a550-d534b60e2620"}</dcterms:identifier>
  </skos:Concept>
  <skos:Concept rdf:about="http://localhost:8000/4da18499-adbe-4c8b-92e4-21fe72d9075e">
    <dcterms:identifier xml:lang="en">{"id": "2cfe7828-9e63-4d34-9d6b-3919f0abcc13", "value": "http://localhost:8000/4da18499-adbe-4c8b-92e4-21fe72d9075e"}</dcterms:identifier>
    <skos:altLabel xml:lang="en">{"id": "ce44ce98-d54e-435c-90af-df50298ef398", "value": "IND"}</skos:altLabel>
    <skos:inScheme rdf:resource="http://localhost:8000/d147b8ca-cb14-4140-a510-e77dd6036efe"/>
    <skos:prefLabel xml:lang="en">{"id": "efa6f4be-64a4-4b54-84c7-a3c128460bf4", "value": "Industry"}</skos:prefLabel>
  </skos:Concept>
  <skos:Concept rdf:about="http://localhost:8000/ad08f121-1c92-4c41-b778-12b5d7644b95">
    <skos:altLabel xml:lang="en">{"id": "c1acaac2-9fe5-4736-9bfb-c2e81b564d0b", "value": "BUSST"}</skos:altLabel>
    <dcterms:identifier xml:lang="en">{"id": "c8f02521-091f-4299-9087-5e7e5d8fa004", "value": "http://localhost:8000/ad08f121-1c92-4c41-b778-12b5d7644b95"}</dcterms:identifier>
    <skos:prefLabel xml:lang="en">{"id": "4f4268e6-0483-4874-9805-b325584709ac", "value": "Bus station"}</skos:prefLabel>
    <skos:inScheme rdf:resource="http://localhost:8000/d147b8ca-cb14-4140-a510-e77dd6036efe"/>
  </skos:Concept>
  <skos:Concept rdf:about="http://localhost:8000/eb3d461e-f0f1-42ff-afca-70c0141e2fee">
    <dcterms:identifier xml:lang="en">{"id": "ad77106e-e981-472a-baef-745d131b9484", "value": "http://localhost:8000/eb3d461e-f0f1-42ff-afca-70c0141e2fee"}</dcterms:identifier>
    <skos:inScheme rdf:resource="http://localhost:8000/d147b8ca-cb14-4140-a510-e77dd6036efe"/>
    <skos:prefLabel xml:lang="en">{"id": "a10b1216-4a4e-4041-807f-603159b03da9", "value": "Cottages"}</skos:prefLabel>
    <skos:altLabel xml:lang="en">{"id": "912a4dc4-15ed-454e-ab52-50ad9696a140", "value": "EVCC"}</skos:altLabel>
  </skos:Concept>
  <skos:Concept rdf:about="http://localhost:8000/4dfcff92-0805-4242-a80f-427754b0d71a">
    <skos:inScheme rdf:resource="http://localhost:8000/d147b8ca-cb14-4140-a510-e77dd6036efe"/>
    <dcterms:identifier xml:lang="en">{"id": "d2a08b49-2e45-46dc-a1be-e1eb3001449f", "value": "http://localhost:8000/4dfcff92-0805-4242-a80f-427754b0d71a"}</dcterms:identifier>
    <skos:narrower>
      <skos:Concept rdf:about="http://localhost:8000/5f0e58c4-1f3a-4a44-838c-8355555db97f">
        <skos:altLabel xml:lang="en">{"id": "97df8fa3-b656-4d13-9ddd-347f07bfe2b0", "value": "CYFE"}</skos:altLabel>
        <skos:inScheme rdf:resource="http://localhost:8000/d147b8ca-cb14-4140-a510-e77dd6036efe"/>
        <dcterms:identifier xml:lang="en">{"id": "7985ff4e-d6ab-4071-802f-93519666ae9e", "value": "http://localhost:8000/5f0e58c4-1f3a-4a44-838c-8355555db97f"}</dcterms:identifier>
        <skos:prefLabel xml:lang="en">{"id": "18d515a3-552d-4bf2-95d7-120d3633e666", "value": "City Farm"}</skos:prefLabel>
      </skos:Concept>
    </skos:narrower>
    <skos:prefLabel xml:lang="en">{"id": "a4014298-b1a5-498f-9842-4b7a83138fcb", "value": "Educational"}</skos:prefLabel>
    <skos:altLabel xml:lang="en">{"id": "a997d635-55f4-4ca8-abb9-ceea64e6e182", "value": "EDU"}</skos:altLabel>
    <skos:narrower>
      <skos:Concept rdf:about="http://localhost:8000/5b605438-61c8-444c-ab81-7b2585c2ba3e">
        <dcterms:identifier xml:lang="en">{"id": "5c1080aa-a930-4028-b0f5-24edbea36bb4", "value": "http://localhost:8000/5b605438-61c8-444c-ab81-7b2585c2ba3e"}</dcterms:identifier>
        <skos:prefLabel xml:lang="en">{"id": "87f2f848-2268-4586-8c5c-36579d8990d8", "value": "Further education (Polys/Unis)"}</skos:prefLabel>
        <skos:inScheme rdf:resource="http://localhost:8000/d147b8ca-cb14-4140-a510-e77dd6036efe"/>
        <skos:altLabel xml:lang="en">{"id": "15a5e332-a28a-47c2-ba13-178170d3d6d4", "value": "FURED"}</skos:altLabel>
      </skos:Concept>
    </skos:narrower>
    <skos:narrower>
      <skos:Concept rdf:about="http://localhost:8000/a20086e4-7c3d-47ee-9a87-6e89eb74f31c">
        <skos:prefLabel xml:lang="en">{"id": "adff6352-ced0-42e2-9a4a-38c1a6333294", "value": "Nursery / school / college"}</skos:prefLabel>
        <skos:altLabel xml:lang="en">{"id": "0d42b281-bf64-4454-ae78-faec37dceceb", "value": "SCHL"}</skos:altLabel>
        <skos:inScheme rdf:resource="http://localhost:8000/d147b8ca-cb14-4140-a510-e77dd6036efe"/>
        <dcterms:identifier xml:lang="en">{"id": "3a238a38-f9dd-4978-a928-a4d95e6691a9", "value": "http://localhost:8000/a20086e4-7c3d-47ee-9a87-6e89eb74f31c"}</dcterms:identifier>
      </skos:Concept>
    </skos:narrower>
  </skos:Concept>
  <skos:Concept rdf:about="http://localhost:8000/697fe1bd-d2f4-488c-bc04-5cedb2973a6f">
    <dcterms:identifier xml:lang="en">{"id": "fa741e49-317b-4dec-bd22-42af81519c98", "value": "http://localhost:8000/697fe1bd-d2f4-488c-bc04-5cedb2973a6f"}</dcterms:identifier>
    <skos:inScheme rdf:resource="http://localhost:8000/d147b8ca-cb14-4140-a510-e77dd6036efe"/>
    <skos:altLabel xml:lang="en">{"id": "70099a5b-1274-45b9-8d9a-59e302eaf79a", "value": "EVCD"}</skos:altLabel>
    <skos:prefLabel xml:lang="en">{"id": "670c8717-b405-420d-9d76-eea60d2287d0", "value": "Detached and semis"}</skos:prefLabel>
  </skos:Concept>
  <skos:Concept rdf:about="http://localhost:8000/ca48542b-9f31-480d-99b5-cc772fa2d2c3">
    <dcterms:identifier xml:lang="en">{"id": "31ede5dc-9c67-4d0a-b074-cd6cfa6f233f", "value": "http://localhost:8000/ca48542b-9f31-480d-99b5-cc772fa2d2c3"}</dcterms:identifier>
    <skos:inScheme rdf:resource="http://localhost:8000/d147b8ca-cb14-4140-a510-e77dd6036efe"/>
    <skos:prefLabel xml:lang="en">{"id": "0fecfab1-1aea-456e-80e0-c6b43df9e5d7", "value": "Docks /wharves"}</skos:prefLabel>
    <skos:altLabel xml:lang="en">{"id": "e3b4c841-ae7c-42f2-ad59-bf14ea92ed74", "value": "DCKW"}</skos:altLabel>
  </skos:Concept>
  <skos:Concept rdf:about="http://localhost:8000/39778958-44a9-4362-ab14-4a1312b93a8f">
    <dcterms:identifier xml:lang="en">{"id": "114daffe-bfd3-4217-8b2e-15ecf44e7be1", "value": "http://localhost:8000/39778958-44a9-4362-ab14-4a1312b93a8f"}</dcterms:identifier>
    <skos:prefLabel xml:lang="en">{"id": "4af191d3-9461-46cd-9ff5-749a6811274f", "value": "Residential Early-mid Victorian"}</skos:prefLabel>
    <skos:inScheme rdf:resource="http://localhost:8000/d147b8ca-cb14-4140-a510-e77dd6036efe"/>
    <skos:altLabel xml:lang="en">{"id": "c400f40f-21c0-4ad9-8123-26f5ed10f1b6", "value": "EVC"}</skos:altLabel>
    <skos:narrower rdf:resource="http://localhost:8000/697fe1bd-d2f4-488c-bc04-5cedb2973a6f"/>
    <skos:narrower>
      <skos:Concept rdf:about="http://localhost:8000/4f5f86b5-0f5d-42f0-966a-c24eb54f92ef">
        <dcterms:identifier xml:lang="en">{"id": "591af4fc-fb21-4df1-b256-7119b41e9c22", "value": "http://localhost:8000/4f5f86b5-0f5d-42f0-966a-c24eb54f92ef"}</dcterms:identifier>
        <skos:inScheme rdf:resource="http://localhost:8000/d147b8ca-cb14-4140-a510-e77dd6036efe"/>
        <skos:altLabel xml:lang="en">{"id": "5daf66ab-2649-48e8-9579-130448d6cb65", "value": "EVCV"}</skos:altLabel>
        <skos:prefLabel xml:lang="en">{"id": "436df918-ffea-456d-adf7-264b73a818d8", "value": "Villas"}</skos:prefLabel>
      </skos:Concept>
    </skos:narrower>
    <skos:narrower>
      <skos:Concept rdf:about="http://localhost:8000/5da5d8ad-0eaf-4d52-b378-10f247be7072">
        <skos:altLabel xml:lang="en">{"id": "93b8f1af-bcf9-40e4-bc71-72de02b7e0fd", "value": "EVCT"}</skos:altLabel>
        <skos:prefLabel xml:lang="en">{"id": "dad9bdf5-7539-4eb6-8e10-5196aed69016", "value": "Terraces"}</skos:prefLabel>
        <dcterms:identifier xml:lang="en">{"id": "15f8facb-abbd-4acf-ba04-76bd487293e2", "value": "http://localhost:8000/5da5d8ad-0eaf-4d52-b378-10f247be7072"}</dcterms:identifier>
        <skos:inScheme rdf:resource="http://localhost:8000/d147b8ca-cb14-4140-a510-e77dd6036efe"/>
      </skos:Concept>
    </skos:narrower>
    <skos:narrower>
      <skos:Concept rdf:about="http://localhost:8000/9fbdaa8d-e66f-4afc-8dee-08aac3a9e188">
        <dcterms:identifier xml:lang="en">{"id": "1640f9d7-9029-4065-a0a2-1534a1c71dfc", "value": "http://localhost:8000/9fbdaa8d-e66f-4afc-8dee-08aac3a9e188"}</dcterms:identifier>
        <skos:inScheme rdf:resource="http://localhost:8000/d147b8ca-cb14-4140-a510-e77dd6036efe"/>
        <skos:altLabel xml:lang="en">{"id": "484b5681-4932-473c-8dad-24a101f5502e", "value": "EVCDE"}</skos:altLabel>
        <skos:prefLabel xml:lang="en">{"id": "7ddd72fb-e5ef-46ea-91f5-d1cba3c4ee09", "value": "Detached"}</skos:prefLabel>
      </skos:Concept>
    </skos:narrower>
    <skos:narrower>
      <skos:Concept rdf:about="http://localhost:8000/72834f3d-6502-462b-88b4-17c825634d0a">
        <skos:inScheme rdf:resource="http://localhost:8000/d147b8ca-cb14-4140-a510-e77dd6036efe"/>
        <dcterms:identifier xml:lang="en">{"id": "fa9e051c-374e-4b9a-866b-1b58f4d8c7bf", "value": "http://localhost:8000/72834f3d-6502-462b-88b4-17c825634d0a"}</dcterms:identifier>
        <skos:altLabel xml:lang="en">{"id": "aa10f155-d03b-4b0b-8d08-7e1997acf440", "value": "EVSE"}</skos:altLabel>
        <skos:prefLabel xml:lang="en">{"id": "cacecfb5-7dc6-4d41-98a5-d5d66ba04dcf", "value": "Semi-detatched"}</skos:prefLabel>
      </skos:Concept>
    </skos:narrower>
    <skos:narrower rdf:resource="http://localhost:8000/eb3d461e-f0f1-42ff-afca-70c0141e2fee"/>
  </skos:Concept>
  <skos:Concept rdf:about="http://localhost:8000/cac15cd7-4a82-41be-84e6-ed2557fd8cac">
    <dcterms:identifier xml:lang="en">{"id": "c9dacec9-ef3b-4b07-a3d5-7397dde939af", "value": "http://localhost:8000/cac15cd7-4a82-41be-84e6-ed2557fd8cac"}</dcterms:identifier>
    <skos:altLabel xml:lang="en">{"id": "1f03b23b-79f3-4347-a3b1-62a8c1e8bda3", "value": "INS"}</skos:altLabel>
    <skos:inScheme rdf:resource="http://localhost:8000/d147b8ca-cb14-4140-a510-e77dd6036efe"/>
    <skos:prefLabel xml:lang="en">{"id": "4bff0baa-7d1c-4bf2-a5f1-11f954437386", "value": "Institutional"}</skos:prefLabel>
  </skos:Concept>
  <skos:Concept rdf:about="http://localhost:8000/561c6d50-cb24-43fd-8d2e-61757b8a110b">
    <skos:prefLabel xml:lang="en">{"id": "de640d8a-6fa9-4c1a-aea4-31579f02c7f0", "value": "Airfield"}</skos:prefLabel>
    <skos:inScheme rdf:resource="http://localhost:8000/d147b8ca-cb14-4140-a510-e77dd6036efe"/>
    <skos:altLabel xml:lang="en">{"id": "cc816fc0-2d4e-488d-8a8e-ab4c384f0f93", "value": "ARFLD"}</skos:altLabel>
    <dcterms:identifier xml:lang="en">{"id": "7a6bf46d-a157-4aa8-998e-cbd2cbc0fb54", "value": "http://localhost:8000/561c6d50-cb24-43fd-8d2e-61757b8a110b"}</dcterms:identifier>
  </skos:Concept>
  <skos:Concept rdf:about="http://localhost:8000/3567c7f4-e84b-4acc-b5a6-887762296d5c">
    <dcterms:identifier xml:lang="en">{"id": "a4710140-7c4a-4490-b191-12ce8a333b9a", "value": "http://localhost:8000/3567c7f4-e84b-4acc-b5a6-887762296d5c"}</dcterms:identifier>
    <skos:inScheme rdf:resource="http://localhost:8000/d147b8ca-cb14-4140-a510-e77dd6036efe"/>
    <skos:prefLabel xml:lang="en">{"id": "7dbf8b53-3506-4990-8520-be8c27186536", "value": "Roads (A, M)"}</skos:prefLabel>
    <skos:altLabel xml:lang="en">{"id": "5bbfee58-8e2f-40f8-9c2f-b2aca1443a1d", "value": "ROAD"}</skos:altLabel>
  </skos:Concept>
  <skos:Concept rdf:about="http://localhost:8000/70fddf7f-8a1d-43fb-851b-c9e56ab61f0f">
    <skos:prefLabel xml:lang="en">{"id": "1ab9e3f8-07de-4b27-82b0-90985793c90a", "value": "Residential"}</skos:prefLabel>
    <skos:inScheme rdf:resource="http://localhost:8000/d147b8ca-cb14-4140-a510-e77dd6036efe"/>
    <dcterms:identifier xml:lang="en">{"id": "c55e9ed8-599a-4364-b55b-4cb05d693e08", "value": "http://localhost:8000/70fddf7f-8a1d-43fb-851b-c9e56ab61f0f"}</dcterms:identifier>
  </skos:Concept>
  <skos:Concept rdf:about="http://localhost:8000/7682b858-8429-4a41-bb97-f0bfc9b746d4">
    <skos:altLabel xml:lang="en">{"id": "8d77bf46-ae34-4392-96e3-c9ec5b9ba75a", "value": "EXT"}</skos:altLabel>
    <skos:inScheme rdf:resource="http://localhost:8000/d147b8ca-cb14-4140-a510-e77dd6036efe"/>
    <skos:narrower rdf:resource="http://localhost:8000/a223b9ce-6b19-4cb9-baca-41fd9a1e96ff"/>
    <skos:narrower>
      <skos:Concept rdf:about="http://localhost:8000/24405106-11a9-44de-a448-457f699a7bfc">
        <skos:prefLabel xml:lang="en">{"id": "e7c350c7-fcb1-453b-9e45-7a7171698bcf", "value": "Quarry"}</skos:prefLabel>
        <dcterms:identifier xml:lang="en">{"id": "8624a476-65ec-4c31-a7f7-bacb34982f63", "value": "http://localhost:8000/24405106-11a9-44de-a448-457f699a7bfc"}</dcterms:identifier>
        <skos:altLabel xml:lang="en">{"id": "3f27bdb1-0437-498d-87dd-7af9db145a77", "value": "QRRY"}</skos:altLabel>
        <skos:inScheme rdf:resource="http://localhost:8000/d147b8ca-cb14-4140-a510-e77dd6036efe"/>
      </skos:Concept>
    </skos:narrower>
    <skos:narrower rdf:resource="http://localhost:8000/c1a1de71-0874-4aa8-87e7-04731e347505"/>
    <skos:prefLabel xml:lang="en">{"id": "fe36e481-d297-4473-a5bb-e6cfa3b98829", "value": "Extractive"}</skos:prefLabel>
    <dcterms:identifier xml:lang="en">{"id": "1e9eccac-78a5-4ae9-85b7-e60e719ff937", "value": "http://localhost:8000/7682b858-8429-4a41-bb97-f0bfc9b746d4"}</dcterms:identifier>
    <skos:narrower>
      <skos:Concept rdf:about="http://localhost:8000/449b7843-0eee-4cf6-900f-30520c58172b">
        <skos:altLabel xml:lang="en">{"id": "4de0b655-e3d3-4d34-960d-790a9bc30d1d", "value": "EBRCK"}</skos:altLabel>
        <dcterms:identifier xml:lang="en">{"id": "736db61c-39af-445b-96b2-e6af88cae191", "value": "http://localhost:8000/449b7843-0eee-4cf6-900f-30520c58172b"}</dcterms:identifier>
        <skos:inScheme rdf:resource="http://localhost:8000/d147b8ca-cb14-4140-a510-e77dd6036efe"/>
        <skos:prefLabel xml:lang="en">{"id": "7de11537-0c6b-4e9d-8845-a216d6cd9e63", "value": "Brickworks"}</skos:prefLabel>
      </skos:Concept>
    </skos:narrower>
  </skos:Concept>
  <skos:Concept rdf:about="http://localhost:8000/2fc358c6-87d1-4b66-aa3f-5fda4570c1bd">
    <skos:inScheme rdf:resource="http://localhost:8000/d147b8ca-cb14-4140-a510-e77dd6036efe"/>
    <dcterms:identifier xml:lang="en">{"id": "6d265494-61bc-4e47-9534-ec8cef1a198a", "value": "http://localhost:8000/2fc358c6-87d1-4b66-aa3f-5fda4570c1bd"}</dcterms:identifier>
    <skos:altLabel xml:lang="en">{"id": "df39f0f1-e4ee-445c-9888-5cdfb36ea13f", "value": "MOD"}</skos:altLabel>
    <skos:prefLabel xml:lang="en">{"id": "762fd653-7dbd-4295-add0-b93a93e75e4b", "value": "Residential Modern"}</skos:prefLabel>
  </skos:Concept>
  <skos:Concept rdf:about="http://localhost:8000/e2883459-fb01-4c63-98e0-a47557d590bc">
    <skos:narrower rdf:resource="http://localhost:8000/561c6d50-cb24-43fd-8d2e-61757b8a110b"/>
    <skos:narrower>
      <skos:Concept rdf:about="http://localhost:8000/ec95520d-d3c5-4ad1-8eef-26726e847516">
        <skos:prefLabel xml:lang="en">{"id": "2c291f3a-e893-4fc1-90d0-9c1d43e2850a", "value": "Car Park"}</skos:prefLabel>
        <skos:altLabel xml:lang="en">{"id": "09b52913-56b6-42fe-8292-2a59d95cfc45", "value": "CPK"}</skos:altLabel>
        <skos:inScheme rdf:resource="http://localhost:8000/d147b8ca-cb14-4140-a510-e77dd6036efe"/>
        <dcterms:identifier xml:lang="en">{"id": "7661ac54-f451-4eb5-89e3-fd7b85c5391c", "value": "http://localhost:8000/ec95520d-d3c5-4ad1-8eef-26726e847516"}</dcterms:identifier>
      </skos:Concept>
    </skos:narrower>
    <skos:inScheme rdf:resource="http://localhost:8000/d147b8ca-cb14-4140-a510-e77dd6036efe"/>
    <skos:altLabel xml:lang="en">{"id": "939fc7d4-22d6-4a29-a2ed-3cf9eeca09e6", "value": "COM"}</skos:altLabel>
    <skos:narrower>
      <skos:Concept rdf:about="http://localhost:8000/3cd6db8e-6055-4d71-8756-3bbc2d43f032">
        <dcterms:identifier xml:lang="en">{"id": "b1475737-dc35-4151-a3b3-7eaa809eb398", "value": "http://localhost:8000/3cd6db8e-6055-4d71-8756-3bbc2d43f032"}</dcterms:identifier>
        <skos:prefLabel xml:lang="en">{"id": "a66396af-be0f-42b9-b9a9-dad0b0715979", "value": "Historic Route"}</skos:prefLabel>
        <skos:altLabel xml:lang="en">{"id": "895ae5f9-bea2-44e8-ac1e-2879d0533d0a", "value": "HISR"}</skos:altLabel>
        <skos:inScheme rdf:resource="http://localhost:8000/d147b8ca-cb14-4140-a510-e77dd6036efe"/>
      </skos:Concept>
    </skos:narrower>
    <skos:narrower rdf:resource="http://localhost:8000/ca48542b-9f31-480d-99b5-cc772fa2d2c3"/>
    <skos:prefLabel xml:lang="en">{"id": "3e6148bf-34e3-4598-b6c4-9f8b2e164b4e", "value": "Communications"}</skos:prefLabel>
    <skos:narrower rdf:resource="http://localhost:8000/3567c7f4-e84b-4acc-b5a6-887762296d5c"/>
    <skos:narrower>
      <skos:Concept rdf:about="http://localhost:8000/574dce0a-949e-479c-8b9a-4264804a31b9">
        <skos:altLabel xml:lang="en">{"id": "5b00b9ab-bf82-4ffd-93ed-ad162a407f83", "value": "RSTA"}</skos:altLabel>
        <skos:prefLabel xml:lang="en">{"id": "d89607eb-8a56-4a05-b207-16603c989726", "value": "Railway Station"}</skos:prefLabel>
        <skos:inScheme rdf:resource="http://localhost:8000/d147b8ca-cb14-4140-a510-e77dd6036efe"/>
        <dcterms:identifier xml:lang="en">{"id": "72363f27-f13a-45da-a1da-db4a255ffcd5", "value": "http://localhost:8000/574dce0a-949e-479c-8b9a-4264804a31b9"}</dcterms:identifier>
      </skos:Concept>
    </skos:narrower>
    <skos:narrower rdf:resource="http://localhost:8000/ad08f121-1c92-4c41-b778-12b5d7644b95"/>
    <skos:narrower rdf:resource="http://localhost:8000/5807d86b-83f3-4554-a854-4954dc5f68fb"/>
    <skos:narrower rdf:resource="http://localhost:8000/b23af291-0b28-4f1e-b500-244abdeb7633"/>
    <dcterms:identifier xml:lang="en">{"id": "be9fa95b-6c56-4596-9def-6f46b04b8a40", "value": "http://localhost:8000/e2883459-fb01-4c63-98e0-a47557d590bc"}</dcterms:identifier>
  </skos:Concept>
  <skos:Concept rdf:about="http://localhost:8000/86e896df-fac6-4194-b865-d2eeae0d4222">
    <skos:altLabel xml:lang="en">{"id": "3b88a953-ed3e-4e48-a021-5081d627293b", "value": "GRG"}</skos:altLabel>
    <skos:inScheme rdf:resource="http://localhost:8000/d147b8ca-cb14-4140-a510-e77dd6036efe"/>
    <skos:prefLabel xml:lang="en">{"id": "68db8164-3029-45ff-9032-1d518e8485ee", "value": "Residential Georgian"}</skos:prefLabel>
    <dcterms:identifier xml:lang="en">{"id": "16fbec7c-28ad-4e01-b963-a5dc38876041", "value": "http://localhost:8000/86e896df-fac6-4194-b865-d2eeae0d4222"}</dcterms:identifier>
    <skos:narrower rdf:resource="http://localhost:8000/81368a58-53c6-4d67-a550-d534b60e2620"/>
    <skos:narrower>
      <skos:Concept rdf:about="http://localhost:8000/c8bafae5-d76c-40e5-b25d-37be42f3f1c5">
        <skos:prefLabel xml:lang="en">{"id": "83cbee7b-faa9-41d6-a590-cce2b58a32ce", "value": "Villas"}</skos:prefLabel>
        <dcterms:identifier xml:lang="en">{"id": "0f14cfc2-7eab-4363-8b33-a62dd377ecf3", "value": "http://localhost:8000/c8bafae5-d76c-40e5-b25d-37be42f3f1c5"}</dcterms:identifier>
        <skos:altLabel xml:lang="en">{"id": "0ebe25d4-9716-47ae-9f5d-7fbdfa98e8ee", "value": "GRGV"}</skos:altLabel>
        <skos:inScheme rdf:resource="http://localhost:8000/d147b8ca-cb14-4140-a510-e77dd6036efe"/>
      </skos:Concept>
    </skos:narrower>
    <skos:narrower>
      <skos:Concept rdf:about="http://localhost:8000/477f2c43-395d-4407-94f4-82afa2c35d65">
        <skos:prefLabel xml:lang="en">{"id": "a55435ab-dd31-4679-8171-88cbe5d76887", "value": "Terraces"}</skos:prefLabel>
        <skos:inScheme rdf:resource="http://localhost:8000/d147b8ca-cb14-4140-a510-e77dd6036efe"/>
        <skos:altLabel xml:lang="en">{"id": "ecf64f8a-5c2f-467e-a914-f7278fb8e848", "value": "GRGT"}</skos:altLabel>
        <dcterms:identifier xml:lang="en">{"id": "1f3de20d-3bf6-419d-9f56-582a240ad335", "value": "http://localhost:8000/477f2c43-395d-4407-94f4-82afa2c35d65"}</dcterms:identifier>
      </skos:Concept>
    </skos:narrower>
  </skos:Concept>
  <skos:Concept rdf:about="http://localhost:8000/e2c4703f-5d68-4589-9c42-e4364b5616e6">
    <skos:inScheme rdf:resource="http://localhost:8000/d147b8ca-cb14-4140-a510-e77dd6036efe"/>
    <skos:altLabel xml:lang="en">{"id": "24c925fe-6a99-45d7-aab3-85c039478e89", "value": "MIL"}</skos:altLabel>
    <skos:prefLabel xml:lang="en">{"id": "dc4a60b5-98f0-460e-a035-d0af75b6a09f", "value": "Military"}</skos:prefLabel>
    <dcterms:identifier xml:lang="en">{"id": "143ba08a-8812-47b8-ba89-080dbfe7ba05", "value": "http://localhost:8000/e2c4703f-5d68-4589-9c42-e4364b5616e6"}</dcterms:identifier>
  </skos:Concept>
  <skos:Concept rdf:about="http://localhost:8000/b671cbe8-9729-4923-9df9-8faac9b821b7">
    <skos:inScheme rdf:resource="http://localhost:8000/d147b8ca-cb14-4140-a510-e77dd6036efe"/>
    <skos:prefLabel xml:lang="en">{"id": "5a68a607-6b70-42b0-89fd-f509915eb2b5", "value": "Woodland"}</skos:prefLabel>
    <skos:altLabel xml:lang="en">{"id": "2082c8df-efce-475e-97b9-306412f8eb97", "value": "WOD"}</skos:altLabel>
    <dcterms:identifier xml:lang="en">{"id": "13d35970-d7df-41d9-a454-645a6989f418", "value": "http://localhost:8000/b671cbe8-9729-4923-9df9-8faac9b821b7"}</dcterms:identifier>
  </skos:Concept>
  <skos:Concept rdf:about="http://localhost:8000/e91f8870-85f1-4b3c-8ba9-c121b33d3f3d">
    <skos:altLabel xml:lang="en">{"id": "af81c233-37d9-47c4-a9d8-aa6b1c9a6d0b", "value": "FSP"}</skos:altLabel>
    <skos:inScheme rdf:resource="http://localhost:8000/d147b8ca-cb14-4140-a510-e77dd6036efe"/>
    <skos:prefLabel xml:lang="en">{"id": "b4872501-2355-4b9e-8bcf-2592b02b00d7", "value": "Find Spot"}</skos:prefLabel>
    <dcterms:identifier xml:lang="en">{"id": "639c8532-1274-49da-bdde-af009d26d50a", "value": "http://localhost:8000/e91f8870-85f1-4b3c-8ba9-c121b33d3f3d"}</dcterms:identifier>
  </skos:Concept>
  <skos:Concept rdf:about="http://localhost:8000/f0c43f28-59b6-42e2-b172-f242b3611249">
    <skos:prefLabel xml:lang="en">{"id": "df585888-b45c-4f48-99d1-4cb3432855d5", "value": "Monument"}</skos:prefLabel>
    <dcterms:identifier xml:lang="en">{"id": "854a8dcb-23b6-4cec-ba19-58097ba31590", "value": "http://localhost:8000/f0c43f28-59b6-42e2-b172-f242b3611249"}</dcterms:identifier>
    <skos:altLabel xml:lang="en">{"id": "5e2b503a-4570-4805-900e-8a82aead579a", "value": "MON"}</skos:altLabel>
    <skos:inScheme rdf:resource="http://localhost:8000/d147b8ca-cb14-4140-a510-e77dd6036efe"/>
  </skos:Concept>
  <skos:Concept rdf:about="http://localhost:8000/101d416d-dbe0-4053-a3e1-bad16bb5b34d">
    <skos:altLabel xml:lang="en">{"id": "b5553479-9803-4b0e-86eb-2525e1185e60", "value": "UNE"}</skos:altLabel>
    <skos:inScheme rdf:resource="http://localhost:8000/d147b8ca-cb14-4140-a510-e77dd6036efe"/>
    <skos:prefLabel xml:lang="en">{"id": "9312e67d-fbd8-4a80-9348-89da68f4786f", "value": "Unenclosed Land"}</skos:prefLabel>
    <dcterms:identifier xml:lang="en">{"id": "48b426a1-c183-4eea-9abb-48ce75acf0af", "value": "http://localhost:8000/101d416d-dbe0-4053-a3e1-bad16bb5b34d"}</dcterms:identifier>
  </skos:Concept>
  <skos:Concept rdf:about="http://localhost:8000/53d5fb20-caca-49cd-84c1-a7eded58ab79">
    <skos:prefLabel xml:lang="en">{"id": "b558c731-a5df-47b1-9343-a49bfd52c5a0", "value": "Residential Late Victorian/Edwardian"}</skos:prefLabel>
    <skos:altLabel xml:lang="en">{"id": "d3bbd520-7a47-45dc-9ade-91d0d214b08d", "value": "LVC"}</skos:altLabel>
    <dcterms:identifier xml:lang="en">{"id": "c6540364-60f4-4913-aec5-e3fd9df26b2f", "value": "http://localhost:8000/53d5fb20-caca-49cd-84c1-a7eded58ab79"}</dcterms:identifier>
    <skos:inScheme rdf:resource="http://localhost:8000/d147b8ca-cb14-4140-a510-e77dd6036efe"/>
  </skos:Concept>
</rdf:RDF>
