<?xml version="1.0" encoding="utf-8"?>
<rdf:RDF
  xmlns:skos="http://www.w3.org/2004/02/skos/core#"
  xmlns:dcterms="http://purl.org/dc/terms/"
  xmlns:arches="http://localhost:8000/"
  xmlns:rdf="http://www.w3.org/1999/02/22-rdf-syntax-ns#"
>
  <skos:Concept rdf:about="http://localhost:8000/fde52573-63e6-457a-90ea-42d8e61d4a7b">
    <skos:narrower>
      <skos:Concept rdf:about="http://localhost:8000/6bae40ea-bfa7-414f-8a42-90e8c18f613c">
        <arches:min_year xml:lang="en">{"id": "6735820a-ba0d-4228-a225-0151113c7b79", "value": "1485"}</arches:min_year>
        <skos:scopeNote xml:lang="en">{"id": "a2b9d089-0f31-4164-a124-64cf727d56bf", "value": "Dating to the reign of the Tudor monarchs."}</skos:scopeNote>
        <arches:max_year xml:lang="en">{"id": "f7546b45-2641-40ef-870e-959f6b9e1fd2", "value": "1603"}</arches:max_year>
        <skos:narrower rdf:resource="http://localhost:8000/986309dc-1a61-4177-9cdf-e21dfbaeffe8"/>
        <dcterms:identifier xml:lang="en">{"id": "fb76b67b-1138-4db8-bffd-f72b32f033b6", "value": "http://www.archesproject.org/6bae40ea-bfa7-414f-8a42-90e8c18f613c"}</dcterms:identifier>
        <skos:inScheme rdf:resource="http://localhost:8000/a666eade-733b-4a3d-a8b7-3dc483ebaaef"/>
        <skos:prefLabel xml:lang="en">{"id": "d4c27261-dd85-4292-a0c1-7f506d5b0203", "value": "Tudor"}</skos:prefLabel>
      </skos:Concept>
    </skos:narrower>
    <arches:min_year xml:lang="en">{"id": "e6c78db2-118f-4756-9a33-0bafb1e9b999", "value": "1066"}</arches:min_year>
    <dcterms:identifier xml:lang="en">{"id": "13c711a4-fc7d-4d7d-b0c4-0b5f38883375", "value": "http://www.archesproject.org/fde52573-63e6-457a-90ea-42d8e61d4a7b"}</dcterms:identifier>
    <skos:prefLabel xml:lang="en">{"id": "e96a7115-09c0-4b76-a33b-60a3a8acbb0c", "value": "Medieval"}</skos:prefLabel>
    <skos:inScheme>
      <skos:ConceptScheme rdf:about="http://localhost:8000/a666eade-733b-4a3d-a8b7-3dc483ebaaef">
        <skos:hasTopConcept rdf:resource="http://localhost:8000/5a198a88-6ac2-4a73-8111-2e80243b749e"/>
        <skos:hasTopConcept rdf:resource="http://localhost:8000/245a684b-2198-48d3-a620-f843f757af4a"/>
        <skos:hasTopConcept rdf:resource="http://localhost:8000/6ba234ef-5948-43b8-b347-cfe779aeb79c"/>
        <skos:hasTopConcept rdf:resource="http://localhost:8000/ddf9bada-c7ef-4c60-aaa7-a49f8b882b0e"/>
        <skos:hasTopConcept rdf:resource="http://localhost:8000/cf5561f8-b02a-46e0-831b-b9d1904a3862"/>
        <skos:hasTopConcept rdf:resource="http://localhost:8000/c5382b46-7049-4e4a-a51b-d79db123012f"/>
        <skos:hasTopConcept rdf:resource="http://localhost:8000/adf6690a-fbf0-41f9-a177-dfacbd3eb058"/>
        <skos:hasTopConcept rdf:resource="http://localhost:8000/5f654c6b-d96a-455e-a9d2-85c113deedaa"/>
        <dcterms:title xml:lang="en">{"id": "b724858d-16bf-4587-9278-b9b441425208", "value": "Historic England Periods"}</dcterms:title>
        <skos:hasTopConcept rdf:resource="http://localhost:8000/8f8d0fc0-6ed0-417e-af46-134e5f6b960a"/>
        <skos:hasTopConcept rdf:resource="http://localhost:8000/fde52573-63e6-457a-90ea-42d8e61d4a7b"/>
        <dcterms:identifier xml:lang="en">{"id": "d0277e18-9991-49a0-869a-7aaf13cb40a8", "value": "http://www.archesproject.org/a666eade-733b-4a3d-a8b7-3dc483ebaaef"}</dcterms:identifier>
        <skos:hasTopConcept rdf:resource="http://localhost:8000/1ae36cab-b58b-4244-a21d-426dfafefe10"/>
        <skos:hasTopConcept rdf:resource="http://localhost:8000/91392ce6-9f10-432c-8947-957829ec9b2b"/>
        <skos:hasTopConcept rdf:resource="http://localhost:8000/c43fbe87-3763-47ca-a336-38f2eca94b22"/>
      </skos:ConceptScheme>
    </skos:inScheme>
    <skos:scopeNote xml:lang="en">{"id": "340bb953-4c56-428f-a96d-5a118daedd1f", "value": "The Medieval period or Middle Ages begins with the Norman invasion and ends with the dissolution of the monasteries."}</skos:scopeNote>
    <arches:max_year xml:lang="en">{"id": "248f5155-291a-42bb-b6b8-d02daa0fb1f7", "value": "1540"}</arches:max_year>
  </skos:Concept>
  <skos:Concept rdf:about="http://localhost:8000/b8da8b77-71d3-4f62-bafb-e8e14b5290d5">
    <arches:min_year xml:lang="en">{"id": "35cb8723-3ad4-49d8-9775-6153e4a364f5", "value": "1933"}</arches:min_year>
    <dcterms:identifier xml:lang="en">{"id": "431bf3ad-3e81-4475-801c-285542cedfdc", "value": "http://www.archesproject.org/b8da8b77-71d3-4f62-bafb-e8e14b5290d5"}</dcterms:identifier>
    <skos:prefLabel xml:lang="en">{"id": "7275c772-b232-4f48-9a5c-31e0bb98b9c3", "value": "Mid 20th Century"}</skos:prefLabel>
    <skos:narrower>
      <skos:Concept rdf:about="http://localhost:8000/ae081732-c2cd-402e-89cb-85415aef8299">
        <arches:min_year xml:lang="en">{"id": "1ea81448-4702-4610-b3f0-4d13f32875f8", "value": "1946"}</arches:min_year>
        <dcterms:identifier xml:lang="en">{"id": "644d1903-1a68-4b7c-acd7-997487188078", "value": "http://www.archesproject.org/ae081732-c2cd-402e-89cb-85415aef8299"}</dcterms:identifier>
        <skos:scopeNote xml:lang="en">{"id": "8d97cbc7-dc15-4d82-80e9-f9ad73bbdd8b", "value": "The period of political and military opposition between the major Superpowers (USA and USSR) and their allies. Known as the Cold War as there were no direct military conflicts between the two main protagonists."}</skos:scopeNote>
        <arches:max_year xml:lang="en">{"id": "412d4760-a675-48f4-8404-d49cc3462325", "value": "1991"}</arches:max_year>
        <skos:prefLabel xml:lang="en">{"id": "6ec0f0c6-9674-435d-8af8-b7763b2baf1d", "value": "Cold War"}</skos:prefLabel>
        <skos:inScheme rdf:resource="http://localhost:8000/a666eade-733b-4a3d-a8b7-3dc483ebaaef"/>
      </skos:Concept>
    </skos:narrower>
    <skos:inScheme rdf:resource="http://localhost:8000/a666eade-733b-4a3d-a8b7-3dc483ebaaef"/>
    <skos:scopeNote xml:lang="en">{"id": "58d92d84-a55e-4652-ade8-f5b3e579e76d", "value": "The mid third of the 20th Century."}</skos:scopeNote>
    <arches:max_year xml:lang="en">{"id": "1550b036-5dab-4e10-b9a6-d017644024d4", "value": "1966"}</arches:max_year>
    <skos:narrower>
      <skos:Concept rdf:about="http://localhost:8000/97c8fad0-d998-4ce8-af07-a0462070c5ad">
        <skos:prefLabel xml:lang="en">{"id": "b251f4b4-12fe-48bd-b208-99c3e411c3dd", "value": "Second World War"}</skos:prefLabel>
        <skos:altLabel xml:lang="el">{"id": "0dc89db7-8f06-4748-8656-5c02851f9b5f", "value": "WW2"}</skos:altLabel>
        <skos:altLabel xml:lang="en">{"id": "465af1d9-18c0-4c5a-879e-ccc1e0f7bde0", "value": "WWII"}</skos:altLabel>
        <arches:min_year xml:lang="en">{"id": "2278941e-3679-4c7b-ae7c-bd6d3a67835b", "value": "1939"}</arches:min_year>
        <skos:scopeNote xml:lang="en">{"id": "3957b4c5-d5a9-425a-a17b-46f4e7bd3dec", "value": "Used to record resources dating to, and associated with, the Second World War. For other types of resource not directly associated with the war, (such as houses, built during this period) use MID 20TH CENTURY."}</skos:scopeNote>
        <arches:max_year xml:lang="en">{"id": "6787a265-eb89-4453-8d5e-7d9fcc62decf", "value": "1945"}</arches:max_year>
        <skos:inScheme rdf:resource="http://localhost:8000/a666eade-733b-4a3d-a8b7-3dc483ebaaef"/>
        <skos:altLabel xml:lang="en">{"id": "1243e9dc-c266-423f-8b76-8cf2550be802", "value": "World War II"}</skos:altLabel>
        <dcterms:identifier xml:lang="en">{"id": "2533d9a0-1779-4628-924d-61fa06ba4f59", "value": "http://www.archesproject.org/97c8fad0-d998-4ce8-af07-a0462070c5ad"}</dcterms:identifier>
      </skos:Concept>
    </skos:narrower>
  </skos:Concept>
  <skos:Concept rdf:about="http://localhost:8000/ea1dde12-1557-4411-8ec4-e3fd569f9303">
    <arches:min_year xml:lang="en">{"id": "004e3d14-448c-4f5b-88c8-afda4da8cd9f", "value": "-2600"}</arches:min_year>
    <dcterms:identifier xml:lang="en">{"id": "fc8f9a4a-4fc0-43a1-910f-66733f63a02f", "value": "http://www.archesproject.org/ea1dde12-1557-4411-8ec4-e3fd569f9303"}</dcterms:identifier>
    <arches:max_year xml:lang="en">{"id": "4488b3e5-e82c-4f27-9845-45170cae23a3", "value": "-1600"}</arches:max_year>
    <skos:scopeNote xml:lang="en">{"id": "7b0c733e-cacf-4e2c-91e1-f243c342b161", "value": "The earliest subdivision of the Bronze Age."}</skos:scopeNote>
    <skos:inScheme rdf:resource="http://localhost:8000/a666eade-733b-4a3d-a8b7-3dc483ebaaef"/>
    <skos:prefLabel xml:lang="en">{"id": "8c99b579-d9b4-4c40-bb34-de4e47575cbe", "value": "Early Bronze Age"}</skos:prefLabel>
  </skos:Concept>
  <skos:Concept rdf:about="http://localhost:8000/c43fbe87-3763-47ca-a336-38f2eca94b22">
    <skos:narrower>
      <skos:Concept rdf:about="http://localhost:8000/d81dcf45-dbd4-49b0-ad18-6aa8ac1ed4ab">
        <skos:scopeNote xml:lang="en">{"id": "8d5cbb58-333a-48ae-8c58-9c8f6ac5d9e3", "value": "The latest subdivision of the Mesolithic, or Middle Stone Age."}</skos:scopeNote>
        <arches:min_year xml:lang="en-us">{"id": "6e181411-f51f-4651-88f5-580a58664b44", "value": "-7000"}</arches:min_year>
        <arches:max_year xml:lang="en">{"id": "67c418d9-be9f-4b64-8da9-01ee40db46f8", "value": "-4000"}</arches:max_year>
        <skos:inScheme rdf:resource="http://localhost:8000/a666eade-733b-4a3d-a8b7-3dc483ebaaef"/>
        <skos:prefLabel xml:lang="en">{"id": "20c87335-fe02-4cbd-ba49-201f5f54a0da", "value": "Late Mesolithic"}</skos:prefLabel>
        <dcterms:identifier xml:lang="en">{"id": "592e7a45-2601-4032-a48f-940b0d1834a5", "value": "http://www.archesproject.org/d81dcf45-dbd4-49b0-ad18-6aa8ac1ed4ab"}</dcterms:identifier>
      </skos:Concept>
    </skos:narrower>
    <dcterms:identifier xml:lang="en">{"id": "54b47511-fb46-45d9-a23d-16ca334479de", "value": "http://www.archesproject.org/c43fbe87-3763-47ca-a336-38f2eca94b22"}</dcterms:identifier>
    <skos:prefLabel xml:lang="en">{"id": "ac4b6148-d460-4080-ad46-2035daa593e1", "value": "Mesolithic"}</skos:prefLabel>
    <skos:narrower>
      <skos:Concept rdf:about="http://localhost:8000/c5e4ae8d-9478-45e6-b934-c1fb3ab33d8f">
        <skos:inScheme rdf:resource="http://localhost:8000/a666eade-733b-4a3d-a8b7-3dc483ebaaef"/>
        <arches:min_year xml:lang="en">{"id": "d5ebced9-b8d0-4b34-8a80-94c9b527aac2", "value": "-10000"}</arches:min_year>
        <skos:scopeNote xml:lang="en">{"id": "1f4bde89-b8cd-417d-b9ef-42b37f8368b3", "value": "The earliest subdivision of the Mesolithic, or Middle Stone Age."}</skos:scopeNote>
        <skos:prefLabel xml:lang="en">{"id": "70491c79-6722-41f8-8c54-7373dd15ff33", "value": "Early Mesolithic"}</skos:prefLabel>
        <arches:max_year xml:lang="en">{"id": "df55221c-fe99-444b-bcce-8ce5a514c66b", "value": "-6000"}</arches:max_year>
        <dcterms:identifier xml:lang="en">{"id": "e132d115-7043-4a9b-b980-49e91aff1ac9", "value": "http://www.archesproject.org/c5e4ae8d-9478-45e6-b934-c1fb3ab33d8f"}</dcterms:identifier>
      </skos:Concept>
    </skos:narrower>
    <skos:inScheme rdf:resource="http://localhost:8000/a666eade-733b-4a3d-a8b7-3dc483ebaaef"/>
    <arches:max_year xml:lang="en">{"id": "ac575d5c-cf32-4544-b26e-3883c3b145d6", "value": "-4000"}</arches:max_year>
    <arches:min_year xml:lang="en">{"id": "8803538e-3720-45b3-ad20-df1685814e76", "value": "-10000"}</arches:min_year>
    <skos:scopeNote xml:lang="en">{"id": "522cd6b2-24cd-442b-b1f9-101bea850864", "value": "The Middle Stone Age, falling between the Palaeolithic and the Neolithic; marks the beginning of a move from a hunter gatherer society towards food producing society."}</skos:scopeNote>
  </skos:Concept>
  <skos:Concept rdf:about="http://localhost:8000/7b4c5c00-8652-4029-910b-1769fa6b7b01">
    <skos:narrower>
      <skos:Concept rdf:about="http://localhost:8000/ef2ae957-72d8-4ceb-922e-2c463ff49aa1">
        <arches:min_year xml:lang="en">{"id": "374024cb-50f9-4b1f-acc7-03cd706db967", "value": "1603"}</arches:min_year>
        <skos:scopeNote xml:lang="en">{"id": "eeb276b0-a1d1-44e0-8a13-18f2b408b267", "value": "Dating to the reign of James I of England (VI of Scotland)."}</skos:scopeNote>
        <arches:max_year xml:lang="en">{"id": "165e1103-af74-4653-a0b2-3b836c1df3b5", "value": "1625"}</arches:max_year>
        <skos:prefLabel xml:lang="en">{"id": "c9b455ee-81d2-41e5-9f15-e0a23cc89934", "value": "Jacobean"}</skos:prefLabel>
        <dcterms:identifier xml:lang="en">{"id": "53925140-e083-47cc-afea-a60d10b9def2", "value": "http://www.archesproject.org/ef2ae957-72d8-4ceb-922e-2c463ff49aa1"}</dcterms:identifier>
        <skos:inScheme rdf:resource="http://localhost:8000/a666eade-733b-4a3d-a8b7-3dc483ebaaef"/>
      </skos:Concept>
    </skos:narrower>
    <arches:min_year xml:lang="en">{"id": "f0d6e47f-be69-4fd8-a283-1e5acc70ac40", "value": "1603"}</arches:min_year>
    <skos:prefLabel xml:lang="en">{"id": "fcc9d3bf-355d-4664-8eaf-64c0296512b6", "value": "Stuart"}</skos:prefLabel>
    <arches:max_year xml:lang="en">{"id": "7ecadc0b-a0fa-47d5-bdb9-a07f6f7a2ee1", "value": "1714"}</arches:max_year>
    <dcterms:identifier xml:lang="en">{"id": "8f5a0a1f-0dbd-4fa2-8d2b-fbffecbdd991", "value": "http://www.archesproject.org/7b4c5c00-8652-4029-910b-1769fa6b7b01"}</dcterms:identifier>
    <skos:inScheme rdf:resource="http://localhost:8000/a666eade-733b-4a3d-a8b7-3dc483ebaaef"/>
    <skos:scopeNote xml:lang="en">{"id": "c5c591c4-bab4-4a05-9fd5-be51d3e775b0", "value": "Dating to the reign of the Stuart kings of England (including the Commonwealth inter-regnum) "}</skos:scopeNote>
  </skos:Concept>
  <skos:Concept rdf:about="http://localhost:8000/5618e704-49fe-48e0-a520-153a6e7c34b3">
    <arches:min_year xml:lang="en">{"id": "be751952-1753-45ca-b2bf-4271837724a2", "value": "-4000"}</arches:min_year>
    <skos:inScheme rdf:resource="http://localhost:8000/a666eade-733b-4a3d-a8b7-3dc483ebaaef"/>
    <dcterms:identifier xml:lang="en">{"id": "8aaa6ece-21a6-42f2-afb5-45aa7edd5ef3", "value": "http://www.archesproject.org/5618e704-49fe-48e0-a520-153a6e7c34b3"}</dcterms:identifier>
    <skos:prefLabel xml:lang="en">{"id": "3b3a284b-8130-4dc1-96c3-3049de64796f", "value": "Early Neolithic"}</skos:prefLabel>
    <arches:max_year xml:lang="en">{"id": "75019aef-ff0d-474c-bd42-610f53d528e3", "value": "-3300"}</arches:max_year>
    <skos:scopeNote xml:lang="en">{"id": "1de849ad-213f-44fd-b3da-218355038825", "value": "The earliest subdivision of the Neolithic, or New Stone Age."}</skos:scopeNote>
  </skos:Concept>
  <skos:Concept rdf:about="http://localhost:8000/f9f4adc2-48bb-4e9e-89ac-b1712d443a91">
    <dcterms:identifier xml:lang="en">{"id": "09726618-17f1-4e55-a3e5-fa2ddd9694d4", "value": "http://www.archesproject.org/f9f4adc2-48bb-4e9e-89ac-b1712d443a91"}</dcterms:identifier>
    <skos:prefLabel xml:lang="en">{"id": "d2fb2be2-99ef-404c-aed7-187cf283d5b9", "value": "First World War"}</skos:prefLabel>
    <arches:min_year xml:lang="en">{"id": "76e94a20-b16d-4431-a15c-e06477db013d", "value": "1914"}</arches:min_year>
    <skos:scopeNote xml:lang="en">{"id": "395c009f-f13b-44cc-b694-bd7724a3fa51", "value": "Used to record resources dating to, and associated with, the First World War. For other types of resources dating to, but not directly associated with, the war (such as houses, built during this period) use: Early 20th Century."}</skos:scopeNote>
    <skos:altLabel xml:lang="en">{"id": "6f12bac3-1b0a-4cb9-9557-ebb26b94990e", "value": "WW1"}</skos:altLabel>
    <skos:inScheme rdf:resource="http://localhost:8000/a666eade-733b-4a3d-a8b7-3dc483ebaaef"/>
    <skos:altLabel xml:lang="en">{"id": "c8e14119-e5a7-48c2-81d9-6d26f3235323", "value": "World War I"}</skos:altLabel>
    <arches:max_year xml:lang="en">{"id": "a364b255-fcf9-4cc9-a44c-c7ac15573d63", "value": "1918"}</arches:max_year>
    <skos:altLabel xml:lang="en">{"id": "3e41a803-aa75-4ffb-a614-3f36dd845f96", "value": "WWI"}</skos:altLabel>
  </skos:Concept>
  <skos:Concept rdf:about="http://localhost:8000/990ce1c2-fadb-48d3-a534-256f3b6194bf">
    <arches:max_year xml:lang="en">{"id": "cfc26e11-db46-4935-8a8c-f0af4bb8f9cd", "value": "1830"}</arches:max_year>
    <skos:scopeNote xml:lang="en">{"id": "568451cf-4202-4baf-988d-12d5569c39ca", "value": "Dating to or characteristic of the reigns of any of the first four kings of Great Britain called George."}</skos:scopeNote>
    <skos:inScheme rdf:resource="http://localhost:8000/a666eade-733b-4a3d-a8b7-3dc483ebaaef"/>
    <skos:prefLabel xml:lang="en">{"id": "45c22ff1-27fd-4755-9ef2-d852d9d514d5", "value": "Georgian"}</skos:prefLabel>
    <arches:min_year xml:lang="en">{"id": "5b8c2c1f-f024-4bdd-88bb-9737724b73e5", "value": "1714"}</arches:min_year>
    <dcterms:identifier xml:lang="en">{"id": "d6821b7c-9a28-426d-8900-7a0e914f1bd3", "value": "http://www.archesproject.org/990ce1c2-fadb-48d3-a534-256f3b6194bf"}</dcterms:identifier>
  </skos:Concept>
  <skos:Concept rdf:about="http://localhost:8000/5f654c6b-d96a-455e-a9d2-85c113deedaa">
    <skos:narrower>
      <skos:Concept rdf:about="http://localhost:8000/e972997b-1ed0-4b3f-af4c-7f083307ed57">
        <arches:min_year xml:lang="en">{"id": "1bd84ce9-df52-427c-a6d9-5a8c55fee22e", "value": "1714"}</arches:min_year>
        <dcterms:identifier xml:lang="en">{"id": "d1468e56-b7ce-4f6b-a5dc-18d5aa93e5c5", "value": "http://www.archesproject.org/e972997b-1ed0-4b3f-af4c-7f083307ed57"}</dcterms:identifier>
        <skos:narrower rdf:resource="http://localhost:8000/9032ba54-5b96-4dde-9f60-f6dd967e8e4b"/>
        <skos:inScheme rdf:resource="http://localhost:8000/a666eade-733b-4a3d-a8b7-3dc483ebaaef"/>
        <arches:max_year xml:lang="en">{"id": "588d04b7-356c-4b8a-a0f5-c345820d5c16", "value": "1901"}</arches:max_year>
        <skos:narrower rdf:resource="http://localhost:8000/990ce1c2-fadb-48d3-a534-256f3b6194bf"/>
        <skos:prefLabel xml:lang="en">{"id": "47b465b5-f951-4da0-bf18-4afaa9e0a4b0", "value": "Hanoverian"}</skos:prefLabel>
        <skos:scopeNote xml:lang="en">{"id": "a580741a-4494-4c9f-b999-62427bd47c96", "value": "Dating to the reign of the Hanoverian kings and queens.    "}</skos:scopeNote>
      </skos:Concept>
    </skos:narrower>
    <dcterms:identifier xml:lang="en">{"id": "de0deae7-0b1d-4396-8e18-1d7a1efae513", "value": "http://www.archesproject.org/5f654c6b-d96a-455e-a9d2-85c113deedaa"}</dcterms:identifier>
    <skos:narrower rdf:resource="http://localhost:8000/7b4c5c00-8652-4029-910b-1769fa6b7b01"/>
    <skos:inScheme rdf:resource="http://localhost:8000/a666eade-733b-4a3d-a8b7-3dc483ebaaef"/>
    <skos:prefLabel xml:lang="en">{"id": "c07a7488-4890-4645-a323-4992a2bba7f5", "value": "Post Medieval"}</skos:prefLabel>
    <arches:min_year xml:lang="en">{"id": "be7baaf2-801a-463c-8048-f9dcd8aa728e", "value": "1540"}</arches:min_year>
    <skos:narrower rdf:resource="http://localhost:8000/6bae40ea-bfa7-414f-8a42-90e8c18f613c"/>
    <skos:scopeNote xml:lang="en">{"id": "060f9aae-910e-4cd3-aba8-58d35453d70c", "value": "Begins with the dissolution of the monasteries and ends with the death of Queen Victoria. Use more specific period where known."}</skos:scopeNote>
    <arches:max_year xml:lang="en">{"id": "13172458-69a2-490e-bbcb-e6eb4758f5b2", "value": "1901"}</arches:max_year>
  </skos:Concept>
  <skos:Concept rdf:about="http://localhost:8000/6f9b6a55-da93-45ad-abad-300e452694f7">
    <arches:min_year xml:lang="en">{"id": "ebf138c7-c190-467d-9a7d-fe94437c59c6", "value": "-150000"}</arches:min_year>
    <skos:scopeNote xml:lang="en">{"id": "3cea3ae1-3051-422e-8dd2-2ce13337eb49", "value": "The second subdivision of the Palaeolithic or Old Stone Age. Characterized by the fine flake tools of the Mousterian tradition and economically by a hunter gatherer society."}</skos:scopeNote>
    <dcterms:identifier xml:lang="en">{"id": "3d57fdc0-f509-4013-8ea8-c32ecab9f768", "value": "http://www.archesproject.org/6f9b6a55-da93-45ad-abad-300e452694f7"}</dcterms:identifier>
    <skos:prefLabel xml:lang="en">{"id": "ac8bd142-94ec-4191-a921-9bff49eaf983", "value": "Middle Palaeolithic"}</skos:prefLabel>
    <skos:inScheme rdf:resource="http://localhost:8000/a666eade-733b-4a3d-a8b7-3dc483ebaaef"/>
    <arches:max_year xml:lang="en">{"id": "aca32e41-8248-41ec-b2dd-c4e0db1a68ec", "value": "-40000"}</arches:max_year>
  </skos:Concept>
  <skos:Concept rdf:about="http://localhost:8000/ddf9bada-c7ef-4c60-aaa7-a49f8b882b0e">
    <dcterms:identifier xml:lang="en">{"id": "2346f2c2-1f7a-4651-b175-a440eef444a9", "value": "http://www.archesproject.org/ddf9bada-c7ef-4c60-aaa7-a49f8b882b0e"}</dcterms:identifier>
    <skos:inScheme rdf:resource="http://localhost:8000/a666eade-733b-4a3d-a8b7-3dc483ebaaef"/>
    <skos:scopeNote xml:lang="en">{"id": "a961005e-1f32-4f9c-880f-1cf09e76ea90", "value": "No longer used. Traditionally used for resources that could only be identified to a date range from the Palaeolithic to Iron Age. Included here to aid migration."}</skos:scopeNote>
    <skos:narrower>
      <skos:Concept rdf:about="http://localhost:8000/22769b72-19e7-4249-a5a5-c7079b3796d6">
        <skos:prefLabel xml:lang="en">{"id": "64fe1470-1a60-491c-b462-04068a197b23", "value": "Later Prehistoric"}</skos:prefLabel>
        <skos:scopeNote xml:lang="en">{"id": "dc925585-638b-4058-bb94-057835a581ea", "value": "No longer used. Traditionally use for resources that could only be identified to a date range from Neolithic to Iron Age. Included here to aid migration."}</skos:scopeNote>
        <dcterms:identifier xml:lang="en">{"id": "2abe941f-2d21-412f-ba50-19c63bc11ea0", "value": "http://www.archesproject.org/22769b72-19e7-4249-a5a5-c7079b3796d6"}</dcterms:identifier>
        <skos:inScheme rdf:resource="http://localhost:8000/a666eade-733b-4a3d-a8b7-3dc483ebaaef"/>
      </skos:Concept>
    </skos:narrower>
    <skos:prefLabel xml:lang="en">{"id": "38bb1036-4720-48fa-8a5e-9455e83776e0", "value": "Prehistoric"}</skos:prefLabel>
  </skos:Concept>
  <skos:Concept rdf:about="http://localhost:8000/30946005-ba27-4d96-b6de-cc79434f4023">
    <arches:min_year xml:lang="en">{"id": "8dc7954a-2780-478a-a098-f1b749472724", "value": "-40000"}</arches:min_year>
    <arches:max_year xml:lang="en">{"id": "02b817c2-1ece-4f90-8b4b-ce16f7f3c084", "value": "-10000"}</arches:max_year>
    <skos:inScheme rdf:resource="http://localhost:8000/a666eade-733b-4a3d-a8b7-3dc483ebaaef"/>
    <dcterms:identifier xml:lang="en">{"id": "dfae8920-b6d8-4200-8550-827cf3f9e024", "value": "http://www.archesproject.org/30946005-ba27-4d96-b6de-cc79434f4023"}</dcterms:identifier>
    <skos:scopeNote xml:lang="en">{"id": "49bd523a-04bd-4e57-9367-c7013761ae77", "value": "The third and last subdivision of the Palaeolithic or Old Stone Age; characterized by the development of projectile points made from bony materials and the development of fine blade flint tools."}</skos:scopeNote>
    <skos:prefLabel xml:lang="en">{"id": "27ecb82a-a997-4806-b90b-cec73b51b388", "value": "Upper Palaeolithic"}</skos:prefLabel>
  </skos:Concept>
  <skos:Concept rdf:about="http://localhost:8000/adf6690a-fbf0-41f9-a177-dfacbd3eb058">
    <arches:min_year xml:lang="en">{"id": "fa5440c3-208f-4dbc-9e0e-5a8d3c78d836", "value": "43"}</arches:min_year>
    <skos:prefLabel xml:lang="en">{"id": "68a8a2f7-c045-43e0-8783-74d584ecd123", "value": "Roman"}</skos:prefLabel>
    <dcterms:identifier xml:lang="en">{"id": "45c16662-cbef-4f6f-9b46-2f50ba83782f", "value": "http://www.archesproject.org/adf6690a-fbf0-41f9-a177-dfacbd3eb058"}</dcterms:identifier>
    <arches:max_year xml:lang="en">{"id": "ba4d7e10-d2f0-4d84-89d6-452bc3f1c643", "value": "410"}</arches:max_year>
    <skos:inScheme rdf:resource="http://localhost:8000/a666eade-733b-4a3d-a8b7-3dc483ebaaef"/>
    <skos:scopeNote xml:lang="en">{"id": "02797b8e-9371-4038-b93f-03b8bde5669d", "value": "Traditionally begins with the Roman invasion in 43AD and ends with the emperor Honorius directing Britain to see to its own defence in 410AD."}</skos:scopeNote>
  </skos:Concept>
  <skos:Concept rdf:about="http://localhost:8000/986309dc-1a61-4177-9cdf-e21dfbaeffe8">
    <dcterms:identifier xml:lang="en">{"id": "b347181d-070a-4bae-9286-2bc3ff5b9b67", "value": "http://www.archesproject.org/986309dc-1a61-4177-9cdf-e21dfbaeffe8"}</dcterms:identifier>
    <arches:max_year xml:lang="en">{"id": "4ddffe73-8b0f-4a25-becb-8a4c735afde0", "value": "1603"}</arches:max_year>
    <arches:min_year xml:lang="en">{"id": "5c36af7d-2d2c-45d4-8c6a-93f411ca481a", "value": "1558"}</arches:min_year>
    <skos:prefLabel xml:lang="en">{"id": "a8bfe2c6-0c0c-49e2-a953-d5d9e856b73e", "value": "Elizabethan"}</skos:prefLabel>
    <skos:scopeNote xml:lang="en">{"id": "6fa64bb1-8c86-451b-8f8b-89f2c7177f5a", "value": "Dating to the reign of Elizabeth 1st of England."}</skos:scopeNote>
    <skos:inScheme rdf:resource="http://localhost:8000/a666eade-733b-4a3d-a8b7-3dc483ebaaef"/>
  </skos:Concept>
  <skos:Concept rdf:about="http://localhost:8000/15a021f9-000e-4fd4-b92d-6872dbbdc56b">
    <dcterms:identifier xml:lang="en">{"id": "95622acd-9ae3-40bb-93fc-f7276dc491ad", "value": "http://www.archesproject.org/15a021f9-000e-4fd4-b92d-6872dbbdc56b"}</dcterms:identifier>
    <arches:min_year xml:lang="en">{"id": "1a168483-b169-4a7c-8956-72f5f4cbfc4c", "value": "-300"}</arches:min_year>
    <skos:scopeNote xml:lang="en">{"id": "417225a6-aa9b-45de-89f4-424582c77699", "value": "The second subdivision of the Iron Age."}</skos:scopeNote>
    <arches:max_year xml:lang="en">{"id": "dd147a05-50cc-4afe-90ef-e27fcdfd6467", "value": "-100"}</arches:max_year>
    <skos:inScheme rdf:resource="http://localhost:8000/a666eade-733b-4a3d-a8b7-3dc483ebaaef"/>
    <skos:prefLabel xml:lang="en">{"id": "90fbada5-3deb-42a0-934d-cdb7e86ef312", "value": "Middle Iron Age"}</skos:prefLabel>
  </skos:Concept>
  <skos:Concept rdf:about="http://localhost:8000/91392ce6-9f10-432c-8947-957829ec9b2b">
    <skos:inScheme rdf:resource="http://localhost:8000/a666eade-733b-4a3d-a8b7-3dc483ebaaef"/>
    <dcterms:identifier xml:lang="en">{"id": "ad23dea0-3141-4045-b8f3-94735452f1c7", "value": "http://www.archesproject.org/91392ce6-9f10-432c-8947-957829ec9b2b"}</dcterms:identifier>
    <skos:prefLabel xml:lang="en">{"id": "cf485c43-e5c2-4f63-93d5-860e139126f2", "value": "Uncertain"}</skos:prefLabel>
    <skos:scopeNote xml:lang="en">{"id": "bc29d6de-5ca3-4491-8a20-f6190eefd070", "value": "Use only where the date is unknown or has not been verified."}</skos:scopeNote>
  </skos:Concept>
  <skos:Concept rdf:about="http://localhost:8000/245a684b-2198-48d3-a620-f843f757af4a">
    <skos:prefLabel xml:lang="en">{"id": "596fb053-28bc-4d43-ad1e-b425fc3522f1", "value": "Early Medieval"}</skos:prefLabel>
    <skos:scopeNote xml:lang="en">{"id": "e92c8915-a7aa-4295-adf3-3c6ad2b8bb07", "value": "This dates from the breakdown of Roman rule in Britain to the Norman invasion in 1066 and is to be used for monuments of post Roman, Saxon and Viking date."}</skos:scopeNote>
    <arches:max_year xml:lang="en">{"id": "6d8f338e-1ac2-4531-844c-ef51ce5ae21d", "value": "1066"}</arches:max_year>
    <skos:inScheme rdf:resource="http://localhost:8000/a666eade-733b-4a3d-a8b7-3dc483ebaaef"/>
    <dcterms:identifier xml:lang="en">{"id": "5f00300e-00f4-4e7d-a46a-54274afe244f", "value": "http://www.archesproject.org/245a684b-2198-48d3-a620-f843f757af4a"}</dcterms:identifier>
    <arches:min_year xml:lang="en">{"id": "059467de-3ca4-4490-9565-40d87e2c1668", "value": "410"}</arches:min_year>
  </skos:Concept>
  <skos:Concept rdf:about="http://localhost:8000/6ba234ef-5948-43b8-b347-cfe779aeb79c">
    <dcterms:identifier xml:lang="en">{"id": "c6a2ea95-7a91-4bdf-8f79-a75ec4fbc12c", "value": "http://www.archesproject.org/6ba234ef-5948-43b8-b347-cfe779aeb79c"}</dcterms:identifier>
    <arches:min_year xml:lang="en">{"id": "26f3e18e-85f7-4039-a3e5-d3d55d9a27a4", "value": "-800"}</arches:min_year>
    <skos:narrower>
      <skos:Concept rdf:about="http://localhost:8000/8764dd25-6d36-4be4-ae24-40088236c0e9">
        <skos:prefLabel xml:lang="en">{"id": "406c878f-3c7c-4f92-bc65-299bbc77fb92", "value": "Early Iron Age"}</skos:prefLabel>
        <skos:scopeNote xml:lang="en">{"id": "8cf7a9c8-8f51-4a8b-a411-26ff2d955557", "value": "The earliest subdivision of the Iron Age."}</skos:scopeNote>
        <arches:min_year xml:lang="en">{"id": "0fead2e9-2537-4407-bab9-0489ce9048cc", "value": "-800"}</arches:min_year>
        <dcterms:identifier xml:lang="en">{"id": "880e8c7a-9e70-4e18-9f37-42903490ff1e", "value": "http://www.archesproject.org/8764dd25-6d36-4be4-ae24-40088236c0e9"}</dcterms:identifier>
        <arches:max_year xml:lang="en">{"id": "77338d5a-21ff-420d-bcd0-1ec461a87153", "value": "-300"}</arches:max_year>
        <skos:inScheme rdf:resource="http://localhost:8000/a666eade-733b-4a3d-a8b7-3dc483ebaaef"/>
      </skos:Concept>
    </skos:narrower>
    <arches:max_year xml:lang="en">{"id": "e6f84122-db17-4120-a303-532f7c67e842", "value": "43"}</arches:max_year>
    <skos:prefLabel xml:lang="en">{"id": "427ad69a-36dd-4166-87b3-2aaa71ca03cb", "value": "Iron Age"}</skos:prefLabel>
    <skos:narrower rdf:resource="http://localhost:8000/15a021f9-000e-4fd4-b92d-6872dbbdc56b"/>
    <skos:scopeNote xml:lang="en">{"id": "eae42e99-1663-4a8d-97cd-a31fbb16b515", "value": "This period follows on from the Bronze Age and is characterized by the use of iron for making tools and monuments such as hillforts and oppida. The Iron Age is taken to end with the Roman invasion."}</skos:scopeNote>
    <skos:inScheme rdf:resource="http://localhost:8000/a666eade-733b-4a3d-a8b7-3dc483ebaaef"/>
    <skos:narrower>
      <skos:Concept rdf:about="http://localhost:8000/eedfc939-272d-42b4-b96e-cb681efb6a3e">
        <dcterms:identifier xml:lang="en">{"id": "2c8c2e9d-6182-48ba-8b5f-586c5e793ff1", "value": "http://www.archesproject.org/eedfc939-272d-42b4-b96e-cb681efb6a3e"}</dcterms:identifier>
        <arches:max_year xml:lang="en">{"id": "c62bf54c-79ac-4821-8cf0-1e775b50aeb6", "value": "43"}</arches:max_year>
        <skos:scopeNote xml:lang="en">{"id": "3cea9e36-3208-4424-b65b-af1e8101361b", "value": "The third and latest subdivision of the Iron Age."}</skos:scopeNote>
        <skos:inScheme rdf:resource="http://localhost:8000/a666eade-733b-4a3d-a8b7-3dc483ebaaef"/>
        <arches:min_year xml:lang="en">{"id": "175b90a8-b316-4da9-90c5-14910d1029da", "value": "-100"}</arches:min_year>
        <skos:prefLabel xml:lang="en">{"id": "898c06a1-5d0b-4410-91e9-af8027fdfbc2", "value": "Late Iron Age"}</skos:prefLabel>
      </skos:Concept>
    </skos:narrower>
  </skos:Concept>
  <skos:Concept rdf:about="http://localhost:8000/9032ba54-5b96-4dde-9f60-f6dd967e8e4b">
    <arches:max_year xml:lang="en">{"id": "d73b4fe8-2808-44ae-8e24-171f37d6f02d", "value": "1901"}</arches:max_year>
    <arches:min_year xml:lang="en">{"id": "0c8ebd43-2709-48c8-ab01-ebc0deb8dc0c", "value": "1837"}</arches:min_year>
    <skos:scopeNote xml:lang="en">{"id": "a365fe4d-0031-4402-9eb4-5408b983a26d", "value": "Dating to the reign of Queen Victoria."}</skos:scopeNote>
    <skos:prefLabel xml:lang="en">{"id": "3b7359ca-8b38-44f6-ac7f-bc9a1e73fa0f", "value": "Victorian"}</skos:prefLabel>
    <dcterms:identifier xml:lang="en">{"id": "93fdb792-4cff-4d33-9f5a-5b2ff8197bbb", "value": "http://www.archesproject.org/9032ba54-5b96-4dde-9f60-f6dd967e8e4b"}</dcterms:identifier>
    <skos:inScheme rdf:resource="http://localhost:8000/a666eade-733b-4a3d-a8b7-3dc483ebaaef"/>
  </skos:Concept>
  <skos:Concept rdf:about="http://localhost:8000/cf5561f8-b02a-46e0-831b-b9d1904a3862">
    <skos:inScheme rdf:resource="http://localhost:8000/a666eade-733b-4a3d-a8b7-3dc483ebaaef"/>
    <arches:min_year xml:lang="en">{"id": "0f982186-3cd6-4eb5-bd78-9f66c357ee72", "value": "2001"}</arches:min_year>
    <arches:max_year xml:lang="en">{"id": "ad3d4368-e46f-41b7-8542-f6f89509546e", "value": "2100"}</arches:max_year>
    <dcterms:identifier xml:lang="en">{"id": "1a218013-6971-40da-bfa7-a142f2c72c7d", "value": "http://www.archesproject.org/cf5561f8-b02a-46e0-831b-b9d1904a3862"}</dcterms:identifier>
    <skos:scopeNote xml:lang="en">{"id": "0cbe4817-97f9-4685-8e1d-d62de2ca9ecf", "value": "Dating to the start of the third millennium CE/AD.  2001-2100"}</skos:scopeNote>
    <skos:prefLabel xml:lang="en">{"id": "7961fb98-44f1-4942-8e59-4c60a8c555e8", "value": "21st Century"}</skos:prefLabel>
  </skos:Concept>
  <skos:Concept rdf:about="http://localhost:8000/a3985777-43de-47b0-b070-83690a92f22c">
    <arches:min_year xml:lang="en">{"id": "306498f9-9484-49a1-9159-b19d5267b034", "value": "-1600"}</arches:min_year>
    <skos:inScheme rdf:resource="http://localhost:8000/a666eade-733b-4a3d-a8b7-3dc483ebaaef"/>
    <dcterms:identifier xml:lang="en">{"id": "8dc41fa6-8d21-43aa-9015-fab225fcc7e7", "value": "http://www.archesproject.org/a3985777-43de-47b0-b070-83690a92f22c"}</dcterms:identifier>
    <skos:prefLabel xml:lang="en">{"id": "6d7fb623-90b1-4a60-b994-f6d641937d0d", "value": "Middle Bronze Age"}</skos:prefLabel>
    <arches:max_year xml:lang="en">{"id": "7abe0c06-1217-4785-8e36-382dcceb9b90", "value": "-1200"}</arches:max_year>
    <skos:scopeNote xml:lang="en">{"id": "d19b2249-0b43-4209-8a64-da7559c93dac", "value": "The second subdivision of the Bronze Age."}</skos:scopeNote>
  </skos:Concept>
  <skos:Concept rdf:about="http://localhost:8000/26f4a9b1-1785-485b-8ebf-88f3d29f4638">
    <arches:min_year xml:lang="en">{"id": "f54d31a4-2fed-499e-98a1-231b457c5938", "value": "-1200"}</arches:min_year>
    <skos:inScheme rdf:resource="http://localhost:8000/a666eade-733b-4a3d-a8b7-3dc483ebaaef"/>
    <skos:scopeNote xml:lang="en">{"id": "6abdd675-9c44-40ca-8f66-6a75e3a72dbc", "value": "The third and latest subdivision of the Bronze Age."}</skos:scopeNote>
    <skos:prefLabel xml:lang="en">{"id": "df58308b-b270-4a4a-ac0b-ca0bf6b16675", "value": "Late Bronze Age"}</skos:prefLabel>
    <dcterms:identifier xml:lang="en">{"id": "d6074af4-cc3b-4ac4-88b5-c72e7a9cdf0f", "value": "http://www.archesproject.org/26f4a9b1-1785-485b-8ebf-88f3d29f4638"}</dcterms:identifier>
    <arches:max_year xml:lang="en">{"id": "17659ff7-86ca-430c-880c-4fe66e020b26", "value": "-700"}</arches:max_year>
  </skos:Concept>
  <skos:Concept rdf:about="http://localhost:8000/1ae36cab-b58b-4244-a21d-426dfafefe10">
    <skos:prefLabel xml:lang="en">{"id": "a55ceb8b-e8d4-4eb2-be78-fab2df7e278c", "value": "20th Century"}</skos:prefLabel>
    <skos:scopeNote xml:lang="en">{"id": "17226952-1f62-4878-8897-98be9e2e1bf7", "value": "Previously recorded as 'Modern'. Covers the period from 1901-2000.     "}</skos:scopeNote>
    <arches:min_year xml:lang="en">{"id": "af597be4-68b3-446e-a367-f22321dcc395", "value": "1901"}</arches:min_year>
    <skos:narrower>
      <skos:Concept rdf:about="http://localhost:8000/05813b48-b4c3-4b81-a7b4-b27e9cb73d0f">
        <arches:min_year xml:lang="en">{"id": "c8274e54-c472-40e2-b70b-a9d7b9d1728f", "value": "1901"}</arches:min_year>
        <skos:prefLabel xml:lang="en">{"id": "e58e05b8-12dc-4707-b56d-73f32418eb1f", "value": "Early 20th Century"}</skos:prefLabel>
        <arches:max_year xml:lang="en">{"id": "2045e871-552b-44eb-bb23-52f23fce3dc6", "value": "1932"}</arches:max_year>
        <skos:narrower rdf:resource="http://localhost:8000/f9f4adc2-48bb-4e9e-89ac-b1712d443a91"/>
        <skos:scopeNote xml:lang="en">{"id": "97b58639-957b-44c5-8c69-0f5d5eb477a6", "value": "The first third of the 20th century."}</skos:scopeNote>
        <skos:narrower rdf:resource="http://localhost:8000/0ce71a4c-73ea-49d6-ada4-18083b2b086c"/>
        <dcterms:identifier xml:lang="en">{"id": "7e32f593-1046-4668-816c-7b42fdbc2ab1", "value": "http://www.archesproject.org/05813b48-b4c3-4b81-a7b4-b27e9cb73d0f"}</dcterms:identifier>
        <skos:inScheme rdf:resource="http://localhost:8000/a666eade-733b-4a3d-a8b7-3dc483ebaaef"/>
      </skos:Concept>
    </skos:narrower>
    <skos:narrower rdf:resource="http://localhost:8000/b8da8b77-71d3-4f62-bafb-e8e14b5290d5"/>
    <dcterms:identifier xml:lang="en">{"id": "62cd8bd5-fd98-4bfa-8580-e9f1f5b53b75", "value": "http://www.archesproject.org/1ae36cab-b58b-4244-a21d-426dfafefe10"}</dcterms:identifier>
    <arches:max_year xml:lang="en">{"id": "5a1cda5c-3a15-4c3f-bd1e-9b0697fb23ef", "value": "2000"}</arches:max_year>
    <skos:inScheme rdf:resource="http://localhost:8000/a666eade-733b-4a3d-a8b7-3dc483ebaaef"/>
    <skos:narrower>
      <skos:Concept rdf:about="http://localhost:8000/66203678-3d6b-41cf-857e-b7faf0607c95">
        <dcterms:identifier xml:lang="en">{"id": "77eed197-6a47-4dc3-8dc9-d2e385fa59ea", "value": "http://www.archesproject.org/66203678-3d6b-41cf-857e-b7faf0607c95"}</dcterms:identifier>
        <skos:prefLabel xml:lang="en">{"id": "0863427a-be64-4492-93d6-98dba9bac42f", "value": "Late 20th Century"}</skos:prefLabel>
        <skos:inScheme rdf:resource="http://localhost:8000/a666eade-733b-4a3d-a8b7-3dc483ebaaef"/>
        <arches:min_year xml:lang="en">{"id": "ed389f49-7175-43ad-8a1f-a1f58d5eb52b", "value": "1967"}</arches:min_year>
        <skos:scopeNote xml:lang="en">{"id": "7cd219b4-9b98-47eb-b139-8c1a817d094a", "value": "The final third of the 20th century."}</skos:scopeNote>
        <skos:narrower rdf:resource="http://localhost:8000/ae081732-c2cd-402e-89cb-85415aef8299"/>
        <arches:max_year xml:lang="en">{"id": "b2e89fa0-3453-4989-9f11-7f39ab94dc79", "value": "2000"}</arches:max_year>
      </skos:Concept>
    </skos:narrower>
  </skos:Concept>
  <skos:Concept rdf:about="http://localhost:8000/c5382b46-7049-4e4a-a51b-d79db123012f">
    <skos:narrower rdf:resource="http://localhost:8000/6f9b6a55-da93-45ad-abad-300e452694f7"/>
    <skos:narrower>
      <skos:Concept rdf:about="http://localhost:8000/c812c32b-7adc-4c37-9c6c-9436fa63eaeb">
        <skos:inScheme rdf:resource="http://localhost:8000/a666eade-733b-4a3d-a8b7-3dc483ebaaef"/>
        <dcterms:identifier xml:lang="en">{"id": "98ef35ad-d178-4ad3-93e7-86dcd3a3124b", "value": "http://www.archesproject.org/c812c32b-7adc-4c37-9c6c-9436fa63eaeb"}</dcterms:identifier>
        <skos:scopeNote xml:lang="en">{"id": "d110d38e-659d-4fa3-bc1b-4dcd00a12feb", "value": "The earliest subdivision of the Palaeolithic, or Old Stone Age; when the earliest use of flint tools appears in the current archaeological record. A hunter gatherer society is a defining characteristic."}</skos:scopeNote>
        <arches:min_year xml:lang="en">{"id": "c0b59221-e76a-4e8a-a862-bbdb2860e916", "value": "-1000000"}</arches:min_year>
        <skos:prefLabel xml:lang="en">{"id": "324cc692-39f5-41ab-bf05-8a0c4c6373b5", "value": "Lower Palaeolithic"}</skos:prefLabel>
        <arches:max_year xml:lang="en">{"id": "f3a2ff3b-4f53-470e-ad32-0e6fa29e5a96", "value": "-150000"}</arches:max_year>
      </skos:Concept>
    </skos:narrower>
    <arches:max_year xml:lang="en">{"id": "f5b0818f-0a54-45a1-b5da-23bf07334951", "value": "-10000"}</arches:max_year>
    <arches:min_year xml:lang="en">{"id": "b8216044-3cc4-4ff1-943e-f3ed19c2723d", "value": "-1000000"}</arches:min_year>
    <skos:prefLabel xml:lang="en">{"id": "7eaff630-76ae-44ea-95e3-d9339e1d1ea4", "value": "Palaeolithic"}</skos:prefLabel>
    <skos:inScheme rdf:resource="http://localhost:8000/a666eade-733b-4a3d-a8b7-3dc483ebaaef"/>
    <skos:altLabel xml:lang="en">{"id": "f5b87ce5-8796-4015-aba5-229bf235fcde", "value": "Paleolithic"}</skos:altLabel>
    <skos:scopeNote xml:lang="en">{"id": "509bb151-b3b7-4132-8ec9-0a8669c29cca", "value": "The period once referred to as the Old Stone Age. It is defined by the practice of hunting and gathering and the use of chipped flint tools. This period is usually divided up into the Lower, Middle and Upper Palaeolithic."}</skos:scopeNote>
    <dcterms:identifier xml:lang="en">{"id": "7d3f8978-eae3-4f94-9024-9ab9325e74d0", "value": "http://www.archesproject.org/c5382b46-7049-4e4a-a51b-d79db123012f"}</dcterms:identifier>
    <skos:narrower rdf:resource="http://localhost:8000/30946005-ba27-4d96-b6de-cc79434f4023"/>
    <skos:altLabel xml:lang="en">{"id": "5a4b7f26-5fbb-4cc1-8eae-f4b4d308321a", "value": "Old Stone Age"}</skos:altLabel>
  </skos:Concept>
  <skos:Concept rdf:about="http://localhost:8000/8f8d0fc0-6ed0-417e-af46-134e5f6b960a">
    <skos:narrower rdf:resource="http://localhost:8000/5618e704-49fe-48e0-a520-153a6e7c34b3"/>
    <skos:prefLabel xml:lang="en">{"id": "f421a69f-1eda-4f1f-8bd5-5ee1f63ce0f6", "value": "Neolithic"}</skos:prefLabel>
    <skos:scopeNote xml:lang="en">{"id": "e3f1663c-9980-4868-b50f-6ad2e76df89b", "value": "The New Stone Age, this period follows on from the Palaeolithic and the Mesolithic and is itself succeeded by the Bronze Age. This period is characterized by the practice of a farming economy and extensive monumental constructions."}</skos:scopeNote>
    <skos:narrower>
      <skos:Concept rdf:about="http://localhost:8000/2fd234b0-7f87-4bb3-804b-74e414f5fe56">
        <arches:min_year xml:lang="en">{"id": "f28362d8-4961-4338-8fc3-79d4cf30496c", "value": "-2900"}</arches:min_year>
        <dcterms:identifier xml:lang="en">{"id": "d2f0c135-016b-4d01-b6f8-10bc514aef57", "value": "http://www.archesproject.org/2fd234b0-7f87-4bb3-804b-74e414f5fe56"}</dcterms:identifier>
        <skos:scopeNote xml:lang="en">{"id": "5f9bc393-9966-4df2-98aa-14e3ce0317a1", "value": "The third and latest subdivision of the Neolithic, or New Stone Age."}</skos:scopeNote>
        <arches:max_year xml:lang="en">{"id": "cb2f4dc4-1500-481a-a054-484e4b260b3f", "value": "-2200"}</arches:max_year>
        <skos:prefLabel xml:lang="en">{"id": "1bc49365-82dd-4ecc-9a37-d890130abcf8", "value": "Late Neolithic"}</skos:prefLabel>
        <skos:inScheme rdf:resource="http://localhost:8000/a666eade-733b-4a3d-a8b7-3dc483ebaaef"/>
      </skos:Concept>
    </skos:narrower>
    <skos:inScheme rdf:resource="http://localhost:8000/a666eade-733b-4a3d-a8b7-3dc483ebaaef"/>
    <dcterms:identifier xml:lang="en">{"id": "9d83b8a9-413f-4cc0-9d46-6a17d247180d", "value": "http://www.archesproject.org/8f8d0fc0-6ed0-417e-af46-134e5f6b960a"}</dcterms:identifier>
    <arches:min_year xml:lang="en">{"id": "6d3464d7-828c-4093-9a5b-95669f0b2e25", "value": "-4000"}</arches:min_year>
    <arches:max_year xml:lang="en">{"id": "d96fb3e2-2644-45c4-8e11-fc5aff94a280", "value": "-2200"}</arches:max_year>
    <skos:narrower>
      <skos:Concept rdf:about="http://localhost:8000/5c123032-5b7f-45bb-8ef0-6f1fa91ad131">
        <arches:min_year xml:lang="en">{"id": "2dee2b4f-f02d-407c-8745-6acae14e7990", "value": "-3300"}</arches:min_year>
        <skos:prefLabel xml:lang="en">{"id": "74b1c46a-0ecf-4f14-9c4f-2eaea6626e78", "value": "Middle Neolithic"}</skos:prefLabel>
        <skos:scopeNote xml:lang="en">{"id": "6ecd2b77-aa00-4772-8e24-4b133183fe66", "value": "The second subdivision of the Neolithic, or New Stone Age."}</skos:scopeNote>
        <dcterms:identifier xml:lang="en">{"id": "ea0bc160-6aa2-44a3-a27f-e999175b04fd", "value": "http://www.archesproject.org/5c123032-5b7f-45bb-8ef0-6f1fa91ad131"}</dcterms:identifier>
        <skos:inScheme rdf:resource="http://localhost:8000/a666eade-733b-4a3d-a8b7-3dc483ebaaef"/>
        <arches:max_year xml:lang="en">{"id": "71cc7a40-3c4e-4d5f-9f5b-ac13c8bf9334", "value": "-2900"}</arches:max_year>
      </skos:Concept>
    </skos:narrower>
  </skos:Concept>
  <skos:Concept rdf:about="http://localhost:8000/5a198a88-6ac2-4a73-8111-2e80243b749e">
    <skos:narrower rdf:resource="http://localhost:8000/a3985777-43de-47b0-b070-83690a92f22c"/>
    <skos:scopeNote xml:lang="en">{"id": "c6f8c810-5fe2-406f-9be9-e76b1573b113", "value": "This period follows on from the Neolithic and is characterized by the increasing use of Bronzework. It is subdivided in the Early,Middle and Late Bronze Age."}</skos:scopeNote>
    <skos:inScheme rdf:resource="http://localhost:8000/a666eade-733b-4a3d-a8b7-3dc483ebaaef"/>
    <skos:narrower rdf:resource="http://localhost:8000/ea1dde12-1557-4411-8ec4-e3fd569f9303"/>
    <skos:narrower rdf:resource="http://localhost:8000/26f4a9b1-1785-485b-8ebf-88f3d29f4638"/>
    <arches:min_year xml:lang="en">{"id": "931dbd36-2919-4574-ba76-30d5e9b7b8e3", "value": "-2600"}</arches:min_year>
    <arches:max_year xml:lang="en">{"id": "c3cc15c4-0dd9-4e15-9729-ec90cb6c400a", "value": "-700"}</arches:max_year>
    <skos:prefLabel xml:lang="en">{"id": "aa558e1d-fff4-4e97-adae-89d8222a27b3", "value": "Bronze Age"}</skos:prefLabel>
    <dcterms:identifier xml:lang="en">{"id": "f476a068-514c-4983-821a-d33614e134b6", "value": "http://www.archesproject.org/5a198a88-6ac2-4a73-8111-2e80243b749e"}</dcterms:identifier>
  </skos:Concept>
  <skos:Concept rdf:about="http://localhost:8000/0ce71a4c-73ea-49d6-ada4-18083b2b086c">
    <arches:max_year xml:lang="en">{"id": "e5ccf773-7dac-42a0-a5c9-f3861391f3bc", "value": "1910"}</arches:max_year>
    <dcterms:identifier xml:lang="en">{"id": "623780e7-7356-4290-95d4-222e5e946fe1", "value": "http://www.archesproject.org/0ce71a4c-73ea-49d6-ada4-18083b2b086c"}</dcterms:identifier>
    <skos:prefLabel xml:lang="en">{"id": "9c691d8d-ecae-438f-8f89-31d6ac98781c", "value": "Edwardian"}</skos:prefLabel>
    <skos:inScheme rdf:resource="http://localhost:8000/a666eade-733b-4a3d-a8b7-3dc483ebaaef"/>
    <arches:min_year xml:lang="en">{"id": "b1a203b4-f7c8-4a2f-965a-d358d1a315c5", "value": "1901"}</arches:min_year>
    <skos:scopeNote xml:lang="en">{"id": "0d5891ca-b0d0-4f45-b064-8020058bfcce", "value": "The period covering the reign of Edward VII. Do not use for the reigns of Edwards I-VI."}</skos:scopeNote>
  </skos:Concept>
</rdf:RDF>
