<?xml version="1.0" encoding="utf-8"?>
<rdf:RDF
  xmlns:skos="http://www.w3.org/2004/02/skos/core#"
  xmlns:dcterms="http://purl.org/dc/terms/"
  xmlns:rdf="http://www.w3.org/1999/02/22-rdf-syntax-ns#"
>
  <skos:Concept rdf:about="http://localhost:8000/23d21dc2-692b-3708-9733-352cac399f2c">
    <skos:inScheme>
      <skos:ConceptScheme rdf:about="http://localhost:8000/537a5ac5-ff00-3d5f-96f0-23dd98cb0661">
        <dcterms:title xml:lang="en">{"id": "a0b22061-d795-4470-8e19-2dd507fab014", "value": "Historic England Maritime Object Material"}</dcterms:title>
        <skos:hasTopConcept rdf:resource="http://localhost:8000/8f39d6c8-37de-3806-a6d8-38c17ebf9de6"/>
        <dcterms:identifier xml:lang="en">{"id": "b940c9be-bf67-4112-bc71-b5b0ed70f312", "value": "http://purl.org/heritagedata/schemes/73"}</dcterms:identifier>
        <dcterms:description xml:lang="en">{"id": "08772307-b660-4fed-b1f2-c27abf71c87b", "value": "Used for record the construction materials of maritime vessels and, where appropriate, their cargoes."}</dcterms:description>
      </skos:ConceptScheme>
    </skos:inScheme>
    <dcterms:identifier xml:lang="en">{"id": "7fd5db48-e306-4d9a-b95f-fdc6617315e6", "value": "http://purl.org/heritagedata/schemes/73/concepts/166991"}</dcterms:identifier>
    <skos:prefLabel xml:lang="en">{"id": "8fb4e500-0049-4ddd-8870-d8d0bfe29f66", "value": "Amethyst"}</skos:prefLabel>
    <skos:scopeNote xml:lang="en">{"id": "8a2d5996-d64e-4725-8965-bf7a72043115", "value": "A purple or violet variety of quartz often used in jewelry. Amethyst is a semi-precious stone which owes its violet colour to irridation, iron impurities, and the presence of  trace elements, which result in complex crystal lattice substitutions."}</skos:scopeNote>
  </skos:Concept>
  <skos:Concept rdf:about="http://localhost:8000/92cff3dc-48b1-3e66-9b6f-03bce2243c4f">
    <skos:inScheme rdf:resource="http://localhost:8000/537a5ac5-ff00-3d5f-96f0-23dd98cb0661"/>
    <skos:scopeNote xml:lang="en">{"id": "5923cd37-ba11-468b-80b1-95a736844656", "value": "A coloured, glass-like substance (opaque or partially opaque) that is fused to the surface of metal or glass or pottery for decorative or protective purposes."}</skos:scopeNote>
    <dcterms:identifier xml:lang="en">{"id": "c844b8a6-86e9-426b-b7ff-b0f559ece923", "value": "http://purl.org/heritagedata/schemes/73/concepts/75357"}</dcterms:identifier>
    <skos:prefLabel xml:lang="en">{"id": "74bd5a98-06d0-4220-aa08-cd306c7f811e", "value": "Enamel"}</skos:prefLabel>
  </skos:Concept>
  <skos:Concept rdf:about="http://localhost:8000/3215f120-69a0-3058-a160-6a6999a43436">
    <skos:inScheme rdf:resource="http://localhost:8000/537a5ac5-ff00-3d5f-96f0-23dd98cb0661"/>
    <dcterms:identifier xml:lang="en">{"id": "42dda60c-ea56-4d42-a782-69acca473bdb", "value": "http://purl.org/heritagedata/schemes/73/concepts/141973"}</dcterms:identifier>
    <skos:prefLabel xml:lang="en">{"id": "9d9c48bb-7287-47cf-99ab-0018ae4fb875", "value": "Spruce"}</skos:prefLabel>
    <skos:scopeNote xml:lang="en">{"id": "2248ebfe-599d-4b9d-a095-3f278058e3fe", "value": "A light, soft, moderately-strong wood obtained from trees of the genus Picea."}</skos:scopeNote>
  </skos:Concept>
  <skos:Concept rdf:about="http://localhost:8000/8f39d6c8-37de-3806-a6d8-38c17ebf9de6">
    <skos:prefLabel xml:lang="en">{"id": "656be6ee-6dcf-4610-8490-18d486115ad4", "value": "Object Material"}</skos:prefLabel>
    <skos:scopeNote xml:lang="en">{"id": "077298e6-3bdc-4de2-bb2c-5aa559d4fb5d", "value": "Materials used in the manufacture of objects."}</skos:scopeNote>
    <skos:narrower>
      <skos:Concept rdf:about="http://localhost:8000/320c47d1-f68e-39b1-8078-72e0c634807d">
        <skos:scopeNote xml:lang="en">{"id": "e7c4722e-0969-4cf6-bc13-c8a532d516ac", "value": "A thin, flexible material made from the pulp of wood or other fibrous matter which is then pressed and dried to form sheets."}</skos:scopeNote>
        <skos:inScheme rdf:resource="http://localhost:8000/537a5ac5-ff00-3d5f-96f0-23dd98cb0661"/>
        <skos:prefLabel xml:lang="en">{"id": "811a7df4-e293-4050-9b91-92436ce1b046", "value": "Paper"}</skos:prefLabel>
        <dcterms:identifier xml:lang="en">{"id": "b3fca912-6d4b-4fb1-8dfc-6e3858728a76", "value": "http://purl.org/heritagedata/schemes/73/concepts/170108"}</dcterms:identifier>
      </skos:Concept>
    </skos:narrower>
    <skos:narrower>
      <skos:Concept rdf:about="http://localhost:8000/7bfbe5ed-00f7-318e-b77d-518eca75693e">
        <dcterms:identifier xml:lang="en">{"id": "2356c1cb-38f5-4160-ac5d-c32d28dd1e29", "value": "http://purl.org/heritagedata/schemes/73/concepts/169986"}</dcterms:identifier>
        <skos:inScheme rdf:resource="http://localhost:8000/537a5ac5-ff00-3d5f-96f0-23dd98cb0661"/>
        <skos:prefLabel xml:lang="en">{"id": "d3519757-d26a-49f8-9571-d1b7212d4ae7", "value": "Bakelite"}</skos:prefLabel>
        <skos:scopeNote xml:lang="en">{"id": "3f8ec054-674d-4398-8577-8221dc09b875", "value": "An early plastic formed from a condensation reaction of phenol with formaldehyde which was developed by Leo Baekeland in 1907."}</skos:scopeNote>
      </skos:Concept>
    </skos:narrower>
    <skos:narrower>
      <skos:Concept rdf:about="http://localhost:8000/b984c286-29d6-34b6-9095-99d7031b6aac">
        <skos:scopeNote xml:lang="en">{"id": "0a743312-e3ba-4920-be3f-277aeaa2ce67", "value": "A hard material formed by firing clay. For pottery, use POTTERY."}</skos:scopeNote>
        <dcterms:identifier xml:lang="en">{"id": "fb090150-3685-4696-92ad-b789a9c294ea", "value": "http://purl.org/heritagedata/schemes/73/concepts/142974"}</dcterms:identifier>
        <skos:inScheme rdf:resource="http://localhost:8000/537a5ac5-ff00-3d5f-96f0-23dd98cb0661"/>
        <skos:prefLabel xml:lang="en">{"id": "5afd8efc-8289-41b7-ac3d-0fb2b32a65c7", "value": "Ceramic"}</skos:prefLabel>
      </skos:Concept>
    </skos:narrower>
    <skos:narrower>
      <skos:Concept rdf:about="http://localhost:8000/f568477b-32b8-3ad3-9dca-baf396027c0e">
        <skos:inScheme rdf:resource="http://localhost:8000/537a5ac5-ff00-3d5f-96f0-23dd98cb0661"/>
        <skos:prefLabel xml:lang="en">{"id": "a771c208-5a89-480e-b88b-e075782576c1", "value": "Rubber"}</skos:prefLabel>
        <dcterms:identifier xml:lang="en">{"id": "8df032b2-0e37-4684-8a04-631ab16abfc9", "value": "http://purl.org/heritagedata/schemes/73/concepts/169900"}</dcterms:identifier>
        <skos:scopeNote xml:lang="en">{"id": "119cd923-2497-4e94-9daf-bd3fd83831f5", "value": "Elastic polymeric substance made from the latex of a tropical plant or synthetically"}</skos:scopeNote>
      </skos:Concept>
    </skos:narrower>
    <skos:narrower>
      <skos:Concept rdf:about="http://localhost:8000/6e1ccabf-1dc3-3bd2-8316-23ba2d4d7710">
        <skos:inScheme rdf:resource="http://localhost:8000/537a5ac5-ff00-3d5f-96f0-23dd98cb0661"/>
        <dcterms:identifier xml:lang="en">{"id": "2e63df83-48e7-44f8-95cd-30642906397c", "value": "http://purl.org/heritagedata/schemes/73/concepts/170109"}</dcterms:identifier>
        <skos:prefLabel xml:lang="en">{"id": "d60159ef-c45d-4dab-9319-7082236677c6", "value": "Charcoal"}</skos:prefLabel>
        <skos:scopeNote xml:lang="en">{"id": "8ab0259e-8e9d-45f5-bd62-4a70bcd38650", "value": "The black, lightweight and porous residue of partly burnt wood."}</skos:scopeNote>
      </skos:Concept>
    </skos:narrower>
    <dcterms:identifier xml:lang="en">{"id": "4162d4b0-96ab-40ed-99bb-362dabb79f32", "value": "http://purl.org/heritagedata/schemes/73/concepts/75385"}</dcterms:identifier>
    <skos:narrower>
      <skos:Concept rdf:about="http://localhost:8000/d0d99660-6390-3121-ac2d-27cad322f687">
        <skos:narrower rdf:resource="http://localhost:8000/4e2d20e1-2028-3b67-a3fd-9fc55ada10db"/>
        <dcterms:identifier xml:lang="en">{"id": "1fe37931-08f6-416b-9626-1cdc35086849", "value": "http://purl.org/heritagedata/schemes/73/concepts/75414"}</dcterms:identifier>
        <skos:narrower rdf:resource="http://localhost:8000/c82dbb47-f424-3669-9312-9e120ddb92a7"/>
        <skos:narrower rdf:resource="http://localhost:8000/055e1887-5db7-3da0-911e-40506520c1b0"/>
        <skos:prefLabel xml:lang="en">{"id": "feb4def4-4409-42c4-a42b-a49d7dd85864", "value": "Wood"}</skos:prefLabel>
        <skos:narrower rdf:resource="http://localhost:8000/cf96a553-8a7a-3ae9-af9f-9f0d731e998b"/>
        <skos:narrower rdf:resource="http://localhost:8000/3215f120-69a0-3058-a160-6a6999a43436"/>
        <skos:narrower rdf:resource="http://localhost:8000/db22855e-52bf-31a7-89d3-3d9e1cd05adb"/>
        <skos:narrower rdf:resource="http://localhost:8000/ca417cf9-6c0a-3f2b-ae52-ffc7bade4e23"/>
        <skos:narrower rdf:resource="http://localhost:8000/6e9c1f45-6bdf-3981-b385-ef5bbb213b16"/>
        <skos:scopeNote xml:lang="en">{"id": "d0a21616-f9e7-4c80-8e58-d98ab8a18c6f", "value": "A hard, compact, unprocessed, fibrous cellulose substance. The roots, trunks and branches of trees and shrubs consist of this tissue."}</skos:scopeNote>
        <skos:inScheme rdf:resource="http://localhost:8000/537a5ac5-ff00-3d5f-96f0-23dd98cb0661"/>
        <skos:narrower rdf:resource="http://localhost:8000/55e49b24-7e48-3f10-95d7-7ec2fcb7c88f"/>
        <skos:narrower rdf:resource="http://localhost:8000/1cb1e471-2c75-380a-99bd-10e9c24c91ce"/>
        <skos:narrower rdf:resource="http://localhost:8000/8a198874-f33d-3779-9d82-a898fdebfe7a"/>
        <skos:narrower rdf:resource="http://localhost:8000/018f347e-1b59-34e3-a418-2d2d4d000fd5"/>
      </skos:Concept>
    </skos:narrower>
    <skos:narrower>
      <skos:Concept rdf:about="http://localhost:8000/2177d1ba-290e-3ece-9b3b-e8658463a48d">
        <skos:narrower rdf:resource="http://localhost:8000/0064a741-fd4e-3333-9eb3-b030bc8d1648"/>
        <skos:narrower rdf:resource="http://localhost:8000/1c3b2fc0-83be-3a17-aa25-82d3fdb5371f"/>
        <skos:narrower rdf:resource="http://localhost:8000/2dbcf0a2-8896-3db2-b693-aa4dc38b8231"/>
        <skos:narrower rdf:resource="http://localhost:8000/5b5996ba-f495-3cb2-8850-ebde845d7d16"/>
        <skos:narrower rdf:resource="http://localhost:8000/750f03de-9cb2-3c3a-93bc-849304ab7433"/>
        <skos:narrower rdf:resource="http://localhost:8000/b23079f0-a2cb-371f-ac1f-0ebc87645646"/>
        <skos:narrower rdf:resource="http://localhost:8000/a1400a8b-0369-3cfa-8b5e-b0761ee99338"/>
        <skos:narrower rdf:resource="http://localhost:8000/503d684e-5ab3-30b0-9b7d-489fb4368282"/>
        <skos:scopeNote xml:lang="en">{"id": "fa608299-b04d-4a9b-a71b-84c45d4dbc90", "value": "Natural inorganic substance possessing a definite chemical composition in a crystalline form. See MINERAL Class List for narrow terms."}</skos:scopeNote>
        <skos:narrower rdf:resource="http://localhost:8000/6bb35420-6e9e-3c1c-9578-6960124ca8a3"/>
        <skos:prefLabel xml:lang="en">{"id": "d0e36102-e122-4d0d-9ef1-0e61ec0a5a74", "value": "Mineral"}</skos:prefLabel>
        <skos:narrower rdf:resource="http://localhost:8000/92cff3dc-48b1-3e66-9b6f-03bce2243c4f"/>
        <skos:narrower rdf:resource="http://localhost:8000/1d59e1ba-70fe-3b86-982c-f18c74ba295a"/>
        <skos:narrower rdf:resource="http://localhost:8000/0e7896ad-2c19-3ab0-a98b-612bab1200e1"/>
        <skos:narrower rdf:resource="http://localhost:8000/7e6f4b18-8c43-36a1-81f5-7f951b988c49"/>
        <skos:narrower rdf:resource="http://localhost:8000/393caa10-8b8c-36cb-9571-f65cbaa93b57"/>
        <skos:narrower rdf:resource="http://localhost:8000/acea3cd5-c105-33bc-a9d7-3ff223df17c8"/>
        <skos:narrower rdf:resource="http://localhost:8000/a5a93a07-aca5-346c-9ca6-47a98c34c037"/>
        <skos:narrower rdf:resource="http://localhost:8000/28c5ac00-bf3b-3026-98ac-da0212854cc7"/>
        <skos:narrower rdf:resource="http://localhost:8000/ae4fbf27-3e0a-306f-b7da-89c180c06445"/>
        <skos:narrower rdf:resource="http://localhost:8000/bc21ce08-ceb1-32b7-b8d6-59b6780ae7ad"/>
        <dcterms:identifier xml:lang="en">{"id": "7d3927a8-157d-44a1-841f-33b3fbb1b7d7", "value": "http://purl.org/heritagedata/schemes/73/concepts/75381"}</dcterms:identifier>
        <skos:narrower rdf:resource="http://localhost:8000/15003e77-0c2d-36f8-91fd-868d320874b0"/>
        <skos:narrower rdf:resource="http://localhost:8000/d60e7ef0-a487-3da5-b847-b9cbe03699cd"/>
        <skos:inScheme rdf:resource="http://localhost:8000/537a5ac5-ff00-3d5f-96f0-23dd98cb0661"/>
        <skos:narrower rdf:resource="http://localhost:8000/68626727-7306-3a41-8d0a-a6779acb2ad4"/>
      </skos:Concept>
    </skos:narrower>
    <skos:narrower>
      <skos:Concept rdf:about="http://localhost:8000/8de7b392-8562-327b-9994-576cd8b7e97b">
        <skos:prefLabel xml:lang="en">{"id": "050820f6-e92f-481e-a0d9-270530c0da0d", "value": "Fibreglass"}</skos:prefLabel>
        <skos:scopeNote xml:lang="en">{"id": "40d6569b-3ba5-42e9-a87b-79f8b4ec73da", "value": "A material made from extremely fine fibres of glass and is used as a reinforcing agent for many polymer products."}</skos:scopeNote>
        <dcterms:identifier xml:lang="en">{"id": "ddc6a337-d7e5-4c11-8e17-a7a94dfd0673", "value": "http://purl.org/heritagedata/schemes/73/concepts/151858"}</dcterms:identifier>
        <skos:inScheme rdf:resource="http://localhost:8000/537a5ac5-ff00-3d5f-96f0-23dd98cb0661"/>
        <skos:related rdf:resource="http://localhost:8000/7e6f4b18-8c43-36a1-81f5-7f951b988c49"/>
      </skos:Concept>
    </skos:narrower>
    <skos:narrower>
      <skos:Concept rdf:about="http://localhost:8000/38b41ddc-0aae-34e6-b543-ba71d73ab88f">
        <skos:narrower rdf:resource="http://localhost:8000/0278535b-4b7f-33a3-bed3-f2557e37d481"/>
        <dcterms:identifier xml:lang="en">{"id": "b559fa21-a48e-429e-9332-3fe61c9a2fc6", "value": "http://purl.org/heritagedata/schemes/73/concepts/75338"}</dcterms:identifier>
        <skos:inScheme rdf:resource="http://localhost:8000/537a5ac5-ff00-3d5f-96f0-23dd98cb0661"/>
        <skos:narrower rdf:resource="http://localhost:8000/5f3dd87f-bfb9-35a0-a31c-6ba442244cfb"/>
        <skos:narrower rdf:resource="http://localhost:8000/094acc0e-9ad8-3425-a287-b7883d434aca"/>
        <skos:narrower rdf:resource="http://localhost:8000/22835707-87d1-3ed8-a53b-3cae3a342e87"/>
        <skos:narrower rdf:resource="http://localhost:8000/ddad3028-8be6-317c-9077-56289fdc1882"/>
        <skos:prefLabel xml:lang="en">{"id": "0713da94-4c43-4c4d-8a26-96c1630d29e8", "value": "Animal"}</skos:prefLabel>
        <skos:scopeNote xml:lang="en">{"id": "624a2037-f69b-4d9c-8a71-c3355c6f4955", "value": "Pertaining to or deriving from a living organism. See ANIMAL Class list for narrow terms."}</skos:scopeNote>
      </skos:Concept>
    </skos:narrower>
    <skos:inScheme rdf:resource="http://localhost:8000/537a5ac5-ff00-3d5f-96f0-23dd98cb0661"/>
    <skos:narrower>
      <skos:Concept rdf:about="http://localhost:8000/b89819fc-5b72-33ea-8a12-10a8112a72ee">
        <skos:narrower rdf:resource="http://localhost:8000/51613cd3-d292-38de-ac9c-a3c2b90e5481"/>
        <skos:narrower rdf:resource="http://localhost:8000/c279c34c-9242-3d8f-a7d9-fa256ecac220"/>
        <skos:inScheme rdf:resource="http://localhost:8000/537a5ac5-ff00-3d5f-96f0-23dd98cb0661"/>
        <skos:narrower rdf:resource="http://localhost:8000/4946ff0d-14e9-3a86-ac2d-8b3055daff68"/>
        <skos:prefLabel xml:lang="en">{"id": "2a296362-1a85-4efe-9bfa-92d9c40a1269", "value": "Metal"}</skos:prefLabel>
        <skos:narrower rdf:resource="http://localhost:8000/55bb604e-fcc8-33c9-87c0-73965f98e670"/>
        <skos:narrower rdf:resource="http://localhost:8000/a7e73ccf-89ba-306b-91ec-852ed00d89c1"/>
        <dcterms:identifier xml:lang="en">{"id": "58767bbb-8160-45ce-9762-ebda9a8c9f05", "value": "http://purl.org/heritagedata/schemes/73/concepts/75380"}</dcterms:identifier>
        <skos:narrower rdf:resource="http://localhost:8000/2d056373-ec4b-3f10-9f14-0e6542e8d96e"/>
        <skos:narrower rdf:resource="http://localhost:8000/4596dcb7-1526-3828-8b32-34a39ef4e941"/>
        <skos:narrower rdf:resource="http://localhost:8000/e9271ba8-3dfd-3f9f-91ae-ec8713fff805"/>
        <skos:scopeNote xml:lang="en">{"id": "1295ad2a-a81e-4775-9a5f-f70e27bd51a0", "value": "Class of elements and alloys that are characteristically lustrous,ductile, fusible and malleable. These are extracted from ore minerals originally existing in nature and processed before becoming a recognisable metal. See METAL Class List for narrow terms"}</skos:scopeNote>
        <skos:narrower rdf:resource="http://localhost:8000/f44d6934-f68e-3dfd-bb4b-668dbcb4b3d6"/>
        <skos:narrower rdf:resource="http://localhost:8000/4c4c57a0-e38c-32f3-886f-5bf948da9706"/>
      </skos:Concept>
    </skos:narrower>
    <skos:narrower>
      <skos:Concept rdf:about="http://localhost:8000/01291a97-d338-32b4-9df0-49512617006f">
        <skos:narrower rdf:resource="http://localhost:8000/cfa1dc63-38ae-316d-975f-d2ee51e3d282"/>
        <skos:prefLabel xml:lang="en">{"id": "df6db129-a112-4c07-87d0-088fac6cbde8", "value": "Textile"}</skos:prefLabel>
        <skos:inScheme rdf:resource="http://localhost:8000/537a5ac5-ff00-3d5f-96f0-23dd98cb0661"/>
        <dcterms:identifier xml:lang="en">{"id": "5f35c6ee-78c4-4907-a306-8eef23babf01", "value": "http://purl.org/heritagedata/schemes/73/concepts/144479"}</dcterms:identifier>
      </skos:Concept>
    </skos:narrower>
  </skos:Concept>
  <skos:Concept rdf:about="http://localhost:8000/5f3dd87f-bfb9-35a0-a31c-6ba442244cfb">
    <skos:inScheme rdf:resource="http://localhost:8000/537a5ac5-ff00-3d5f-96f0-23dd98cb0661"/>
    <skos:scopeNote xml:lang="en">{"id": "c90b25de-6ec1-4d01-a6c9-6626aa9250f5", "value": "Any of the pieces of hard tissue consisting largely of calcium phosphate that make up the skeleton of a vertebrate animal."}</skos:scopeNote>
    <dcterms:identifier xml:lang="en">{"id": "798c129d-6761-4d05-baeb-1b56c69103e3", "value": "http://purl.org/heritagedata/schemes/73/concepts/75342"}</dcterms:identifier>
    <skos:prefLabel xml:lang="en">{"id": "8cc6aa4f-729b-4e63-9a29-3f908dab24d0", "value": "Bone"}</skos:prefLabel>
    <skos:narrower>
      <skos:Concept rdf:about="http://localhost:8000/611e9565-7e85-342b-ba46-80c9cf1122a8">
        <skos:scopeNote xml:lang="en">{"id": "8032c43c-dbb8-42f1-83c3-2841001dd92a", "value": "A form of bone, which grows on the heads of members of the deer family and is shed annually. Antler can be used by man for a variety of purposes"}</skos:scopeNote>
        <skos:inScheme rdf:resource="http://localhost:8000/537a5ac5-ff00-3d5f-96f0-23dd98cb0661"/>
        <dcterms:identifier xml:lang="en">{"id": "e2cc41f3-1d0e-4f05-8acf-ce9a07f4e22e", "value": "http://purl.org/heritagedata/schemes/73/concepts/75339"}</dcterms:identifier>
        <skos:prefLabel xml:lang="en">{"id": "e9995575-0c83-4ee0-be4f-5eff456d9419", "value": "Antler"}</skos:prefLabel>
      </skos:Concept>
    </skos:narrower>
  </skos:Concept>
  <skos:Concept rdf:about="http://localhost:8000/1d59e1ba-70fe-3b86-982c-f18c74ba295a">
    <skos:inScheme rdf:resource="http://localhost:8000/537a5ac5-ff00-3d5f-96f0-23dd98cb0661"/>
    <dcterms:identifier xml:lang="en">{"id": "2347374f-9205-4154-a70e-d60f652a076c", "value": "http://purl.org/heritagedata/schemes/73/concepts/75345"}</dcterms:identifier>
    <skos:prefLabel xml:lang="en">{"id": "d111f61a-b5ec-4d4e-9f61-865ef49b9d78", "value": "Cement"}</skos:prefLabel>
    <skos:scopeNote xml:lang="en">{"id": "cc7c9109-a86d-413c-9d4f-2a146fa85ef7", "value": "Originally obtained by burning limestone to produce quicklime. Now a fine grey powder made from a mixture of limestone and clay used with water and sand to make mortar or with water, sand and aggregate to make concrete."}</skos:scopeNote>
  </skos:Concept>
  <skos:Concept rdf:about="http://localhost:8000/7c3e76a7-e024-3ebc-b6ab-4d95b6e6181e">
    <skos:scopeNote xml:lang="en">{"id": "2cb45671-5898-4990-82c1-47a97e605718", "value": "Collective term for a hard, fine grained, dark coloured metamorphic rock, which splits easily; hence its common use as a roofing and flooring material, and a functional description for any rectangular, sheet, roofing material."}</skos:scopeNote>
    <skos:inScheme rdf:resource="http://localhost:8000/537a5ac5-ff00-3d5f-96f0-23dd98cb0661"/>
    <dcterms:identifier xml:lang="en">{"id": "2f729e11-71e0-40da-811a-a09a1e9c66c0", "value": "http://purl.org/heritagedata/schemes/73/concepts/75403"}</dcterms:identifier>
    <skos:prefLabel xml:lang="en">{"id": "6d531ded-c906-4741-b859-8c0b85f3e568", "value": "Slate"}</skos:prefLabel>
  </skos:Concept>
  <skos:Concept rdf:about="http://localhost:8000/ae4fbf27-3e0a-306f-b7da-89c180c06445">
    <dcterms:identifier xml:lang="en">{"id": "cef5b714-05e9-4c13-b215-024771dd3461", "value": "http://purl.org/heritagedata/schemes/73/concepts/166992"}</dcterms:identifier>
    <skos:prefLabel xml:lang="en">{"id": "883a7bbe-4ff6-44d9-811f-210c9b9f1021", "value": "Garnet"}</skos:prefLabel>
    <skos:inScheme rdf:resource="http://localhost:8000/537a5ac5-ff00-3d5f-96f0-23dd98cb0661"/>
    <skos:scopeNote xml:lang="en">{"id": "3ffa7412-f98d-4284-b89c-030917fa4756", "value": "A silicate mineral used since the Bronze Age as gemstones and abrasives. Found in many colours including red, orange, yellow, green, purple, brown, blue, black, pink and colourless."}</skos:scopeNote>
  </skos:Concept>
  <skos:Concept rdf:about="http://localhost:8000/5b5996ba-f495-3cb2-8850-ebde845d7d16">
    <skos:scopeNote xml:lang="en">{"id": "2a8480a0-7237-4c37-9cce-23b6b6ec0f38", "value": "Crystalline allotropic form of carbon used in pencils, as a lubricant etc."}</skos:scopeNote>
    <skos:prefLabel xml:lang="en">{"id": "6e5dcbf5-2c7c-4f4c-935f-f817ec32bff1", "value": "Graphite"}</skos:prefLabel>
    <skos:inScheme rdf:resource="http://localhost:8000/537a5ac5-ff00-3d5f-96f0-23dd98cb0661"/>
    <dcterms:identifier xml:lang="en">{"id": "26642ed2-4c86-4536-a432-da1496ad3c1a", "value": "http://purl.org/heritagedata/schemes/73/concepts/142972"}</dcterms:identifier>
  </skos:Concept>
  <skos:Concept rdf:about="http://localhost:8000/750f03de-9cb2-3c3a-93bc-849304ab7433">
    <skos:narrower>
      <skos:Concept rdf:about="http://localhost:8000/386c80db-65d8-316a-8bca-a97d41791353">
        <dcterms:identifier xml:lang="en">{"id": "d5247db7-8498-4c47-bbb1-26e93d0446c1", "value": "http://purl.org/heritagedata/schemes/73/concepts/75398"}</dcterms:identifier>
        <skos:prefLabel xml:lang="en">{"id": "e39fd3b7-c132-4e74-bb31-a9ecd1b30507", "value": "Shale"}</skos:prefLabel>
        <skos:inScheme rdf:resource="http://localhost:8000/537a5ac5-ff00-3d5f-96f0-23dd98cb0661"/>
        <skos:scopeNote xml:lang="en">{"id": "c9165031-e7f9-4fdc-9d73-cbba4535f2e3", "value": "Soft, very fine grained, dark coloured, sedimentary rock which splits easily."}</skos:scopeNote>
      </skos:Concept>
    </skos:narrower>
    <skos:narrower>
      <skos:Concept rdf:about="http://localhost:8000/46248885-c99f-3c08-adf9-07b7e9d35ba0">
        <dcterms:identifier xml:lang="en">{"id": "4682bb9f-b7f6-429c-9b50-6428f486fa15", "value": "http://purl.org/heritagedata/schemes/73/concepts/142973"}</dcterms:identifier>
        <skos:scopeNote xml:lang="en">{"id": "8d9d50c3-c8b8-434b-998c-1e0b96debdac", "value": "Coarse basaltic rock."}</skos:scopeNote>
        <skos:inScheme rdf:resource="http://localhost:8000/537a5ac5-ff00-3d5f-96f0-23dd98cb0661"/>
        <skos:prefLabel xml:lang="en">{"id": "cc5fd1f6-9cf3-4439-89b1-efec70cf43e9", "value": "Dolerite"}</skos:prefLabel>
      </skos:Concept>
    </skos:narrower>
    <skos:inScheme rdf:resource="http://localhost:8000/537a5ac5-ff00-3d5f-96f0-23dd98cb0661"/>
    <skos:narrower>
      <skos:Concept rdf:about="http://localhost:8000/79fe2af5-969c-3475-89bf-7445e41ea5ef">
        <dcterms:identifier xml:lang="en">{"id": "9213b01d-0131-41db-b4e4-5e6a824dd9ee", "value": "http://purl.org/heritagedata/schemes/73/concepts/75363"}</dcterms:identifier>
        <skos:prefLabel xml:lang="en">{"id": "72c83809-adcf-4836-a0be-6fe76c547e50", "value": "Granite"}</skos:prefLabel>
        <skos:inScheme rdf:resource="http://localhost:8000/537a5ac5-ff00-3d5f-96f0-23dd98cb0661"/>
        <skos:scopeNote xml:lang="en">{"id": "36660594-3977-464b-a75c-e19340adac44", "value": "A hard, coarse grained, durable igneous rock. Can be used decoratively or as a main material. Found throughout the country."}</skos:scopeNote>
      </skos:Concept>
    </skos:narrower>
    <skos:narrower>
      <skos:Concept rdf:about="http://localhost:8000/52ef5e64-ff2d-3dfa-a62f-6cbe54c5a1e8">
        <skos:prefLabel xml:lang="en">{"id": "31b70d4d-d44f-422c-9eb3-27144952f654", "value": "Carnelian"}</skos:prefLabel>
        <dcterms:identifier xml:lang="en">{"id": "edc64465-370b-4761-a62c-c313f363d88a", "value": "http://purl.org/heritagedata/schemes/73/concepts/166986"}</dcterms:identifier>
        <skos:inScheme rdf:resource="http://localhost:8000/537a5ac5-ff00-3d5f-96f0-23dd98cb0661"/>
        <skos:scopeNote xml:lang="en">{"id": "2ec5d0ea-4c36-44fa-9b3d-6c51996d4228", "value": "A brownish-red mineral commonly used as a semi-precious gemstone. A variety of the silica mineral chalcedony coloured by impurities of iron oxide."}</skos:scopeNote>
      </skos:Concept>
    </skos:narrower>
    <skos:prefLabel xml:lang="en">{"id": "78df3442-7254-46a2-a134-4188aaeb10e8", "value": "Stone"}</skos:prefLabel>
    <skos:narrower>
      <skos:Concept rdf:about="http://localhost:8000/97320a5c-553b-389a-9a07-89ee0736ec04">
        <dcterms:identifier xml:lang="en">{"id": "7bd1a5fb-dd84-46ff-91b4-db377d24dc3d", "value": "http://purl.org/heritagedata/schemes/73/concepts/143453"}</dcterms:identifier>
        <skos:inScheme rdf:resource="http://localhost:8000/537a5ac5-ff00-3d5f-96f0-23dd98cb0661"/>
        <skos:prefLabel xml:lang="en">{"id": "0903271c-880c-4a78-a29a-51f9ee7c58d4", "value": "Schist"}</skos:prefLabel>
        <skos:scopeNote xml:lang="en">{"id": "0da94ef0-4639-4554-8f6a-5a748c4b7b16", "value": "Medium to coarse grained metamorphic rock, colour being determined by its dominant mineral. Often used for floor and wall cladding."}</skos:scopeNote>
      </skos:Concept>
    </skos:narrower>
    <skos:narrower>
      <skos:Concept rdf:about="http://localhost:8000/082ea072-1fde-3f5e-9d42-3a938af193ed">
        <dcterms:identifier xml:lang="en">{"id": "b9109b7e-47f7-4ab5-ad0c-2ac27fe0f9d8", "value": "http://purl.org/heritagedata/schemes/73/concepts/160192"}</dcterms:identifier>
        <skos:inScheme rdf:resource="http://localhost:8000/537a5ac5-ff00-3d5f-96f0-23dd98cb0661"/>
        <skos:scopeNote xml:lang="en">{"id": "0705a3dd-be92-4562-a729-1820fcdc0464", "value": "Soft, white, porous sedimentary rock, a form of limestone composed of the mineral calcite."}</skos:scopeNote>
        <skos:prefLabel xml:lang="en">{"id": "0f443789-0632-40a5-a048-8067436814de", "value": "Chalk"}</skos:prefLabel>
      </skos:Concept>
    </skos:narrower>
    <skos:narrower>
      <skos:Concept rdf:about="http://localhost:8000/4c23bdf5-96c7-37e9-8ebe-9e24a7dc87ab">
        <dcterms:identifier xml:lang="en">{"id": "d20d51bd-81f9-4061-a940-f1df5e3853f9", "value": "http://purl.org/heritagedata/schemes/73/concepts/75377"}</dcterms:identifier>
        <skos:inScheme rdf:resource="http://localhost:8000/537a5ac5-ff00-3d5f-96f0-23dd98cb0661"/>
        <skos:scopeNote xml:lang="en">{"id": "605934fa-3184-4b2d-b37c-e3428a9dd552", "value": "Sedimentary rock consisting mainly of calcium carbonate. Varying in grain size, colour and hardness, quarried and used throughout the country."}</skos:scopeNote>
        <skos:prefLabel xml:lang="en">{"id": "0d7e1c38-20ea-435e-8699-4aaccad46e56", "value": "Limestone"}</skos:prefLabel>
      </skos:Concept>
    </skos:narrower>
    <skos:narrower>
      <skos:Concept rdf:about="http://localhost:8000/59ea1a32-247a-33dc-b676-db8d3cce0895">
        <skos:scopeNote xml:lang="en">{"id": "e9d2025e-6a7e-45b2-8593-80283bf2b5f8", "value": "A hard, igneous rock formed from the cooling of molten volcanic magma."}</skos:scopeNote>
        <skos:inScheme rdf:resource="http://localhost:8000/537a5ac5-ff00-3d5f-96f0-23dd98cb0661"/>
        <skos:prefLabel xml:lang="en">{"id": "d904b817-179d-45aa-960f-0907db626ab4", "value": "Lava"}</skos:prefLabel>
        <dcterms:identifier xml:lang="en">{"id": "ebd6afaa-18e8-478a-9996-61180543e47e", "value": "http://purl.org/heritagedata/schemes/73/concepts/75373"}</dcterms:identifier>
      </skos:Concept>
    </skos:narrower>
    <skos:narrower>
      <skos:Concept rdf:about="http://localhost:8000/a7d0a5a9-bcd2-3f87-8a01-67d7399abb04">
        <skos:inScheme rdf:resource="http://localhost:8000/537a5ac5-ff00-3d5f-96f0-23dd98cb0661"/>
        <skos:scopeNote xml:lang="en">{"id": "1bb18097-81bd-4446-93a0-70d1d0416fbc", "value": "A sedimentary rock primarily composed of silt sized particles."}</skos:scopeNote>
        <skos:prefLabel xml:lang="en">{"id": "a92e2aba-c18e-44d4-9b1b-d410ef4406b3", "value": "Siltstone"}</skos:prefLabel>
        <dcterms:identifier xml:lang="en">{"id": "913cf9f0-e61c-4a4a-840e-50a6d6ea4efd", "value": "http://purl.org/heritagedata/schemes/73/concepts/170069"}</dcterms:identifier>
      </skos:Concept>
    </skos:narrower>
    <skos:narrower>
      <skos:Concept rdf:about="http://localhost:8000/34a4297b-5d13-3cf8-a21e-94692741c44e">
        <skos:prefLabel xml:lang="en">{"id": "18d41448-9799-4e88-9df6-d3639ad96d83", "value": "Mudstone"}</skos:prefLabel>
        <skos:scopeNote xml:lang="en">{"id": "95126840-d9c9-4702-af79-84f058e92cf9", "value": "A sedimantary rock composed of fine grained clay particles. Flaky mudstone is called shale."}</skos:scopeNote>
        <dcterms:identifier xml:lang="en">{"id": "b17c8cbd-1018-4803-a3ac-becf7b547d74", "value": "http://purl.org/heritagedata/schemes/73/concepts/170070"}</dcterms:identifier>
        <skos:inScheme rdf:resource="http://localhost:8000/537a5ac5-ff00-3d5f-96f0-23dd98cb0661"/>
      </skos:Concept>
    </skos:narrower>
    <skos:narrower rdf:resource="http://localhost:8000/7c3e76a7-e024-3ebc-b6ab-4d95b6e6181e"/>
    <skos:scopeNote xml:lang="en">{"id": "d7149613-e4c6-4807-9b8a-00bd277f9fc2", "value": "Rock of definite form and size, usually artificially shaped."}</skos:scopeNote>
    <skos:narrower>
      <skos:Concept rdf:about="http://localhost:8000/0de63b17-f258-350f-bb24-0365c5f739dd">
        <skos:related rdf:resource="http://localhost:8000/e646776b-9a6c-37db-bd11-3b40294b2a51"/>
        <skos:prefLabel xml:lang="en">{"id": "0ba2310c-c958-4e67-901b-2b266edfb90d", "value": "Jade"}</skos:prefLabel>
        <skos:scopeNote xml:lang="en">{"id": "f5d12d6a-6427-4138-aa66-bb89ac4afbfa", "value": "An ornamental green stone of the mineral nephrite."}</skos:scopeNote>
        <skos:inScheme rdf:resource="http://localhost:8000/537a5ac5-ff00-3d5f-96f0-23dd98cb0661"/>
        <dcterms:identifier xml:lang="en">{"id": "870e3741-f540-43a3-a38e-6dfe20fbdc3e", "value": "http://purl.org/heritagedata/schemes/73/concepts/146351"}</dcterms:identifier>
      </skos:Concept>
    </skos:narrower>
    <skos:narrower>
      <skos:Concept rdf:about="http://localhost:8000/e646776b-9a6c-37db-bd11-3b40294b2a51">
        <skos:scopeNote xml:lang="en">{"id": "f779022b-e486-471d-8f6f-2a42d054182e", "value": "A hard, translucent variety of jade which is rarer than the other varieties of nephrite as a result considered to be the best and very desirable."}</skos:scopeNote>
        <dcterms:identifier xml:lang="en">{"id": "b21e8641-1df5-4f8e-bfb5-aadb00465569", "value": "http://purl.org/heritagedata/schemes/73/concepts/75371"}</dcterms:identifier>
        <skos:inScheme rdf:resource="http://localhost:8000/537a5ac5-ff00-3d5f-96f0-23dd98cb0661"/>
        <skos:prefLabel xml:lang="en">{"id": "cf60bb91-6b2d-4d5d-85f0-70b746c5243c", "value": "Jadeite"}</skos:prefLabel>
        <skos:related rdf:resource="http://localhost:8000/0de63b17-f258-350f-bb24-0365c5f739dd"/>
      </skos:Concept>
    </skos:narrower>
    <skos:narrower>
      <skos:Concept rdf:about="http://localhost:8000/df88541c-0a04-35aa-b883-542341178c5e">
        <skos:scopeNote xml:lang="en">{"id": "67aa8410-26dd-4f83-bb3e-f71ca7bf6eb6", "value": "Geologist's term for any dark coloured, slightly metamorphosed igneous rock. Index with specific stone type where given."}</skos:scopeNote>
        <skos:prefLabel xml:lang="en">{"id": "c39e58c5-ad52-4b4f-a66a-a95fade9b864", "value": "Greenstone"}</skos:prefLabel>
        <dcterms:identifier xml:lang="en">{"id": "930a3315-d15d-4bf6-afe7-50bb7a975f4c", "value": "http://purl.org/heritagedata/schemes/73/concepts/75364"}</dcterms:identifier>
        <skos:inScheme rdf:resource="http://localhost:8000/537a5ac5-ff00-3d5f-96f0-23dd98cb0661"/>
      </skos:Concept>
    </skos:narrower>
    <skos:narrower>
      <skos:Concept rdf:about="http://localhost:8000/3f992a82-b942-3484-b879-5731439188dc">
        <skos:inScheme rdf:resource="http://localhost:8000/537a5ac5-ff00-3d5f-96f0-23dd98cb0661"/>
        <skos:scopeNote xml:lang="en">{"id": "cca292d7-3bd8-46bd-9a07-9c8c0954a932", "value": "Conglomerate consisting of rounded flint pebbles held together in a natural silica and sand cement."}</skos:scopeNote>
        <skos:narrower rdf:resource="http://localhost:8000/b8eaeef6-3b41-3681-87bb-78564a0eceac"/>
        <skos:prefLabel xml:lang="en">{"id": "85c30f03-180c-4670-8872-75686c82e126", "value": "Puddingstone"}</skos:prefLabel>
        <dcterms:identifier xml:lang="en">{"id": "dd65e68c-4750-45e0-be22-4eeea8499603", "value": "http://purl.org/heritagedata/schemes/73/concepts/164110"}</dcterms:identifier>
      </skos:Concept>
    </skos:narrower>
    <skos:narrower>
      <skos:Concept rdf:about="http://localhost:8000/413a6b9f-7b90-3aa4-9dc2-9cd20d005ea9">
        <dcterms:identifier xml:lang="en">{"id": "c78ae3d5-a415-401a-b902-64e9acd685f2", "value": "http://purl.org/heritagedata/schemes/73/concepts/75379"}</dcterms:identifier>
        <skos:prefLabel xml:lang="en">{"id": "723595b9-8863-4f1d-8828-0983915d6026", "value": "Marble"}</skos:prefLabel>
        <skos:inScheme rdf:resource="http://localhost:8000/537a5ac5-ff00-3d5f-96f0-23dd98cb0661"/>
        <skos:scopeNote xml:lang="en">{"id": "bc236dc9-4ebb-4826-85e7-1979f539bcc4", "value": "Collective name for, in a true geological sense, a metamorphosed limestone, eg. Carrara marble, and, in the British sense any decorative stone that will take a polish, eg. Purbeck marble. In the latter's case index with specific stone type where given"}</skos:scopeNote>
      </skos:Concept>
    </skos:narrower>
    <dcterms:identifier xml:lang="en">{"id": "076ab915-43cc-4139-8124-b5c358a70f82", "value": "http://purl.org/heritagedata/schemes/73/concepts/75405"}</dcterms:identifier>
    <skos:narrower>
      <skos:Concept rdf:about="http://localhost:8000/adabfc22-16e5-3163-8148-7dcedcf582d9">
        <skos:scopeNote xml:lang="en">{"id": "b2d296bf-ae61-4c01-aee3-61142630a67c", "value": "A coarse grained metamorphic rock that is composed maily of green, brown or black amphibole minerals and plagioclase feldspar. Amphiboles are usually members of the hornblende group."}</skos:scopeNote>
        <dcterms:identifier xml:lang="en">{"id": "7b0d7f6f-c3cf-42e8-98de-8da03af0c6fd", "value": "http://purl.org/heritagedata/schemes/73/concepts/170068"}</dcterms:identifier>
        <skos:prefLabel xml:lang="en">{"id": "8ac6d5e9-7d54-4501-aabb-26404cdc6076", "value": "Amphibolite"}</skos:prefLabel>
        <skos:inScheme rdf:resource="http://localhost:8000/537a5ac5-ff00-3d5f-96f0-23dd98cb0661"/>
      </skos:Concept>
    </skos:narrower>
    <skos:narrower>
      <skos:Concept rdf:about="http://localhost:8000/c7acb85b-a5e0-39ed-b8ad-862fc907d5b7">
        <skos:prefLabel xml:lang="en">{"id": "a1eeba42-1895-44d8-a558-180f914da988", "value": "Sandstone"}</skos:prefLabel>
        <skos:scopeNote xml:lang="en">{"id": "23b5a94c-ad1f-438d-9d33-a50552865f6d", "value": "Geologically sandstone consists of particles of quartz naturally cemented together by either silica, calcium or iron. It is this geological composition that accounts for the varying colours and grain sizes found in the many building sandstones."}</skos:scopeNote>
        <skos:inScheme rdf:resource="http://localhost:8000/537a5ac5-ff00-3d5f-96f0-23dd98cb0661"/>
        <dcterms:identifier xml:lang="en">{"id": "b755aad6-bf9c-49b4-91ca-b1cb9a5fa110", "value": "http://purl.org/heritagedata/schemes/73/concepts/75396"}</dcterms:identifier>
      </skos:Concept>
    </skos:narrower>
  </skos:Concept>
  <skos:Concept rdf:about="http://localhost:8000/ca417cf9-6c0a-3f2b-ae52-ffc7bade4e23">
    <skos:scopeNote xml:lang="en">{"id": "95fa764e-ffbe-4253-a543-8fa93ca024d5", "value": "A straight-grained, durable and often resinous timber obtained from trees of the genus Pinus."}</skos:scopeNote>
    <skos:prefLabel xml:lang="en">{"id": "a2f375fb-1003-4920-89d4-e31b2b31f7b6", "value": "Pine"}</skos:prefLabel>
    <dcterms:identifier xml:lang="en">{"id": "d853d0c4-c8ee-450e-a767-20bf06015618", "value": "http://purl.org/heritagedata/schemes/73/concepts/141340"}</dcterms:identifier>
    <skos:inScheme rdf:resource="http://localhost:8000/537a5ac5-ff00-3d5f-96f0-23dd98cb0661"/>
  </skos:Concept>
  <skos:Concept rdf:about="http://localhost:8000/6bb35420-6e9e-3c1c-9578-6960124ca8a3">
    <dcterms:identifier xml:lang="en">{"id": "d91b85e2-e5ec-4194-a379-e08e7fac14be", "value": "http://purl.org/heritagedata/schemes/73/concepts/99959"}</dcterms:identifier>
    <skos:prefLabel xml:lang="en">{"id": "636453c7-1401-4f12-9e23-24c53b3932f1", "value": "Quartzite"}</skos:prefLabel>
    <skos:inScheme rdf:resource="http://localhost:8000/537a5ac5-ff00-3d5f-96f0-23dd98cb0661"/>
    <skos:scopeNote xml:lang="en">{"id": "62894b29-44bd-4d87-855e-06b453b4180d", "value": "Medium grained, hard, white/grey coloured stone consisting of quartz and often silica, produced by the metamorphosis of sandstone."}</skos:scopeNote>
  </skos:Concept>
  <skos:Concept rdf:about="http://localhost:8000/7b4aae3b-ebd1-3b58-9274-795e6c2abb92">
    <skos:inScheme rdf:resource="http://localhost:8000/537a5ac5-ff00-3d5f-96f0-23dd98cb0661"/>
    <dcterms:identifier xml:lang="en">{"id": "329afc10-8c8b-41ba-a1ee-95c3dbc20c2a", "value": "http://purl.org/heritagedata/schemes/73/concepts/75353"}</dcterms:identifier>
    <skos:scopeNote xml:lang="en">{"id": "18e9103f-3a6e-405d-9328-86c137f059e7", "value": "A clay-based ceramic fired at low kiln temperatures (c.800-1200 degrees). Essentially, earthenwares are porous and require glazing for most applications. This term has been used interchangeably with TERRACOTTA and with POTTERY"}</skos:scopeNote>
    <skos:prefLabel xml:lang="en">{"id": "cf5f5587-6673-4aff-88b3-d48a6e7ad832", "value": "Earthenware"}</skos:prefLabel>
  </skos:Concept>
  <skos:Concept rdf:about="http://localhost:8000/503d684e-5ab3-30b0-9b7d-489fb4368282">
    <skos:inScheme rdf:resource="http://localhost:8000/537a5ac5-ff00-3d5f-96f0-23dd98cb0661"/>
    <skos:scopeNote xml:lang="en">{"id": "71cb5faf-2c72-4525-b8ad-8202d23f2efb", "value": "Hard, transparent, often coloured mineral. Can be found on its own as crystals and veins but also as a major constituent of rocks such as granite. Often used decoratively."}</skos:scopeNote>
    <skos:prefLabel xml:lang="en">{"id": "6ab298a3-9104-42ce-a543-d83e2adf8912", "value": "Quartz"}</skos:prefLabel>
    <skos:narrower>
      <skos:Concept rdf:about="http://localhost:8000/ea3b0e0d-b8b5-3ddb-8885-b66d433e88da">
        <skos:scopeNote xml:lang="en">{"id": "bf8f3a04-9ace-4110-8a7c-b95648b23692", "value": "Onyx is a cryptocrystalline form of quartz. It is a semi-precious stone that is usually cut as a cabochon, or into beads, and is also used for intaglios and cameos."}</skos:scopeNote>
        <skos:prefLabel xml:lang="en">{"id": "d15608aa-0feb-45e5-aa29-461856caed6a", "value": "Onyx"}</skos:prefLabel>
        <dcterms:identifier xml:lang="en">{"id": "a462765f-551a-4491-88d7-223df107eca6", "value": "http://purl.org/heritagedata/schemes/73/concepts/146359"}</dcterms:identifier>
        <skos:inScheme rdf:resource="http://localhost:8000/537a5ac5-ff00-3d5f-96f0-23dd98cb0661"/>
      </skos:Concept>
    </skos:narrower>
    <dcterms:identifier xml:lang="en">{"id": "c0ce22cd-9d1f-47ca-8595-4acc3a321ef4", "value": "http://purl.org/heritagedata/schemes/73/concepts/75395"}</dcterms:identifier>
    <skos:narrower rdf:resource="http://localhost:8000/23d21dc2-692b-3708-9733-352cac399f2c"/>
  </skos:Concept>
  <skos:Concept rdf:about="http://localhost:8000/55bb604e-fcc8-33c9-87c0-73965f98e670">
    <skos:scopeNote xml:lang="en">{"id": "41f87d61-16d2-439f-9f50-2df64db019bd", "value": "A precious metal of lustrous white colour with great malleability and ductility."}</skos:scopeNote>
    <skos:prefLabel xml:lang="en">{"id": "286cd739-dd68-481c-939e-0f506abeae29", "value": "Silver"}</skos:prefLabel>
    <dcterms:identifier xml:lang="en">{"id": "a54ed4c7-5d61-4a7f-9fe3-e6780258d8af", "value": "http://purl.org/heritagedata/schemes/73/concepts/75401"}</dcterms:identifier>
    <skos:inScheme rdf:resource="http://localhost:8000/537a5ac5-ff00-3d5f-96f0-23dd98cb0661"/>
  </skos:Concept>
  <skos:Concept rdf:about="http://localhost:8000/51613cd3-d292-38de-ac9c-a3c2b90e5481">
    <skos:inScheme rdf:resource="http://localhost:8000/537a5ac5-ff00-3d5f-96f0-23dd98cb0661"/>
    <skos:prefLabel xml:lang="en">{"id": "d7e606ca-76f1-4c32-a078-b25144fb2e3d", "value": "Zinc"}</skos:prefLabel>
    <dcterms:identifier xml:lang="en">{"id": "501e9941-eca8-4a29-84de-cb2731fed5e7", "value": "http://purl.org/heritagedata/schemes/73/concepts/143960"}</dcterms:identifier>
    <skos:scopeNote xml:lang="en">{"id": "149a8980-c451-4587-9f5b-390ec242d095", "value": "Blue-white metal, obtained from ore, and used commercially for roofing, galvanizing iron, or in alloys. Also used in the 19th century as sheathing for ship's hulls."}</skos:scopeNote>
  </skos:Concept>
  <skos:Concept rdf:about="http://localhost:8000/0e7896ad-2c19-3ab0-a98b-612bab1200e1">
    <skos:scopeNote xml:lang="en">{"id": "a9bb5fd6-a67f-4925-a232-b28824cc45e6", "value": "A glass-like compound first made in ancient Egypt. It involves coating a core material of powdered quartz with a vitreous alkaline glaze. Also the name given to a tin-glazed earthenware."}</skos:scopeNote>
    <dcterms:identifier xml:lang="en">{"id": "aeae232f-0f14-40ca-a69b-425dd708b811", "value": "http://purl.org/heritagedata/schemes/73/concepts/75358"}</dcterms:identifier>
    <skos:inScheme rdf:resource="http://localhost:8000/537a5ac5-ff00-3d5f-96f0-23dd98cb0661"/>
    <skos:prefLabel xml:lang="en">{"id": "6e45c80d-c71c-4358-a71c-7f059db1fe7e", "value": "Faience"}</skos:prefLabel>
  </skos:Concept>
  <skos:Concept rdf:about="http://localhost:8000/cfa1dc63-38ae-316d-975f-d2ee51e3d282">
    <skos:inScheme rdf:resource="http://localhost:8000/537a5ac5-ff00-3d5f-96f0-23dd98cb0661"/>
    <dcterms:identifier xml:lang="en">{"id": "db240ace-2c61-4fdd-80b6-5409686d2e0d", "value": "http://purl.org/heritagedata/schemes/73/concepts/144480"}</dcterms:identifier>
    <skos:prefLabel xml:lang="en">{"id": "d7fe095a-f823-4a40-b29e-033e9866bcd0", "value": "Felt"}</skos:prefLabel>
  </skos:Concept>
  <skos:Concept rdf:about="http://localhost:8000/22835707-87d1-3ed8-a53b-3cae3a342e87">
    <skos:inScheme rdf:resource="http://localhost:8000/537a5ac5-ff00-3d5f-96f0-23dd98cb0661"/>
    <skos:prefLabel xml:lang="en">{"id": "8d784547-e707-44f9-8e6f-2a79e1c16e2d", "value": "Shell"}</skos:prefLabel>
    <dcterms:identifier xml:lang="en">{"id": "3626f0e7-273e-416b-aab2-9fd85d7c2615", "value": "http://purl.org/heritagedata/schemes/73/concepts/75399"}</dcterms:identifier>
    <skos:scopeNote xml:lang="en">{"id": "f2307653-896a-4672-a793-a0091e727d61", "value": "Hard, protective covering made largely of calcium salts secreted by soft bodied invertebrate animals."}</skos:scopeNote>
  </skos:Concept>
  <skos:Concept rdf:about="http://localhost:8000/ddad3028-8be6-317c-9077-56289fdc1882">
    <skos:prefLabel xml:lang="en">{"id": "eb8daa88-921b-4ab0-817c-7f75b97d9b02", "value": "Leather"}</skos:prefLabel>
    <skos:scopeNote xml:lang="en">{"id": "f0c8282c-6973-422d-9c64-53ff2eeef8a0", "value": "Animal skin that has been hardened or treated by a tanning process."}</skos:scopeNote>
    <skos:inScheme rdf:resource="http://localhost:8000/537a5ac5-ff00-3d5f-96f0-23dd98cb0661"/>
    <dcterms:identifier xml:lang="en">{"id": "fe056577-5a66-419b-afeb-f2de6b05ac55", "value": "http://purl.org/heritagedata/schemes/73/concepts/75376"}</dcterms:identifier>
  </skos:Concept>
  <skos:Concept rdf:about="http://localhost:8000/a5a93a07-aca5-346c-9ca6-47a98c34c037">
    <skos:inScheme rdf:resource="http://localhost:8000/537a5ac5-ff00-3d5f-96f0-23dd98cb0661"/>
    <skos:scopeNote xml:lang="en">{"id": "ae0f0543-e067-4eca-830f-b051b660b607", "value": "A hydrated aluminium phosphate mineral sometimes used as a semi-precious stone, and for carvings and ornamental use. Named after Variscia, the historical name of the Vogtland in Germany. Mainly green in colour."}</skos:scopeNote>
    <skos:prefLabel xml:lang="en">{"id": "e87df3bc-1cbf-4f3d-bb6c-5792f4d8c4c2", "value": "Variscite"}</skos:prefLabel>
    <dcterms:identifier xml:lang="en">{"id": "dedc9904-423e-4f02-88ef-c81310671920", "value": "http://purl.org/heritagedata/schemes/73/concepts/166989"}</dcterms:identifier>
  </skos:Concept>
  <skos:Concept rdf:about="http://localhost:8000/444a8f43-ea2a-394b-a4c5-4f4576c57551">
    <skos:inScheme rdf:resource="http://localhost:8000/537a5ac5-ff00-3d5f-96f0-23dd98cb0661"/>
    <skos:scopeNote xml:lang="en">{"id": "d8fd8268-b529-4d42-a3f1-b355a1d79300", "value": "Hard, corrosive alloy of copper and tin."}</skos:scopeNote>
    <skos:prefLabel xml:lang="en">{"id": "b20a43e3-41a0-41b5-977f-c912f6c50db7", "value": "Bronze"}</skos:prefLabel>
    <dcterms:identifier xml:lang="en">{"id": "1c088669-64a1-4ce8-9650-d1b29f6f4305", "value": "http://purl.org/heritagedata/schemes/73/concepts/75344"}</dcterms:identifier>
  </skos:Concept>
  <skos:Concept rdf:about="http://localhost:8000/68626727-7306-3a41-8d0a-a6779acb2ad4">
    <skos:inScheme rdf:resource="http://localhost:8000/537a5ac5-ff00-3d5f-96f0-23dd98cb0661"/>
    <skos:scopeNote xml:lang="en">{"id": "7cf06fac-9aeb-4c11-9ff0-b6843c79ec4a", "value": "A form of volcanic glass with similar properties to FLINT and often used in the manufacture of sharp-edged tools."}</skos:scopeNote>
    <skos:prefLabel xml:lang="en">{"id": "a404f873-2e49-4739-94c7-c6e89369620f", "value": "Obsidian"}</skos:prefLabel>
    <dcterms:identifier xml:lang="en">{"id": "53d78909-f17a-4281-977a-0a35d8483bf7", "value": "http://purl.org/heritagedata/schemes/73/concepts/75386"}</dcterms:identifier>
  </skos:Concept>
  <skos:Concept rdf:about="http://localhost:8000/e9271ba8-3dfd-3f9f-91ae-ec8713fff805">
    <skos:prefLabel xml:lang="en">{"id": "31e3822c-9c53-452b-9dca-66aa16a53299", "value": "Tin"}</skos:prefLabel>
    <skos:inScheme rdf:resource="http://localhost:8000/537a5ac5-ff00-3d5f-96f0-23dd98cb0661"/>
    <dcterms:identifier xml:lang="en">{"id": "726f09d6-f364-491f-8356-b30f33ed82e8", "value": "http://purl.org/heritagedata/schemes/73/concepts/75410"}</dcterms:identifier>
    <skos:scopeNote xml:lang="en">{"id": "b669ab97-f74d-41c9-8b62-02ef8b520597", "value": "A soft, lustrous low-melting crystalline metallic element that is malleable and ductile at ordinary temperatures and that is used as a protective coating, in tinfoil, and in soft solders and alloys."}</skos:scopeNote>
  </skos:Concept>
  <skos:Concept rdf:about="http://localhost:8000/1c3b2fc0-83be-3a17-aa25-82d3fdb5371f">
    <skos:scopeNote xml:lang="en">{"id": "112de7dc-a346-460a-8b9f-489c938b0213", "value": "A ceramic made from clay and fired in a kiln or oven. This term has been used interchangeably with EARTHENWARE and with TERRACOTTA"}</skos:scopeNote>
    <skos:narrower>
      <skos:Concept rdf:about="http://localhost:8000/f6bc2cd6-03ee-31fe-81d5-df2741df347e">
        <skos:scopeNote xml:lang="en">{"id": "041017ca-0201-4c66-8fe1-fc740d82fcdc", "value": "Hard, unglazed, brown, versatile earthenware which can be used as a tile or moulded into statuary."}</skos:scopeNote>
        <dcterms:identifier xml:lang="en">{"id": "24fd7891-c3a7-4fd8-84ba-647226c39ef1", "value": "http://purl.org/heritagedata/schemes/73/concepts/75408"}</dcterms:identifier>
        <skos:inScheme rdf:resource="http://localhost:8000/537a5ac5-ff00-3d5f-96f0-23dd98cb0661"/>
        <skos:prefLabel xml:lang="en">{"id": "f4152526-0f01-4d6d-a794-85e02886d262", "value": "Terracotta"}</skos:prefLabel>
      </skos:Concept>
    </skos:narrower>
    <skos:narrower rdf:resource="http://localhost:8000/7b4aae3b-ebd1-3b58-9274-795e6c2abb92"/>
    <dcterms:identifier xml:lang="en">{"id": "fa10282b-f361-4779-96c6-c1442d571fd5", "value": "http://purl.org/heritagedata/schemes/73/concepts/75394"}</dcterms:identifier>
    <skos:inScheme rdf:resource="http://localhost:8000/537a5ac5-ff00-3d5f-96f0-23dd98cb0661"/>
    <skos:prefLabel xml:lang="en">{"id": "63f89667-1b66-436e-a893-d93bf47bab88", "value": "Pottery"}</skos:prefLabel>
  </skos:Concept>
  <skos:Concept rdf:about="http://localhost:8000/2d056373-ec4b-3f10-9f14-0e6542e8d96e">
    <skos:prefLabel xml:lang="en">{"id": "1da2bb60-b8b9-4086-8236-2bbde6ed9c1d", "value": "Gold"}</skos:prefLabel>
    <skos:scopeNote xml:lang="en">{"id": "b40a0a09-c041-4aed-90ba-006a4362f8ed", "value": "A precious metal characterized by its yellow colour and resistance to tarnishing."}</skos:scopeNote>
    <skos:inScheme rdf:resource="http://localhost:8000/537a5ac5-ff00-3d5f-96f0-23dd98cb0661"/>
    <dcterms:identifier xml:lang="en">{"id": "0ebebb83-ee0e-4267-b924-cccdd8c598d7", "value": "http://purl.org/heritagedata/schemes/73/concepts/75362"}</dcterms:identifier>
  </skos:Concept>
  <skos:Concept rdf:about="http://localhost:8000/393caa10-8b8c-36cb-9571-f65cbaa93b57">
    <skos:inScheme rdf:resource="http://localhost:8000/537a5ac5-ff00-3d5f-96f0-23dd98cb0661"/>
    <skos:prefLabel xml:lang="en">{"id": "bb75f88d-7b47-4629-8826-8419af349aca", "value": "Emerald"}</skos:prefLabel>
    <skos:scopeNote xml:lang="en">{"id": "c34ca725-1225-46e1-9a8f-8853a4642540", "value": "A green coloured gemstone. A variety of the mineral beryl coloured green by trace amounts of chromium and sometimes vanadium."}</skos:scopeNote>
    <dcterms:identifier xml:lang="en">{"id": "bda75cef-52d4-4d70-9c90-f08e8f2c7b97", "value": "http://purl.org/heritagedata/schemes/73/concepts/166993"}</dcterms:identifier>
  </skos:Concept>
  <skos:Concept rdf:about="http://localhost:8000/6e9c1f45-6bdf-3981-b385-ef5bbb213b16">
    <skos:inScheme rdf:resource="http://localhost:8000/537a5ac5-ff00-3d5f-96f0-23dd98cb0661"/>
    <skos:prefLabel xml:lang="en">{"id": "26615036-c8ed-4ac2-a56f-9cf888ab8d07", "value": "Larch"}</skos:prefLabel>
    <skos:scopeNote xml:lang="en">{"id": "0c64fc13-21eb-4856-a78c-60554897a3e5", "value": "A deciduous conifer native to Britain and Europe supplying durable and waterproof timber suitable for shipbuilding features such as masts."}</skos:scopeNote>
    <dcterms:identifier xml:lang="en">{"id": "18d2bd7d-4d2e-4964-a802-ca17ee4b3786", "value": "http://purl.org/heritagedata/schemes/73/concepts/164394"}</dcterms:identifier>
  </skos:Concept>
  <skos:Concept rdf:about="http://localhost:8000/094acc0e-9ad8-3425-a287-b7883d434aca">
    <dcterms:identifier xml:lang="en">{"id": "5d694fad-725b-4f67-93eb-6397a584b44a", "value": "http://purl.org/heritagedata/schemes/73/concepts/75411"}</dcterms:identifier>
    <skos:prefLabel xml:lang="en">{"id": "45c05f43-adb6-44a1-9e59-042e35f29779", "value": "Tooth"}</skos:prefLabel>
    <skos:inScheme rdf:resource="http://localhost:8000/537a5ac5-ff00-3d5f-96f0-23dd98cb0661"/>
    <skos:scopeNote xml:lang="en">{"id": "4da05a5b-d825-4a7a-b7ab-f216fb9b3951", "value": "A hard, bone-like material obtained from animal teeth."}</skos:scopeNote>
    <skos:narrower>
      <skos:Concept rdf:about="http://localhost:8000/5dd1ba3a-1c1a-3d86-9a64-7fe2773bb45a">
        <skos:scopeNote xml:lang="en">{"id": "6eafb49c-40ef-4857-ab34-cd9f00311f2e", "value": "A hard, white, fine-grained substance forming the main part of the tusks of elephants, walruses, hippos and narwhals."}</skos:scopeNote>
        <dcterms:identifier xml:lang="en">{"id": "73e1f44d-db9c-4c9a-9e0b-66d9d828c9db", "value": "http://purl.org/heritagedata/schemes/73/concepts/75370"}</dcterms:identifier>
        <skos:prefLabel xml:lang="en">{"id": "b9b2931f-3f1b-433f-bbb8-5dd14adcaa44", "value": "Ivory"}</skos:prefLabel>
        <skos:inScheme rdf:resource="http://localhost:8000/537a5ac5-ff00-3d5f-96f0-23dd98cb0661"/>
      </skos:Concept>
    </skos:narrower>
  </skos:Concept>
  <skos:Concept rdf:about="http://localhost:8000/833282d6-18f7-3424-8aeb-a3953719ce12">
    <skos:prefLabel xml:lang="en">{"id": "0f0415b9-c57d-45b6-9096-c772b9fa4214", "value": "Steel"}</skos:prefLabel>
    <skos:scopeNote xml:lang="en">{"id": "9d701326-cfaa-4370-bcbc-11637997f235", "value": "A strong, durable alloy of iron and carbon."}</skos:scopeNote>
    <dcterms:identifier xml:lang="en">{"id": "ffb28116-4ef8-4971-ae14-a57ecc3ce421", "value": "http://purl.org/heritagedata/schemes/73/concepts/75404"}</dcterms:identifier>
    <skos:inScheme rdf:resource="http://localhost:8000/537a5ac5-ff00-3d5f-96f0-23dd98cb0661"/>
  </skos:Concept>
  <skos:Concept rdf:about="http://localhost:8000/018f347e-1b59-34e3-a418-2d2d4d000fd5">
    <skos:scopeNote xml:lang="en">{"id": "14cc8b32-a9ed-444d-a74b-6f27f1dbaa20", "value": "A native hardwood of the Beech family with hard and durable characteristics which traditionally made it appropriate for structural work."}</skos:scopeNote>
    <skos:inScheme rdf:resource="http://localhost:8000/537a5ac5-ff00-3d5f-96f0-23dd98cb0661"/>
    <dcterms:identifier xml:lang="en">{"id": "1b9ffa8f-a81b-45a1-a705-fb9e2ecaedc1", "value": "http://purl.org/heritagedata/schemes/73/concepts/75384"}</dcterms:identifier>
    <skos:prefLabel xml:lang="en">{"id": "802c94b6-8526-4413-89bc-2073a3008eec", "value": "Oak"}</skos:prefLabel>
  </skos:Concept>
  <skos:Concept rdf:about="http://localhost:8000/c82dbb47-f424-3669-9312-9e120ddb92a7">
    <skos:prefLabel xml:lang="en">{"id": "3c386dbd-c631-4a14-b0a9-62927d26229b", "value": "Beech"}</skos:prefLabel>
    <skos:inScheme rdf:resource="http://localhost:8000/537a5ac5-ff00-3d5f-96f0-23dd98cb0661"/>
    <dcterms:identifier xml:lang="en">{"id": "3495ce65-8248-44ec-b0bb-9b918bf69eff", "value": "http://purl.org/heritagedata/schemes/73/concepts/144473"}</dcterms:identifier>
  </skos:Concept>
  <skos:Concept rdf:about="http://localhost:8000/7e6f4b18-8c43-36a1-81f5-7f951b988c49">
    <skos:prefLabel xml:lang="en">{"id": "bd2c494d-a190-4d0e-b3e5-39c3ae526b89", "value": "Glass"}</skos:prefLabel>
    <skos:related rdf:resource="http://localhost:8000/8de7b392-8562-327b-9994-576cd8b7e97b"/>
    <skos:scopeNote xml:lang="en">{"id": "33c0fea0-fc13-4afc-b31a-db8f1a186508", "value": "Transparent, hard substance made by fusing soda-silica which solidifies from a molten state."}</skos:scopeNote>
    <dcterms:identifier xml:lang="en">{"id": "27cdfa81-007e-4e15-a7d5-ef93281eb6f9", "value": "http://purl.org/heritagedata/schemes/73/concepts/75361"}</dcterms:identifier>
    <skos:inScheme rdf:resource="http://localhost:8000/537a5ac5-ff00-3d5f-96f0-23dd98cb0661"/>
  </skos:Concept>
  <skos:Concept rdf:about="http://localhost:8000/acea3cd5-c105-33bc-a9d7-3ff223df17c8">
    <skos:inScheme rdf:resource="http://localhost:8000/537a5ac5-ff00-3d5f-96f0-23dd98cb0661"/>
    <dcterms:identifier xml:lang="en">{"id": "2e1e6e95-9ed9-4352-b9a2-784b4185d65b", "value": "http://purl.org/heritagedata/schemes/73/concepts/75359"}</dcterms:identifier>
    <skos:scopeNote xml:lang="en">{"id": "c8e965b2-46b4-4159-9f1d-6822d55fa68d", "value": "Hard, durable, dark grey stone, the purest native form of silica, which can either be used decoratively or as a main material. Predominantly found in East Anglia and the South East."}</skos:scopeNote>
    <skos:prefLabel xml:lang="en">{"id": "c336910a-2293-4bff-9694-873ccfb4a899", "value": "Flint"}</skos:prefLabel>
  </skos:Concept>
  <skos:Concept rdf:about="http://localhost:8000/4946ff0d-14e9-3a86-ac2d-8b3055daff68">
    <skos:inScheme rdf:resource="http://localhost:8000/537a5ac5-ff00-3d5f-96f0-23dd98cb0661"/>
    <dcterms:identifier xml:lang="en">{"id": "4b08864c-3f34-45ad-997c-ca8aabc0acb5", "value": "http://purl.org/heritagedata/schemes/73/concepts/75369"}</dcterms:identifier>
    <skos:scopeNote xml:lang="en">{"id": "71eea0fd-b426-4a6b-8d76-953521423fae", "value": "A malleable, ductile ferromagnetic metal widely used for structural and decorative purposes."}</skos:scopeNote>
    <skos:prefLabel xml:lang="en">{"id": "9b71707e-cadd-4b0e-b64f-9336aea30ae4", "value": "Iron"}</skos:prefLabel>
  </skos:Concept>
  <skos:Concept rdf:about="http://localhost:8000/55e49b24-7e48-3f10-95d7-7ec2fcb7c88f">
    <skos:inScheme rdf:resource="http://localhost:8000/537a5ac5-ff00-3d5f-96f0-23dd98cb0661"/>
    <dcterms:identifier xml:lang="en">{"id": "de080cd7-67a6-4835-9f22-17c09dbee61f", "value": "http://purl.org/heritagedata/schemes/73/concepts/160444"}</dcterms:identifier>
    <skos:prefLabel xml:lang="en">{"id": "d8d8a596-e32f-4151-9419-bdf5f597e416", "value": "Ebony"}</skos:prefLabel>
    <skos:scopeNote xml:lang="en">{"id": "2d65af40-2eb3-4e61-b906-ad366802938c", "value": "Dark and dense hardwood timber which may be sourced from various species of true ebony from southern Asia and Africa, but the name may also be given to dark hardwoods from elsewhere, e.g. the Americas."}</skos:scopeNote>
  </skos:Concept>
  <skos:Concept rdf:about="http://localhost:8000/8a198874-f33d-3779-9d82-a898fdebfe7a">
    <dcterms:identifier xml:lang="en">{"id": "761b4872-2094-4720-be43-cc4c5a3d0012", "value": "http://purl.org/heritagedata/schemes/73/concepts/141974"}</dcterms:identifier>
    <skos:prefLabel xml:lang="en">{"id": "9f54a09f-2d0f-45d3-aa05-5f7d76977b99", "value": "Tamarac"}</skos:prefLabel>
    <skos:scopeNote xml:lang="en">{"id": "2221135e-ec4a-4a55-a4df-892451d9c943", "value": "North American wood, the name being applied either to the American Larch; or to the Black or Ridge-pole Pine of inland areas; and the Scrub Pine of maritime regions."}</skos:scopeNote>
    <skos:inScheme rdf:resource="http://localhost:8000/537a5ac5-ff00-3d5f-96f0-23dd98cb0661"/>
  </skos:Concept>
  <skos:Concept rdf:about="http://localhost:8000/15003e77-0c2d-36f8-91fd-868d320874b0">
    <skos:inScheme rdf:resource="http://localhost:8000/537a5ac5-ff00-3d5f-96f0-23dd98cb0661"/>
    <skos:scopeNote xml:lang="en">{"id": "13e6a500-5016-4598-b1f8-0550ddeda9cf", "value": "A hard, black form of lignite that takes a brilliant polish. It is used in jewellery and for ornamentation."}</skos:scopeNote>
    <skos:prefLabel xml:lang="en">{"id": "7282afc2-8d80-4674-b758-eb53e1e09ea2", "value": "Jet"}</skos:prefLabel>
    <dcterms:identifier xml:lang="en">{"id": "0cb9ae91-548c-4ef1-9a8f-465cb2b4ac0d", "value": "http://purl.org/heritagedata/schemes/73/concepts/75372"}</dcterms:identifier>
  </skos:Concept>
  <skos:Concept rdf:about="http://localhost:8000/1cb1e471-2c75-380a-99bd-10e9c24c91ce">
    <dcterms:identifier xml:lang="en">{"id": "7dfef8f2-5cf6-429c-8c32-bd6276b7e7cf", "value": "http://purl.org/heritagedata/schemes/73/concepts/147357"}</dcterms:identifier>
    <skos:scopeNote xml:lang="en">{"id": "bf191faa-64da-4cd7-b2e3-eb9505b5352e", "value": "The timber from genus Betula, found in Europe and North America, particularly in northern regions."}</skos:scopeNote>
    <skos:prefLabel xml:lang="en">{"id": "d51d6dc2-0ff0-46a0-9434-8e502ffc3dc4", "value": "Birch"}</skos:prefLabel>
    <skos:inScheme rdf:resource="http://localhost:8000/537a5ac5-ff00-3d5f-96f0-23dd98cb0661"/>
  </skos:Concept>
  <skos:Concept rdf:about="http://localhost:8000/d60e7ef0-a487-3da5-b847-b9cbe03699cd">
    <skos:scopeNote xml:lang="en">{"id": "38a1ff0b-7847-4434-ad81-c32bf84e7100", "value": "Use for objects made from coal or for stray finds of coal where the association with a wreck site is not proven and thus cannot be stated as either cargo or bunkers."}</skos:scopeNote>
    <skos:inScheme rdf:resource="http://localhost:8000/537a5ac5-ff00-3d5f-96f0-23dd98cb0661"/>
    <dcterms:identifier xml:lang="en">{"id": "b7d385e4-26c2-4b51-8505-6b66020957c9", "value": "http://purl.org/heritagedata/schemes/73/concepts/163222"}</dcterms:identifier>
    <skos:prefLabel xml:lang="en">{"id": "afc0f03a-d535-4866-a0f3-232ac3509d74", "value": "Coal"}</skos:prefLabel>
  </skos:Concept>
  <skos:Concept rdf:about="http://localhost:8000/a7e73ccf-89ba-306b-91ec-852ed00d89c1">
    <dcterms:identifier xml:lang="en">{"id": "a97e29f5-8744-427b-aaef-f04f399d7302", "value": "http://purl.org/heritagedata/schemes/73/concepts/159154"}</dcterms:identifier>
    <skos:prefLabel xml:lang="en">{"id": "b4ed9639-34eb-48d1-a625-3bbea7ec128f", "value": "Aluminium"}</skos:prefLabel>
    <skos:scopeNote xml:lang="en">{"id": "27cf3ea8-9195-4356-8988-672e1c7b9b65", "value": "A white ductile metal used, for example, in alloys, for instruments, and in aircraft construction."}</skos:scopeNote>
    <skos:inScheme rdf:resource="http://localhost:8000/537a5ac5-ff00-3d5f-96f0-23dd98cb0661"/>
  </skos:Concept>
  <skos:Concept rdf:about="http://localhost:8000/c279c34c-9242-3d8f-a7d9-fa256ecac220">
    <skos:prefLabel xml:lang="en">{"id": "4b0ba84e-8181-4700-8515-691dc8e1f01b", "value": "Alloy"}</skos:prefLabel>
    <skos:narrower rdf:resource="http://localhost:8000/833282d6-18f7-3424-8aeb-a3953719ce12"/>
    <skos:narrower>
      <skos:Concept rdf:about="http://localhost:8000/713fd558-1a15-365c-951f-debc332eff6d">
        <skos:scopeNote xml:lang="en">{"id": "2d92ada1-7312-470d-b6a7-1ac0d1e2a5b8", "value": "An alloy which is composed predominantly of tin (c.85-99 percent)."}</skos:scopeNote>
        <dcterms:identifier xml:lang="en">{"id": "6975fe02-4728-46fe-b568-9c9aed8109bc", "value": "http://purl.org/heritagedata/schemes/73/concepts/75390"}</dcterms:identifier>
        <skos:prefLabel xml:lang="en">{"id": "4f8f8434-46ed-41f7-8c23-44ca82743d82", "value": "Pewter"}</skos:prefLabel>
        <skos:inScheme rdf:resource="http://localhost:8000/537a5ac5-ff00-3d5f-96f0-23dd98cb0661"/>
      </skos:Concept>
    </skos:narrower>
    <skos:related>
      <skos:Concept rdf:about="http://localhost:8000/4c4c57a0-e38c-32f3-886f-5bf948da9706">
        <skos:prefLabel xml:lang="en">{"id": "2bf7c6d3-c4b0-4bc3-aaf9-97820d44e9e1", "value": "Antimony"}</skos:prefLabel>
        <skos:related rdf:resource="http://localhost:8000/c279c34c-9242-3d8f-a7d9-fa256ecac220"/>
        <skos:scopeNote xml:lang="en">{"id": "d1efbf7a-7c84-4435-adcf-307fd7b5d12f", "value": "A metallic element often used in alloys and historically used in pottery and glass-making, paints, enamelling, and in cosmetics and medicine. Often derived from its sulphite ore, stibnite."}</skos:scopeNote>
        <skos:inScheme rdf:resource="http://localhost:8000/537a5ac5-ff00-3d5f-96f0-23dd98cb0661"/>
        <dcterms:identifier xml:lang="en">{"id": "b1300aa8-8fb1-47c9-8153-b1f32790f8ff", "value": "http://purl.org/heritagedata/schemes/73/concepts/143865"}</dcterms:identifier>
      </skos:Concept>
    </skos:related>
    <dcterms:identifier xml:lang="en">{"id": "d10f5c2b-9a25-457f-a466-4b714307743f", "value": "http://purl.org/heritagedata/schemes/73/concepts/75335"}</dcterms:identifier>
    <skos:narrower rdf:resource="http://localhost:8000/444a8f43-ea2a-394b-a4c5-4f4576c57551"/>
    <skos:scopeNote xml:lang="en">{"id": "2ef6399d-30f3-4177-86fa-b1e10266d732", "value": "A metallic substance made by combining two or more elements at least one of which is a metal. Use more specific terms where known."}</skos:scopeNote>
    <skos:narrower>
      <skos:Concept rdf:about="http://localhost:8000/b06bfacb-999f-3919-a879-4fb4dd27a1b9">
        <skos:scopeNote xml:lang="en">{"id": "3d2bdfa0-9f13-4a8d-9330-82384f00223d", "value": "An alloy where the predominant component metal is copper."}</skos:scopeNote>
        <skos:inScheme rdf:resource="http://localhost:8000/537a5ac5-ff00-3d5f-96f0-23dd98cb0661"/>
        <skos:prefLabel xml:lang="en">{"id": "a456bd9a-33c5-4cf1-bee0-8278f7102487", "value": "Copper Alloy"}</skos:prefLabel>
        <dcterms:identifier xml:lang="en">{"id": "4c12cb3b-3af2-41f9-9bd1-51ed9394fcae", "value": "http://purl.org/heritagedata/schemes/73/concepts/75351"}</dcterms:identifier>
      </skos:Concept>
    </skos:narrower>
    <skos:inScheme rdf:resource="http://localhost:8000/537a5ac5-ff00-3d5f-96f0-23dd98cb0661"/>
    <skos:narrower>
      <skos:Concept rdf:about="http://localhost:8000/d88f7a73-5752-3deb-a14c-fe077c5a9687">
        <dcterms:identifier xml:lang="en">{"id": "145fbbeb-e6ea-40d9-98fa-086c88ff2b88", "value": "http://purl.org/heritagedata/schemes/73/concepts/143005"}</dcterms:identifier>
        <skos:scopeNote xml:lang="en">{"id": "750d3f63-d0ad-4097-b0cc-b32af5042044", "value": "Metal alloy with lead as the principal component."}</skos:scopeNote>
        <skos:prefLabel xml:lang="en">{"id": "669af857-89fc-4d71-80a2-4f12b9bb2c98", "value": "Lead Alloy"}</skos:prefLabel>
        <skos:inScheme rdf:resource="http://localhost:8000/537a5ac5-ff00-3d5f-96f0-23dd98cb0661"/>
      </skos:Concept>
    </skos:narrower>
    <skos:narrower>
      <skos:Concept rdf:about="http://localhost:8000/407ba8cc-930b-30d9-887b-81054890a634">
        <skos:scopeNote xml:lang="en">{"id": "c18e0261-d3eb-412f-b7fd-5c10d6ba896a", "value": "Easily formed metal alloy composed of copper and zinc."}</skos:scopeNote>
        <skos:inScheme rdf:resource="http://localhost:8000/537a5ac5-ff00-3d5f-96f0-23dd98cb0661"/>
        <dcterms:identifier xml:lang="en">{"id": "7ec17dfa-dace-4960-9726-1a786fe48d5d", "value": "http://purl.org/heritagedata/schemes/73/concepts/75343"}</dcterms:identifier>
        <skos:prefLabel xml:lang="en">{"id": "0a384cd6-1a1c-4d6c-bed9-c676a5989ede", "value": "Brass"}</skos:prefLabel>
      </skos:Concept>
    </skos:narrower>
  </skos:Concept>
  <skos:Concept rdf:about="http://localhost:8000/db22855e-52bf-31a7-89d3-3d9e1cd05adb">
    <skos:prefLabel xml:lang="en">{"id": "0444af45-251c-4e0a-a0b2-d5c3bd150ec5", "value": "Elm"}</skos:prefLabel>
    <dcterms:identifier xml:lang="en">{"id": "4a0ac8e5-d575-4dd0-9d45-25dcc0b39150", "value": "http://purl.org/heritagedata/schemes/73/concepts/141284"}</dcterms:identifier>
    <skos:inScheme rdf:resource="http://localhost:8000/537a5ac5-ff00-3d5f-96f0-23dd98cb0661"/>
    <skos:scopeNote xml:lang="en">{"id": "582554ea-efda-416d-a8e8-74c98b49ad51", "value": "A hard, durable wood obtained from trees of the genus Ulmus."}</skos:scopeNote>
  </skos:Concept>
  <skos:Concept rdf:about="http://localhost:8000/b8eaeef6-3b41-3681-87bb-78564a0eceac">
    <skos:prefLabel xml:lang="en">{"id": "18e6705b-2a05-4bc6-ace3-731b0f911d71", "value": "Hertfordshire Puddingstone"}</skos:prefLabel>
    <dcterms:identifier xml:lang="en">{"id": "aa889273-6752-4e3f-8a05-0987d47289a8", "value": "http://purl.org/heritagedata/schemes/73/concepts/164111"}</dcterms:identifier>
    <skos:inScheme rdf:resource="http://localhost:8000/537a5ac5-ff00-3d5f-96f0-23dd98cb0661"/>
    <skos:scopeNote xml:lang="en">{"id": "c2604591-3bce-4242-a88e-bc0e86c09b60", "value": "A conglomerate rock comprising well rounded flint pebbles in a very hard matrix of fine pale coloured sand, bound together by hard natural silica cement. The pebbles are usually coloured ochre or red and have black rims."}</skos:scopeNote>
  </skos:Concept>
  <skos:Concept rdf:about="http://localhost:8000/4596dcb7-1526-3828-8b32-34a39ef4e941">
    <skos:inScheme rdf:resource="http://localhost:8000/537a5ac5-ff00-3d5f-96f0-23dd98cb0661"/>
    <dcterms:identifier xml:lang="en">{"id": "c9c32556-f8c7-4eaf-875b-9f833af6037e", "value": "http://purl.org/heritagedata/schemes/73/concepts/75350"}</dcterms:identifier>
    <skos:prefLabel xml:lang="en">{"id": "b715ed82-4f69-4f9c-affa-fc847ec3bff3", "value": "Copper"}</skos:prefLabel>
    <skos:scopeNote xml:lang="en">{"id": "03296ef5-1b3c-4b6c-bbde-c76e7288c965", "value": "Metal used primarily for roofing and ornamental purposes, being lighter and stronger than lead."}</skos:scopeNote>
  </skos:Concept>
  <skos:Concept rdf:about="http://localhost:8000/4e2d20e1-2028-3b67-a3fd-9fc55ada10db">
    <skos:inScheme rdf:resource="http://localhost:8000/537a5ac5-ff00-3d5f-96f0-23dd98cb0661"/>
    <skos:prefLabel xml:lang="en">{"id": "b3474a6a-aee6-4e85-8681-6aeb83c0782c", "value": "Fir"}</skos:prefLabel>
    <skos:scopeNote xml:lang="en">{"id": "edbe2b15-a5b2-4df2-9700-8601d40293cf", "value": "The wood of the evergreen coniferous tree characterized by single needle-like leaves and errect cones."}</skos:scopeNote>
    <dcterms:identifier xml:lang="en">{"id": "fcee4dc3-d2ef-4151-af6d-149f3c683df5", "value": "http://purl.org/heritagedata/schemes/73/concepts/140448"}</dcterms:identifier>
  </skos:Concept>
  <skos:Concept rdf:about="http://localhost:8000/2dbcf0a2-8896-3db2-b693-aa4dc38b8231">
    <skos:prefLabel xml:lang="en">{"id": "59aaeb6d-0d2d-4e30-bac9-366bea584de8", "value": "Chert"}</skos:prefLabel>
    <skos:inScheme rdf:resource="http://localhost:8000/537a5ac5-ff00-3d5f-96f0-23dd98cb0661"/>
    <skos:scopeNote xml:lang="en">{"id": "638656ed-3d98-4fd2-8428-668f7a2838a8", "value": "A hard silica rich rock, black or brown coloured, commonly found in nodular form."}</skos:scopeNote>
    <dcterms:identifier xml:lang="en">{"id": "7957dc48-1616-4026-b388-8449482eb967", "value": "http://purl.org/heritagedata/schemes/73/concepts/75346"}</dcterms:identifier>
  </skos:Concept>
  <skos:Concept rdf:about="http://localhost:8000/f44d6934-f68e-3dfd-bb4b-668dbcb4b3d6">
    <skos:inScheme rdf:resource="http://localhost:8000/537a5ac5-ff00-3d5f-96f0-23dd98cb0661"/>
    <dcterms:identifier xml:lang="en">{"id": "9f6c0336-c95b-4637-9f66-6736920d8307", "value": "http://purl.org/heritagedata/schemes/73/concepts/75374"}</dcterms:identifier>
    <skos:prefLabel xml:lang="en">{"id": "a15a7134-b53d-4f37-80d4-e0c048f798e0", "value": "Lead"}</skos:prefLabel>
    <skos:scopeNote xml:lang="en">{"id": "60b28afd-b770-4d09-b8e8-b1ab25981e8b", "value": "Metal used primarily for roof coverings and window fittings. It is easy to work, can be worked cold and does not rust which makes it suitable for holding or repelling water."}</skos:scopeNote>
  </skos:Concept>
  <skos:Concept rdf:about="http://localhost:8000/cf96a553-8a7a-3ae9-af9f-9f0d731e998b">
    <skos:inScheme rdf:resource="http://localhost:8000/537a5ac5-ff00-3d5f-96f0-23dd98cb0661"/>
    <skos:prefLabel xml:lang="en">{"id": "318ca4da-c7a3-4c4e-9887-f3e8ac320515", "value": "Teak"}</skos:prefLabel>
    <dcterms:identifier xml:lang="en">{"id": "9f43175d-5d0d-404e-a2e2-6ea846926ce0", "value": "http://purl.org/heritagedata/schemes/73/concepts/152383"}</dcterms:identifier>
    <skos:scopeNote xml:lang="en">{"id": "579bcb5f-f47c-4edf-a4bd-90b8023f9495", "value": "A strong durable wood originating in India and south-east Asia."}</skos:scopeNote>
  </skos:Concept>
  <skos:Concept rdf:about="http://localhost:8000/0064a741-fd4e-3333-9eb3-b030bc8d1648">
    <dcterms:identifier xml:lang="en">{"id": "9aad407c-1a06-43f7-9e8e-fbb5525a5ba2", "value": "http://purl.org/heritagedata/schemes/73/concepts/146408"}</dcterms:identifier>
    <skos:prefLabel xml:lang="en">{"id": "7ea6ab0e-8c0d-4f3f-ac8b-99197a0ce2cb", "value": "Alabaster"}</skos:prefLabel>
    <skos:inScheme rdf:resource="http://localhost:8000/537a5ac5-ff00-3d5f-96f0-23dd98cb0661"/>
    <skos:scopeNote xml:lang="en">{"id": "5d2dc196-d50a-4b13-b2ee-d9aa60dbf54c", "value": "Alabaster is a name applied to varieties of two distinct minerals: gypsum and calcite. The finer kinds of alabaster are employed as an ornamental stone, especially for internal decoration as it's softness allows it to be carved into elaborate forms."}</skos:scopeNote>
  </skos:Concept>
  <skos:Concept rdf:about="http://localhost:8000/0278535b-4b7f-33a3-bed3-f2557e37d481">
    <dcterms:identifier xml:lang="en">{"id": "2fda9e31-a618-43aa-b160-b394f7a8fd90", "value": "http://purl.org/heritagedata/schemes/73/concepts/75368"}</dcterms:identifier>
    <skos:scopeNote xml:lang="en">{"id": "2fbe3d5b-c861-4a6d-9b14-ac866d3055c0", "value": "Horn is a hollow, bone-like projection consisting mainly of keratin, found on certain animals (sheep, cows, goats etc.)"}</skos:scopeNote>
    <skos:inScheme rdf:resource="http://localhost:8000/537a5ac5-ff00-3d5f-96f0-23dd98cb0661"/>
    <skos:prefLabel xml:lang="en">{"id": "e2d19c0f-76fb-463d-b2b3-de30e996ba63", "value": "Horn"}</skos:prefLabel>
  </skos:Concept>
  <skos:Concept rdf:about="http://localhost:8000/a1400a8b-0369-3cfa-8b5e-b0761ee99338">
    <dcterms:identifier xml:lang="en">{"id": "82a4e85d-4bf9-4f04-969e-8ead5fa34190", "value": "http://purl.org/heritagedata/schemes/73/concepts/75349"}</dcterms:identifier>
    <skos:prefLabel xml:lang="en">{"id": "a307686f-7e93-46cd-afa9-a0277d1eccd1", "value": "Concrete"}</skos:prefLabel>
    <skos:inScheme rdf:resource="http://localhost:8000/537a5ac5-ff00-3d5f-96f0-23dd98cb0661"/>
    <skos:scopeNote xml:lang="en">{"id": "7db6a9c3-e1ad-43f5-916c-6b6b80912a83", "value": "Composed of sand, stones or other aggregate and cement mixed with water which sets in a hard mass. The material is usually associated with modern building but was developed by Romans where cement was obtained from quicklime."}</skos:scopeNote>
  </skos:Concept>
  <skos:Concept rdf:about="http://localhost:8000/b23079f0-a2cb-371f-ac1f-0ebc87645646">
    <skos:scopeNote xml:lang="en">{"id": "68956aed-906d-48f9-92bb-0d120652b3bc", "value": "A semi-precious, fossilised resin usually used for ornamentation and jewellery."}</skos:scopeNote>
    <skos:prefLabel xml:lang="en">{"id": "2f640fcc-7ddc-4e3b-ba93-441c558f46e6", "value": "Amber"}</skos:prefLabel>
    <dcterms:identifier xml:lang="en">{"id": "11781ba6-a88a-4357-bed4-abc7a5ee9a0b", "value": "http://purl.org/heritagedata/schemes/73/concepts/75337"}</dcterms:identifier>
    <skos:inScheme rdf:resource="http://localhost:8000/537a5ac5-ff00-3d5f-96f0-23dd98cb0661"/>
  </skos:Concept>
  <skos:Concept rdf:about="http://localhost:8000/055e1887-5db7-3da0-911e-40506520c1b0">
    <skos:inScheme rdf:resource="http://localhost:8000/537a5ac5-ff00-3d5f-96f0-23dd98cb0661"/>
    <skos:scopeNote xml:lang="en">{"id": "ca2c764a-4b63-4655-b33b-321d42b459c9", "value": "A commonly coppiced wood from the genus Corylus."}</skos:scopeNote>
    <dcterms:identifier xml:lang="en">{"id": "6a0a8bed-24d4-4849-aef1-fedf9dc9cbff", "value": "http://purl.org/heritagedata/schemes/73/concepts/164107"}</dcterms:identifier>
    <skos:prefLabel xml:lang="en">{"id": "508a1277-1f47-4e6e-80b4-f1906a3ead23", "value": "Hazel"}</skos:prefLabel>
  </skos:Concept>
  <skos:Concept rdf:about="http://localhost:8000/28c5ac00-bf3b-3026-98ac-da0212854cc7">
    <skos:prefLabel xml:lang="en">{"id": "6d41c144-2d91-480e-bbe7-490bac9fd77f", "value": "Plaster"}</skos:prefLabel>
    <skos:scopeNote xml:lang="en">{"id": "b546fef8-ddc6-4bb0-a1ab-4224d2361762", "value": "A building material used for coating walls and ceilings. Plaster can refer to gypsum plaster (also known as plaster of Paris), lime plaster, or cement plaster."}</skos:scopeNote>
    <dcterms:identifier xml:lang="en">{"id": "5e361ff1-fd5e-45e6-b38d-8156ed923463", "value": "http://purl.org/heritagedata/schemes/73/concepts/166988"}</dcterms:identifier>
    <skos:inScheme rdf:resource="http://localhost:8000/537a5ac5-ff00-3d5f-96f0-23dd98cb0661"/>
  </skos:Concept>
  <skos:Concept rdf:about="http://localhost:8000/bc21ce08-ceb1-32b7-b8d6-59b6780ae7ad">
    <skos:prefLabel xml:lang="en">{"id": "c12f3971-71e4-4844-b671-375c04a2f9a1", "value": "Clay"}</skos:prefLabel>
    <skos:inScheme rdf:resource="http://localhost:8000/537a5ac5-ff00-3d5f-96f0-23dd98cb0661"/>
    <skos:scopeNote xml:lang="en">{"id": "dc3871e8-11f3-4938-9b05-cc31e8ba66b1", "value": "A fine grained earth which becomes more plastic when water is added and can be moulded and dried to make bricks, tile, pottery, etc."}</skos:scopeNote>
    <dcterms:identifier xml:lang="en">{"id": "db682b8c-beca-47f1-903d-76b3a9c3f0a5", "value": "http://purl.org/heritagedata/schemes/73/concepts/75348"}</dcterms:identifier>
  </skos:Concept>
</rdf:RDF>
