<?xml version="1.0" encoding="utf-8"?>
<rdf:RDF
  xmlns:skos="http://www.w3.org/2004/02/skos/core#"
  xmlns:dcterms="http://purl.org/dc/terms/"
  xmlns:rdf="http://www.w3.org/1999/02/22-rdf-syntax-ns#"
>
  <skos:Concept rdf:about="http://localhost:8000/b10d3bc8-c07f-4215-82d8-5f9a0587b0bf">
    <skos:prefLabel xml:lang="en">{"id": "a3ea7c6a-6d3a-4f76-9961-d61dda01cbd4", "value": "Millenium"}</skos:prefLabel>
    <skos:inScheme>
      <skos:ConceptScheme rdf:about="http://localhost:8000/d4eb8c35-1c05-4944-b178-0906af550307">
        <dcterms:title xml:lang="en">{"id": "84de29b9-7c28-4301-b511-30ccd4a31135", "value": "Historic Period Types"}</dcterms:title>
        <skos:hasTopConcept rdf:resource="http://localhost:8000/d66ca3fd-f18f-4b66-bebe-d48180bdacad"/>
        <skos:hasTopConcept rdf:resource="http://localhost:8000/61bbe03f-8cd1-48d3-aab7-19c663ae9557"/>
        <skos:hasTopConcept rdf:resource="http://localhost:8000/636460c3-026f-4bf4-8c0a-243f112a7dbd"/>
        <skos:hasTopConcept rdf:resource="http://localhost:8000/c2b670af-0cda-4e60-8988-936facb04119"/>
        <skos:hasTopConcept rdf:resource="http://localhost:8000/089016f5-73e3-48b4-937d-12371db7b3ca"/>
        <skos:hasTopConcept rdf:resource="http://localhost:8000/b3e79bf1-8b5c-4893-a7df-99983fe6bc9a"/>
        <dcterms:identifier xml:lang="en">{"id": "9262eeac-c526-4fa0-957e-3801a05e2d0a", "value": "http://localhost:8000/d4eb8c35-1c05-4944-b178-0906af550307"}</dcterms:identifier>
        <skos:hasTopConcept rdf:resource="http://localhost:8000/5b63580c-646e-42d8-948e-1a298ec5c87e"/>
        <skos:hasTopConcept rdf:resource="http://localhost:8000/fdc6eac6-0159-4b8f-a7d4-f0ffcc2513f8"/>
        <skos:hasTopConcept rdf:resource="http://localhost:8000/b10d3bc8-c07f-4215-82d8-5f9a0587b0bf"/>
        <skos:hasTopConcept rdf:resource="http://localhost:8000/2d9c9a34-a9e8-4789-b031-1630278e3980"/>
      </skos:ConceptScheme>
    </skos:inScheme>
    <dcterms:identifier xml:lang="en">{"id": "0dac9b07-a473-4277-b60d-b0856681dbd6", "value": "http://localhost:8000/b10d3bc8-c07f-4215-82d8-5f9a0587b0bf"}</dcterms:identifier>
  </skos:Concept>
  <skos:Concept rdf:about="http://localhost:8000/636460c3-026f-4bf4-8c0a-243f112a7dbd">
    <skos:inScheme rdf:resource="http://localhost:8000/d4eb8c35-1c05-4944-b178-0906af550307"/>
    <skos:prefLabel xml:lang="en">{"id": "4c919405-6258-46f8-a6b8-43e3b47f9330", "value": "Artistic Period"}</skos:prefLabel>
    <dcterms:identifier xml:lang="en">{"id": "3a912581-d1ba-49a3-906c-bffed700d712", "value": "http://localhost:8000/636460c3-026f-4bf4-8c0a-243f112a7dbd"}</dcterms:identifier>
  </skos:Concept>
  <skos:Concept rdf:about="http://localhost:8000/5b63580c-646e-42d8-948e-1a298ec5c87e">
    <skos:inScheme rdf:resource="http://localhost:8000/d4eb8c35-1c05-4944-b178-0906af550307"/>
    <skos:prefLabel xml:lang="en">{"id": "ef079170-7bbd-445d-a499-3d3319f2fa5e", "value": "Religious Period"}</skos:prefLabel>
    <dcterms:identifier xml:lang="en">{"id": "811b8b59-041e-472e-b20d-ef80a5ee7620", "value": "http://localhost:8000/5b63580c-646e-42d8-948e-1a298ec5c87e"}</dcterms:identifier>
  </skos:Concept>
  <skos:Concept rdf:about="http://localhost:8000/2d9c9a34-a9e8-4789-b031-1630278e3980">
    <dcterms:identifier xml:lang="en">{"id": "96048543-1d93-40c0-a6b8-e3afae97b120", "value": "http://localhost:8000/2d9c9a34-a9e8-4789-b031-1630278e3980"}</dcterms:identifier>
    <skos:prefLabel xml:lang="en">{"id": "9bc06912-4d72-4c72-aecb-9a6ab5130133", "value": "Geological Period"}</skos:prefLabel>
    <skos:inScheme rdf:resource="http://localhost:8000/d4eb8c35-1c05-4944-b178-0906af550307"/>
  </skos:Concept>
  <skos:Concept rdf:about="http://localhost:8000/61bbe03f-8cd1-48d3-aab7-19c663ae9557">
    <skos:prefLabel xml:lang="en">{"id": "a55a6b8b-29d6-49e7-8547-ed85ed56cbe1", "value": "Decade"}</skos:prefLabel>
    <dcterms:identifier xml:lang="en">{"id": "52aee798-05cb-44c3-b32e-c1186326a336", "value": "http://localhost:8000/61bbe03f-8cd1-48d3-aab7-19c663ae9557"}</dcterms:identifier>
    <skos:inScheme rdf:resource="http://localhost:8000/d4eb8c35-1c05-4944-b178-0906af550307"/>
  </skos:Concept>
  <skos:Concept rdf:about="http://localhost:8000/c2b670af-0cda-4e60-8988-936facb04119">
    <skos:prefLabel xml:lang="en">{"id": "dbfe2553-8157-4926-bf52-c7cd50707937", "value": "Century"}</skos:prefLabel>
    <skos:inScheme rdf:resource="http://localhost:8000/d4eb8c35-1c05-4944-b178-0906af550307"/>
    <dcterms:identifier xml:lang="en">{"id": "4e500e56-34e8-43df-991b-fe39e6f39c10", "value": "http://localhost:8000/c2b670af-0cda-4e60-8988-936facb04119"}</dcterms:identifier>
  </skos:Concept>
  <skos:Concept rdf:about="http://localhost:8000/fdc6eac6-0159-4b8f-a7d4-f0ffcc2513f8">
    <skos:inScheme rdf:resource="http://localhost:8000/d4eb8c35-1c05-4944-b178-0906af550307"/>
    <dcterms:identifier xml:lang="en">{"id": "24a56f9c-ef54-438a-a6b9-ea315c35cd3c", "value": "http://localhost:8000/fdc6eac6-0159-4b8f-a7d4-f0ffcc2513f8"}</dcterms:identifier>
    <skos:prefLabel xml:lang="en">{"id": "e2deb8ea-ef5c-4f70-b06a-a5acd31c9932", "value": "Historic Period"}</skos:prefLabel>
  </skos:Concept>
  <skos:Concept rdf:about="http://localhost:8000/b3e79bf1-8b5c-4893-a7df-99983fe6bc9a">
    <skos:inScheme rdf:resource="http://localhost:8000/d4eb8c35-1c05-4944-b178-0906af550307"/>
    <skos:prefLabel xml:lang="en">{"id": "a6fa2041-ccbd-4aa8-ad3e-6ba139f471ff", "value": "Technological Period"}</skos:prefLabel>
    <dcterms:identifier xml:lang="en">{"id": "29ade3b0-e1e5-409a-9684-04997c310f9c", "value": "http://localhost:8000/b3e79bf1-8b5c-4893-a7df-99983fe6bc9a"}</dcterms:identifier>
  </skos:Concept>
  <skos:Concept rdf:about="http://localhost:8000/089016f5-73e3-48b4-937d-12371db7b3ca">
    <skos:inScheme rdf:resource="http://localhost:8000/d4eb8c35-1c05-4944-b178-0906af550307"/>
    <skos:prefLabel xml:lang="en">{"id": "b3ef595c-bddb-46df-9e58-6b739b22e0d7", "value": "Political Period"}</skos:prefLabel>
    <dcterms:identifier xml:lang="en">{"id": "168e49ba-b700-4813-ac04-e13c5d4e1041", "value": "http://localhost:8000/089016f5-73e3-48b4-937d-12371db7b3ca"}</dcterms:identifier>
  </skos:Concept>
  <skos:Concept rdf:about="http://localhost:8000/d66ca3fd-f18f-4b66-bebe-d48180bdacad">
    <skos:prefLabel xml:lang="en">{"id": "11c4dce2-04c6-4ba3-b0d3-60d15498bc19", "value": "Cultural Period"}</skos:prefLabel>
    <dcterms:identifier xml:lang="en">{"id": "b055044c-8bf6-41d1-b341-7bf3a7eada91", "value": "http://localhost:8000/d66ca3fd-f18f-4b66-bebe-d48180bdacad"}</dcterms:identifier>
    <skos:inScheme rdf:resource="http://localhost:8000/d4eb8c35-1c05-4944-b178-0906af550307"/>
  </skos:Concept>
</rdf:RDF>
