<?xml version="1.0" encoding="utf-8"?>
<rdf:RDF
  xmlns:skos="http://www.w3.org/2004/02/skos/core#"
  xmlns:dcterms="http://purl.org/dc/terms/"
  xmlns:rdf="http://www.w3.org/1999/02/22-rdf-syntax-ns#"
>
  <skos:Concept rdf:about="http://localhost:8000/2e6ffdaa-9932-3d3f-bd2a-6a587fd91506">
    <skos:narrower>
      <skos:Concept rdf:about="http://localhost:8000/32018367-3322-3144-9d39-9b0ebab7cc58">
        <dcterms:identifier xml:lang="en">{"id": "77513f8b-6384-4741-9496-c23d592a58fb", "value": "http://purl.org/heritagedata/schemes/465/concepts/133025"}</dcterms:identifier>
        <skos:prefLabel xml:lang="en">{"id": "5f372a1b-6d1c-4177-995b-54d0cf53d25d", "value": "Rubbing"}</skos:prefLabel>
        <skos:inScheme rdf:resource="http://localhost:8000/fccab47b-27b7-3f90-bca5-906f38697b14"/>
      </skos:Concept>
    </skos:narrower>
    <skos:narrower>
      <skos:Concept rdf:about="http://localhost:8000/4ecefe0f-18ad-3055-aa35-1d9d960d108c">
        <skos:narrower rdf:resource="http://localhost:8000/2547528b-1da9-3a00-9580-88d972916389"/>
        <skos:narrower rdf:resource="http://localhost:8000/2a06d591-4aa6-3029-93bf-cd4748c91121"/>
        <skos:inScheme rdf:resource="http://localhost:8000/fccab47b-27b7-3f90-bca5-906f38697b14"/>
        <skos:narrower rdf:resource="http://localhost:8000/d7010584-c12c-4c3f-b594-659bc063c3e6"/>
        <skos:narrower rdf:resource="http://localhost:8000/64f26094-3d1b-4be3-8475-860c235a3527"/>
        <skos:narrower rdf:resource="http://localhost:8000/d7292d8d-a375-3792-a5cc-08fc23621d00"/>
        <skos:narrower rdf:resource="http://localhost:8000/6b6d73a9-d452-3be9-a7aa-0e55728464f7"/>
        <skos:prefLabel xml:lang="en">{"id": "a2296faf-a891-42e0-ac4e-ee1da5811fb3", "value": "Photographic Material"}</skos:prefLabel>
        <dcterms:identifier xml:lang="en">{"id": "46ca4558-5f37-4ab3-b049-17517d09e748", "value": "http://purl.org/heritagedata/schemes/465/concepts/133017"}</dcterms:identifier>
        <skos:narrower rdf:resource="http://localhost:8000/812ea63b-924b-3b5c-8a24-101dce6eded3"/>
      </skos:Concept>
    </skos:narrower>
    <dcterms:identifier xml:lang="en">{"id": "18ae7420-7f44-473a-9613-6bb6b2eacc89", "value": "http://purl.org/heritagedata/schemes/465/concepts/132960"}</dcterms:identifier>
    <skos:narrower>
      <skos:Concept rdf:about="http://localhost:8000/4f2e6f5c-d843-3572-aeb2-966131553d97">
        <skos:inScheme rdf:resource="http://localhost:8000/fccab47b-27b7-3f90-bca5-906f38697b14"/>
        <skos:prefLabel xml:lang="en">{"id": "fc93821a-0aa6-441e-b424-27c012059752", "value": "Perspective Drawing"}</skos:prefLabel>
        <dcterms:identifier xml:lang="en">{"id": "94c1c6f7-7354-4862-b386-a49ffa92239e", "value": "http://purl.org/heritagedata/schemes/465/concepts/132998"}</dcterms:identifier>
      </skos:Concept>
    </skos:narrower>
    <skos:narrower>
      <skos:Concept rdf:about="http://localhost:8000/168b59a3-952f-3e55-8634-b790a1956293">
        <skos:prefLabel xml:lang="en">{"id": "8c110052-2b59-4804-8dc6-233e8e2104a5", "value": "Postcard"}</skos:prefLabel>
        <skos:inScheme rdf:resource="http://localhost:8000/fccab47b-27b7-3f90-bca5-906f38697b14"/>
        <dcterms:identifier xml:lang="en">{"id": "2b2dbd43-989b-43ba-95d9-6f182fd1b54d", "value": "http://purl.org/heritagedata/schemes/465/concepts/133021"}</dcterms:identifier>
      </skos:Concept>
    </skos:narrower>
    <skos:narrower>
      <skos:Concept rdf:about="http://localhost:8000/c8eee2f7-8bfd-3f9f-92c1-2b419ea625ac">
        <dcterms:identifier xml:lang="en">{"id": "d7df03ae-7bcf-4e8b-b490-5b35ace731cd", "value": "http://purl.org/heritagedata/schemes/465/concepts/132878"}</dcterms:identifier>
        <skos:inScheme rdf:resource="http://localhost:8000/fccab47b-27b7-3f90-bca5-906f38697b14"/>
        <skos:prefLabel xml:lang="en">{"id": "e34953b1-fe5e-463a-ba8d-59635bfb867a", "value": "Art Material"}</skos:prefLabel>
      </skos:Concept>
    </skos:narrower>
    <skos:narrower>
      <skos:Concept rdf:about="http://localhost:8000/49a31643-14ca-3afc-97a8-bac1c80a2a4a">
        <skos:inScheme rdf:resource="http://localhost:8000/fccab47b-27b7-3f90-bca5-906f38697b14"/>
        <dcterms:identifier xml:lang="en">{"id": "b325dd3d-119d-4fa2-843c-498749a8fe89", "value": "http://purl.org/heritagedata/schemes/465/concepts/132902"}</dcterms:identifier>
        <skos:prefLabel xml:lang="en">{"id": "9a96ed8b-db53-4d88-ac7a-b1f4ea44d86f", "value": "Topographical Drawing"}</skos:prefLabel>
        <skos:narrower rdf:resource="http://localhost:8000/5b6f431e-0cd0-30aa-b9e0-e0b5a6eafe51"/>
      </skos:Concept>
    </skos:narrower>
    <skos:narrower>
      <skos:Concept rdf:about="http://localhost:8000/301f02c1-4a40-345e-b859-9e635cc7d6bd">
        <dcterms:identifier xml:lang="en">{"id": "ab34d499-51aa-41cf-8ceb-c7a7334f157e", "value": "http://purl.org/heritagedata/schemes/465/concepts/132879"}</dcterms:identifier>
        <skos:inScheme rdf:resource="http://localhost:8000/fccab47b-27b7-3f90-bca5-906f38697b14"/>
        <skos:prefLabel xml:lang="en">{"id": "f5f4a64b-7e73-40a7-a7d8-01b8147f46af", "value": "Art Pad"}</skos:prefLabel>
      </skos:Concept>
    </skos:narrower>
    <skos:narrower>
      <skos:Concept rdf:about="http://localhost:8000/8ab834d2-33c1-356a-8341-2b1b3cdbddc9">
        <dcterms:identifier xml:lang="en">{"id": "2b781d66-3df5-4483-8a55-656fdb8e080f", "value": "http://purl.org/heritagedata/schemes/465/concepts/139834"}</dcterms:identifier>
        <skos:inScheme rdf:resource="http://localhost:8000/fccab47b-27b7-3f90-bca5-906f38697b14"/>
        <skos:narrower rdf:resource="http://localhost:8000/2966856a-a3ff-3653-9a7b-426d4042f912"/>
        <skos:prefLabel xml:lang="en">{"id": "db25e8a1-b860-4e52-8967-e40c50beff51", "value": "Excavation Drawing"}</skos:prefLabel>
      </skos:Concept>
    </skos:narrower>
    <skos:narrower>
      <skos:Concept rdf:about="http://localhost:8000/211a3bb2-d716-3ae6-8b2d-8d317ecc1d94">
        <skos:inScheme rdf:resource="http://localhost:8000/fccab47b-27b7-3f90-bca5-906f38697b14"/>
        <skos:prefLabel xml:lang="en">{"id": "abaeac25-5bb0-45a9-9518-f28ef325aed6", "value": "Isometric Drawing"}</skos:prefLabel>
        <dcterms:identifier xml:lang="en">{"id": "6d1a8013-b20a-489a-8014-1efcec2e1d16", "value": "http://purl.org/heritagedata/schemes/465/concepts/132901"}</dcterms:identifier>
      </skos:Concept>
    </skos:narrower>
    <skos:narrower>
      <skos:Concept rdf:about="http://localhost:8000/e9e1209d-4fbf-3958-91f0-24558bbd4785">
        <dcterms:identifier xml:lang="en">{"id": "da57c189-f2ea-496d-8e3b-49eb7fc1f4b6", "value": "http://purl.org/heritagedata/schemes/465/concepts/132898"}</dcterms:identifier>
        <skos:prefLabel xml:lang="en">{"id": "2955a513-c296-400f-9a72-63efbe999757", "value": "Artefact Drawing"}</skos:prefLabel>
        <skos:inScheme rdf:resource="http://localhost:8000/fccab47b-27b7-3f90-bca5-906f38697b14"/>
      </skos:Concept>
    </skos:narrower>
    <skos:narrower>
      <skos:Concept rdf:about="http://localhost:8000/2ea56e9f-9745-38ee-b424-fb6f1a523fe5">
        <skos:prefLabel xml:lang="en">{"id": "5daf9a14-e299-408e-8bfb-18b6db8abf27", "value": "Table"}</skos:prefLabel>
        <skos:scopeNote xml:lang="en">{"id": "b13f98e1-f9e2-4e5c-b6fb-2ff9c1461eb2", "value": "?what does this mean?"}</skos:scopeNote>
        <skos:inScheme rdf:resource="http://localhost:8000/fccab47b-27b7-3f90-bca5-906f38697b14"/>
        <dcterms:identifier xml:lang="en">{"id": "03807587-2e51-4eca-a437-bdf0d0f8c36a", "value": "http://purl.org/heritagedata/schemes/465/concepts/132954"}</dcterms:identifier>
      </skos:Concept>
    </skos:narrower>
    <skos:narrower>
      <skos:Concept rdf:about="http://localhost:8000/9d718120-97f3-345a-921a-28df2d66e36f">
        <skos:inScheme rdf:resource="http://localhost:8000/fccab47b-27b7-3f90-bca5-906f38697b14"/>
        <dcterms:identifier xml:lang="en">{"id": "8934b98b-bad6-42da-9ee4-f8e0dbca0801", "value": "http://purl.org/heritagedata/schemes/465/concepts/133022"}</dcterms:identifier>
        <skos:prefLabel xml:lang="en">{"id": "caa4a715-ed40-4f13-b5ab-fce7d63c2ef1", "value": "Print (Art)"}</skos:prefLabel>
      </skos:Concept>
    </skos:narrower>
    <skos:scopeNote xml:lang="en">{"id": "01c0ce98-a693-4c60-a05f-33d0afb05314", "value": "Pictorial, painted or drawn material such as slides, drawings, photos, plans excluding cartographic."}</skos:scopeNote>
    <skos:narrower>
      <skos:Concept rdf:about="http://localhost:8000/daef52a4-3617-3d28-ab94-b870478c2a40">
        <skos:prefLabel xml:lang="en">{"id": "9eb6aeb4-979c-4c4e-83a0-6c3b1d6b4278", "value": "Reconstruction Drawing"}</skos:prefLabel>
        <skos:inScheme rdf:resource="http://localhost:8000/fccab47b-27b7-3f90-bca5-906f38697b14"/>
        <dcterms:identifier xml:lang="en">{"id": "49ad84a1-419d-4aea-a54a-7a368d349933", "value": "http://purl.org/heritagedata/schemes/465/concepts/132999"}</dcterms:identifier>
      </skos:Concept>
    </skos:narrower>
    <skos:narrower>
      <skos:Concept rdf:about="http://localhost:8000/f29344c0-20be-37f6-ac14-269f58656e72">
        <skos:inScheme rdf:resource="http://localhost:8000/fccab47b-27b7-3f90-bca5-906f38697b14"/>
        <skos:prefLabel xml:lang="en">{"id": "39bf8a54-5697-49e2-9450-6700c137f197", "value": "Section"}</skos:prefLabel>
        <dcterms:identifier xml:lang="en">{"id": "80ccab9f-4b84-4550-8831-69b9a2ed0178", "value": "http://purl.org/heritagedata/schemes/465/concepts/132947"}</dcterms:identifier>
      </skos:Concept>
    </skos:narrower>
    <skos:inScheme>
      <skos:ConceptScheme rdf:about="http://localhost:8000/fccab47b-27b7-3f90-bca5-906f38697b14">
        <dcterms:description xml:lang="en">{"id": "a76f3609-34ba-48a2-852d-fd361446d1a8", "value": "Used to record types of archive object associated with Monuments and Events."}</dcterms:description>
        <dcterms:identifier xml:lang="en">{"id": "59358c4b-9ae6-4fa1-ac61-3ad1f1fe904d", "value": "http://purl.org/heritagedata/schemes/465"}</dcterms:identifier>
        <dcterms:title xml:lang="en">{"id": "b43e82bb-8488-4c8f-ba30-347f1db1d30e", "value": "Historic England Archive Type Thesaurus"}</dcterms:title>
        <skos:hasTopConcept rdf:resource="http://localhost:8000/59db78ea-2da7-359b-a88b-570d7d8c36cb"/>
        <skos:hasTopConcept rdf:resource="http://localhost:8000/2ed8d933-03be-3415-be6d-f29c1bcfd322"/>
      </skos:ConceptScheme>
    </skos:inScheme>
    <skos:narrower>
      <skos:Concept rdf:about="http://localhost:8000/d20e5ec2-e21e-31e7-8806-76275b1937c9">
        <skos:narrower rdf:resource="http://localhost:8000/605a0ba7-d8d6-34c2-993d-2c499d91a33c"/>
        <skos:prefLabel xml:lang="en">{"id": "42003c66-c134-4419-afee-8fdd05e8861b", "value": "Architectural Drawing"}</skos:prefLabel>
        <skos:inScheme rdf:resource="http://localhost:8000/fccab47b-27b7-3f90-bca5-906f38697b14"/>
        <skos:narrower rdf:resource="http://localhost:8000/ed695dac-0553-3567-8a6c-5b3acdc0b9f5"/>
        <skos:narrower rdf:resource="http://localhost:8000/a802a00f-7009-3739-86e7-db018722e487"/>
        <dcterms:identifier xml:lang="en">{"id": "2047c337-2e89-4d43-82da-8f7416b2a124", "value": "http://purl.org/heritagedata/schemes/465/concepts/132897"}</dcterms:identifier>
      </skos:Concept>
    </skos:narrower>
    <skos:narrower>
      <skos:Concept rdf:about="http://localhost:8000/4436b563-3559-335d-8a7c-377457002799">
        <skos:prefLabel xml:lang="en">{"id": "932b9ddd-da58-43e9-95a1-5c3da0ab8e5d", "value": "Axonometric Drawing"}</skos:prefLabel>
        <skos:scopeNote xml:lang="en">{"id": "9b258369-302d-4f27-abe9-b016ea8b5a11", "value": "NB currently Includes ISOMETRIC though this has a separate term."}</skos:scopeNote>
        <dcterms:identifier xml:lang="en">{"id": "a88418b9-3ed7-46ff-9c47-6cd9f5befcd1", "value": "http://purl.org/heritagedata/schemes/465/concepts/132899"}</dcterms:identifier>
        <skos:inScheme rdf:resource="http://localhost:8000/fccab47b-27b7-3f90-bca5-906f38697b14"/>
      </skos:Concept>
    </skos:narrower>
    <skos:narrower>
      <skos:Concept rdf:about="http://localhost:8000/851bcf06-c839-335e-b9de-36cf636354df">
        <skos:inScheme rdf:resource="http://localhost:8000/fccab47b-27b7-3f90-bca5-906f38697b14"/>
        <skos:prefLabel xml:lang="en">{"id": "787662f1-e3f5-46e7-bf62-1bfacfe1fc39", "value": "Sketch"}</skos:prefLabel>
        <dcterms:identifier xml:lang="en">{"id": "efcddf1f-ebfc-4d05-ab9e-8b50862d1077", "value": "http://purl.org/heritagedata/schemes/465/concepts/132949"}</dcterms:identifier>
      </skos:Concept>
    </skos:narrower>
    <skos:narrower>
      <skos:Concept rdf:about="http://localhost:8000/e73f8698-a7b9-356e-946d-6012a37c28f9">
        <skos:prefLabel xml:lang="en">{"id": "b133611c-2559-4b79-b277-f480e2eed8a9", "value": "Ink-Jet Print"}</skos:prefLabel>
        <skos:scopeNote xml:lang="en">{"id": "5de8578a-3e80-4988-ab14-f6efb11ea90c", "value": "Photographic image produced using an ink-jet printer."}</skos:scopeNote>
        <dcterms:identifier xml:lang="en">{"id": "cbecb271-fffe-4a24-a680-706300a93d54", "value": "http://purl.org/heritagedata/schemes/465/concepts/134942"}</dcterms:identifier>
        <skos:inScheme rdf:resource="http://localhost:8000/fccab47b-27b7-3f90-bca5-906f38697b14"/>
      </skos:Concept>
    </skos:narrower>
    <skos:narrower>
      <skos:Concept rdf:about="http://localhost:8000/a4439138-07f2-3488-99d2-731eb5a0c9f4">
        <skos:inScheme rdf:resource="http://localhost:8000/fccab47b-27b7-3f90-bca5-906f38697b14"/>
        <skos:prefLabel xml:lang="en">{"id": "036698c2-4680-4aa0-99e9-c669e52e3b0d", "value": "Computer Generated Plot"}</skos:prefLabel>
        <dcterms:identifier xml:lang="en">{"id": "f7f27f4f-137b-4218-97ca-39cffe585fec", "value": "http://purl.org/heritagedata/schemes/465/concepts/132942"}</dcterms:identifier>
      </skos:Concept>
    </skos:narrower>
    <skos:narrower>
      <skos:Concept rdf:about="http://localhost:8000/94434b8d-4281-39ed-9812-0271323e658c">
        <skos:inScheme rdf:resource="http://localhost:8000/fccab47b-27b7-3f90-bca5-906f38697b14"/>
        <dcterms:identifier xml:lang="en">{"id": "03876240-db4f-4bb8-aed8-ba28230616a8", "value": "http://purl.org/heritagedata/schemes/465/concepts/133009"}</dcterms:identifier>
        <skos:prefLabel xml:lang="en">{"id": "ebda4f35-af38-49dc-9099-130df8165c48", "value": "Painting"}</skos:prefLabel>
      </skos:Concept>
    </skos:narrower>
    <skos:narrower>
      <skos:Concept rdf:about="http://localhost:8000/2c5f34c4-4a0e-38f0-b739-b21f2ac4b618">
        <dcterms:identifier xml:lang="en">{"id": "787a031d-9ec6-498e-ab7f-cf4637bee0c5", "value": "http://purl.org/heritagedata/schemes/465/concepts/132906"}</dcterms:identifier>
        <skos:prefLabel xml:lang="en">{"id": "b3b42f41-2167-4497-835e-7be1de60d525", "value": "Graph"}</skos:prefLabel>
        <skos:inScheme rdf:resource="http://localhost:8000/fccab47b-27b7-3f90-bca5-906f38697b14"/>
      </skos:Concept>
    </skos:narrower>
    <skos:narrower>
      <skos:Concept rdf:about="http://localhost:8000/de63f6a6-52c8-364b-8cb6-bbea10c23cb5">
        <skos:scopeNote xml:lang="en">{"id": "0dbab695-99ce-413a-bc75-cd889d9d6469", "value": "Reproductive process for non-photographic media in which the image is created by transferring ink from a plate, block etc."}</skos:scopeNote>
        <skos:narrower rdf:resource="http://localhost:8000/fffbe346-8103-34c0-a13e-5453117d5a56"/>
        <skos:inScheme rdf:resource="http://localhost:8000/fccab47b-27b7-3f90-bca5-906f38697b14"/>
        <skos:prefLabel xml:lang="en">{"id": "bfa33aca-d681-416e-80c0-85d8d78a7459", "value": "Print (Mechanical)"}</skos:prefLabel>
        <dcterms:identifier xml:lang="en">{"id": "065d6973-2d6c-402c-9420-fafb1cb3bbee", "value": "http://purl.org/heritagedata/schemes/465/concepts/133023"}</dcterms:identifier>
      </skos:Concept>
    </skos:narrower>
    <skos:prefLabel xml:lang="en">{"id": "3255ca6b-fd77-4a96-9436-f371cb3e82f1", "value": "Graphic Material"}</skos:prefLabel>
  </skos:Concept>
  <skos:Concept rdf:about="http://localhost:8000/1d5d673f-8ac4-3fb6-80f8-faffda08b25b">
    <skos:prefLabel xml:lang="en">{"id": "c13d3307-e268-4308-bf98-1f9ce63fb973", "value": "Polaroid Print"}</skos:prefLabel>
    <skos:inScheme rdf:resource="http://localhost:8000/fccab47b-27b7-3f90-bca5-906f38697b14"/>
    <skos:scopeNote xml:lang="en">{"id": "87c64652-8646-4d42-85a8-a5a1a0add6f7", "value": "Photographic print on self-developing photographic paper in a format developed by Polaroid in the 1970's"}</skos:scopeNote>
    <dcterms:identifier xml:lang="en">{"id": "53e48216-37ef-48df-bc71-330cf24f9ba8", "value": "http://purl.org/heritagedata/schemes/465/concepts/134941"}</dcterms:identifier>
  </skos:Concept>
  <skos:Concept rdf:about="http://localhost:8000/e5714a6f-3c22-3a03-82dd-64f14c8d5563">
    <skos:inScheme rdf:resource="http://localhost:8000/fccab47b-27b7-3f90-bca5-906f38697b14"/>
    <dcterms:identifier xml:lang="en">{"id": "71066b1d-8e93-4417-902e-2a0ddb95dfaa", "value": "http://purl.org/heritagedata/schemes/465/concepts/132880"}</dcterms:identifier>
    <skos:scopeNote xml:lang="en">{"id": "44b1fe80-a6f5-4a86-bbd6-54cef70e680d", "value": "A written work being one of several found in a monograph or serial"}</skos:scopeNote>
    <skos:prefLabel xml:lang="en">{"id": "22ca1922-4d0b-46ce-92d0-475c40a73e95", "value": "Article"}</skos:prefLabel>
  </skos:Concept>
  <skos:Concept rdf:about="http://localhost:8000/1ae95829-9d62-3c1c-9ab4-473024c34eeb">
    <dcterms:identifier xml:lang="en">{"id": "7c0993cd-eead-4896-a91e-00c51cdf9fe8", "value": "http://purl.org/heritagedata/schemes/465/concepts/132945"}</dcterms:identifier>
    <skos:inScheme rdf:resource="http://localhost:8000/fccab47b-27b7-3f90-bca5-906f38697b14"/>
    <skos:related>
      <skos:Concept rdf:about="http://localhost:8000/80c546ca-407e-39cd-82d9-a97517bbeaaf">
        <skos:inScheme rdf:resource="http://localhost:8000/fccab47b-27b7-3f90-bca5-906f38697b14"/>
        <dcterms:identifier xml:lang="en">{"id": "571c4bb7-c4f8-41f6-af14-982e86e24d8d", "value": "http://purl.org/heritagedata/schemes/465/concepts/132996"}</dcterms:identifier>
        <skos:related rdf:resource="http://localhost:8000/1ae95829-9d62-3c1c-9ab4-473024c34eeb"/>
        <skos:prefLabel xml:lang="en">{"id": "2c1ca4dd-a7c6-49ad-bb64-dc646f83659b", "value": "Context Sheet"}</skos:prefLabel>
        <skos:scopeNote xml:lang="en">{"id": "80d57054-ba9f-406a-ad3d-a3ac34f45057", "value": "Record of an individual context (ie layer or feature) from an archaeological excavation."}</skos:scopeNote>
      </skos:Concept>
    </skos:related>
    <skos:prefLabel xml:lang="en">{"id": "9fd92954-6090-4467-a856-08a2974e88b8", "value": "Record Sheet"}</skos:prefLabel>
    <skos:related>
      <skos:Concept rdf:about="http://localhost:8000/83de8e33-ffd4-3638-b665-10d90f612e35">
        <skos:prefLabel xml:lang="en">{"id": "92befd3a-a1ac-49e1-8dca-ba083920caf6", "value": "Finds Record Sheet"}</skos:prefLabel>
        <skos:related rdf:resource="http://localhost:8000/1ae95829-9d62-3c1c-9ab4-473024c34eeb"/>
        <dcterms:identifier xml:lang="en">{"id": "6d414a40-6084-4135-b909-0a4618c4b571", "value": "http://purl.org/heritagedata/schemes/465/concepts/133024"}</dcterms:identifier>
        <skos:inScheme rdf:resource="http://localhost:8000/fccab47b-27b7-3f90-bca5-906f38697b14"/>
      </skos:Concept>
    </skos:related>
  </skos:Concept>
  <skos:Concept rdf:about="http://localhost:8000/92ed1b8a-c3cb-34c5-8fd2-a3a71c27863b">
    <dcterms:identifier xml:lang="en">{"id": "2839bc4d-e09e-4aac-b382-c38009a38a93", "value": "http://purl.org/heritagedata/schemes/465/concepts/133004"}</dcterms:identifier>
    <skos:inScheme rdf:resource="http://localhost:8000/fccab47b-27b7-3f90-bca5-906f38697b14"/>
    <skos:prefLabel xml:lang="en">{"id": "6c7866fa-0c89-4492-adab-9dc0c8d8e224", "value": "Matrices"}</skos:prefLabel>
  </skos:Concept>
  <skos:Concept rdf:about="http://localhost:8000/87817d66-69b1-3e92-8254-d0a0d7501ffc">
    <skos:narrower>
      <skos:Concept rdf:about="http://localhost:8000/a6f3120a-5839-3757-b03f-b1864358f916">
        <skos:inScheme rdf:resource="http://localhost:8000/fccab47b-27b7-3f90-bca5-906f38697b14"/>
        <skos:prefLabel xml:lang="en">{"id": "6dc187d3-82f4-4439-be26-4836a8256e85", "value": "Sale Catalogue"}</skos:prefLabel>
        <skos:scopeNote xml:lang="en">{"id": "362dd7f5-476f-4000-9cad-7d111b15fe72", "value": "Particulars of a property for sale."}</skos:scopeNote>
        <dcterms:identifier xml:lang="en">{"id": "bc4d2a85-dba9-4661-aaf6-74805a666107", "value": "http://purl.org/heritagedata/schemes/465/concepts/133026"}</dcterms:identifier>
      </skos:Concept>
    </skos:narrower>
    <skos:narrower>
      <skos:Concept rdf:about="http://localhost:8000/a783bd7f-235e-43f9-b130-22e5e1a4db8a">
        <dcterms:identifier xml:lang="en">{"id": "3288e251-2cd7-4473-a766-aad401708b7e", "value": "http://purl.org/heritagedata/schemes/465/concepts/133027"}</dcterms:identifier>
        <skos:prefLabel xml:lang="en">{"id": "7f7b791a-30a0-4d6f-8b76-0bdf16a6d09c", "value": "Scrap Book"}</skos:prefLabel>
        <skos:inScheme rdf:resource="http://localhost:8000/fccab47b-27b7-3f90-bca5-906f38697b14"/>
      </skos:Concept>
    </skos:narrower>
    <skos:narrower>
      <skos:Concept rdf:about="http://localhost:8000/82121a30-53f7-46e9-a425-e3a0b242e22e">
        <dcterms:identifier xml:lang="en">{"id": "8bd1f37f-aed2-4040-b0b8-16c12e96cb3f", "value": "http://purl.org/heritagedata/schemes/465/concepts/132957"}</dcterms:identifier>
        <skos:prefLabel xml:lang="en">{"id": "d548cd09-22d4-4a9e-8b59-7ee23790b398", "value": "Unpublished Text"}</skos:prefLabel>
        <skos:inScheme rdf:resource="http://localhost:8000/fccab47b-27b7-3f90-bca5-906f38697b14"/>
      </skos:Concept>
    </skos:narrower>
    <skos:narrower>
      <skos:Concept rdf:about="http://localhost:8000/dc464021-5c73-36c5-aca0-a7babe23ae1d">
        <skos:inScheme rdf:resource="http://localhost:8000/fccab47b-27b7-3f90-bca5-906f38697b14"/>
        <skos:prefLabel xml:lang="en">{"id": "3027d437-a4af-4669-8a79-89a58801964c", "value": "Catalogue"}</skos:prefLabel>
        <dcterms:identifier xml:lang="en">{"id": "471999da-a3e2-4c31-94cc-59ea57e48f9f", "value": "http://purl.org/heritagedata/schemes/465/concepts/132994"}</dcterms:identifier>
      </skos:Concept>
    </skos:narrower>
    <skos:narrower>
      <skos:Concept rdf:about="http://localhost:8000/c41e7f5f-fa68-344e-ab33-6386b8b8191c">
        <dcterms:identifier xml:lang="en">{"id": "a461dd0a-5fc5-4d66-a5b0-f4e206c5953f", "value": "http://purl.org/heritagedata/schemes/465/concepts/132920"}</dcterms:identifier>
        <skos:scopeNote xml:lang="en">{"id": "48cbf0a8-de53-4357-9a37-25b444a838c6", "value": "Includes excavation, research and general notes."}</skos:scopeNote>
        <skos:inScheme rdf:resource="http://localhost:8000/fccab47b-27b7-3f90-bca5-906f38697b14"/>
        <skos:prefLabel xml:lang="en">{"id": "177b1097-342f-44ac-aace-9e0b573efcfc", "value": "Notebook"}</skos:prefLabel>
      </skos:Concept>
    </skos:narrower>
    <skos:narrower>
      <skos:Concept rdf:about="http://localhost:8000/5db0ed7b-b2da-3fcc-8680-f521139ae356">
        <skos:scopeNote xml:lang="en">{"id": "24ae4436-138b-467f-91ca-6c7773b0e9c3", "value": "Mechanical reproductive process using photographic, electrostatic and dry powder techniques."}</skos:scopeNote>
        <dcterms:identifier xml:lang="en">{"id": "6a4b7425-aead-4108-ac98-df7d0c8680f9", "value": "http://purl.org/heritagedata/schemes/465/concepts/133010"}</dcterms:identifier>
        <skos:prefLabel xml:lang="en">{"id": "3f913f2b-f8c2-4367-9ab9-de5ae232dfab", "value": "Photocopy"}</skos:prefLabel>
        <skos:inScheme rdf:resource="http://localhost:8000/fccab47b-27b7-3f90-bca5-906f38697b14"/>
      </skos:Concept>
    </skos:narrower>
    <skos:narrower>
      <skos:Concept rdf:about="http://localhost:8000/b16260c9-1078-3d99-89ec-9b5a94136797">
        <dcterms:identifier xml:lang="en">{"id": "1e60d9e7-2882-4495-9139-f94516c96f45", "value": "http://purl.org/heritagedata/schemes/465/concepts/132997"}</dcterms:identifier>
        <skos:scopeNote xml:lang="en">{"id": "0d79abf7-9160-4877-9d48-a4758703252d", "value": "Daily record of events or appointments."}</skos:scopeNote>
        <skos:inScheme rdf:resource="http://localhost:8000/fccab47b-27b7-3f90-bca5-906f38697b14"/>
        <skos:prefLabel xml:lang="en">{"id": "deba216c-c130-46f8-9577-6886e5625bf0", "value": "Diary"}</skos:prefLabel>
      </skos:Concept>
    </skos:narrower>
    <skos:narrower>
      <skos:Concept rdf:about="http://localhost:8000/683ccb26-083f-370d-a1cc-3e11693658e4">
        <skos:prefLabel xml:lang="en">{"id": "901a823e-36f1-4387-b3d3-0bdf30c3c954", "value": "Pamphlet"}</skos:prefLabel>
        <skos:inScheme rdf:resource="http://localhost:8000/fccab47b-27b7-3f90-bca5-906f38697b14"/>
        <dcterms:identifier xml:lang="en">{"id": "ea11cff5-bd64-4295-9ce8-17158602a34e", "value": "http://purl.org/heritagedata/schemes/465/concepts/132933"}</dcterms:identifier>
      </skos:Concept>
    </skos:narrower>
    <skos:narrower>
      <skos:Concept rdf:about="http://localhost:8000/7d5ed306-1510-311c-af30-69d8fd950469">
        <skos:prefLabel xml:lang="en">{"id": "fa165459-c9b9-44fc-9684-9f5cfc0ff7a7", "value": "Administrative Records"}</skos:prefLabel>
        <skos:narrower rdf:resource="http://localhost:8000/f1a5da6b-5329-32f1-a52a-936413ccdce1"/>
        <dcterms:identifier xml:lang="en">{"id": "fc6a7d08-f3b5-47b4-ac22-290bad57114d", "value": "http://purl.org/heritagedata/schemes/465/concepts/132873"}</dcterms:identifier>
        <skos:inScheme rdf:resource="http://localhost:8000/fccab47b-27b7-3f90-bca5-906f38697b14"/>
        <skos:narrower rdf:resource="http://localhost:8000/6b811c54-6ba6-3129-ba23-74c8c4412614"/>
        <skos:narrower rdf:resource="http://localhost:8000/e8a45831-f564-3209-a651-62582b95db1e"/>
      </skos:Concept>
    </skos:narrower>
    <skos:narrower>
      <skos:Concept rdf:about="http://localhost:8000/7877dae6-eb16-3449-8089-dcac521ade4f">
        <skos:scopeNote xml:lang="en">{"id": "46fbff2a-9e4a-40cb-aa88-9960d96cc825", "value": "Record of events."}</skos:scopeNote>
        <skos:prefLabel xml:lang="en">{"id": "3e2b93f7-bb34-48fa-ab3e-36814457188a", "value": "Journal"}</skos:prefLabel>
        <dcterms:identifier xml:lang="en">{"id": "f7f86b74-9e2a-4b77-b66b-4ea47d8aa8ae", "value": "http://purl.org/heritagedata/schemes/465/concepts/133003"}</dcterms:identifier>
        <skos:inScheme rdf:resource="http://localhost:8000/fccab47b-27b7-3f90-bca5-906f38697b14"/>
      </skos:Concept>
    </skos:narrower>
    <skos:narrower>
      <skos:Concept rdf:about="http://localhost:8000/01aca57d-fe73-3ce6-85ab-1b3b19b1e528">
        <skos:narrower rdf:resource="http://localhost:8000/168b59a3-952f-3e55-8634-b790a1956293"/>
        <skos:prefLabel xml:lang="en">{"id": "4347bb20-d400-4104-92e1-98b218123465", "value": "Correspondence"}</skos:prefLabel>
        <skos:inScheme rdf:resource="http://localhost:8000/fccab47b-27b7-3f90-bca5-906f38697b14"/>
        <dcterms:identifier xml:lang="en">{"id": "0dec4d1a-f22d-46a5-9b0b-06787c649826", "value": "http://purl.org/heritagedata/schemes/465/concepts/132896"}</dcterms:identifier>
      </skos:Concept>
    </skos:narrower>
    <skos:inScheme rdf:resource="http://localhost:8000/fccab47b-27b7-3f90-bca5-906f38697b14"/>
    <skos:scopeNote xml:lang="en">{"id": "2cf48bff-d8bb-4f24-bbac-390c90f6b7bd", "value": "Unpublished written work such as manuscripts, dissertations etc. not disseminated to the public."}</skos:scopeNote>
    <skos:prefLabel xml:lang="en">{"id": "a060f1d5-faef-4ba6-88be-3ca7f5591647", "value": "Document"}</skos:prefLabel>
    <dcterms:identifier xml:lang="en">{"id": "69f4f3e4-c1fb-485b-8c20-e727060446c7", "value": "http://purl.org/heritagedata/schemes/465/concepts/132975"}</dcterms:identifier>
    <skos:narrower>
      <skos:Concept rdf:about="http://localhost:8000/7f30ec97-6c5d-3649-a8a3-cbe71a4a411f">
        <skos:prefLabel xml:lang="en">{"id": "95834f24-6a9d-4bbd-89d2-c19d1003e879", "value": "Offprint"}</skos:prefLabel>
        <skos:scopeNote xml:lang="en">{"id": "4b70148c-4d8f-48b0-be7a-db2e948ecd22", "value": "An article, but published as a separate item."}</skos:scopeNote>
        <skos:inScheme rdf:resource="http://localhost:8000/fccab47b-27b7-3f90-bca5-906f38697b14"/>
        <dcterms:identifier xml:lang="en">{"id": "b263676c-5f44-4be6-9c12-cc1f5e317dcc", "value": "http://purl.org/heritagedata/schemes/465/concepts/132922"}</dcterms:identifier>
      </skos:Concept>
    </skos:narrower>
    <skos:narrower>
      <skos:Concept rdf:about="http://localhost:8000/010e8398-6572-3c46-892f-5d374f49ec7b">
        <dcterms:identifier xml:lang="en">{"id": "5b26b36e-76f0-40ff-83e3-c2029bdccd46", "value": "http://purl.org/heritagedata/schemes/465/concepts/132956"}</dcterms:identifier>
        <skos:inScheme rdf:resource="http://localhost:8000/fccab47b-27b7-3f90-bca5-906f38697b14"/>
        <skos:prefLabel xml:lang="en">{"id": "adb6c62a-580d-4905-9006-a38f4bbe3237", "value": "Typescript"}</skos:prefLabel>
      </skos:Concept>
    </skos:narrower>
    <skos:narrower>
      <skos:Concept rdf:about="http://localhost:8000/2d421c31-a555-3145-9578-589e322ecc49">
        <skos:inScheme rdf:resource="http://localhost:8000/fccab47b-27b7-3f90-bca5-906f38697b14"/>
        <dcterms:identifier xml:lang="en">{"id": "0ce10078-c743-477d-b1ca-46f2a01d2a8a", "value": "http://purl.org/heritagedata/schemes/465/concepts/132909"}</dcterms:identifier>
        <skos:prefLabel xml:lang="en">{"id": "697b1a09-f579-4bc7-b0d8-2357f176518d", "value": "Manuscript"}</skos:prefLabel>
      </skos:Concept>
    </skos:narrower>
    <skos:narrower>
      <skos:Concept rdf:about="http://localhost:8000/fa637926-bc70-3f08-bf00-ddc326465be4">
        <skos:inScheme rdf:resource="http://localhost:8000/fccab47b-27b7-3f90-bca5-906f38697b14"/>
        <skos:prefLabel xml:lang="en">{"id": "90988fb3-594b-4301-bd57-189c08b3d7b8", "value": "Card"}</skos:prefLabel>
        <dcterms:identifier xml:lang="en">{"id": "1782705c-17d3-4c6d-ad6e-01a17769ae6d", "value": "http://purl.org/heritagedata/schemes/465/concepts/132993"}</dcterms:identifier>
      </skos:Concept>
    </skos:narrower>
    <skos:narrower>
      <skos:Concept rdf:about="http://localhost:8000/d77b016d-d5af-3bac-a5c0-27288415bf5b">
        <skos:inScheme rdf:resource="http://localhost:8000/fccab47b-27b7-3f90-bca5-906f38697b14"/>
        <skos:scopeNote xml:lang="en">{"id": "90bd22bb-67e3-4a7a-aeba-347f43189bfb", "value": "Loose notes"}</skos:scopeNote>
        <skos:prefLabel xml:lang="en">{"id": "0ba9efb0-9b16-4e1b-82b4-2468676ccb1a", "value": "Notes"}</skos:prefLabel>
        <dcterms:identifier xml:lang="en">{"id": "a92a5f85-c354-4f63-94ce-d7e614a22b61", "value": "http://purl.org/heritagedata/schemes/465/concepts/132921"}</dcterms:identifier>
      </skos:Concept>
    </skos:narrower>
    <skos:narrower>
      <skos:Concept rdf:about="http://localhost:8000/7a854b4d-88d4-3837-bde8-b3aa7464aecd">
        <skos:inScheme rdf:resource="http://localhost:8000/fccab47b-27b7-3f90-bca5-906f38697b14"/>
        <skos:prefLabel xml:lang="en">{"id": "02c450bf-592f-46e1-ad07-6467e9235f93", "value": "Thesis"}</skos:prefLabel>
        <skos:scopeNote xml:lang="en">{"id": "fccb570b-703e-46af-a096-3585bbf4984a", "value": "Includes dissertations"}</skos:scopeNote>
        <dcterms:identifier xml:lang="en">{"id": "ad10ca86-fe4e-4b25-8784-aeede4baf5d8", "value": "http://purl.org/heritagedata/schemes/465/concepts/132955"}</dcterms:identifier>
      </skos:Concept>
    </skos:narrower>
    <skos:narrower>
      <skos:Concept rdf:about="http://localhost:8000/e0203582-3707-344c-87f1-d6a6e530d0fd">
        <skos:prefLabel xml:lang="en">{"id": "09b489a4-972d-4495-8541-47cd5c520e13", "value": "Report"}</skos:prefLabel>
        <skos:scopeNote xml:lang="en">{"id": "8dbc1553-2c1c-483b-9ab3-ca0b839a5b34", "value": "Includes interim, research, specialist reports on a specific topic."}</skos:scopeNote>
        <skos:inScheme rdf:resource="http://localhost:8000/fccab47b-27b7-3f90-bca5-906f38697b14"/>
        <dcterms:identifier xml:lang="en">{"id": "3787730c-e217-481c-b3ce-2f955bbd4525", "value": "http://purl.org/heritagedata/schemes/465/concepts/132946"}</dcterms:identifier>
      </skos:Concept>
    </skos:narrower>
  </skos:Concept>
  <skos:Concept rdf:about="http://localhost:8000/15aa863b-fa88-3c36-9857-8de45ee621ea">
    <skos:prefLabel xml:lang="en">{"id": "20c53356-9aa4-45e9-8a62-3e2d5b967837", "value": "Lantern Slide"}</skos:prefLabel>
    <skos:narrower>
      <skos:Concept rdf:about="http://localhost:8000/add03c95-7fe9-36ea-a681-80b20e71b62d">
        <skos:scopeNote xml:lang="en">{"id": "113a77ab-9df1-41cc-8dd4-657da57fbe79", "value": "Lantern slide developed using a dry process."}</skos:scopeNote>
        <skos:inScheme rdf:resource="http://localhost:8000/fccab47b-27b7-3f90-bca5-906f38697b14"/>
        <skos:prefLabel xml:lang="en">{"id": "a1bc7521-9744-4cea-8117-d5e6764cffc5", "value": "Lantern Slide (Dry)"}</skos:prefLabel>
        <dcterms:identifier xml:lang="en">{"id": "38d89d52-4f4c-4223-9702-f34c0fa73836", "value": "http://purl.org/heritagedata/schemes/465/concepts/134957"}</dcterms:identifier>
      </skos:Concept>
    </skos:narrower>
    <skos:narrower>
      <skos:Concept rdf:about="http://localhost:8000/6a368cfb-0a18-3827-bbba-1b4b674d4aab">
        <skos:prefLabel xml:lang="en">{"id": "0c45eec1-2d4d-4b4a-b10f-dc5b8579fdae", "value": "Lantern Slide (Wet)"}</skos:prefLabel>
        <skos:scopeNote xml:lang="en">{"id": "22ec83ec-60af-42e0-af49-ebfbde010dc8", "value": "Lantern slide developed using a wet process."}</skos:scopeNote>
        <skos:inScheme rdf:resource="http://localhost:8000/fccab47b-27b7-3f90-bca5-906f38697b14"/>
        <dcterms:identifier xml:lang="en">{"id": "4e12704c-3676-473c-b448-af25b697f173", "value": "http://purl.org/heritagedata/schemes/465/concepts/134956"}</dcterms:identifier>
      </skos:Concept>
    </skos:narrower>
    <dcterms:identifier xml:lang="en">{"id": "5cb564e9-80a9-4b68-99b5-d75613bdfa98", "value": "http://purl.org/heritagedata/schemes/465/concepts/133011"}</dcterms:identifier>
    <skos:inScheme rdf:resource="http://localhost:8000/fccab47b-27b7-3f90-bca5-906f38697b14"/>
  </skos:Concept>
  <skos:Concept rdf:about="http://localhost:8000/fd15c662-2e75-3c6a-8b9b-558f0f2439b0">
    <dcterms:identifier xml:lang="en">{"id": "80cb5727-119b-4588-9f84-710f5a37a479", "value": "http://purl.org/heritagedata/schemes/465/concepts/132939"}</dcterms:identifier>
    <skos:prefLabel xml:lang="en">{"id": "c8058caf-8d33-4fcb-950f-dee0067359e9", "value": "Archaeological Sketch Plan"}</skos:prefLabel>
    <skos:inScheme rdf:resource="http://localhost:8000/fccab47b-27b7-3f90-bca5-906f38697b14"/>
  </skos:Concept>
  <skos:Concept rdf:about="http://localhost:8000/6b811c54-6ba6-3129-ba23-74c8c4412614">
    <dcterms:identifier xml:lang="en">{"id": "156aed29-8db4-4286-83d7-f8d495093810", "value": "http://purl.org/heritagedata/schemes/465/concepts/133007"}</dcterms:identifier>
    <skos:prefLabel xml:lang="en">{"id": "ff90a4b4-34ba-4753-98d4-ed4ab076b07c", "value": "Museum Records"}</skos:prefLabel>
    <skos:inScheme rdf:resource="http://localhost:8000/fccab47b-27b7-3f90-bca5-906f38697b14"/>
  </skos:Concept>
  <skos:Concept rdf:about="http://localhost:8000/d737a4d9-333b-34ea-af3b-918bd14a5a48">
    <skos:inScheme rdf:resource="http://localhost:8000/fccab47b-27b7-3f90-bca5-906f38697b14"/>
    <dcterms:identifier xml:lang="en">{"id": "d7cadaaf-aa3f-4c35-89de-0ad975235f4a", "value": "http://purl.org/heritagedata/schemes/465/concepts/133018"}</dcterms:identifier>
    <skos:prefLabel xml:lang="en">{"id": "8fec16d6-ab1e-47ce-82b3-a0b699e6b1dd", "value": "Measured Architectural Plan"}</skos:prefLabel>
  </skos:Concept>
  <skos:Concept rdf:about="http://localhost:8000/f3ff84a3-faf5-3302-86dc-16efd2e70163">
    <skos:narrower>
      <skos:Concept rdf:about="http://localhost:8000/90625215-6575-3b30-aeb2-2b7e547fc0ea">
        <skos:inScheme rdf:resource="http://localhost:8000/fccab47b-27b7-3f90-bca5-906f38697b14"/>
        <dcterms:identifier xml:lang="en">{"id": "0da5e05d-c54b-48c7-8189-82ca2715f768", "value": "http://purl.org/heritagedata/schemes/465/concepts/132950"}</dcterms:identifier>
        <skos:prefLabel xml:lang="en">{"id": "0c60ba15-9086-4a89-b481-9919c7f82ba3", "value": "Survey"}</skos:prefLabel>
      </skos:Concept>
    </skos:narrower>
    <skos:narrower>
      <skos:Concept rdf:about="http://localhost:8000/4dae64f3-95ff-3868-b5ad-b85123f67250">
        <dcterms:identifier xml:lang="en">{"id": "b4ff00cb-3b0b-4599-b2b2-1d967de576d4", "value": "http://purl.org/heritagedata/schemes/465/concepts/132910"}</dcterms:identifier>
        <skos:prefLabel xml:lang="en">{"id": "63f3b176-b2d9-488b-9f73-22ec316a7783", "value": "Cadastral Map"}</skos:prefLabel>
        <skos:inScheme rdf:resource="http://localhost:8000/fccab47b-27b7-3f90-bca5-906f38697b14"/>
      </skos:Concept>
    </skos:narrower>
    <skos:narrower>
      <skos:Concept rdf:about="http://localhost:8000/a09aa1c3-0dc6-33eb-a11a-80385e960158">
        <skos:prefLabel xml:lang="en">{"id": "beb649d3-5c76-4af8-ba8b-e6cbcac8c89a", "value": "Chart"}</skos:prefLabel>
        <skos:inScheme rdf:resource="http://localhost:8000/fccab47b-27b7-3f90-bca5-906f38697b14"/>
        <dcterms:identifier xml:lang="en">{"id": "82342db5-40e3-4c08-811c-a3e61b11cdf9", "value": "http://purl.org/heritagedata/schemes/465/concepts/132995"}</dcterms:identifier>
      </skos:Concept>
    </skos:narrower>
    <skos:prefLabel xml:lang="en">{"id": "747393c6-daeb-4cbb-869e-f33b6a03416f", "value": "Cartographic Material"}</skos:prefLabel>
    <skos:narrower>
      <skos:Concept rdf:about="http://localhost:8000/1102791a-42cf-3b5d-ae17-a23bcd601b43">
        <skos:inScheme rdf:resource="http://localhost:8000/fccab47b-27b7-3f90-bca5-906f38697b14"/>
        <dcterms:identifier xml:lang="en">{"id": "6dc64d8d-9a52-4793-bef5-792efb237797", "value": "http://purl.org/heritagedata/schemes/465/concepts/132951"}</dcterms:identifier>
        <skos:prefLabel xml:lang="en">{"id": "6dc9b690-f952-458e-91c0-dced1618252f", "value": "Contour Survey"}</skos:prefLabel>
      </skos:Concept>
    </skos:narrower>
    <skos:narrower>
      <skos:Concept rdf:about="http://localhost:8000/d601bf64-89b2-3200-acbb-e2062b03289d">
        <skos:inScheme rdf:resource="http://localhost:8000/fccab47b-27b7-3f90-bca5-906f38697b14"/>
        <skos:prefLabel xml:lang="en">{"id": "7bfdd86d-2e87-4f69-b42e-620cdccdce66", "value": "Distribution Map"}</skos:prefLabel>
        <dcterms:identifier xml:lang="en">{"id": "c4e67ef3-b464-480a-93fd-2850498d99b1", "value": "http://purl.org/heritagedata/schemes/465/concepts/132911"}</dcterms:identifier>
      </skos:Concept>
    </skos:narrower>
    <skos:narrower>
      <skos:Concept rdf:about="http://localhost:8000/0ab13282-5334-372a-856a-f3d8991abb2b">
        <dcterms:identifier xml:lang="en">{"id": "34ec9bd2-147f-4775-becb-73447e3c1b3e", "value": "http://purl.org/heritagedata/schemes/465/concepts/132913"}</dcterms:identifier>
        <skos:prefLabel xml:lang="en">{"id": "8c07f7a4-2bc8-4321-bbde-5b8e862faff3", "value": "Annotated Map"}</skos:prefLabel>
        <skos:inScheme rdf:resource="http://localhost:8000/fccab47b-27b7-3f90-bca5-906f38697b14"/>
      </skos:Concept>
    </skos:narrower>
    <skos:narrower>
      <skos:Concept rdf:about="http://localhost:8000/cafcd014-6e85-37db-866c-b88b40937a7d">
        <dcterms:identifier xml:lang="en">{"id": "b42e4423-de8a-48a9-a364-a179d6475306", "value": "http://purl.org/heritagedata/schemes/465/concepts/132941"}</dcterms:identifier>
        <skos:prefLabel xml:lang="en">{"id": "45789712-2230-42b2-b96d-9f11b839fc90", "value": "Location Plan"}</skos:prefLabel>
        <skos:inScheme rdf:resource="http://localhost:8000/fccab47b-27b7-3f90-bca5-906f38697b14"/>
      </skos:Concept>
    </skos:narrower>
    <dcterms:identifier xml:lang="en">{"id": "fb9e91ad-63f1-4f15-a747-f0435a715bad", "value": "http://purl.org/heritagedata/schemes/465/concepts/132959"}</dcterms:identifier>
    <skos:narrower>
      <skos:Concept rdf:about="http://localhost:8000/46123b3a-5ecd-35a1-b815-22519b0a9e68">
        <skos:inScheme rdf:resource="http://localhost:8000/fccab47b-27b7-3f90-bca5-906f38697b14"/>
        <skos:prefLabel xml:lang="en">{"id": "cacdfd1d-1ad2-419a-bb00-ba9bbc3db74f", "value": "Archaeological Survey"}</skos:prefLabel>
        <dcterms:identifier xml:lang="en">{"id": "8be02855-9ab2-43e0-bb24-afe433d02b59", "value": "http://purl.org/heritagedata/schemes/465/concepts/132876"}</dcterms:identifier>
        <skos:narrower rdf:resource="http://localhost:8000/92ebd390-dd32-35f0-a034-33030de97b14"/>
        <skos:scopeNote xml:lang="en">{"id": "3c82ebc4-165c-41a1-b482-cbaffb2351e3", "value": "Not subdivided"}</skos:scopeNote>
      </skos:Concept>
    </skos:narrower>
    <skos:narrower>
      <skos:Concept rdf:about="http://localhost:8000/5ad083f6-996f-3511-9d10-35f8ffc6c3fd">
        <dcterms:identifier xml:lang="en">{"id": "d5e80cd5-0d71-4786-8fd3-169e95b59f35", "value": "http://purl.org/heritagedata/schemes/465/concepts/132953"}</dcterms:identifier>
        <skos:inScheme rdf:resource="http://localhost:8000/fccab47b-27b7-3f90-bca5-906f38697b14"/>
        <skos:narrower rdf:resource="http://localhost:8000/c8b09d73-2666-312c-8d78-9326f42b788e"/>
        <skos:prefLabel xml:lang="en">{"id": "fb614449-fe4d-41a8-bd22-8b51b904a1de", "value": "Measured Survey"}</skos:prefLabel>
      </skos:Concept>
    </skos:narrower>
    <skos:narrower>
      <skos:Concept rdf:about="http://localhost:8000/1594c9cb-24ca-331d-95f8-648088368510">
        <dcterms:identifier xml:lang="en">{"id": "3cce82a9-61c9-488a-bedd-6d8f3f2c0001", "value": "http://purl.org/heritagedata/schemes/465/concepts/132952"}</dcterms:identifier>
        <skos:prefLabel xml:lang="en">{"id": "8e09d4f8-0be0-43f4-9f04-68524c4f9705", "value": "Geophysical Survey"}</skos:prefLabel>
        <skos:inScheme rdf:resource="http://localhost:8000/fccab47b-27b7-3f90-bca5-906f38697b14"/>
      </skos:Concept>
    </skos:narrower>
    <skos:narrower>
      <skos:Concept rdf:about="http://localhost:8000/089114f1-2623-3b5e-89c4-905a4ade9dd5">
        <skos:altLabel xml:lang="en">{"id": "f0503f30-b900-4c76-8727-d0ea72066341", "value": "National Mapping Programme Morph Number Sheet"}</skos:altLabel>
        <skos:prefLabel xml:lang="en">{"id": "f79d8dcf-2c92-48d1-acb6-4e53bcaa2777", "value": "NMP Morph Number Sheet"}</skos:prefLabel>
        <skos:inScheme rdf:resource="http://localhost:8000/fccab47b-27b7-3f90-bca5-906f38697b14"/>
        <dcterms:identifier xml:lang="en">{"id": "82b25591-73d1-4742-aa3e-dd51db8d4801", "value": "http://purl.org/heritagedata/schemes/465/concepts/134951"}</dcterms:identifier>
      </skos:Concept>
    </skos:narrower>
    <skos:inScheme rdf:resource="http://localhost:8000/fccab47b-27b7-3f90-bca5-906f38697b14"/>
    <skos:narrower rdf:resource="http://localhost:8000/fd15c662-2e75-3c6a-8b9b-558f0f2439b0"/>
    <skos:narrower>
      <skos:Concept rdf:about="http://localhost:8000/b45c4f06-0e34-30f2-be72-d3bb8b0bd1ec">
        <skos:inScheme rdf:resource="http://localhost:8000/fccab47b-27b7-3f90-bca5-906f38697b14"/>
        <dcterms:identifier xml:lang="en">{"id": "7cdbc2b2-6d16-486d-87fc-8d52fffa823d", "value": "http://purl.org/heritagedata/schemes/465/concepts/132923"}</dcterms:identifier>
        <skos:prefLabel xml:lang="en">{"id": "1f3b6c08-f3f8-4005-bdb5-f27d814cd769", "value": "Overlay"}</skos:prefLabel>
      </skos:Concept>
    </skos:narrower>
    <skos:narrower>
      <skos:Concept rdf:about="http://localhost:8000/ec4e4913-f2ba-308e-a49d-60d36a4ae3bb">
        <dcterms:identifier xml:lang="en">{"id": "c42f9380-a48a-474f-9c4b-6b30db4a151b", "value": "http://purl.org/heritagedata/schemes/465/concepts/132914"}</dcterms:identifier>
        <skos:prefLabel xml:lang="en">{"id": "7b9d3402-16f1-44f2-bcae-18d4707caf31", "value": "Sketch Map"}</skos:prefLabel>
        <skos:inScheme rdf:resource="http://localhost:8000/fccab47b-27b7-3f90-bca5-906f38697b14"/>
      </skos:Concept>
    </skos:narrower>
    <skos:scopeNote xml:lang="en">{"id": "5e00f21c-2306-460f-88d8-226b7a224ac4", "value": "Maps or charts."}</skos:scopeNote>
    <skos:narrower>
      <skos:Concept rdf:about="http://localhost:8000/bfaee190-a967-36c9-bf10-c2bbf26ba934">
        <skos:inScheme rdf:resource="http://localhost:8000/fccab47b-27b7-3f90-bca5-906f38697b14"/>
        <skos:prefLabel xml:lang="en">{"id": "2fdfed6c-2a54-457c-936c-10b101602bdf", "value": "Map"}</skos:prefLabel>
        <skos:scopeNote xml:lang="en">{"id": "140083a9-1feb-4de6-a031-60571c4b9732", "value": "Use for completed, accuarately surveyed maps"}</skos:scopeNote>
        <dcterms:identifier xml:lang="en">{"id": "edce1ffd-d571-48de-a3f9-6a4ad84d243b", "value": "http://purl.org/heritagedata/schemes/465/concepts/134950"}</dcterms:identifier>
      </skos:Concept>
    </skos:narrower>
  </skos:Concept>
  <skos:Concept rdf:about="http://localhost:8000/cd8bfabf-cd9b-3e8d-9a9f-328a1328850e">
    <skos:inScheme rdf:resource="http://localhost:8000/fccab47b-27b7-3f90-bca5-906f38697b14"/>
    <skos:scopeNote xml:lang="en">{"id": "01abb3a4-572c-4aac-8d75-1733672d2189", "value": "Includes individual index cards"}</skos:scopeNote>
    <dcterms:identifier xml:lang="en">{"id": "5486ca3a-211a-4cb1-b06e-1a506dda54c2", "value": "http://purl.org/heritagedata/schemes/465/concepts/132894"}</dcterms:identifier>
    <skos:prefLabel xml:lang="en">{"id": "e05444f7-38a9-4f26-84ac-6f0ec9c822a2", "value": "Card Index"}</skos:prefLabel>
  </skos:Concept>
  <skos:Concept rdf:about="http://localhost:8000/4466318a-3f11-3a30-87eb-1614c173e773">
    <skos:prefLabel xml:lang="en">{"id": "43855690-d697-4b37-b7fd-7d81b0d9145e", "value": "Projected And Video Material"}</skos:prefLabel>
    <skos:scopeNote xml:lang="en">{"id": "4db893b2-ec4a-4c7b-9bdc-1988516e89ca", "value": "Moving images made available through projection, video or other methods."}</skos:scopeNote>
    <skos:inScheme rdf:resource="http://localhost:8000/fccab47b-27b7-3f90-bca5-906f38697b14"/>
    <dcterms:identifier xml:lang="en">{"id": "66df83b8-cdd6-477f-9e5e-d1967efd9211", "value": "http://purl.org/heritagedata/schemes/465/concepts/132958"}</dcterms:identifier>
  </skos:Concept>
  <skos:Concept rdf:about="http://localhost:8000/fba690cc-d335-308f-88ef-41ed5332b224">
    <skos:inScheme rdf:resource="http://localhost:8000/fccab47b-27b7-3f90-bca5-906f38697b14"/>
    <dcterms:identifier xml:lang="en">{"id": "c58fd63c-dd5e-4dda-8dd3-485871cc1bb2", "value": "http://purl.org/heritagedata/schemes/465/concepts/134918"}</dcterms:identifier>
    <skos:scopeNote xml:lang="en">{"id": "4027895f-74f4-413b-a652-b617259d4be6", "value": "Photographic negative on film. Use for all acetate material types."}</skos:scopeNote>
    <skos:prefLabel xml:lang="en">{"id": "f9d4c4d3-745a-44ef-8f37-28ddad1c25bb", "value": "Acetate Negative"}</skos:prefLabel>
  </skos:Concept>
  <skos:Concept rdf:about="http://localhost:8000/5ed37109-4816-3a78-a4dc-0c836dd20295">
    <skos:scopeNote xml:lang="en">{"id": "5d7616b8-1054-413d-be2b-8a34b0067ae5", "value": "Photographic plate, on glass, developed using a wet process."}</skos:scopeNote>
    <skos:inScheme rdf:resource="http://localhost:8000/fccab47b-27b7-3f90-bca5-906f38697b14"/>
    <skos:prefLabel xml:lang="en">{"id": "df9b3e1f-ddfe-4a44-9cf8-2393c9d6f53b", "value": "Wet Plate Negative"}</skos:prefLabel>
    <dcterms:identifier xml:lang="en">{"id": "f5e93562-153e-4797-b9d1-97ed4c0d5915", "value": "http://purl.org/heritagedata/schemes/465/concepts/134915"}</dcterms:identifier>
  </skos:Concept>
  <skos:Concept rdf:about="http://localhost:8000/e8a45831-f564-3209-a651-62582b95db1e">
    <skos:inScheme rdf:resource="http://localhost:8000/fccab47b-27b7-3f90-bca5-906f38697b14"/>
    <dcterms:identifier xml:lang="en">{"id": "6dc99089-7d27-407c-86ea-5e45417cf23f", "value": "http://purl.org/heritagedata/schemes/465/concepts/133028"}</dcterms:identifier>
    <skos:prefLabel xml:lang="en">{"id": "6891ffb7-e072-4010-9bf8-4110c6dbe9fe", "value": "Society Records"}</skos:prefLabel>
  </skos:Concept>
  <skos:Concept rdf:about="http://localhost:8000/2a06d591-4aa6-3029-93bf-cd4748c91121">
    <skos:inScheme rdf:resource="http://localhost:8000/fccab47b-27b7-3f90-bca5-906f38697b14"/>
    <skos:narrower>
      <skos:Concept rdf:about="http://localhost:8000/43b9a61a-abf0-3501-b113-9a315e5329fd">
        <dcterms:identifier xml:lang="en">{"id": "bc860534-450a-42f0-848b-d1065c4a52d0", "value": "http://purl.org/heritagedata/schemes/465/concepts/134955"}</dcterms:identifier>
        <skos:inScheme rdf:resource="http://localhost:8000/fccab47b-27b7-3f90-bca5-906f38697b14"/>
        <skos:prefLabel xml:lang="en">{"id": "9549af99-e55e-4e5d-af2e-1630f0b6ec61", "value": "Autochrome (Dry)"}</skos:prefLabel>
        <skos:scopeNote xml:lang="en">{"id": "34010a4f-5995-4d5f-b601-b7e1d047ed9f", "value": "Colour positive print developed using a dry process."}</skos:scopeNote>
      </skos:Concept>
    </skos:narrower>
    <skos:prefLabel xml:lang="en">{"id": "356f8297-77c6-4c1d-bd89-6b37f0a1935f", "value": "Positive"}</skos:prefLabel>
    <skos:narrower>
      <skos:Concept rdf:about="http://localhost:8000/07a60d90-5775-3779-8af3-9d08a4305f55">
        <skos:prefLabel xml:lang="en">{"id": "78a71949-2257-4e02-b719-b6237977d750", "value": "Transparency"}</skos:prefLabel>
        <skos:scopeNote xml:lang="en">{"id": "6f7b0055-f434-4e9c-bc4f-09bdc4ff2aad", "value": "Photographic image produced on transparent medium suitable for use in projection equipment. Use specific term where known."}</skos:scopeNote>
        <dcterms:identifier xml:lang="en">{"id": "3fe490f6-78fe-4223-8143-afff90d2390c", "value": "http://purl.org/heritagedata/schemes/465/concepts/134945"}</dcterms:identifier>
        <skos:inScheme rdf:resource="http://localhost:8000/fccab47b-27b7-3f90-bca5-906f38697b14"/>
        <skos:narrower rdf:resource="http://localhost:8000/15aa863b-fa88-3c36-9857-8de45ee621ea"/>
      </skos:Concept>
    </skos:narrower>
    <skos:scopeNote xml:lang="en">{"id": "d73050fc-53c3-4c38-84e4-0381d26bb8c3", "value": "Photographic image with normal polarity."}</skos:scopeNote>
    <skos:narrower>
      <skos:Concept rdf:about="http://localhost:8000/204ee00b-f8b8-3c4c-a083-223fdfd37a51">
        <dcterms:identifier xml:lang="en">{"id": "489df9ff-18f8-4e4e-99a7-c87d65fe3303", "value": "http://purl.org/heritagedata/schemes/465/concepts/134930"}</dcterms:identifier>
        <skos:inScheme rdf:resource="http://localhost:8000/fccab47b-27b7-3f90-bca5-906f38697b14"/>
        <skos:scopeNote xml:lang="en">{"id": "9a4180c4-0f29-4c85-b6c9-d247f80d52f4", "value": "Photographic format."}</skos:scopeNote>
        <skos:prefLabel xml:lang="en">{"id": "237b3c91-c746-4338-bafe-a1f7dfcfdf2b", "value": "Diapositive"}</skos:prefLabel>
      </skos:Concept>
    </skos:narrower>
    <skos:narrower>
      <skos:Concept rdf:about="http://localhost:8000/32cade5b-7da2-31fe-b886-bd0ae1bcb721">
        <dcterms:identifier xml:lang="en">{"id": "b0e8d29e-3f44-4560-bddb-45e2b96f4b38", "value": "http://purl.org/heritagedata/schemes/465/concepts/134923"}</dcterms:identifier>
        <skos:inScheme rdf:resource="http://localhost:8000/fccab47b-27b7-3f90-bca5-906f38697b14"/>
        <skos:prefLabel xml:lang="en">{"id": "c68bcbf0-a034-4a45-b062-69fd5be0ed79", "value": "Autochrome (Wet)"}</skos:prefLabel>
        <skos:scopeNote xml:lang="en">{"id": "99c45142-9cd2-4570-9351-107451221db5", "value": "Photographic colour print developed using wet process."}</skos:scopeNote>
      </skos:Concept>
    </skos:narrower>
    <dcterms:identifier xml:lang="en">{"id": "3717d111-6565-46d0-b4b5-8b5a8d77542d", "value": "http://purl.org/heritagedata/schemes/465/concepts/133012"}</dcterms:identifier>
  </skos:Concept>
  <skos:Concept rdf:about="http://localhost:8000/59db78ea-2da7-359b-a88b-570d7d8c36cb">
    <skos:narrower rdf:resource="http://localhost:8000/f3ff84a3-faf5-3302-86dc-16efd2e70163"/>
    <skos:narrower rdf:resource="http://localhost:8000/87817d66-69b1-3e92-8254-d0a0d7501ffc"/>
    <dcterms:identifier xml:lang="en">{"id": "08ae3635-d7f4-4dd3-ab38-6e7693b64e67", "value": "http://purl.org/heritagedata/schemes/465/concepts/134947"}</dcterms:identifier>
    <skos:prefLabel xml:lang="en">{"id": "5d3b2f45-b151-4583-a1b0-bd314dd05b7f", "value": "Genre"}</skos:prefLabel>
    <skos:narrower>
      <skos:Concept rdf:about="http://localhost:8000/d090dfb7-4112-34f3-bd71-4a961a04ba65">
        <skos:narrower rdf:resource="http://localhost:8000/92ed1b8a-c3cb-34c5-8fd2-a3a71c27863b"/>
        <skos:scopeNote xml:lang="en">{"id": "6b432eb3-78a8-4c27-a0dc-94868f79a6fe", "value": "Measurements or factual information which may occur in a manual catalogue system or database."}</skos:scopeNote>
        <skos:prefLabel xml:lang="en">{"id": "c5517cfc-dd94-4a18-b68f-317d7444893f", "value": "Data"}</skos:prefLabel>
        <skos:narrower rdf:resource="http://localhost:8000/531392e4-9043-3af1-8f27-fbd901fbaa6d"/>
        <skos:narrower rdf:resource="http://localhost:8000/768c0b98-97a9-3d80-ada9-a1fd2ae33bfd"/>
        <skos:narrower rdf:resource="http://localhost:8000/337bf5b4-24a2-38ab-a7f0-fef0a31772f8"/>
        <skos:narrower rdf:resource="http://localhost:8000/4bda0b9e-81f8-300e-afb5-8fa18c294cff"/>
        <skos:narrower rdf:resource="http://localhost:8000/1ae95829-9d62-3c1c-9ab4-473024c34eeb"/>
        <skos:inScheme rdf:resource="http://localhost:8000/fccab47b-27b7-3f90-bca5-906f38697b14"/>
        <dcterms:identifier xml:lang="en">{"id": "034041c6-b51b-4cdc-b755-d0660cc1280a", "value": "http://purl.org/heritagedata/schemes/465/concepts/132974"}</dcterms:identifier>
      </skos:Concept>
    </skos:narrower>
    <skos:inScheme rdf:resource="http://localhost:8000/fccab47b-27b7-3f90-bca5-906f38697b14"/>
    <skos:narrower>
      <skos:Concept rdf:about="http://localhost:8000/4749ccd8-945b-365b-8347-67ef4de270e6">
        <skos:inScheme rdf:resource="http://localhost:8000/fccab47b-27b7-3f90-bca5-906f38697b14"/>
        <skos:prefLabel xml:lang="en">{"id": "3838e892-8628-444f-ad9c-a095f8ee7419", "value": "Extract"}</skos:prefLabel>
        <dcterms:identifier xml:lang="en">{"id": "14f3955e-5adc-481a-8b2a-c4cbc7b1cdfa", "value": "http://purl.org/heritagedata/schemes/465/concepts/132903"}</dcterms:identifier>
        <skos:scopeNote xml:lang="en">{"id": "5cb91e6c-be02-4f3c-a73e-392b4b6eca0f", "value": "Cutting or copy from published work"}</skos:scopeNote>
      </skos:Concept>
    </skos:narrower>
    <skos:narrower>
      <skos:Concept rdf:about="http://localhost:8000/004c9eda-eddd-428a-a653-34bff0c6711b">
        <skos:narrower rdf:resource="http://localhost:8000/9a97cbc2-ffc7-4000-8d6c-315b2a457cd1"/>
        <skos:inScheme rdf:resource="http://localhost:8000/fccab47b-27b7-3f90-bca5-906f38697b14"/>
        <skos:prefLabel xml:lang="en">{"id": "0bfdd158-6fc3-4b23-9d03-000316efde0d", "value": "Unspecified Archive"}</skos:prefLabel>
        <dcterms:identifier xml:lang="en">{"id": "587ad94d-1df1-48e0-8be4-6c4e600ca13b", "value": "http://purl.org/heritagedata/schemes/465/concepts/133029"}</dcterms:identifier>
        <skos:narrower rdf:resource="http://localhost:8000/da4cd31d-6893-40f3-b460-03f5f01306ef"/>
      </skos:Concept>
    </skos:narrower>
    <skos:narrower rdf:resource="http://localhost:8000/2e6ffdaa-9932-3d3f-bd2a-6a587fd91506"/>
  </skos:Concept>
  <skos:Concept rdf:about="http://localhost:8000/16050957-314f-3ac0-9e7c-d8773cac65b0">
    <skos:prefLabel xml:lang="en">{"id": "a8fc4b5c-e026-44a7-bb9f-ca748fd90264", "value": "Multimedia"}</skos:prefLabel>
    <dcterms:identifier xml:lang="en">{"id": "d5b0c2fb-3876-4266-a8b1-c46821b6301b", "value": "http://purl.org/heritagedata/schemes/465/concepts/132918"}</dcterms:identifier>
    <skos:inScheme rdf:resource="http://localhost:8000/fccab47b-27b7-3f90-bca5-906f38697b14"/>
  </skos:Concept>
  <skos:Concept rdf:about="http://localhost:8000/92ebd390-dd32-35f0-a034-33030de97b14">
    <dcterms:identifier xml:lang="en">{"id": "41120d34-51c2-4f92-aa31-e14e487cd886", "value": "http://purl.org/heritagedata/schemes/465/concepts/132875"}</dcterms:identifier>
    <skos:inScheme rdf:resource="http://localhost:8000/fccab47b-27b7-3f90-bca5-906f38697b14"/>
    <skos:prefLabel xml:lang="en">{"id": "53ee53bc-8537-4f3d-8f05-81d91691ddd8", "value": "Air Photograph Transcription"}</skos:prefLabel>
  </skos:Concept>
  <skos:Concept rdf:about="http://localhost:8000/6b6d73a9-d452-3be9-a7aa-0e55728464f7">
    <skos:narrower>
      <skos:Concept rdf:about="http://localhost:8000/a23ca3f3-a069-3c42-a369-c04f55085973">
        <dcterms:identifier xml:lang="en">{"id": "9de258db-f75e-4aa9-b50e-a1b74719459c", "value": "http://purl.org/heritagedata/schemes/465/concepts/134933"}</dcterms:identifier>
        <skos:scopeNote xml:lang="en">{"id": "19d805b4-b701-47f6-9325-bfe792b866d6", "value": "Photographic print using albumen."}</skos:scopeNote>
        <skos:inScheme rdf:resource="http://localhost:8000/fccab47b-27b7-3f90-bca5-906f38697b14"/>
        <skos:prefLabel xml:lang="en">{"id": "220d7434-d229-431a-8ee9-f5c2bf167ad0", "value": "Albumen Print"}</skos:prefLabel>
      </skos:Concept>
    </skos:narrower>
    <skos:narrower>
      <skos:Concept rdf:about="http://localhost:8000/abacc329-4d8a-4101-9385-e3b4266bdffe">
        <skos:prefLabel xml:lang="en">{"id": "42569835-ae00-451c-a9e6-32ac00f3cb94", "value": "Colour Print"}</skos:prefLabel>
        <dcterms:identifier xml:lang="en">{"id": "8a5cf7da-df5f-4da4-b953-ffc1c5cc6906", "value": "http://purl.org/heritagedata/schemes/465/concepts/134939"}</dcterms:identifier>
        <skos:inScheme rdf:resource="http://localhost:8000/fccab47b-27b7-3f90-bca5-906f38697b14"/>
      </skos:Concept>
    </skos:narrower>
    <skos:narrower>
      <skos:Concept rdf:about="http://localhost:8000/948f1690-5ce5-3311-980d-d029abd12344">
        <skos:scopeNote xml:lang="en">{"id": "30fe87a0-9e8c-4c99-9401-4fc9fd569d82", "value": "Photographic print using carbon"}</skos:scopeNote>
        <skos:prefLabel xml:lang="en">{"id": "339b8360-ce68-40eb-b02b-b7adf0644a92", "value": "Carbon Print"}</skos:prefLabel>
        <skos:inScheme rdf:resource="http://localhost:8000/fccab47b-27b7-3f90-bca5-906f38697b14"/>
        <dcterms:identifier xml:lang="en">{"id": "336df709-e78e-4b66-97ee-9416cebf1e0a", "value": "http://purl.org/heritagedata/schemes/465/concepts/134932"}</dcterms:identifier>
      </skos:Concept>
    </skos:narrower>
    <skos:narrower>
      <skos:Concept rdf:about="http://localhost:8000/7ffddd35-06b0-3cc2-ad07-97ed2d03d00b">
        <skos:inScheme rdf:resource="http://localhost:8000/fccab47b-27b7-3f90-bca5-906f38697b14"/>
        <dcterms:identifier xml:lang="en">{"id": "0ee70c3d-7c8e-4761-aae2-ad6219053832", "value": "http://purl.org/heritagedata/schemes/465/concepts/134936"}</dcterms:identifier>
        <skos:prefLabel xml:lang="en">{"id": "e9ab5f06-64ef-46df-80ae-448bb8556bff", "value": "Cyanotype"}</skos:prefLabel>
      </skos:Concept>
    </skos:narrower>
    <skos:prefLabel xml:lang="en">{"id": "8a2a862a-b815-43a1-9ece-4705b1c73594", "value": "Print (Photographic)"}</skos:prefLabel>
    <skos:narrower>
      <skos:Concept rdf:about="http://localhost:8000/2d9a8a2a-b945-3853-9626-8ce5fd773f07">
        <skos:inScheme rdf:resource="http://localhost:8000/fccab47b-27b7-3f90-bca5-906f38697b14"/>
        <skos:prefLabel xml:lang="en">{"id": "97493224-eef9-43b3-bf25-6e87945c8d0a", "value": "Printing Out Paper Print"}</skos:prefLabel>
        <dcterms:identifier xml:lang="en">{"id": "813ea7a9-0d1a-4df6-b47f-ae78258b564d", "value": "http://purl.org/heritagedata/schemes/465/concepts/134934"}</dcterms:identifier>
      </skos:Concept>
    </skos:narrower>
    <skos:narrower>
      <skos:Concept rdf:about="http://localhost:8000/3d9c8a79-891b-3699-a37f-a929d831a75a">
        <dcterms:identifier xml:lang="en">{"id": "04eefba6-cd87-4ead-8150-3038aefd90c1", "value": "http://purl.org/heritagedata/schemes/465/concepts/134931"}</dcterms:identifier>
        <skos:inScheme rdf:resource="http://localhost:8000/fccab47b-27b7-3f90-bca5-906f38697b14"/>
        <skos:prefLabel xml:lang="en">{"id": "92b422e8-2c6d-4a73-91cc-8a2e4bd62d8f", "value": "Salted Paper Print"}</skos:prefLabel>
        <skos:scopeNote xml:lang="en">{"id": "13936196-23c0-4889-8992-06f97c2be767", "value": "Early form of photographic print."}</skos:scopeNote>
      </skos:Concept>
    </skos:narrower>
    <skos:narrower rdf:resource="http://localhost:8000/1d5d673f-8ac4-3fb6-80f8-faffda08b25b"/>
    <dcterms:identifier xml:lang="en">{"id": "8fe92c03-ed99-46e3-ac36-de340528a6a9", "value": "http://purl.org/heritagedata/schemes/465/concepts/132936"}</dcterms:identifier>
    <skos:narrower>
      <skos:Concept rdf:about="http://localhost:8000/17efd01f-9f3d-3522-81f6-fdcf89b44183">
        <skos:inScheme rdf:resource="http://localhost:8000/fccab47b-27b7-3f90-bca5-906f38697b14"/>
        <skos:scopeNote xml:lang="en">{"id": "1d8bc584-e97c-4f38-b2ac-f9dd40c9831f", "value": "Photomechanical or photolithographical reproduction process representing a photographic image as a series of dots or lines."}</skos:scopeNote>
        <dcterms:identifier xml:lang="en">{"id": "b5e50e8c-d9aa-46bb-8a19-d05179fe8e55", "value": "http://purl.org/heritagedata/schemes/465/concepts/133001"}</dcterms:identifier>
        <skos:prefLabel xml:lang="en">{"id": "5b347316-2321-4ec1-866a-9c4c08a4e78c", "value": "Halftone"}</skos:prefLabel>
      </skos:Concept>
    </skos:narrower>
    <skos:narrower>
      <skos:Concept rdf:about="http://localhost:8000/ace93e73-77fa-3f4a-a5d4-6ebf4de30ffb">
        <skos:inScheme rdf:resource="http://localhost:8000/fccab47b-27b7-3f90-bca5-906f38697b14"/>
        <dcterms:identifier xml:lang="en">{"id": "272e4163-d51d-4689-bb03-7ab9a45d0730", "value": "http://purl.org/heritagedata/schemes/465/concepts/133154"}</dcterms:identifier>
        <skos:prefLabel xml:lang="en">{"id": "8ca6ff6e-a7e3-4cb2-9a83-59b6f976f9ac", "value": "Contact Print"}</skos:prefLabel>
      </skos:Concept>
    </skos:narrower>
    <skos:inScheme rdf:resource="http://localhost:8000/fccab47b-27b7-3f90-bca5-906f38697b14"/>
    <skos:narrower>
      <skos:Concept rdf:about="http://localhost:8000/b9827331-2742-37e9-9209-7d1a33ad4669">
        <skos:inScheme rdf:resource="http://localhost:8000/fccab47b-27b7-3f90-bca5-906f38697b14"/>
        <dcterms:identifier xml:lang="en">{"id": "0f206057-78fd-42dc-97f6-27fb0a27dc33", "value": "http://purl.org/heritagedata/schemes/465/concepts/134937"}</dcterms:identifier>
        <skos:prefLabel xml:lang="en">{"id": "ceb01db6-1698-4b43-b026-182c2d565064", "value": "Platinum Print"}</skos:prefLabel>
      </skos:Concept>
    </skos:narrower>
    <skos:narrower>
      <skos:Concept rdf:about="http://localhost:8000/40e73673-6ea1-3677-a8b8-cd883ad01239">
        <skos:prefLabel xml:lang="en">{"id": "5969aed3-9ebe-422a-a37a-69075a537a7a", "value": "Dye Transfer Print"}</skos:prefLabel>
        <skos:inScheme rdf:resource="http://localhost:8000/fccab47b-27b7-3f90-bca5-906f38697b14"/>
        <dcterms:identifier xml:lang="en">{"id": "11882095-f2b8-448c-9432-e6a239cb4fd2", "value": "http://purl.org/heritagedata/schemes/465/concepts/134940"}</dcterms:identifier>
      </skos:Concept>
    </skos:narrower>
    <skos:narrower>
      <skos:Concept rdf:about="http://localhost:8000/55248e88-4673-3ba1-ba5a-440310918522">
        <skos:prefLabel xml:lang="en">{"id": "1a011f38-ad39-4b2d-a4e1-c1c4b465d6e5", "value": "Gelatine Print"}</skos:prefLabel>
        <dcterms:identifier xml:lang="en">{"id": "59514775-11f4-4526-954b-4747a3138d66", "value": "http://purl.org/heritagedata/schemes/465/concepts/134938"}</dcterms:identifier>
        <skos:inScheme rdf:resource="http://localhost:8000/fccab47b-27b7-3f90-bca5-906f38697b14"/>
        <skos:narrower rdf:resource="http://localhost:8000/2b297a0b-0321-4d36-8f35-913b95eaf291"/>
      </skos:Concept>
    </skos:narrower>
    <skos:narrower>
      <skos:Concept rdf:about="http://localhost:8000/04fe5a1a-2fe4-3c41-940f-44e97b1a8cf5">
        <skos:inScheme rdf:resource="http://localhost:8000/fccab47b-27b7-3f90-bca5-906f38697b14"/>
        <skos:prefLabel xml:lang="en">{"id": "bd1b23a2-22b5-48f2-b6d6-3b93de238d64", "value": "Cibachrome Print"}</skos:prefLabel>
        <dcterms:identifier xml:lang="en">{"id": "c5fa2411-c0e9-41cb-a361-ffad2ff506cc", "value": "http://purl.org/heritagedata/schemes/465/concepts/134946"}</dcterms:identifier>
      </skos:Concept>
    </skos:narrower>
  </skos:Concept>
  <skos:Concept rdf:about="http://localhost:8000/a802a00f-7009-3739-86e7-db018722e487">
    <skos:scopeNote xml:lang="en">{"id": "3e036857-f72e-4eb9-8f76-b54fdb734b00", "value": "Not subdivided"}</skos:scopeNote>
    <dcterms:identifier xml:lang="en">{"id": "9e79b569-153d-429c-9f4e-040536f058f2", "value": "http://purl.org/heritagedata/schemes/465/concepts/132877"}</dcterms:identifier>
    <skos:prefLabel xml:lang="en">{"id": "be00c12c-1079-4297-a289-326ae4fb7643", "value": "Architectural Survey"}</skos:prefLabel>
    <skos:inScheme rdf:resource="http://localhost:8000/fccab47b-27b7-3f90-bca5-906f38697b14"/>
  </skos:Concept>
  <skos:Concept rdf:about="http://localhost:8000/0bd4eb2e-7c89-33fc-8360-76abd92ca73a">
    <dcterms:identifier xml:lang="en">{"id": "bf2d1680-ae37-4343-9dbe-31175c045290", "value": "http://purl.org/heritagedata/schemes/465/concepts/132948"}</dcterms:identifier>
    <skos:scopeNote xml:lang="en">{"id": "0bbbbb21-3468-44d4-94b9-0df5429f63cd", "value": "A written work issued at regular intervals and numbered consecutively."}</skos:scopeNote>
    <skos:prefLabel xml:lang="en">{"id": "c9440e2f-ba45-4e5a-a1fb-6060ad8a997e", "value": "Serial"}</skos:prefLabel>
    <skos:inScheme rdf:resource="http://localhost:8000/fccab47b-27b7-3f90-bca5-906f38697b14"/>
  </skos:Concept>
  <skos:Concept rdf:about="http://localhost:8000/92beb7a7-8ec3-36d6-80cd-f0c9877be26d">
    <skos:narrower rdf:resource="http://localhost:8000/16050957-314f-3ac0-9e7c-d8773cac65b0"/>
    <skos:narrower>
      <skos:Concept rdf:about="http://localhost:8000/a0358c4f-4e76-38dc-ba46-2d137db53b8c">
        <skos:prefLabel xml:lang="en">{"id": "15459f72-3a48-4853-9099-86e44689f50f", "value": "File"}</skos:prefLabel>
        <skos:inScheme rdf:resource="http://localhost:8000/fccab47b-27b7-3f90-bca5-906f38697b14"/>
        <dcterms:identifier xml:lang="en">{"id": "45d118d9-8c03-4c62-b335-db53a1ca6742", "value": "http://purl.org/heritagedata/schemes/465/concepts/132904"}</dcterms:identifier>
      </skos:Concept>
    </skos:narrower>
    <skos:narrower>
      <skos:Concept rdf:about="http://localhost:8000/8e06a554-8ae7-3e8d-8844-9b33bf7ce26d">
        <skos:narrower rdf:resource="http://localhost:8000/812ea63b-924b-3b5c-8a24-101dce6eded3"/>
        <skos:inScheme rdf:resource="http://localhost:8000/fccab47b-27b7-3f90-bca5-906f38697b14"/>
        <dcterms:identifier xml:lang="en">{"id": "c13412c2-f21b-4fed-86be-25681b0a41c1", "value": "http://purl.org/heritagedata/schemes/465/concepts/133153"}</dcterms:identifier>
        <skos:prefLabel xml:lang="en">{"id": "bb2f5d0b-a864-4bf8-88c0-28ea4351509b", "value": "Album"}</skos:prefLabel>
      </skos:Concept>
    </skos:narrower>
    <skos:inScheme rdf:resource="http://localhost:8000/fccab47b-27b7-3f90-bca5-906f38697b14"/>
    <skos:prefLabel xml:lang="en">{"id": "2f557002-7e15-4fd0-bd9f-dd18ad09aaba", "value": "Compilation"}</skos:prefLabel>
    <dcterms:identifier xml:lang="en">{"id": "01106abe-eb11-4a34-b523-b85ccfd441f3", "value": "http://purl.org/heritagedata/schemes/465/concepts/134949"}</dcterms:identifier>
  </skos:Concept>
  <skos:Concept rdf:about="http://localhost:8000/2ed8d933-03be-3415-be6d-f29c1bcfd322">
    <skos:narrower>
      <skos:Concept rdf:about="http://localhost:8000/810e24a1-5138-3a4f-820b-9246141436ec">
        <skos:narrower rdf:resource="http://localhost:8000/ee171c35-7160-394f-9f2e-d88872c3e7a8"/>
        <skos:inScheme rdf:resource="http://localhost:8000/fccab47b-27b7-3f90-bca5-906f38697b14"/>
        <dcterms:identifier xml:lang="en">{"id": "d9e39697-07d8-4e82-a021-dd662dd4ddad", "value": "http://purl.org/heritagedata/schemes/465/concepts/132973"}</dcterms:identifier>
        <skos:prefLabel xml:lang="en">{"id": "5c05de73-1438-4c06-a297-6157496e8c85", "value": "Sound Recording"}</skos:prefLabel>
        <skos:scopeNote xml:lang="en">{"id": "54a771d3-8582-4d59-8acf-82bad1db27c8", "value": "A recording of voice, music or other sounds."}</skos:scopeNote>
      </skos:Concept>
    </skos:narrower>
    <skos:narrower rdf:resource="http://localhost:8000/e5714a6f-3c22-3a03-82dd-64f14c8d5563"/>
    <skos:narrower rdf:resource="http://localhost:8000/92beb7a7-8ec3-36d6-80cd-f0c9877be26d"/>
    <dcterms:identifier xml:lang="en">{"id": "53f0a2ee-c323-46af-aa14-d2ee388fc1de", "value": "http://purl.org/heritagedata/schemes/465/concepts/134948"}</dcterms:identifier>
    <skos:narrower rdf:resource="http://localhost:8000/f3ff84a3-faf5-3302-86dc-16efd2e70163"/>
    <skos:narrower>
      <skos:Concept rdf:about="http://localhost:8000/4c1ff1d8-a835-3384-b30c-a9f78c5df7c0">
        <skos:scopeNote xml:lang="en">{"id": "a0804c89-74f7-4861-8d93-2ceb9aac8341", "value": "3-D physical entity conveying information, e.g. a model, artefact or architectural feature."}</skos:scopeNote>
        <skos:inScheme rdf:resource="http://localhost:8000/fccab47b-27b7-3f90-bca5-906f38697b14"/>
        <skos:prefLabel xml:lang="en">{"id": "22bf27d5-4d1c-45f7-bb26-efe146b2037c", "value": "Object"}</skos:prefLabel>
        <dcterms:identifier xml:lang="en">{"id": "d1d15280-56fd-41c9-af25-29f50556e813", "value": "http://purl.org/heritagedata/schemes/465/concepts/132976"}</dcterms:identifier>
      </skos:Concept>
    </skos:narrower>
    <skos:narrower rdf:resource="http://localhost:8000/87817d66-69b1-3e92-8254-d0a0d7501ffc"/>
    <skos:prefLabel xml:lang="en">{"id": "4313eb8f-e067-46ff-80a6-dcab7981d753", "value": "Physical Characteristics"}</skos:prefLabel>
    <skos:narrower>
      <skos:Concept rdf:about="http://localhost:8000/64d4670d-f205-4a88-812b-d5b96fb27d9d">
        <skos:inScheme rdf:resource="http://localhost:8000/fccab47b-27b7-3f90-bca5-906f38697b14"/>
        <skos:prefLabel xml:lang="en">{"id": "40a84993-f6fc-46b2-b35f-cb5a5994e83c", "value": "Audio Cassette/Tape"}</skos:prefLabel>
        <dcterms:identifier xml:lang="en">{"id": "f76d50be-12a9-4bf0-a056-bcb3fa5c621d", "value": "http://purl.org/heritagedata/schemes/465/concepts/132881"}</dcterms:identifier>
      </skos:Concept>
    </skos:narrower>
    <skos:narrower rdf:resource="http://localhost:8000/4466318a-3f11-3a30-87eb-1614c173e773"/>
    <skos:narrower rdf:resource="http://localhost:8000/0bd4eb2e-7c89-33fc-8360-76abd92ca73a"/>
    <skos:narrower>
      <skos:Concept rdf:about="http://localhost:8000/7e61a4f1-2c2e-47ff-a3f5-72fa15eccfcf">
        <skos:prefLabel xml:lang="en">{"id": "05e4cf97-7f2b-4c78-9468-4b679fa208e5", "value": "Computer Disk/Tape"}</skos:prefLabel>
        <dcterms:identifier xml:lang="en">{"id": "3bc435cf-9a34-4790-8157-a945762ecf34", "value": "http://purl.org/heritagedata/schemes/465/concepts/132895"}</dcterms:identifier>
        <skos:inScheme rdf:resource="http://localhost:8000/fccab47b-27b7-3f90-bca5-906f38697b14"/>
      </skos:Concept>
    </skos:narrower>
    <skos:narrower rdf:resource="http://localhost:8000/d090dfb7-4112-34f3-bd71-4a961a04ba65"/>
    <skos:inScheme rdf:resource="http://localhost:8000/fccab47b-27b7-3f90-bca5-906f38697b14"/>
    <skos:narrower>
      <skos:Concept rdf:about="http://localhost:8000/45065ac5-0e1b-3a9a-8f4a-1c91ee79247d">
        <skos:narrower rdf:resource="http://localhost:8000/cd8bfabf-cd9b-3e8d-9a9f-328a1328850e"/>
        <dcterms:identifier xml:lang="en">{"id": "678052fe-bda1-4da3-8b5e-3655f5169f94", "value": "http://purl.org/heritagedata/schemes/465/concepts/132907"}</dcterms:identifier>
        <skos:prefLabel xml:lang="en">{"id": "0ff4ad6d-36a3-4e61-8979-f4e7634033ae", "value": "Index"}</skos:prefLabel>
        <skos:inScheme rdf:resource="http://localhost:8000/fccab47b-27b7-3f90-bca5-906f38697b14"/>
      </skos:Concept>
    </skos:narrower>
    <skos:narrower rdf:resource="http://localhost:8000/2e6ffdaa-9932-3d3f-bd2a-6a587fd91506"/>
    <skos:narrower>
      <skos:Concept rdf:about="http://localhost:8000/51c3f836-da96-3d88-a3c6-20219e3521e6">
        <dcterms:identifier xml:lang="en">{"id": "0238116a-9ad9-45ad-8bcf-02782a386236", "value": "http://purl.org/heritagedata/schemes/465/concepts/132917"}</dcterms:identifier>
        <skos:scopeNote xml:lang="en">{"id": "1bb65e0a-ecec-4e4a-9b3e-4c9c4decf86c", "value": "A complete written work including books and anthologies."}</skos:scopeNote>
        <skos:prefLabel xml:lang="en">{"id": "31f74f0e-51af-431d-8d63-76dba5430ef9", "value": "Monograph"}</skos:prefLabel>
        <skos:inScheme rdf:resource="http://localhost:8000/fccab47b-27b7-3f90-bca5-906f38697b14"/>
        <skos:narrower rdf:resource="http://localhost:8000/bd4044d8-44ff-37d7-a27e-69960e9980db"/>
      </skos:Concept>
    </skos:narrower>
  </skos:Concept>
  <skos:Concept rdf:about="http://localhost:8000/9a97cbc2-ffc7-4000-8d6c-315b2a457cd1">
    <skos:inScheme rdf:resource="http://localhost:8000/fccab47b-27b7-3f90-bca5-906f38697b14"/>
    <skos:prefLabel xml:lang="en">{"id": "e34f02bf-0fab-4c10-a073-5b0020445a19", "value": "Published Material"}</skos:prefLabel>
    <dcterms:identifier xml:lang="en">{"id": "4a3f4a99-8c19-41d9-9ebb-f2effa990a76", "value": "http://purl.org/heritagedata/schemes/465/concepts/132944"}</dcterms:identifier>
  </skos:Concept>
  <skos:Concept rdf:about="http://localhost:8000/ed695dac-0553-3567-8a6c-5b3acdc0b9f5">
    <skos:inScheme rdf:resource="http://localhost:8000/fccab47b-27b7-3f90-bca5-906f38697b14"/>
    <dcterms:identifier xml:lang="en">{"id": "897453a7-54aa-4e0b-a650-cd6bbb658eb2", "value": "http://purl.org/heritagedata/schemes/465/concepts/132900"}</dcterms:identifier>
    <skos:prefLabel xml:lang="en">{"id": "6481323f-d4ac-426a-88da-9898f5f1fb3c", "value": "Elevation Drawing"}</skos:prefLabel>
  </skos:Concept>
  <skos:Concept rdf:about="http://localhost:8000/cd71f043-565f-355a-afe8-3c7eb13fe839">
    <skos:scopeNote xml:lang="en">{"id": "c18e9b42-7e3a-40ad-a6ba-9b040b54c31c", "value": "Photographic negative using nitrate process on a film base material."}</skos:scopeNote>
    <skos:inScheme rdf:resource="http://localhost:8000/fccab47b-27b7-3f90-bca5-906f38697b14"/>
    <skos:prefLabel xml:lang="en">{"id": "6af9671e-5f7c-4474-a428-5c732ac32ea6", "value": "Nitrate Negative"}</skos:prefLabel>
    <dcterms:identifier xml:lang="en">{"id": "38acba44-b863-4736-ac14-cfe813003fc8", "value": "http://purl.org/heritagedata/schemes/465/concepts/134917"}</dcterms:identifier>
  </skos:Concept>
  <skos:Concept rdf:about="http://localhost:8000/768c0b98-97a9-3d80-ada9-a1fd2ae33bfd">
    <skos:narrower rdf:resource="http://localhost:8000/83de8e33-ffd4-3638-b665-10d90f612e35"/>
    <skos:inScheme rdf:resource="http://localhost:8000/fccab47b-27b7-3f90-bca5-906f38697b14"/>
    <skos:narrower rdf:resource="http://localhost:8000/80c546ca-407e-39cd-82d9-a97517bbeaaf"/>
    <skos:scopeNote xml:lang="en">{"id": "1ecb2f38-0f64-49fb-8624-9fdd62d8aaaf", "value": "Forms used in the recording of archaeological or other site investigations."}</skos:scopeNote>
    <dcterms:identifier xml:lang="en">{"id": "d9a7da4b-6ad6-4ba2-a166-38e34693c0df", "value": "http://purl.org/heritagedata/schemes/465/concepts/134958"}</dcterms:identifier>
    <skos:prefLabel xml:lang="en">{"id": "c447f9ba-ce56-43ab-a4e0-e3f056af2cbf", "value": "Site Recording Form"}</skos:prefLabel>
  </skos:Concept>
  <skos:Concept rdf:about="http://localhost:8000/7acc95aa-6638-4576-9ed6-720a6310da2c">
    <dcterms:identifier xml:lang="en">{"id": "680a0695-9dfd-4915-b71c-f6416aab9cc2", "value": "http://purl.org/heritagedata/schemes/465/concepts/133019"}</dcterms:identifier>
    <skos:inScheme rdf:resource="http://localhost:8000/fccab47b-27b7-3f90-bca5-906f38697b14"/>
    <skos:prefLabel xml:lang="en">{"id": "561352e9-51db-403c-87bd-166129f41e7d", "value": "Sketch Architectural Plan"}</skos:prefLabel>
  </skos:Concept>
  <skos:Concept rdf:about="http://localhost:8000/d7292d8d-a375-3792-a5cc-08fc23621d00">
    <skos:inScheme rdf:resource="http://localhost:8000/fccab47b-27b7-3f90-bca5-906f38697b14"/>
    <skos:narrower>
      <skos:Concept rdf:about="http://localhost:8000/fa3f35ce-de34-3337-ac96-8871a699a8e4">
        <skos:prefLabel xml:lang="en">{"id": "9c710bbf-5f4b-4d78-99aa-b57717005f42", "value": "Carbon Print Interneg"}</skos:prefLabel>
        <skos:scopeNote xml:lang="en">{"id": "e09f9cd0-e3dc-4f79-8b57-c9e00eacd81e", "value": "Photographic print on glass, using a wet process."}</skos:scopeNote>
        <dcterms:identifier xml:lang="en">{"id": "c33f878f-d27a-4e1a-aca1-3bf12f20210e", "value": "http://purl.org/heritagedata/schemes/465/concepts/134922"}</dcterms:identifier>
        <skos:inScheme rdf:resource="http://localhost:8000/fccab47b-27b7-3f90-bca5-906f38697b14"/>
      </skos:Concept>
    </skos:narrower>
    <skos:narrower>
      <skos:Concept rdf:about="http://localhost:8000/021fb18e-1d0c-30ff-9054-ef855ca19aac">
        <dcterms:identifier xml:lang="en">{"id": "727f03ea-e524-4651-9dbf-2285e1f7d3b6", "value": "http://purl.org/heritagedata/schemes/465/concepts/134921"}</dcterms:identifier>
        <skos:scopeNote xml:lang="en">{"id": "7b1de6f2-46d0-470d-845c-462d68024cf7", "value": "Photographic negative developed on waxed paper."}</skos:scopeNote>
        <skos:prefLabel xml:lang="en">{"id": "af9bdd53-22e9-465b-bea1-80877a797c0b", "value": "Waxed Paper Negative"}</skos:prefLabel>
        <skos:inScheme rdf:resource="http://localhost:8000/fccab47b-27b7-3f90-bca5-906f38697b14"/>
      </skos:Concept>
    </skos:narrower>
    <skos:narrower rdf:resource="http://localhost:8000/cd71f043-565f-355a-afe8-3c7eb13fe839"/>
    <dcterms:identifier xml:lang="en">{"id": "d57c8d06-0640-4579-8dca-ea5b7d9ad449", "value": "http://purl.org/heritagedata/schemes/465/concepts/132935"}</dcterms:identifier>
    <skos:narrower>
      <skos:Concept rdf:about="http://localhost:8000/05f30196-bfe6-30fe-90a1-7c3074ef7a03">
        <skos:inScheme rdf:resource="http://localhost:8000/fccab47b-27b7-3f90-bca5-906f38697b14"/>
        <dcterms:identifier xml:lang="en">{"id": "da92f0d4-da25-4de8-99db-cc68bd6b214b", "value": "http://purl.org/heritagedata/schemes/465/concepts/134916"}</dcterms:identifier>
        <skos:scopeNote xml:lang="en">{"id": "0c478ab9-746b-4ad0-94c3-264f0bf526ba", "value": "Photographic negative on glass developed using a dry process."}</skos:scopeNote>
        <skos:prefLabel xml:lang="en">{"id": "8052c63b-c0c6-4369-b56e-90fd8dae4906", "value": "Dry Plate Negative"}</skos:prefLabel>
      </skos:Concept>
    </skos:narrower>
    <skos:narrower rdf:resource="http://localhost:8000/5ed37109-4816-3a78-a4dc-0c836dd20295"/>
    <skos:prefLabel xml:lang="en">{"id": "b0effa19-1b99-4faf-9a07-f4d586383390", "value": "Negative"}</skos:prefLabel>
    <skos:narrower>
      <skos:Concept rdf:about="http://localhost:8000/9f1a8e49-00d6-3705-a993-0f0a850785e7">
        <skos:scopeNote xml:lang="en">{"id": "e26a13f4-4b08-4143-bf76-f332fdcaa6e9", "value": "Photographic negative developed on paper."}</skos:scopeNote>
        <dcterms:identifier xml:lang="en">{"id": "85d35f37-100a-4f8f-b012-ebdda29349de", "value": "http://purl.org/heritagedata/schemes/465/concepts/134920"}</dcterms:identifier>
        <skos:prefLabel xml:lang="en">{"id": "a53f22ba-2460-4186-affc-83ebe1fd91d2", "value": "Paper Negative"}</skos:prefLabel>
        <skos:inScheme rdf:resource="http://localhost:8000/fccab47b-27b7-3f90-bca5-906f38697b14"/>
      </skos:Concept>
    </skos:narrower>
    <skos:narrower rdf:resource="http://localhost:8000/fba690cc-d335-308f-88ef-41ed5332b224"/>
    <skos:narrower>
      <skos:Concept rdf:about="http://localhost:8000/7c397764-d050-3001-b997-5bf400ae2ca2">
        <skos:scopeNote xml:lang="en">{"id": "bdbf4994-a624-49ce-b215-1879eafa0aeb", "value": "Photographic negative on polyester base material."}</skos:scopeNote>
        <dcterms:identifier xml:lang="en">{"id": "4688ebe7-2b76-4f6f-bfa0-9dba1009f5ac", "value": "http://purl.org/heritagedata/schemes/465/concepts/134919"}</dcterms:identifier>
        <skos:prefLabel xml:lang="en">{"id": "6fe75226-89b6-4547-913d-2fa0c664c334", "value": "Polyester Negative"}</skos:prefLabel>
        <skos:inScheme rdf:resource="http://localhost:8000/fccab47b-27b7-3f90-bca5-906f38697b14"/>
      </skos:Concept>
    </skos:narrower>
  </skos:Concept>
  <skos:Concept rdf:about="http://localhost:8000/2966856a-a3ff-3653-9a7b-426d4042f912">
    <skos:inScheme rdf:resource="http://localhost:8000/fccab47b-27b7-3f90-bca5-906f38697b14"/>
    <skos:prefLabel xml:lang="en">{"id": "486e0d6f-13e4-4d1b-99ac-4f26293e4e98", "value": "Excavation Plan"}</skos:prefLabel>
    <dcterms:identifier xml:lang="en">{"id": "b68c1999-6b55-4c3f-b8f3-6d936fb70089", "value": "http://purl.org/heritagedata/schemes/465/concepts/133020"}</dcterms:identifier>
  </skos:Concept>
  <skos:Concept rdf:about="http://localhost:8000/2547528b-1da9-3a00-9580-88d972916389">
    <skos:inScheme rdf:resource="http://localhost:8000/fccab47b-27b7-3f90-bca5-906f38697b14"/>
    <skos:scopeNote xml:lang="en">{"id": "faece2f9-aacd-4777-b0ca-3df654ed540c", "value": "Photographic transparency mounted for use in projection equipment."}</skos:scopeNote>
    <dcterms:identifier xml:lang="en">{"id": "fe094abc-3f87-4b43-9e1d-e7ddcac62cb4", "value": "http://purl.org/heritagedata/schemes/465/concepts/132937"}</dcterms:identifier>
    <skos:prefLabel xml:lang="en">{"id": "6825a5f5-da26-48b3-8571-2313dabacf61", "value": "Slide (Photographic)"}</skos:prefLabel>
  </skos:Concept>
  <skos:Concept rdf:about="http://localhost:8000/da4cd31d-6893-40f3-b460-03f5f01306ef">
    <skos:prefLabel xml:lang="en">{"id": "e61a2e78-4e84-433d-957a-4a7f32e409ef", "value": "Miscellaneous Material"}</skos:prefLabel>
    <skos:inScheme rdf:resource="http://localhost:8000/fccab47b-27b7-3f90-bca5-906f38697b14"/>
    <dcterms:identifier xml:lang="en">{"id": "28cc85bd-bac6-4914-b6e1-1eb189ff6ef2", "value": "http://purl.org/heritagedata/schemes/465/concepts/132916"}</dcterms:identifier>
  </skos:Concept>
  <skos:Concept rdf:about="http://localhost:8000/531392e4-9043-3af1-8f27-fbd901fbaa6d">
    <dcterms:identifier xml:lang="en">{"id": "4e2f9f01-d2c3-4645-a986-4060704f6be2", "value": "http://purl.org/heritagedata/schemes/465/concepts/133002"}</dcterms:identifier>
    <skos:inScheme rdf:resource="http://localhost:8000/fccab47b-27b7-3f90-bca5-906f38697b14"/>
    <skos:prefLabel xml:lang="en">{"id": "76687695-0679-479e-839d-c83152a748df", "value": "Finds Index"}</skos:prefLabel>
  </skos:Concept>
  <skos:Concept rdf:about="http://localhost:8000/64f26094-3d1b-4be3-8475-860c235a3527">
    <skos:inScheme rdf:resource="http://localhost:8000/fccab47b-27b7-3f90-bca5-906f38697b14"/>
    <skos:prefLabel xml:lang="en">{"id": "4428c4da-bf2d-43d2-8a49-96472ca4eebc", "value": "Microfilm"}</skos:prefLabel>
    <dcterms:identifier xml:lang="en">{"id": "355d39de-e18f-4737-b887-83638b8aa076", "value": "http://purl.org/heritagedata/schemes/465/concepts/133005"}</dcterms:identifier>
  </skos:Concept>
  <skos:Concept rdf:about="http://localhost:8000/2b297a0b-0321-4d36-8f35-913b95eaf291">
    <skos:prefLabel xml:lang="en">{"id": "273b7fd8-9a5c-4129-a154-8bdcfaefb475", "value": "SIlver Gelatine Print"}</skos:prefLabel>
    <dcterms:identifier xml:lang="en">{"id": "0e89ae44-e7d0-4c3f-b76a-4e67295936ba", "value": "http://purl.org/heritagedata/schemes/465/concepts/134944"}</dcterms:identifier>
    <skos:inScheme rdf:resource="http://localhost:8000/fccab47b-27b7-3f90-bca5-906f38697b14"/>
  </skos:Concept>
  <skos:Concept rdf:about="http://localhost:8000/d7010584-c12c-4c3f-b594-659bc063c3e6">
    <skos:inScheme rdf:resource="http://localhost:8000/fccab47b-27b7-3f90-bca5-906f38697b14"/>
    <dcterms:identifier xml:lang="en">{"id": "7e07f2cd-7fbe-48f0-bfb6-2b7f985a7554", "value": "http://purl.org/heritagedata/schemes/465/concepts/132915"}</dcterms:identifier>
    <skos:prefLabel xml:lang="en">{"id": "03d0f20d-11f5-469a-98c3-1fca7721dea8", "value": "Microfiche"}</skos:prefLabel>
  </skos:Concept>
  <skos:Concept rdf:about="http://localhost:8000/f1a5da6b-5329-32f1-a52a-936413ccdce1">
    <skos:inScheme rdf:resource="http://localhost:8000/fccab47b-27b7-3f90-bca5-906f38697b14"/>
    <skos:scopeNote xml:lang="en">{"id": "383c21e3-2d99-4396-875f-48d3cd2f4356", "value": "Documents relating to the planning, inception and management of a project."}</skos:scopeNote>
    <dcterms:identifier xml:lang="en">{"id": "b8fe4937-bef9-47b6-9172-498c8b82a8ab", "value": "http://purl.org/heritagedata/schemes/465/concepts/134962"}</dcterms:identifier>
    <skos:prefLabel xml:lang="en">{"id": "3ba1a19d-ae64-4937-ad74-b7b05d3877b8", "value": "Project Documentation"}</skos:prefLabel>
  </skos:Concept>
  <skos:Concept rdf:about="http://localhost:8000/ee171c35-7160-394f-9f2e-d88872c3e7a8">
    <skos:prefLabel xml:lang="en">{"id": "5d17edcc-61c9-43a3-97ed-8a7624e06ef4", "value": "Music"}</skos:prefLabel>
    <skos:inScheme rdf:resource="http://localhost:8000/fccab47b-27b7-3f90-bca5-906f38697b14"/>
    <dcterms:identifier xml:lang="en">{"id": "72afe02c-41a0-4447-ba63-28849f952111", "value": "http://purl.org/heritagedata/schemes/465/concepts/133008"}</dcterms:identifier>
  </skos:Concept>
  <skos:Concept rdf:about="http://localhost:8000/812ea63b-924b-3b5c-8a24-101dce6eded3">
    <skos:inScheme rdf:resource="http://localhost:8000/fccab47b-27b7-3f90-bca5-906f38697b14"/>
    <dcterms:identifier xml:lang="en">{"id": "660ca011-dfac-41bd-8834-c9d5185be1b7", "value": "http://purl.org/heritagedata/schemes/465/concepts/132934"}</dcterms:identifier>
    <skos:prefLabel xml:lang="en">{"id": "71c0eca8-4000-4b46-a6d2-fdf137661286", "value": "Photograph Album"}</skos:prefLabel>
  </skos:Concept>
  <skos:Concept rdf:about="http://localhost:8000/c8b09d73-2666-312c-8d78-9326f42b788e">
    <skos:prefLabel xml:lang="en">{"id": "7bc92c08-cb62-43f2-963c-c5c1731240d2", "value": "Antiquity Model"}</skos:prefLabel>
    <dcterms:identifier xml:lang="en">{"id": "5cfe09b3-154c-4a2b-b7b8-4e1bfe1efea4", "value": "http://purl.org/heritagedata/schemes/465/concepts/132874"}</dcterms:identifier>
    <skos:inScheme rdf:resource="http://localhost:8000/fccab47b-27b7-3f90-bca5-906f38697b14"/>
  </skos:Concept>
  <skos:Concept rdf:about="http://localhost:8000/337bf5b4-24a2-38ab-a7f0-fef0a31772f8">
    <dcterms:identifier xml:lang="en">{"id": "55f18ba7-0618-4ada-8f75-34b78575a3a2", "value": "http://purl.org/heritagedata/schemes/465/concepts/132908"}</dcterms:identifier>
    <skos:inScheme rdf:resource="http://localhost:8000/fccab47b-27b7-3f90-bca5-906f38697b14"/>
    <skos:prefLabel xml:lang="en">{"id": "38ce9aff-c745-4306-ab0b-9b573c3701b7", "value": "List"}</skos:prefLabel>
  </skos:Concept>
  <skos:Concept rdf:about="http://localhost:8000/bd4044d8-44ff-37d7-a27e-69960e9980db">
    <skos:inScheme rdf:resource="http://localhost:8000/fccab47b-27b7-3f90-bca5-906f38697b14"/>
    <skos:prefLabel xml:lang="en">{"id": "d62013ae-977e-4869-a999-ff986686e427", "value": "Book"}</skos:prefLabel>
    <dcterms:identifier xml:lang="en">{"id": "1c8ebea3-9268-4bee-b76d-22f2f892f889", "value": "http://purl.org/heritagedata/schemes/465/concepts/132893"}</dcterms:identifier>
  </skos:Concept>
  <skos:Concept rdf:about="http://localhost:8000/605a0ba7-d8d6-34c2-993d-2c499d91a33c">
    <skos:inScheme rdf:resource="http://localhost:8000/fccab47b-27b7-3f90-bca5-906f38697b14"/>
    <skos:narrower rdf:resource="http://localhost:8000/d737a4d9-333b-34ea-af3b-918bd14a5a48"/>
    <skos:prefLabel xml:lang="en">{"id": "aeb22062-59c9-4a2b-84f7-e701c3bb0769", "value": "Architectural Plan"}</skos:prefLabel>
    <dcterms:identifier xml:lang="en">{"id": "c7eee8fe-1db8-4602-9fbe-62e480a92dfb", "value": "http://purl.org/heritagedata/schemes/465/concepts/132940"}</dcterms:identifier>
    <skos:narrower rdf:resource="http://localhost:8000/7acc95aa-6638-4576-9ed6-720a6310da2c"/>
  </skos:Concept>
  <skos:Concept rdf:about="http://localhost:8000/fffbe346-8103-34c0-a13e-5453117d5a56">
    <skos:prefLabel xml:lang="en">{"id": "40579da9-20d2-4287-9f4f-ba4c0febc879", "value": "Engraving"}</skos:prefLabel>
    <dcterms:identifier xml:lang="en">{"id": "bb0432f0-259f-43ed-becb-f6edf49eca05", "value": "http://purl.org/heritagedata/schemes/465/concepts/133000"}</dcterms:identifier>
    <skos:inScheme rdf:resource="http://localhost:8000/fccab47b-27b7-3f90-bca5-906f38697b14"/>
  </skos:Concept>
  <skos:Concept rdf:about="http://localhost:8000/5b6f431e-0cd0-30aa-b9e0-e0b5a6eafe51">
    <dcterms:identifier xml:lang="en">{"id": "808cfcaf-1c47-4262-bcff-1766db8d7c95", "value": "http://purl.org/heritagedata/schemes/465/concepts/132943"}</dcterms:identifier>
    <skos:inScheme rdf:resource="http://localhost:8000/fccab47b-27b7-3f90-bca5-906f38697b14"/>
    <skos:prefLabel xml:lang="en">{"id": "c24bb79c-7f32-45e6-a4e7-bd4931c7dcde", "value": "Profile"}</skos:prefLabel>
  </skos:Concept>
  <skos:Concept rdf:about="http://localhost:8000/4bda0b9e-81f8-300e-afb5-8fa18c294cff">
    <skos:prefLabel xml:lang="en">{"id": "3576244d-b360-467b-87e7-8ba865db5984", "value": "Gazetteer"}</skos:prefLabel>
    <dcterms:identifier xml:lang="en">{"id": "c7267df7-da8f-4373-b386-ce659811f383", "value": "http://purl.org/heritagedata/schemes/465/concepts/132905"}</dcterms:identifier>
    <skos:inScheme rdf:resource="http://localhost:8000/fccab47b-27b7-3f90-bca5-906f38697b14"/>
  </skos:Concept>
</rdf:RDF>
