<?xml version="1.0" encoding="utf-8"?>
<rdf:RDF
  xmlns:skos="http://www.w3.org/2004/02/skos/core#"
  xmlns:dcterms="http://purl.org/dc/terms/"
  xmlns:rdf="http://www.w3.org/1999/02/22-rdf-syntax-ns#"
>
  <skos:Concept rdf:about="http://localhost:8000/43be8278-dfd0-3807-87be-3f7944c722b5">
    <skos:narrower>
      <skos:Concept rdf:about="http://localhost:8000/98e7577c-519b-3712-b0b8-329247666226">
        <skos:prefLabel xml:lang="en">{"id": "748af512-d8b0-4b2a-9d06-9117d762c85b", "value": "Gardening"}</skos:prefLabel>
        <skos:inScheme rdf:resource="http://localhost:8000/1dc75624-5770-3fdd-93d8-cefad6d88277"/>
        <dcterms:identifier xml:lang="en">{"id": "2d8d0ad2-e8a3-4041-a6f1-bea9fac04da3", "value": "http://purl.org/heritagedata/schemes/HE_threat/concepts/5168"}</dcterms:identifier>
      </skos:Concept>
    </skos:narrower>
    <skos:narrower>
      <skos:Concept rdf:about="http://localhost:8000/e7245a87-da58-3ee0-a32a-fc4d18be555e">
        <skos:prefLabel xml:lang="en">{"id": "93b60403-16ab-4223-b707-ec4ad12722e4", "value": "Machinery Damage"}</skos:prefLabel>
        <dcterms:identifier xml:lang="en">{"id": "35091b56-77c3-48c2-bbc2-5355c7b65e14", "value": "http://purl.org/heritagedata/schemes/HE_threat/concepts/5170"}</dcterms:identifier>
        <skos:inScheme rdf:resource="http://localhost:8000/1dc75624-5770-3fdd-93d8-cefad6d88277"/>
      </skos:Concept>
    </skos:narrower>
    <skos:narrower>
      <skos:Concept rdf:about="http://localhost:8000/373b149e-6c4d-320c-9338-7ed8c5eef7ab">
        <skos:inScheme rdf:resource="http://localhost:8000/1dc75624-5770-3fdd-93d8-cefad6d88277"/>
        <dcterms:identifier xml:lang="en">{"id": "7738cc85-7f54-4413-bb35-aeaa0410dbc7", "value": "http://purl.org/heritagedata/schemes/HE_threat/concepts/5181"}</dcterms:identifier>
        <skos:prefLabel xml:lang="en">{"id": "c670f305-07d3-4575-a1d1-76b8d1943710", "value": "Relocation"}</skos:prefLabel>
      </skos:Concept>
    </skos:narrower>
    <dcterms:identifier xml:lang="en">{"id": "09990950-b476-48e1-a0df-e07dc6be43c8", "value": "http://purl.org/heritagedata/schemes/HE_threat/concepts/5140"}</dcterms:identifier>
    <skos:narrower>
      <skos:Concept rdf:about="http://localhost:8000/c404fd5f-a2d1-3ca3-bb70-20ebea018de3">
        <skos:prefLabel xml:lang="en">{"id": "0784aa55-8e60-44eb-9fde-b9d1ee458b28", "value": "Metal Detecting"}</skos:prefLabel>
        <dcterms:identifier xml:lang="en">{"id": "686cfebe-7769-4228-bd6d-b19171b00579", "value": "http://purl.org/heritagedata/schemes/HE_threat/concepts/5171"}</dcterms:identifier>
        <skos:inScheme rdf:resource="http://localhost:8000/1dc75624-5770-3fdd-93d8-cefad6d88277"/>
      </skos:Concept>
    </skos:narrower>
    <skos:narrower>
      <skos:Concept rdf:about="http://localhost:8000/45d63d41-1646-3bdb-a173-57754768a79f">
        <skos:inScheme rdf:resource="http://localhost:8000/1dc75624-5770-3fdd-93d8-cefad6d88277"/>
        <dcterms:identifier xml:lang="en">{"id": "31cff1cf-7a68-4fb2-911f-f44bddb99843", "value": "http://purl.org/heritagedata/schemes/HE_threat/concepts/5177"}</dcterms:identifier>
        <skos:prefLabel xml:lang="en">{"id": "3bcececf-2baf-4fcf-8ac5-0c5cdc63812b", "value": "Public Danger"}</skos:prefLabel>
      </skos:Concept>
    </skos:narrower>
    <skos:narrower>
      <skos:Concept rdf:about="http://localhost:8000/ab3ddd28-372a-352e-abb8-c7922421e06c">
        <skos:prefLabel xml:lang="en">{"id": "7137a243-1d3c-42d4-a833-834ab41be99c", "value": "Visitor Erosion"}</skos:prefLabel>
        <skos:inScheme rdf:resource="http://localhost:8000/1dc75624-5770-3fdd-93d8-cefad6d88277"/>
        <dcterms:identifier xml:lang="en">{"id": "f6d64c70-8d37-4cae-ba61-7a9be3b68632", "value": "http://purl.org/heritagedata/schemes/HE_threat/concepts/5192"}</dcterms:identifier>
      </skos:Concept>
    </skos:narrower>
    <skos:narrower>
      <skos:Concept rdf:about="http://localhost:8000/dc08497b-d701-3da9-9492-2c4da68f0fb2">
        <skos:narrower rdf:resource="http://localhost:8000/e4d6a8d9-dacd-3c32-9e0b-1e1460d1f8e5"/>
        <skos:narrower rdf:resource="http://localhost:8000/6e90b46e-025c-386d-8e6c-7649c25df066"/>
        <skos:inScheme rdf:resource="http://localhost:8000/1dc75624-5770-3fdd-93d8-cefad6d88277"/>
        <skos:prefLabel xml:lang="en">{"id": "3b01163a-4d5b-40fe-807d-8742e148ffc8", "value": "Agricultural Requirements"}</skos:prefLabel>
        <skos:narrower rdf:resource="http://localhost:8000/15243ecc-63bf-3709-a394-8aede56cfa6e"/>
        <skos:narrower rdf:resource="http://localhost:8000/0088f008-f828-3573-a7d6-10fc9cefa1b7"/>
        <dcterms:identifier xml:lang="en">{"id": "10cfd771-9cd9-4cb1-ab3d-cb0fa5fc10f0", "value": "http://purl.org/heritagedata/schemes/HE_threat/concepts/5152"}</dcterms:identifier>
      </skos:Concept>
    </skos:narrower>
    <skos:narrower>
      <skos:Concept rdf:about="http://localhost:8000/a97d7024-a55f-3309-bd43-19f777ffbb27">
        <skos:prefLabel xml:lang="en">{"id": "80c6c7d3-e376-477f-ac68-658d45874978", "value": "Burial"}</skos:prefLabel>
        <dcterms:identifier xml:lang="en">{"id": "4a7e66b8-f8a8-4937-b919-1d96e50af8a1", "value": "http://purl.org/heritagedata/schemes/HE_threat/concepts/5155"}</dcterms:identifier>
        <skos:inScheme rdf:resource="http://localhost:8000/1dc75624-5770-3fdd-93d8-cefad6d88277"/>
      </skos:Concept>
    </skos:narrower>
    <skos:narrower>
      <skos:Concept rdf:about="http://localhost:8000/7c89322d-88cf-3c7d-9da7-e2923ec185dc">
        <dcterms:identifier xml:lang="en">{"id": "21d8e5f9-96a9-4d04-85f2-1db4052d3e3a", "value": "http://purl.org/heritagedata/schemes/HE_threat/concepts/5191"}</dcterms:identifier>
        <skos:inScheme rdf:resource="http://localhost:8000/1dc75624-5770-3fdd-93d8-cefad6d88277"/>
        <skos:prefLabel xml:lang="en">{"id": "5b2c06d6-43bf-41d4-82ed-1c68793f37a6", "value": "Vehicle Erosion"}</skos:prefLabel>
      </skos:Concept>
    </skos:narrower>
    <skos:inScheme>
      <skos:ConceptScheme rdf:about="http://localhost:8000/1dc75624-5770-3fdd-93d8-cefad6d88277">
        <skos:hasTopConcept rdf:resource="http://localhost:8000/72790d24-8fde-3e44-8ab1-b0659bb85219"/>
        <skos:hasTopConcept rdf:resource="http://localhost:8000/1dc01e9f-7dc0-3e75-8f34-8df28893b513"/>
        <skos:hasTopConcept rdf:resource="http://localhost:8000/43be8278-dfd0-3807-87be-3f7944c722b5"/>
        <dcterms:title xml:lang="en">{"id": "5dfce222-6730-4f2e-aff3-013c3323806e", "value": "Historic England Threat Type"}</dcterms:title>
        <dcterms:identifier xml:lang="en">{"id": "35becdc2-b66f-45bc-abe2-c4bb6f1cea15", "value": "http://purl.org/heritagedata/schemes/HE_threat"}</dcterms:identifier>
        <dcterms:description xml:lang="en">{"id": "feaaa9d7-f6dd-4735-b2ea-31ac09e87654", "value": "Used to record known threats to the fabric or integrity of a site"}</dcterms:description>
        <skos:hasTopConcept rdf:resource="http://localhost:8000/d170e3ed-adb9-3ff1-9aed-47fcb260dba3"/>
      </skos:ConceptScheme>
    </skos:inScheme>
    <skos:narrower>
      <skos:Concept rdf:about="http://localhost:8000/48cdfca0-f4e5-3eaa-af6d-0d730f09c123">
        <dcterms:identifier xml:lang="en">{"id": "503ba876-e846-4c14-88ce-f3a40916eb08", "value": "http://purl.org/heritagedata/schemes/HE_threat/concepts/5160"}</dcterms:identifier>
        <skos:narrower rdf:resource="http://localhost:8000/e7a2b674-a906-3e38-adae-7e262b8bad57"/>
        <skos:prefLabel xml:lang="en">{"id": "6e920f8f-f00e-4c78-a808-58e8a350954d", "value": "Development"}</skos:prefLabel>
        <skos:narrower rdf:resource="http://localhost:8000/8a799706-4d4e-3a4c-af03-47187fd74775"/>
        <skos:inScheme rdf:resource="http://localhost:8000/1dc75624-5770-3fdd-93d8-cefad6d88277"/>
        <skos:narrower rdf:resource="http://localhost:8000/7d1c26f2-d7a8-3648-b89c-616388204e5d"/>
      </skos:Concept>
    </skos:narrower>
    <skos:narrower>
      <skos:Concept rdf:about="http://localhost:8000/b9a7783d-663e-3389-82d5-81572fdf7b17">
        <dcterms:identifier xml:lang="en">{"id": "5c69429b-fe7e-4392-bede-448862eb321c", "value": "http://purl.org/heritagedata/schemes/HE_threat/concepts/5178"}</dcterms:identifier>
        <skos:prefLabel xml:lang="en">{"id": "6bbbaceb-392f-4511-8a4e-1eeb718f04e9", "value": "Public Utilities"}</skos:prefLabel>
        <skos:inScheme rdf:resource="http://localhost:8000/1dc75624-5770-3fdd-93d8-cefad6d88277"/>
      </skos:Concept>
    </skos:narrower>
    <skos:prefLabel xml:lang="en">{"id": "c8d29670-bba7-4152-a43d-5c24a43092e1", "value": "Human Activity"}</skos:prefLabel>
    <skos:narrower>
      <skos:Concept rdf:about="http://localhost:8000/def96035-6d15-38e1-9976-884b9bb56a19">
        <skos:inScheme rdf:resource="http://localhost:8000/1dc75624-5770-3fdd-93d8-cefad6d88277"/>
        <skos:prefLabel xml:lang="en">{"id": "f2b6dc38-725c-4e27-9ad0-e27566f084bb", "value": "Inappropriate Restoration"}</skos:prefLabel>
        <dcterms:identifier xml:lang="en">{"id": "7a790d2b-fee7-428e-8d05-7e2b78b3f2e5", "value": "http://purl.org/heritagedata/schemes/HE_threat/concepts/5182"}</dcterms:identifier>
      </skos:Concept>
    </skos:narrower>
    <skos:narrower>
      <skos:Concept rdf:about="http://localhost:8000/3234a6d2-cfb2-36e2-b7fa-b3b8e12f4f3a">
        <dcterms:identifier xml:lang="en">{"id": "c8a666b7-7ea7-4c90-9c23-0871d625a4f0", "value": "http://purl.org/heritagedata/schemes/HE_threat/concepts/5143"}</dcterms:identifier>
        <skos:inScheme rdf:resource="http://localhost:8000/1dc75624-5770-3fdd-93d8-cefad6d88277"/>
        <skos:narrower rdf:resource="http://localhost:8000/5bb63dfc-bc58-3082-9046-d9c9afc62c3f"/>
        <skos:narrower rdf:resource="http://localhost:8000/292bbd2d-2518-35c9-9e8d-aa5376dd1574"/>
        <skos:narrower rdf:resource="http://localhost:8000/44fb71ca-ba64-3b0b-83b3-340792fc3734"/>
        <skos:prefLabel xml:lang="en">{"id": "ad5ee617-20c0-44bf-88f2-4081c7c53f02", "value": "Criminal Activity"}</skos:prefLabel>
      </skos:Concept>
    </skos:narrower>
    <skos:narrower>
      <skos:Concept rdf:about="http://localhost:8000/e4f0b8e4-8033-317d-8aec-32f8bb5e36ee">
        <skos:inScheme rdf:resource="http://localhost:8000/1dc75624-5770-3fdd-93d8-cefad6d88277"/>
        <skos:narrower rdf:resource="http://localhost:8000/6eb6dff8-0dcf-31f5-95bb-d855cff35b33"/>
        <skos:prefLabel xml:lang="en">{"id": "19f8b232-6879-43f2-b384-09b7e18114ee", "value": "Industrial Activity"}</skos:prefLabel>
        <skos:narrower rdf:resource="http://localhost:8000/3f20673c-6bb0-30b6-bdad-ebcc9bbf530b"/>
        <dcterms:identifier xml:lang="en">{"id": "f243f724-a8f5-42d7-a3c8-67770eb516c2", "value": "http://purl.org/heritagedata/schemes/HE_threat/concepts/5142"}</dcterms:identifier>
      </skos:Concept>
    </skos:narrower>
  </skos:Concept>
  <skos:Concept rdf:about="http://localhost:8000/1dc01e9f-7dc0-3e75-8f34-8df28893b513">
    <skos:narrower>
      <skos:Concept rdf:about="http://localhost:8000/5957f7a6-3d46-3d4f-b00e-61ec8e8b4e83">
        <dcterms:identifier xml:lang="en">{"id": "50ddae17-23ae-41c8-99d7-042d5346cede", "value": "http://purl.org/heritagedata/schemes/HE_threat/concepts/5173"}</dcterms:identifier>
        <skos:prefLabel xml:lang="en">{"id": "7f5b68bc-3e80-45ce-a8d5-af951573608a", "value": "Natural Erosion"}</skos:prefLabel>
        <skos:inScheme rdf:resource="http://localhost:8000/1dc75624-5770-3fdd-93d8-cefad6d88277"/>
      </skos:Concept>
    </skos:narrower>
    <skos:narrower>
      <skos:Concept rdf:about="http://localhost:8000/2fdbd304-2524-3f0d-b569-b246c8a3e13a">
        <dcterms:identifier xml:lang="en">{"id": "e22bbfa6-a946-40bd-89eb-75324a541845", "value": "http://purl.org/heritagedata/schemes/HE_threat/concepts/5185"}</dcterms:identifier>
        <skos:prefLabel xml:lang="en">{"id": "796afa58-9915-4e8a-8473-483d578e7005", "value": "Rot"}</skos:prefLabel>
        <skos:inScheme rdf:resource="http://localhost:8000/1dc75624-5770-3fdd-93d8-cefad6d88277"/>
      </skos:Concept>
    </skos:narrower>
    <skos:inScheme rdf:resource="http://localhost:8000/1dc75624-5770-3fdd-93d8-cefad6d88277"/>
    <skos:narrower>
      <skos:Concept rdf:about="http://localhost:8000/ad44eee7-8a48-345e-8e22-7cd23a7f79a4">
        <skos:prefLabel xml:lang="en">{"id": "0b7f2f40-0890-4a16-ba73-bbd16764125f", "value": "Animal Burrowing"}</skos:prefLabel>
        <skos:inScheme rdf:resource="http://localhost:8000/1dc75624-5770-3fdd-93d8-cefad6d88277"/>
        <dcterms:identifier xml:lang="en">{"id": "f34d1df5-12b1-46f4-bdc3-e9830a05ba31", "value": "http://purl.org/heritagedata/schemes/HE_threat/concepts/5153"}</dcterms:identifier>
      </skos:Concept>
    </skos:narrower>
    <skos:prefLabel xml:lang="en">{"id": "20250b4c-b131-4dde-9793-ebfae5e53aaf", "value": "Natural Activity"}</skos:prefLabel>
    <dcterms:identifier xml:lang="en">{"id": "e37d1839-0e65-48ab-98c2-022bf7e3c1a1", "value": "http://purl.org/heritagedata/schemes/HE_threat/concepts/5141"}</dcterms:identifier>
    <skos:narrower>
      <skos:Concept rdf:about="http://localhost:8000/c5e1558c-56b4-3486-a973-0906f89caac0">
        <skos:prefLabel xml:lang="en">{"id": "3bcfaaf1-035b-4cc0-9bef-2d2a5c247814", "value": "Soil Movement"}</skos:prefLabel>
        <dcterms:identifier xml:lang="en">{"id": "295702aa-6855-4112-9d6a-a6dc57b3080b", "value": "http://purl.org/heritagedata/schemes/HE_threat/concepts/5187"}</dcterms:identifier>
        <skos:inScheme rdf:resource="http://localhost:8000/1dc75624-5770-3fdd-93d8-cefad6d88277"/>
      </skos:Concept>
    </skos:narrower>
    <skos:narrower>
      <skos:Concept rdf:about="http://localhost:8000/777aa5f0-9271-3bc4-adbe-95d5979bfb6b">
        <skos:prefLabel xml:lang="en">{"id": "fcfb5b2c-ef92-4087-bdef-e4343bab5087", "value": "Coastal Erosion"}</skos:prefLabel>
        <dcterms:identifier xml:lang="en">{"id": "cf8e810f-da75-4966-b755-0178d6540065", "value": "http://purl.org/heritagedata/schemes/HE_threat/concepts/5157"}</dcterms:identifier>
        <skos:inScheme rdf:resource="http://localhost:8000/1dc75624-5770-3fdd-93d8-cefad6d88277"/>
      </skos:Concept>
    </skos:narrower>
    <skos:narrower>
      <skos:Concept rdf:about="http://localhost:8000/f89d750a-4ca7-338f-8724-9e23b6b8f231">
        <skos:inScheme rdf:resource="http://localhost:8000/1dc75624-5770-3fdd-93d8-cefad6d88277"/>
        <dcterms:identifier xml:lang="en">{"id": "6339617c-f8b1-4b08-99e3-a03c64cf143c", "value": "http://purl.org/heritagedata/schemes/HE_threat/concepts/5166"}</dcterms:identifier>
        <skos:prefLabel xml:lang="en">{"id": "a3bb14a9-7594-4a65-b3a4-7f44e3d11a8a", "value": "Flooding"}</skos:prefLabel>
      </skos:Concept>
    </skos:narrower>
    <skos:narrower>
      <skos:Concept rdf:about="http://localhost:8000/4373d234-21a2-3c04-a77e-30106b4675cb">
        <skos:prefLabel xml:lang="en">{"id": "77bbb922-9faa-4c19-849d-46df041e0905", "value": "Plant Growth"}</skos:prefLabel>
        <dcterms:identifier xml:lang="en">{"id": "8ca45b8f-aa50-4834-9e1f-8aa948bd277e", "value": "http://purl.org/heritagedata/schemes/HE_threat/concepts/5176"}</dcterms:identifier>
        <skos:inScheme rdf:resource="http://localhost:8000/1dc75624-5770-3fdd-93d8-cefad6d88277"/>
      </skos:Concept>
    </skos:narrower>
    <skos:narrower>
      <skos:Concept rdf:about="http://localhost:8000/5d4cd506-2fa2-306c-9fe1-6bd462fa0789">
        <dcterms:identifier xml:lang="en">{"id": "5128dbc5-2d51-4b83-bf3e-0cde3c3b9157", "value": "http://purl.org/heritagedata/schemes/HE_threat/concepts/5183"}</dcterms:identifier>
        <skos:prefLabel xml:lang="en">{"id": "9f3ce6c6-a44d-4c04-81ff-b43d9fe43edd", "value": "Riverbank Erosion"}</skos:prefLabel>
        <skos:inScheme rdf:resource="http://localhost:8000/1dc75624-5770-3fdd-93d8-cefad6d88277"/>
      </skos:Concept>
    </skos:narrower>
    <skos:narrower>
      <skos:Concept rdf:about="http://localhost:8000/b40dd325-987d-3e88-b947-0c86be94dc9a">
        <dcterms:identifier xml:lang="en">{"id": "d515b288-b06f-40b4-b5fe-c3354d75ae9b", "value": "http://purl.org/heritagedata/schemes/HE_threat/concepts/5180"}</dcterms:identifier>
        <skos:prefLabel xml:lang="en">{"id": "56dadb61-afa5-4360-982b-1bfabe678fce", "value": "Rain Entry"}</skos:prefLabel>
        <skos:inScheme rdf:resource="http://localhost:8000/1dc75624-5770-3fdd-93d8-cefad6d88277"/>
      </skos:Concept>
    </skos:narrower>
    <skos:narrower>
      <skos:Concept rdf:about="http://localhost:8000/be1ec283-0a71-3c29-be4f-b44a7af8108a">
        <skos:prefLabel xml:lang="en">{"id": "eb570ffc-5e48-4c82-a0ec-1e0afede07dd", "value": "Scrub Growth"}</skos:prefLabel>
        <dcterms:identifier xml:lang="en">{"id": "29becd6b-8416-4c71-9c55-dfdadfd6a060", "value": "http://purl.org/heritagedata/schemes/HE_threat/concepts/5186"}</dcterms:identifier>
        <skos:inScheme rdf:resource="http://localhost:8000/1dc75624-5770-3fdd-93d8-cefad6d88277"/>
      </skos:Concept>
    </skos:narrower>
  </skos:Concept>
  <skos:Concept rdf:about="http://localhost:8000/5bb63dfc-bc58-3082-9046-d9c9afc62c3f">
    <dcterms:identifier xml:lang="en">{"id": "49a54117-44cc-4c6f-946f-f6d211648b31", "value": "http://purl.org/heritagedata/schemes/HE_threat/concepts/5190"}</dcterms:identifier>
    <skos:prefLabel xml:lang="en">{"id": "a16ab054-5247-4ac8-a61d-37de93d972a1", "value": "Vandalism"}</skos:prefLabel>
    <skos:inScheme rdf:resource="http://localhost:8000/1dc75624-5770-3fdd-93d8-cefad6d88277"/>
  </skos:Concept>
  <skos:Concept rdf:about="http://localhost:8000/44fb71ca-ba64-3b0b-83b3-340792fc3734">
    <skos:inScheme rdf:resource="http://localhost:8000/1dc75624-5770-3fdd-93d8-cefad6d88277"/>
    <skos:prefLabel xml:lang="en">{"id": "b18d2828-1c4a-4a85-8d04-b8ef6db1f226", "value": "Dumping"}</skos:prefLabel>
    <dcterms:identifier xml:lang="en">{"id": "8d6fb825-3e05-4636-9ccb-f0d1a41483fd", "value": "http://purl.org/heritagedata/schemes/HE_threat/concepts/5164"}</dcterms:identifier>
  </skos:Concept>
  <skos:Concept rdf:about="http://localhost:8000/e1714d33-ad37-362e-ad7c-91bac95dfed5">
    <dcterms:identifier xml:lang="en">{"id": "fd16543f-ef34-43e3-a684-dfe40b8883a2", "value": "http://purl.org/heritagedata/schemes/HE_threat/concepts/5158"}</dcterms:identifier>
    <skos:prefLabel xml:lang="en">{"id": "104937f4-c897-440a-a430-fd456347ec7c", "value": "Collapse"}</skos:prefLabel>
    <skos:inScheme rdf:resource="http://localhost:8000/1dc75624-5770-3fdd-93d8-cefad6d88277"/>
  </skos:Concept>
  <skos:Concept rdf:about="http://localhost:8000/6e90b46e-025c-386d-8e6c-7649c25df066">
    <skos:prefLabel xml:lang="en">{"id": "89ee16ee-6c49-489f-851f-b52ca1131294", "value": "Livestock Erosion"}</skos:prefLabel>
    <skos:inScheme rdf:resource="http://localhost:8000/1dc75624-5770-3fdd-93d8-cefad6d88277"/>
    <dcterms:identifier xml:lang="en">{"id": "65c3f2ef-a720-4332-9669-211c53b32a21", "value": "http://purl.org/heritagedata/schemes/HE_threat/concepts/5169"}</dcterms:identifier>
  </skos:Concept>
  <skos:Concept rdf:about="http://localhost:8000/0626b322-d845-3534-bb9a-8dc63497fb9e">
    <skos:inScheme rdf:resource="http://localhost:8000/1dc75624-5770-3fdd-93d8-cefad6d88277"/>
    <skos:prefLabel xml:lang="en">{"id": "c30a91a1-60cd-4285-b1be-687e07a8fdd7", "value": "Fire"}</skos:prefLabel>
    <dcterms:identifier xml:lang="en">{"id": "c11164a0-ae86-4e2c-a29b-265f7a053f96", "value": "http://purl.org/heritagedata/schemes/HE_threat/concepts/5165"}</dcterms:identifier>
  </skos:Concept>
  <skos:Concept rdf:about="http://localhost:8000/e4d6a8d9-dacd-3c32-9e0b-1e1460d1f8e5">
    <skos:prefLabel xml:lang="en">{"id": "814f46aa-6648-4ff0-87a0-c75ef05b2615", "value": "Arable Clipping"}</skos:prefLabel>
    <skos:inScheme rdf:resource="http://localhost:8000/1dc75624-5770-3fdd-93d8-cefad6d88277"/>
    <dcterms:identifier xml:lang="en">{"id": "8c75611c-5bae-4ef3-ab9d-1b740ced19be", "value": "http://purl.org/heritagedata/schemes/HE_threat/concepts/5154"}</dcterms:identifier>
  </skos:Concept>
  <skos:Concept rdf:about="http://localhost:8000/0088f008-f828-3573-a7d6-10fc9cefa1b7">
    <skos:inScheme rdf:resource="http://localhost:8000/1dc75624-5770-3fdd-93d8-cefad6d88277"/>
    <dcterms:identifier xml:lang="en">{"id": "e18b80bf-db08-4935-be41-fdf241ce35ae", "value": "http://purl.org/heritagedata/schemes/HE_threat/concepts/5167"}</dcterms:identifier>
    <skos:prefLabel xml:lang="en">{"id": "a65270c8-a8fa-4885-810a-05495b0246fb", "value": "Forestry"}</skos:prefLabel>
  </skos:Concept>
  <skos:Concept rdf:about="http://localhost:8000/d170e3ed-adb9-3ff1-9aed-47fcb260dba3">
    <dcterms:identifier xml:lang="en">{"id": "04981da3-0e97-4b98-bf78-f3504fe363cd", "value": "http://purl.org/heritagedata/schemes/HE_threat/concepts/5174"}</dcterms:identifier>
    <skos:inScheme rdf:resource="http://localhost:8000/1dc75624-5770-3fdd-93d8-cefad6d88277"/>
    <skos:prefLabel xml:lang="en">{"id": "b42f3c14-386a-4a34-869c-ebcdd7416379", "value": "No Known Threat"}</skos:prefLabel>
  </skos:Concept>
  <skos:Concept rdf:about="http://localhost:8000/72790d24-8fde-3e44-8ab1-b0659bb85219">
    <skos:narrower>
      <skos:Concept rdf:about="http://localhost:8000/b4089339-bfbd-36da-9d77-ade186e88ad9">
        <skos:prefLabel xml:lang="en">{"id": "e13a6c9d-cf68-4c88-a39c-61ba26b462c3", "value": "Deterioration"}</skos:prefLabel>
        <dcterms:identifier xml:lang="en">{"id": "f14b1b3b-dad6-40c8-9cd1-38fcf2dc9bde", "value": "http://purl.org/heritagedata/schemes/HE_threat/concepts/5159"}</dcterms:identifier>
        <skos:inScheme rdf:resource="http://localhost:8000/1dc75624-5770-3fdd-93d8-cefad6d88277"/>
      </skos:Concept>
    </skos:narrower>
    <skos:prefLabel xml:lang="en">{"id": "d9d324b2-3f45-421a-b92e-4133be82dada", "value": "Other Activity"}</skos:prefLabel>
    <skos:narrower>
      <skos:Concept rdf:about="http://localhost:8000/c581cb38-64a2-3117-b057-ac35d78877fb">
        <skos:prefLabel xml:lang="en">{"id": "f88f4cfe-8b3c-4a63-b42f-58167a48efa0", "value": "Drying Out"}</skos:prefLabel>
        <dcterms:identifier xml:lang="en">{"id": "e6e7bf43-1b32-4166-ab5d-a76136472f5c", "value": "http://purl.org/heritagedata/schemes/HE_threat/concepts/5163"}</dcterms:identifier>
        <skos:inScheme rdf:resource="http://localhost:8000/1dc75624-5770-3fdd-93d8-cefad6d88277"/>
      </skos:Concept>
    </skos:narrower>
    <dcterms:identifier xml:lang="en">{"id": "68a64771-f1b7-455b-a50a-62d29f9966ad", "value": "http://purl.org/heritagedata/schemes/HE_threat/concepts/5175"}</dcterms:identifier>
    <skos:inScheme rdf:resource="http://localhost:8000/1dc75624-5770-3fdd-93d8-cefad6d88277"/>
    <skos:narrower>
      <skos:Concept rdf:about="http://localhost:8000/4f182ce9-3c49-3328-8d15-2c6274e8f6d7">
        <skos:inScheme rdf:resource="http://localhost:8000/1dc75624-5770-3fdd-93d8-cefad6d88277"/>
        <skos:prefLabel xml:lang="en">{"id": "fc7f145d-0435-44d2-81b8-8753296191f5", "value": "Subsidence"}</skos:prefLabel>
        <dcterms:identifier xml:lang="en">{"id": "3ca26693-2143-4a7e-8e9d-e19df7df56d1", "value": "http://purl.org/heritagedata/schemes/HE_threat/concepts/5188"}</dcterms:identifier>
      </skos:Concept>
    </skos:narrower>
    <skos:narrower rdf:resource="http://localhost:8000/0626b322-d845-3534-bb9a-8dc63497fb9e"/>
    <skos:narrower rdf:resource="http://localhost:8000/e1714d33-ad37-362e-ad7c-91bac95dfed5"/>
  </skos:Concept>
  <skos:Concept rdf:about="http://localhost:8000/6eb6dff8-0dcf-31f5-95bb-d855cff35b33">
    <skos:prefLabel xml:lang="en">{"id": "1049d031-874c-4fa1-bf50-7414dc131a62", "value": "Quarrying"}</skos:prefLabel>
    <dcterms:identifier xml:lang="en">{"id": "8c60ec65-f3fc-4d9e-a6f2-16bef7c1f04d", "value": "http://purl.org/heritagedata/schemes/HE_threat/concepts/5179"}</dcterms:identifier>
    <skos:inScheme rdf:resource="http://localhost:8000/1dc75624-5770-3fdd-93d8-cefad6d88277"/>
  </skos:Concept>
  <skos:Concept rdf:about="http://localhost:8000/7d1c26f2-d7a8-3648-b89c-616388204e5d">
    <skos:inScheme rdf:resource="http://localhost:8000/1dc75624-5770-3fdd-93d8-cefad6d88277"/>
    <skos:prefLabel xml:lang="en">{"id": "2a4e370c-4645-48af-804b-f3f7004c701e", "value": "Drainage"}</skos:prefLabel>
    <dcterms:identifier xml:lang="en">{"id": "cde0b678-55a5-49df-a0e5-d3238e5d4714", "value": "http://purl.org/heritagedata/schemes/HE_threat/concepts/5162"}</dcterms:identifier>
  </skos:Concept>
  <skos:Concept rdf:about="http://localhost:8000/15243ecc-63bf-3709-a394-8aede56cfa6e">
    <skos:prefLabel xml:lang="en">{"id": "ebf01eff-1db5-46d4-9f66-7c60d5e66ba0", "value": "Arable Ploughing"}</skos:prefLabel>
    <dcterms:identifier xml:lang="en">{"id": "6639c5a6-09eb-406a-b067-573d49000a33", "value": "http://purl.org/heritagedata/schemes/HE_threat/concepts/5156"}</dcterms:identifier>
    <skos:inScheme rdf:resource="http://localhost:8000/1dc75624-5770-3fdd-93d8-cefad6d88277"/>
  </skos:Concept>
  <skos:Concept rdf:about="http://localhost:8000/292bbd2d-2518-35c9-9e8d-aa5376dd1574">
    <skos:inScheme rdf:resource="http://localhost:8000/1dc75624-5770-3fdd-93d8-cefad6d88277"/>
    <dcterms:identifier xml:lang="en">{"id": "4dfcc92a-25d9-4240-a5e8-08cb929dc417", "value": "http://purl.org/heritagedata/schemes/HE_threat/concepts/5189"}</dcterms:identifier>
    <skos:prefLabel xml:lang="en">{"id": "613611b5-7883-42c5-9ba0-9ae8336bb8ba", "value": "Theft"}</skos:prefLabel>
  </skos:Concept>
  <skos:Concept rdf:about="http://localhost:8000/e7a2b674-a906-3e38-adae-7e262b8bad57">
    <skos:prefLabel xml:lang="en">{"id": "363eb0f5-aca6-4870-a4a0-0643f69af8cc", "value": "Digging"}</skos:prefLabel>
    <skos:inScheme rdf:resource="http://localhost:8000/1dc75624-5770-3fdd-93d8-cefad6d88277"/>
    <dcterms:identifier xml:lang="en">{"id": "496388df-98f3-496a-9389-e1ba4da362a4", "value": "http://purl.org/heritagedata/schemes/HE_threat/concepts/5161"}</dcterms:identifier>
  </skos:Concept>
  <skos:Concept rdf:about="http://localhost:8000/8a799706-4d4e-3a4c-af03-47187fd74775">
    <dcterms:identifier xml:lang="en">{"id": "c61bb6b1-4bb5-4255-80ca-422dd7a55741", "value": "http://purl.org/heritagedata/schemes/HE_threat/concepts/5184"}</dcterms:identifier>
    <skos:prefLabel xml:lang="en">{"id": "d89bf77b-b488-4b64-b771-11a7d28b6bd3", "value": "Road Construction"}</skos:prefLabel>
    <skos:inScheme rdf:resource="http://localhost:8000/1dc75624-5770-3fdd-93d8-cefad6d88277"/>
  </skos:Concept>
  <skos:Concept rdf:about="http://localhost:8000/3f20673c-6bb0-30b6-bdad-ebcc9bbf530b">
    <dcterms:identifier xml:lang="en">{"id": "b1109c1e-e269-43f0-bf8b-1a56fb4bf150", "value": "http://purl.org/heritagedata/schemes/HE_threat/concepts/5172"}</dcterms:identifier>
    <skos:inScheme rdf:resource="http://localhost:8000/1dc75624-5770-3fdd-93d8-cefad6d88277"/>
    <skos:prefLabel xml:lang="en">{"id": "e1923238-e093-43d3-b112-9b69a67da2db", "value": "Mineral Extraction"}</skos:prefLabel>
  </skos:Concept>
</rdf:RDF>
