<?xml version="1.0" encoding="utf-8"?>
<rdf:RDF
  xmlns:skos="http://www.w3.org/2004/02/skos/core#"
  xmlns:dcterms="http://purl.org/dc/terms/"
  xmlns:rdf="http://www.w3.org/1999/02/22-rdf-syntax-ns#"
  xmlns:arches="http://localhost:8000/"
>
  <skos:Concept rdf:about="http://localhost:8000/8330ef66-140e-4901-900b-931aba60f8db">
    <arches:sortorder xml:lang="en">{"id": "e775746a-01f1-4f32-84a8-e8cdd4bec5b5", "value": "5"}</arches:sortorder>
    <skos:inScheme>
      <skos:ConceptScheme rdf:about="http://localhost:8000/ee50a1a3-7008-4062-a0b6-fda53345cd2a">
        <skos:hasTopConcept rdf:resource="http://localhost:8000/aaeae4a9-64ec-45e0-b1af-a92d04f9f0bb"/>
        <dcterms:title xml:lang="en">{"id": "b1d36522-2bd2-4285-a677-e71afb320f49", "value": "HLC Attributes"}</dcterms:title>
        <skos:hasTopConcept rdf:resource="http://localhost:8000/da26e14e-738d-4d33-9018-3eb00a26b855"/>
        <dcterms:identifier xml:lang="en">{"id": "5bd9f742-d851-42b2-add0-c7a88dc09741", "value": "http://localhost:8000/ee50a1a3-7008-4062-a0b6-fda53345cd2a"}</dcterms:identifier>
        <skos:hasTopConcept rdf:resource="http://localhost:8000/c5c4c440-23b4-4123-9554-1b8a4659d8e4"/>
        <skos:hasTopConcept rdf:resource="http://localhost:8000/79977883-6b56-422e-a46a-c2bc2697ab24"/>
      </skos:ConceptScheme>
    </skos:inScheme>
    <skos:prefLabel xml:lang="en">{"id": "36ec7ee6-74e6-4bc1-97b3-ab771a36ccc2", "value": "Ten or more storeys"}</skos:prefLabel>
    <dcterms:identifier xml:lang="en">{"id": "5fdd95f6-8008-404e-a4fb-5b58f016c59f", "value": "http://localhost:8000/8330ef66-140e-4901-900b-931aba60f8db"}</dcterms:identifier>
  </skos:Concept>
  <skos:Concept rdf:about="http://localhost:8000/da26e14e-738d-4d33-9018-3eb00a26b855">
    <skos:narrower rdf:resource="http://localhost:8000/8330ef66-140e-4901-900b-931aba60f8db"/>
    <skos:narrower>
      <skos:Concept rdf:about="http://localhost:8000/a3f5de0c-e19f-4d9f-b326-c7d515dedc56">
        <arches:sortorder xml:lang="en">{"id": "77f19671-79cd-463b-a7b4-60c947260b87", "value": "2"}</arches:sortorder>
        <skos:inScheme rdf:resource="http://localhost:8000/ee50a1a3-7008-4062-a0b6-fda53345cd2a"/>
        <skos:prefLabel xml:lang="en">{"id": "fb6a1722-a30d-44ae-930d-7866085b6f8b", "value": "Two storey"}</skos:prefLabel>
        <dcterms:identifier xml:lang="en">{"id": "d411d0a1-e15f-4f30-8deb-43b62f7cb9a8", "value": "http://localhost:8000/a3f5de0c-e19f-4d9f-b326-c7d515dedc56"}</dcterms:identifier>
      </skos:Concept>
    </skos:narrower>
    <skos:scopeNote xml:lang="en">{"id": "082e4f2f-de17-4938-b1bf-2649bd6c2204", "value": "The Average height of buildings in the polygon"}</skos:scopeNote>
    <dcterms:identifier xml:lang="en">{"id": "c6625220-5485-4bf9-a2af-ed5466cc5e54", "value": "http://localhost:8000/da26e14e-738d-4d33-9018-3eb00a26b855"}</dcterms:identifier>
    <skos:narrower>
      <skos:Concept rdf:about="http://localhost:8000/fbab569f-f57a-465d-9021-f0dec9207b9a">
        <arches:sortorder xml:lang="en">{"id": "7830ac57-be92-45ed-b63e-0492882f0a51", "value": "1"}</arches:sortorder>
        <skos:inScheme rdf:resource="http://localhost:8000/ee50a1a3-7008-4062-a0b6-fda53345cd2a"/>
        <dcterms:identifier xml:lang="en">{"id": "0b17c3e1-7499-4dc4-88de-88995ac43647", "value": "http://localhost:8000/fbab569f-f57a-465d-9021-f0dec9207b9a"}</dcterms:identifier>
        <skos:prefLabel xml:lang="en">{"id": "05f3a954-4bfd-4e0f-9092-d4ff64de4310", "value": "Single storey"}</skos:prefLabel>
      </skos:Concept>
    </skos:narrower>
    <skos:narrower>
      <skos:Concept rdf:about="http://localhost:8000/8a1a9721-38b8-4baa-8a79-620bc0dc7dc5">
        <arches:sortorder xml:lang="en">{"id": "fab5aa8a-0b26-4e2a-b03c-294a7431b4a9", "value": "3"}</arches:sortorder>
        <skos:inScheme rdf:resource="http://localhost:8000/ee50a1a3-7008-4062-a0b6-fda53345cd2a"/>
        <skos:prefLabel xml:lang="en">{"id": "ab2a8fd7-82a6-4829-84b4-15683fabe1b6", "value": "Three storey"}</skos:prefLabel>
        <dcterms:identifier xml:lang="en">{"id": "c33fc274-15b7-4d16-af34-10282635f569", "value": "http://localhost:8000/8a1a9721-38b8-4baa-8a79-620bc0dc7dc5"}</dcterms:identifier>
      </skos:Concept>
    </skos:narrower>
    <skos:inScheme rdf:resource="http://localhost:8000/ee50a1a3-7008-4062-a0b6-fda53345cd2a"/>
    <skos:prefLabel xml:lang="en">{"id": "c6c6cc0c-4240-45eb-80c8-237f4ddfb9bf", "value": "Average Height"}</skos:prefLabel>
    <skos:altLabel xml:lang="en">{"id": "7b5b543e-2649-46a6-adcf-b54ab40c928b", "value": "HGT"}</skos:altLabel>
    <skos:narrower>
      <skos:Concept rdf:about="http://localhost:8000/37dcd334-6ba6-4746-b0c1-de39afa04b56">
        <skos:prefLabel xml:lang="en">{"id": "9f629a66-be04-497a-9b7a-bba0670f6422", "value": "Four to ten storey"}</skos:prefLabel>
        <arches:sortorder xml:lang="en">{"id": "d4b826d9-9075-4b57-8377-5e25346d4ada", "value": "4"}</arches:sortorder>
        <dcterms:identifier xml:lang="en">{"id": "c598b48f-d97b-4c55-8372-8e92cb0c526f", "value": "http://localhost:8000/37dcd334-6ba6-4746-b0c1-de39afa04b56"}</dcterms:identifier>
        <skos:inScheme rdf:resource="http://localhost:8000/ee50a1a3-7008-4062-a0b6-fda53345cd2a"/>
      </skos:Concept>
    </skos:narrower>
  </skos:Concept>
  <skos:Concept rdf:about="http://localhost:8000/211cc05e-a638-40c0-af7c-b9557581729d">
    <dcterms:identifier xml:lang="en">{"id": "8677bdf1-1bac-4dd1-a256-c53cb048b9b2", "value": "http://localhost:8000/211cc05e-a638-40c0-af7c-b9557581729d"}</dcterms:identifier>
    <skos:inScheme rdf:resource="http://localhost:8000/ee50a1a3-7008-4062-a0b6-fda53345cd2a"/>
    <skos:prefLabel xml:lang="en">{"id": "0ba1ce3d-be45-4d04-b5dc-114ba417fc59", "value": "Circus"}</skos:prefLabel>
  </skos:Concept>
  <skos:Concept rdf:about="http://localhost:8000/7459e72c-f8a3-4dcf-8976-00c2aea6fcc5">
    <skos:prefLabel xml:lang="en">{"id": "c03d9ab9-ac4a-45ed-a523-d5ac61829bed", "value": "Cul-de-sac"}</skos:prefLabel>
    <dcterms:identifier xml:lang="en">{"id": "feb5bb0f-6ea5-4aab-9083-ee3a55426b70", "value": "http://localhost:8000/7459e72c-f8a3-4dcf-8976-00c2aea6fcc5"}</dcterms:identifier>
    <skos:inScheme rdf:resource="http://localhost:8000/ee50a1a3-7008-4062-a0b6-fda53345cd2a"/>
  </skos:Concept>
  <skos:Concept rdf:about="http://localhost:8000/c9d8e6d9-42ab-428b-a686-32fc30e205ec">
    <skos:prefLabel xml:lang="en">{"id": "50240c34-907f-4af2-98d4-79842a5d5dae", "value": "None"}</skos:prefLabel>
    <skos:inScheme rdf:resource="http://localhost:8000/ee50a1a3-7008-4062-a0b6-fda53345cd2a"/>
    <dcterms:identifier xml:lang="en">{"id": "f1d14009-4824-4f49-b16d-36ea1bf83ee0", "value": "http://localhost:8000/c9d8e6d9-42ab-428b-a686-32fc30e205ec"}</dcterms:identifier>
  </skos:Concept>
  <skos:Concept rdf:about="http://localhost:8000/3d940408-0127-4330-820d-de33ea7abef6">
    <dcterms:identifier xml:lang="en">{"id": "d8c9c285-8b02-46a5-9a59-8b02acb08f37", "value": "http://localhost:8000/3d940408-0127-4330-820d-de33ea7abef6"}</dcterms:identifier>
    <skos:prefLabel xml:lang="en">{"id": "b670c933-a8ee-4f4a-ac19-f69a997ddcbd", "value": "Axial"}</skos:prefLabel>
    <skos:inScheme rdf:resource="http://localhost:8000/ee50a1a3-7008-4062-a0b6-fda53345cd2a"/>
  </skos:Concept>
  <skos:Concept rdf:about="http://localhost:8000/aaeae4a9-64ec-45e0-b1af-a92d04f9f0bb">
    <skos:narrower>
      <skos:Concept rdf:about="http://localhost:8000/7d64ed67-b98a-4133-8bfb-6f58fa961cc6">
        <skos:prefLabel xml:lang="en">{"id": "53b6401f-3e2c-48fd-becf-fe26b6f7281f", "value": "No set back"}</skos:prefLabel>
        <arches:sortorder xml:lang="en">{"id": "72c9e35a-8927-41f5-9959-22a8ce59d525", "value": "1"}</arches:sortorder>
        <skos:inScheme rdf:resource="http://localhost:8000/ee50a1a3-7008-4062-a0b6-fda53345cd2a"/>
        <dcterms:identifier xml:lang="en">{"id": "53f2e470-1843-4ca4-960a-a4a0add1d381", "value": "http://localhost:8000/7d64ed67-b98a-4133-8bfb-6f58fa961cc6"}</dcterms:identifier>
      </skos:Concept>
    </skos:narrower>
    <skos:inScheme rdf:resource="http://localhost:8000/ee50a1a3-7008-4062-a0b6-fda53345cd2a"/>
    <skos:altLabel xml:lang="en">{"id": "59510837-2f0f-4896-91e8-d2439bb36d79", "value": "STF"}</skos:altLabel>
    <skos:prefLabel xml:lang="en">{"id": "d16a76c2-868d-46f7-a5fe-3e8de3c284b9", "value": "Street Frontage"}</skos:prefLabel>
    <dcterms:identifier xml:lang="en">{"id": "a771eb48-2b20-4151-94d6-96315edc42d4", "value": "http://localhost:8000/aaeae4a9-64ec-45e0-b1af-a92d04f9f0bb"}</dcterms:identifier>
    <skos:narrower>
      <skos:Concept rdf:about="http://localhost:8000/8e0fe54f-435a-41a1-a7d1-510641370a9c">
        <skos:inScheme rdf:resource="http://localhost:8000/ee50a1a3-7008-4062-a0b6-fda53345cd2a"/>
        <skos:prefLabel xml:lang="en">{"id": "880a6d60-37b0-457a-aba2-585d22b9c794", "value": "Large set back"}</skos:prefLabel>
        <dcterms:identifier xml:lang="en">{"id": "67dc2e7d-a38b-4d47-9d83-5bc2bcc2e0d9", "value": "http://localhost:8000/8e0fe54f-435a-41a1-a7d1-510641370a9c"}</dcterms:identifier>
        <arches:sortorder xml:lang="en">{"id": "0c9c571d-88d0-47d6-8520-15d5f91172c7", "value": "3"}</arches:sortorder>
      </skos:Concept>
    </skos:narrower>
    <skos:narrower>
      <skos:Concept rdf:about="http://localhost:8000/fed71f6d-2dcc-4bec-b9e5-371940b92e7f">
        <skos:prefLabel xml:lang="en">{"id": "81f4113f-d583-47bb-84f9-a02082bee13d", "value": "Small set back"}</skos:prefLabel>
        <arches:sortorder xml:lang="en">{"id": "b73e3da1-2942-4e18-b0be-a49a2cbab754", "value": "2"}</arches:sortorder>
        <dcterms:identifier xml:lang="en">{"id": "102228f3-f9d4-4c2c-b922-78b21a1868ef", "value": "http://localhost:8000/fed71f6d-2dcc-4bec-b9e5-371940b92e7f"}</dcterms:identifier>
        <skos:inScheme rdf:resource="http://localhost:8000/ee50a1a3-7008-4062-a0b6-fda53345cd2a"/>
      </skos:Concept>
    </skos:narrower>
  </skos:Concept>
  <skos:Concept rdf:about="http://localhost:8000/031533d7-4a90-4b91-bbf0-f8fb0fe8d0dd">
    <skos:prefLabel xml:lang="en">{"id": "b95fd06f-1451-4a3b-be60-ec70125d4ad2", "value": "Irregular"}</skos:prefLabel>
    <dcterms:identifier xml:lang="en">{"id": "f1684f63-860c-49b4-b77e-404351f5140a", "value": "http://localhost:8000/031533d7-4a90-4b91-bbf0-f8fb0fe8d0dd"}</dcterms:identifier>
    <skos:inScheme rdf:resource="http://localhost:8000/ee50a1a3-7008-4062-a0b6-fda53345cd2a"/>
  </skos:Concept>
  <skos:Concept rdf:about="http://localhost:8000/c1cebbe0-eb44-4e07-910b-9729dec26f5d">
    <skos:inScheme rdf:resource="http://localhost:8000/ee50a1a3-7008-4062-a0b6-fda53345cd2a"/>
    <skos:prefLabel xml:lang="en">{"id": "3b5a3e62-0721-4dbc-8ead-4db5578c3bc4", "value": "Pre-urban"}</skos:prefLabel>
    <dcterms:identifier xml:lang="en">{"id": "a790bbba-954f-4da0-97c0-bb34ad1f0d71", "value": "http://localhost:8000/c1cebbe0-eb44-4e07-910b-9729dec26f5d"}</dcterms:identifier>
  </skos:Concept>
  <skos:Concept rdf:about="http://localhost:8000/79977883-6b56-422e-a46a-c2bc2697ab24">
    <skos:narrower>
      <skos:Concept rdf:about="http://localhost:8000/f2e7f33b-4e00-481e-b5bc-fdfd9dec2a1b">
        <dcterms:identifier xml:lang="en">{"id": "e80b8175-655d-4170-95b1-8c6e0088717e", "value": "http://localhost:8000/f2e7f33b-4e00-481e-b5bc-fdfd9dec2a1b"}</dcterms:identifier>
        <skos:inScheme rdf:resource="http://localhost:8000/ee50a1a3-7008-4062-a0b6-fda53345cd2a"/>
        <skos:prefLabel xml:lang="en">{"id": "492f5a14-4a0d-449f-8657-b68e8b0de135", "value": "Large gardens"}</skos:prefLabel>
      </skos:Concept>
    </skos:narrower>
    <skos:prefLabel xml:lang="en">{"id": "f68733e3-2cf4-4b0c-b144-cb7ec64ad004", "value": "Rear Gardens"}</skos:prefLabel>
    <dcterms:identifier xml:lang="en">{"id": "fc11f1ad-635d-4974-be00-fe5be0f108f6", "value": "http://localhost:8000/79977883-6b56-422e-a46a-c2bc2697ab24"}</dcterms:identifier>
    <skos:narrower rdf:resource="http://localhost:8000/c9d8e6d9-42ab-428b-a686-32fc30e205ec"/>
    <skos:scopeNote xml:lang="en">{"id": "f56fa913-83b6-49bf-a493-30a69436a823", "value": "Indicates the presence or lack of rear garden and the type of garden."}</skos:scopeNote>
    <skos:narrower>
      <skos:Concept rdf:about="http://localhost:8000/1f1c1cfe-c1a0-4b4f-b6a7-c60d10d596a5">
        <skos:prefLabel xml:lang="en">{"id": "bc5fe34b-1019-4c49-8aa1-de9842274f5e", "value": "Medium gardens"}</skos:prefLabel>
        <skos:inScheme rdf:resource="http://localhost:8000/ee50a1a3-7008-4062-a0b6-fda53345cd2a"/>
        <dcterms:identifier xml:lang="en">{"id": "f3e137b2-0651-4ed4-bb28-e880ed43f55e", "value": "http://localhost:8000/1f1c1cfe-c1a0-4b4f-b6a7-c60d10d596a5"}</dcterms:identifier>
      </skos:Concept>
    </skos:narrower>
    <skos:inScheme rdf:resource="http://localhost:8000/ee50a1a3-7008-4062-a0b6-fda53345cd2a"/>
    <skos:narrower>
      <skos:Concept rdf:about="http://localhost:8000/e8266c77-d1ec-41df-947a-7d74b9ec3c4e">
        <skos:inScheme rdf:resource="http://localhost:8000/ee50a1a3-7008-4062-a0b6-fda53345cd2a"/>
        <skos:prefLabel xml:lang="en">{"id": "f7002677-f08c-4c0b-a2d4-6534a102c59c", "value": "Small gardens"}</skos:prefLabel>
        <dcterms:identifier xml:lang="en">{"id": "207d7869-8e56-4614-b58c-e7bb69f4e30b", "value": "http://localhost:8000/e8266c77-d1ec-41df-947a-7d74b9ec3c4e"}</dcterms:identifier>
      </skos:Concept>
    </skos:narrower>
    <skos:narrower>
      <skos:Concept rdf:about="http://localhost:8000/54e17850-7f59-4dfb-8655-1ad6ab6ee3b4">
        <dcterms:identifier xml:lang="en">{"id": "ba90e517-6eb7-4c90-906b-b73f411015cc", "value": "http://localhost:8000/54e17850-7f59-4dfb-8655-1ad6ab6ee3b4"}</dcterms:identifier>
        <skos:inScheme rdf:resource="http://localhost:8000/ee50a1a3-7008-4062-a0b6-fda53345cd2a"/>
        <skos:prefLabel xml:lang="en">{"id": "f08e5c20-3d3d-4ed3-b55d-e06dfcaac195", "value": "Communal"}</skos:prefLabel>
      </skos:Concept>
    </skos:narrower>
  </skos:Concept>
  <skos:Concept rdf:about="http://localhost:8000/c0db999d-0ae7-4420-9615-ca593bd40e14">
    <skos:prefLabel xml:lang="en">{"id": "42df517a-ce4c-4fd7-853e-81e4abf782d7", "value": "Geometric"}</skos:prefLabel>
    <skos:inScheme rdf:resource="http://localhost:8000/ee50a1a3-7008-4062-a0b6-fda53345cd2a"/>
    <dcterms:identifier xml:lang="en">{"id": "5c4ed123-46cd-41ab-b9d4-99d135fad823", "value": "http://localhost:8000/c0db999d-0ae7-4420-9615-ca593bd40e14"}</dcterms:identifier>
  </skos:Concept>
  <skos:Concept rdf:about="http://localhost:8000/3465214d-7137-4677-9ac4-d5750fe5269a">
    <skos:inScheme rdf:resource="http://localhost:8000/ee50a1a3-7008-4062-a0b6-fda53345cd2a"/>
    <dcterms:identifier xml:lang="en">{"id": "371b8106-33d4-4149-8718-b5987f529f9f", "value": "http://localhost:8000/3465214d-7137-4677-9ac4-d5750fe5269a"}</dcterms:identifier>
    <skos:prefLabel xml:lang="en">{"id": "275f72ec-5b20-4e96-99b0-2956590518aa", "value": "Radial"}</skos:prefLabel>
  </skos:Concept>
  <skos:Concept rdf:about="http://localhost:8000/f9575634-6033-4f43-8d8f-ea1cb60dfd51">
    <skos:prefLabel xml:lang="en">{"id": "cc6a99af-1b3c-4782-ac53-29999d63b43a", "value": "Circuit"}</skos:prefLabel>
    <dcterms:identifier xml:lang="en">{"id": "799ff964-f91f-4333-8688-e9f3244d4e30", "value": "http://localhost:8000/f9575634-6033-4f43-8d8f-ea1cb60dfd51"}</dcterms:identifier>
    <skos:inScheme rdf:resource="http://localhost:8000/ee50a1a3-7008-4062-a0b6-fda53345cd2a"/>
  </skos:Concept>
  <skos:Concept rdf:about="http://localhost:8000/c5c4c440-23b4-4123-9554-1b8a4659d8e4">
    <skos:narrower rdf:resource="http://localhost:8000/f9575634-6033-4f43-8d8f-ea1cb60dfd51"/>
    <skos:narrower>
      <skos:Concept rdf:about="http://localhost:8000/7b226136-bdf8-4d5b-b60d-5b5c54e576a7">
        <dcterms:identifier xml:lang="en">{"id": "f8ccc595-28fc-45cc-a683-5f031e681d2b", "value": "http://localhost:8000/7b226136-bdf8-4d5b-b60d-5b5c54e576a7"}</dcterms:identifier>
        <skos:prefLabel xml:lang="en">{"id": "ad61ac88-2c9a-4bb6-b013-a73c58f398de", "value": "Concentric"}</skos:prefLabel>
        <skos:inScheme rdf:resource="http://localhost:8000/ee50a1a3-7008-4062-a0b6-fda53345cd2a"/>
      </skos:Concept>
    </skos:narrower>
    <dcterms:identifier xml:lang="en">{"id": "69daa4bf-0563-4346-9936-84457de12f77", "value": "http://localhost:8000/c5c4c440-23b4-4123-9554-1b8a4659d8e4"}</dcterms:identifier>
    <skos:narrower rdf:resource="http://localhost:8000/3465214d-7137-4677-9ac4-d5750fe5269a"/>
    <skos:narrower rdf:resource="http://localhost:8000/c0db999d-0ae7-4420-9615-ca593bd40e14"/>
    <skos:narrower>
      <skos:Concept rdf:about="http://localhost:8000/6c781739-0a16-464e-afb7-55ce85034cb4">
        <skos:prefLabel xml:lang="en">{"id": "3417a678-10d0-4a1a-b558-5a12c00c1846", "value": "Grid-iron"}</skos:prefLabel>
        <skos:inScheme rdf:resource="http://localhost:8000/ee50a1a3-7008-4062-a0b6-fda53345cd2a"/>
        <dcterms:identifier xml:lang="en">{"id": "63c58eb6-6dfe-4302-b7aa-0433e44b20cc", "value": "http://localhost:8000/6c781739-0a16-464e-afb7-55ce85034cb4"}</dcterms:identifier>
      </skos:Concept>
    </skos:narrower>
    <skos:narrower rdf:resource="http://localhost:8000/211cc05e-a638-40c0-af7c-b9557581729d"/>
    <skos:narrower>
      <skos:Concept rdf:about="http://localhost:8000/26461b65-44c6-46f5-b0f7-82eb8b5778f6">
        <dcterms:identifier xml:lang="en">{"id": "402cf8a9-6505-4d4d-a7a3-b69adb908525", "value": "http://localhost:8000/26461b65-44c6-46f5-b0f7-82eb8b5778f6"}</dcterms:identifier>
        <skos:prefLabel xml:lang="en">{"id": "7cc715c3-9ea7-4827-be85-4e9b4af48dfc", "value": "Rectilinear"}</skos:prefLabel>
        <skos:inScheme rdf:resource="http://localhost:8000/ee50a1a3-7008-4062-a0b6-fda53345cd2a"/>
      </skos:Concept>
    </skos:narrower>
    <skos:narrower rdf:resource="http://localhost:8000/c1cebbe0-eb44-4e07-910b-9729dec26f5d"/>
    <skos:narrower>
      <skos:Concept rdf:about="http://localhost:8000/1de337e9-af32-4f4d-a77c-c4996c3f1f76">
        <skos:prefLabel xml:lang="en">{"id": "d5fb42e7-ab09-43e2-b2e6-50e7ef9d7b1b", "value": "Sinuous"}</skos:prefLabel>
        <skos:inScheme rdf:resource="http://localhost:8000/ee50a1a3-7008-4062-a0b6-fda53345cd2a"/>
        <dcterms:identifier xml:lang="en">{"id": "bf2d2854-b7bf-48f3-b251-a83baf486d23", "value": "http://localhost:8000/1de337e9-af32-4f4d-a77c-c4996c3f1f76"}</dcterms:identifier>
      </skos:Concept>
    </skos:narrower>
    <skos:narrower>
      <skos:Concept rdf:about="http://localhost:8000/5d5bcf49-90ea-45bc-9bfe-5fd8cd7769c7">
        <skos:prefLabel xml:lang="en">{"id": "6a88f0c5-35aa-4972-bd0e-67b9eba6cc12", "value": "Straight"}</skos:prefLabel>
        <skos:inScheme rdf:resource="http://localhost:8000/ee50a1a3-7008-4062-a0b6-fda53345cd2a"/>
        <dcterms:identifier xml:lang="en">{"id": "b97bcdb2-d29e-47e5-a4d4-b7a9f04733ec", "value": "http://localhost:8000/5d5bcf49-90ea-45bc-9bfe-5fd8cd7769c7"}</dcterms:identifier>
      </skos:Concept>
    </skos:narrower>
    <skos:narrower>
      <skos:Concept rdf:about="http://localhost:8000/1cdb97ad-de4d-452a-b973-357bc3f8083d">
        <skos:inScheme rdf:resource="http://localhost:8000/ee50a1a3-7008-4062-a0b6-fda53345cd2a"/>
        <dcterms:identifier xml:lang="en">{"id": "e505696b-4d2f-497e-bb59-90cdc2d60bef", "value": "http://localhost:8000/1cdb97ad-de4d-452a-b973-357bc3f8083d"}</dcterms:identifier>
        <skos:prefLabel xml:lang="en">{"id": "3babc3aa-7c6a-4d27-8ee7-0ee5df79dc61", "value": "Branching"}</skos:prefLabel>
      </skos:Concept>
    </skos:narrower>
    <skos:narrower>
      <skos:Concept rdf:about="http://localhost:8000/317e26ee-7c18-48af-a215-c891a9f57b93">
        <dcterms:identifier xml:lang="en">{"id": "444dab9b-b858-45e6-9812-71c63b747171", "value": "http://localhost:8000/317e26ee-7c18-48af-a215-c891a9f57b93"}</dcterms:identifier>
        <skos:inScheme rdf:resource="http://localhost:8000/ee50a1a3-7008-4062-a0b6-fda53345cd2a"/>
        <skos:prefLabel xml:lang="en">{"id": "a63f1ac4-03ef-4359-8f19-1eea424c7840", "value": "Curvilinear"}</skos:prefLabel>
      </skos:Concept>
    </skos:narrower>
    <skos:altLabel xml:lang="en">{"id": "3337520c-c6d5-489d-822e-f92bd63082d0", "value": "STP"}</skos:altLabel>
    <skos:narrower rdf:resource="http://localhost:8000/031533d7-4a90-4b91-bbf0-f8fb0fe8d0dd"/>
    <skos:narrower rdf:resource="http://localhost:8000/3d940408-0127-4330-820d-de33ea7abef6"/>
    <skos:narrower>
      <skos:Concept rdf:about="http://localhost:8000/bf46c899-647e-41e4-906c-4a6ea98a1364">
        <skos:inScheme rdf:resource="http://localhost:8000/ee50a1a3-7008-4062-a0b6-fda53345cd2a"/>
        <dcterms:identifier xml:lang="en">{"id": "c94b4a4a-cb03-453b-b4eb-110d05dee1c2", "value": "http://localhost:8000/bf46c899-647e-41e4-906c-4a6ea98a1364"}</dcterms:identifier>
        <skos:prefLabel xml:lang="en">{"id": "6aa8d8f4-a538-4ca8-a6a7-d5b3b19fc1f3", "value": "Mixed"}</skos:prefLabel>
      </skos:Concept>
    </skos:narrower>
    <skos:prefLabel xml:lang="en">{"id": "4d7bf250-b465-4127-916f-a5b1c1398204", "value": "Street Pattern"}</skos:prefLabel>
    <skos:narrower rdf:resource="http://localhost:8000/7459e72c-f8a3-4dcf-8976-00c2aea6fcc5"/>
    <skos:inScheme rdf:resource="http://localhost:8000/ee50a1a3-7008-4062-a0b6-fda53345cd2a"/>
    <skos:narrower>
      <skos:Concept rdf:about="http://localhost:8000/b5a0bf36-adda-43fe-8db1-f083da22c502">
        <skos:inScheme rdf:resource="http://localhost:8000/ee50a1a3-7008-4062-a0b6-fda53345cd2a"/>
        <dcterms:identifier xml:lang="en">{"id": "30943b7a-6b8c-41a9-8c35-add6faa5181b", "value": "http://localhost:8000/b5a0bf36-adda-43fe-8db1-f083da22c502"}</dcterms:identifier>
        <skos:prefLabel xml:lang="en">{"id": "c11c8f19-3ce4-4b1b-8d82-883a40154931", "value": "Crescent"}</skos:prefLabel>
      </skos:Concept>
    </skos:narrower>
  </skos:Concept>
</rdf:RDF>
