<?xml version="1.0" encoding="utf-8"?>
<rdf:RDF
  xmlns:skos="http://www.w3.org/2004/02/skos/core#"
  xmlns:dcterms="http://purl.org/dc/terms/"
  xmlns:rdf="http://www.w3.org/1999/02/22-rdf-syntax-ns#"
>
  <skos:ConceptScheme rdf:about="http://localhost:8000/1d9c2404-d169-43bf-8c40-04f0261b4034">
    <skos:hasTopConcept>
      <skos:Concept rdf:about="http://localhost:8000/2dbdb8f3-b444-426b-b5f0-ddb769736b94">
        <skos:prefLabel xml:lang="en">{"id": "5e878125-f49a-438e-9256-10d36a39d4a9", "value": "Source Pages"}</skos:prefLabel>
        <dcterms:identifier xml:lang="en">{"id": "e6693609-cf4b-4265-985d-2f53885f7dcd", "value": "http://localhost:8000/2dbdb8f3-b444-426b-b5f0-ddb769736b94"}</dcterms:identifier>
        <skos:inScheme rdf:resource="http://localhost:8000/1d9c2404-d169-43bf-8c40-04f0261b4034"/>
      </skos:Concept>
    </skos:hasTopConcept>
    <skos:hasTopConcept>
      <skos:Concept rdf:about="http://localhost:8000/059a2a05-9d57-4d84-9728-ed35962a8f8b">
        <dcterms:identifier xml:lang="en">{"id": "61b1b680-c06b-4098-86d6-e01b52145f92", "value": "http://localhost:8000/059a2a05-9d57-4d84-9728-ed35962a8f8b"}</dcterms:identifier>
        <skos:inScheme rdf:resource="http://localhost:8000/1d9c2404-d169-43bf-8c40-04f0261b4034"/>
        <skos:prefLabel xml:lang="en">{"id": "b1d81a58-ed6c-40e6-9be3-a4682a96f5ac", "value": "Source Volume Part"}</skos:prefLabel>
      </skos:Concept>
    </skos:hasTopConcept>
    <skos:hasTopConcept>
      <skos:Concept rdf:about="http://localhost:8000/e1b2fafb-cf3f-4a67-b480-a0f6014d760f">
        <skos:prefLabel xml:lang="en">{"id": "bdb339b0-0f97-43f7-859b-3a03f6e60ea1", "value": "Source Figures"}</skos:prefLabel>
        <skos:inScheme rdf:resource="http://localhost:8000/1d9c2404-d169-43bf-8c40-04f0261b4034"/>
        <dcterms:identifier xml:lang="en">{"id": "4f1f9699-5ec7-4cea-a7f8-165a49bd9d1b", "value": "http://localhost:8000/e1b2fafb-cf3f-4a67-b480-a0f6014d760f"}</dcterms:identifier>
      </skos:Concept>
    </skos:hasTopConcept>
    <dcterms:identifier xml:lang="en">{"id": "2827054b-d9cf-4487-8cf7-0791e5574808", "value": "http://localhost:8000/1d9c2404-d169-43bf-8c40-04f0261b4034"}</dcterms:identifier>
    <skos:hasTopConcept>
      <skos:Concept rdf:about="http://localhost:8000/7bf9b506-9406-4b48-ba4d-e09a952be401">
        <dcterms:identifier xml:lang="en">{"id": "9f8fb2f8-3c0d-4b8a-8392-9fc7d31d2a61", "value": "http://localhost:8000/7bf9b506-9406-4b48-ba4d-e09a952be401"}</dcterms:identifier>
        <skos:inScheme rdf:resource="http://localhost:8000/1d9c2404-d169-43bf-8c40-04f0261b4034"/>
        <skos:prefLabel xml:lang="en">{"id": "f8062103-0421-41ec-a1c6-2927ea4414dc", "value": "Source Plates"}</skos:prefLabel>
      </skos:Concept>
    </skos:hasTopConcept>
    <dcterms:title xml:lang="en">{"id": "b8325551-2f4a-46b0-8e1e-3796a2ffdf23", "value": "Information Object Part Type"}</dcterms:title>
    <skos:hasTopConcept>
      <skos:Concept rdf:about="http://localhost:8000/07439569-974e-446b-81ad-550ac74a0828">
        <dcterms:identifier xml:lang="en">{"id": "ef8f5c91-b645-46e3-8d59-9ea39b50f497", "value": "http://localhost:8000/07439569-974e-446b-81ad-550ac74a0828"}</dcterms:identifier>
        <skos:inScheme rdf:resource="http://localhost:8000/1d9c2404-d169-43bf-8c40-04f0261b4034"/>
        <skos:prefLabel xml:lang="en">{"id": "8df2a226-a46c-41e9-bf58-0c320e9af0b7", "value": "Source Volume Number"}</skos:prefLabel>
      </skos:Concept>
    </skos:hasTopConcept>
  </skos:ConceptScheme>
</rdf:RDF>
