<?xml version="1.0" encoding="utf-8"?>
<rdf:RDF
  xmlns:skos="http://www.w3.org/2004/02/skos/core#"
  xmlns:dcterms="http://purl.org/dc/terms/"
  xmlns:rdf="http://www.w3.org/1999/02/22-rdf-syntax-ns#"
>
  <skos:Concept rdf:about="http://localhost:8000/d8836bb4-f6d8-4049-8a4e-725fd61390a1">
    <skos:inScheme>
      <skos:ConceptScheme rdf:about="http://localhost:8000/35bf7f21-1d0d-43d2-83d3-363075c1ddd0">
        <skos:hasTopConcept rdf:resource="http://localhost:8000/a253abd3-9c53-47b1-9e8b-571dc59b4512"/>
        <skos:hasTopConcept rdf:resource="http://localhost:8000/574387db-b4d3-41f8-b323-87ab77aef227"/>
        <skos:hasTopConcept rdf:resource="http://localhost:8000/230c0138-0b40-477f-9699-e30a9bec90c4"/>
        <dcterms:description xml:lang="en">{"id": "ef54bd03-bf09-40dc-a670-5383556e59c9", "value": "Ways of classifying land use as detailed in Recording England's Past (1993)."}</dcterms:description>
        <skos:hasTopConcept rdf:resource="http://localhost:8000/d8836bb4-f6d8-4049-8a4e-725fd61390a1"/>
        <skos:hasTopConcept rdf:resource="http://localhost:8000/cbb91e34-840a-48af-9302-12a7b9dfdf6a"/>
        <skos:hasTopConcept rdf:resource="http://localhost:8000/234b6b0b-c188-440e-a6cb-3d1445fa54fe"/>
        <skos:hasTopConcept rdf:resource="http://localhost:8000/15598c88-8874-408d-b045-85fcf95ccb93"/>
        <dcterms:identifier xml:lang="en">{"id": "4972994a-68b5-438a-9c8d-9599e48c94e2", "value": "http://localhost:8000/35bf7f21-1d0d-43d2-83d3-363075c1ddd0"}</dcterms:identifier>
        <dcterms:title xml:lang="en">{"id": "b27fe40e-62fc-420f-b932-df931697ea3b", "value": "Land Use Classification"}</dcterms:title>
        <skos:hasTopConcept rdf:resource="http://localhost:8000/5fecbc83-a6ec-4fd8-95ff-a217bf69bbf3"/>
      </skos:ConceptScheme>
    </skos:inScheme>
    <skos:narrower>
      <skos:Concept rdf:about="http://localhost:8000/96fb6a3e-d64c-4779-aaf0-267aacb888b4">
        <skos:prefLabel xml:lang="en">{"id": "8d1becd0-7205-4354-a4a9-18513f95813c", "value": "Grassland, Heathland 3 (Disturbed Grassland)"}</skos:prefLabel>
        <skos:scopeNote xml:lang="en">{"id": "28f5cc38-830d-482d-85d2-ac92a8ec8980", "value": "Areas of past and current land improvement, involving operations capable of disturbing the archaeology, e.g. land drainage, land reclaimation, cultivation including areas of ridge and furrow but not Celtic Fields."}</skos:scopeNote>
        <skos:inScheme rdf:resource="http://localhost:8000/35bf7f21-1d0d-43d2-83d3-363075c1ddd0"/>
        <dcterms:identifier xml:lang="en">{"id": "723109c9-7604-4d2a-8495-9fd64af6abbf", "value": "http://localhost:8000/96fb6a3e-d64c-4779-aaf0-267aacb888b4"}</dcterms:identifier>
      </skos:Concept>
    </skos:narrower>
    <skos:narrower>
      <skos:Concept rdf:about="http://localhost:8000/1689e237-7215-4acf-9b28-0a60022c97ae">
        <skos:scopeNote xml:lang="en">{"id": "b282bc4d-1c5f-4452-bc44-dbd8a2158964", "value": "If managed at all, then only to a low intensity, e.g. mowing, spraying etc., involving operations which are not archaeologically damaging."}</skos:scopeNote>
        <skos:prefLabel xml:lang="en">{"id": "4e4dd403-17aa-4ef5-b773-cfeaeea4c04f", "value": "Grassland, Heathland 2 (Undisturbed Grassland)"}</skos:prefLabel>
        <dcterms:identifier xml:lang="en">{"id": "328fddd5-3e1b-4c91-a93c-d1129174ddcc", "value": "http://localhost:8000/1689e237-7215-4acf-9b28-0a60022c97ae"}</dcterms:identifier>
        <skos:inScheme rdf:resource="http://localhost:8000/35bf7f21-1d0d-43d2-83d3-363075c1ddd0"/>
      </skos:Concept>
    </skos:narrower>
    <skos:narrower>
      <skos:Concept rdf:about="http://localhost:8000/5ca2f5db-5b34-48fb-98bb-958335f1a50a">
        <skos:prefLabel xml:lang="en">{"id": "a037faff-5d4a-4334-ba5f-bb4ca2834435", "value": "Grassland, Heathland 1 (Heathland)"}</skos:prefLabel>
        <skos:scopeNote xml:lang="en">{"id": "45ce31b9-3453-4f8c-b4fe-8a5b8130fd24", "value": "A plant community which includes low shrubs e.g. heathers, bilberry, gorse also the presence of bracken."}</skos:scopeNote>
        <skos:inScheme rdf:resource="http://localhost:8000/35bf7f21-1d0d-43d2-83d3-363075c1ddd0"/>
        <dcterms:identifier xml:lang="en">{"id": "fb47a272-c510-4099-8dc3-453bfb7b9a89", "value": "http://localhost:8000/5ca2f5db-5b34-48fb-98bb-958335f1a50a"}</dcterms:identifier>
      </skos:Concept>
    </skos:narrower>
    <dcterms:identifier xml:lang="en">{"id": "8366a343-f6fb-4fca-869d-97b202c0031c", "value": "http://localhost:8000/d8836bb4-f6d8-4049-8a4e-725fd61390a1"}</dcterms:identifier>
    <skos:narrower>
      <skos:Concept rdf:about="http://localhost:8000/fdec33b3-eb93-4424-8d21-cd6ada54f4bc">
        <skos:scopeNote xml:lang="en">{"id": "18857627-28d9-4208-9b09-85360d442aef", "value": "Regularly cultivated and re-seeded grassland (but not including temporary grassland within arable rotation - this would be classified under Cultivated Land)."}</skos:scopeNote>
        <dcterms:identifier xml:lang="en">{"id": "34f3bba2-9157-4e87-b9ed-5a187abd45ba", "value": "http://localhost:8000/fdec33b3-eb93-4424-8d21-cd6ada54f4bc"}</dcterms:identifier>
        <skos:prefLabel xml:lang="en">{"id": "0783995c-30ef-48c3-8098-b6c4f3802aa8", "value": "Grassland, Heathland 4 (Regularly improved)"}</skos:prefLabel>
        <skos:inScheme rdf:resource="http://localhost:8000/35bf7f21-1d0d-43d2-83d3-363075c1ddd0"/>
      </skos:Concept>
    </skos:narrower>
    <skos:narrower>
      <skos:Concept rdf:about="http://localhost:8000/4f4ed947-347f-411d-8005-35606c863ad3">
        <skos:scopeNote xml:lang="en">{"id": "3d67333e-18c4-4a83-9567-305e76e5c66e", "value": "Previously arable, usually part of Countryside Stewardship Scheme."}</skos:scopeNote>
        <skos:prefLabel xml:lang="en">{"id": "95f1e985-e650-4618-9f9b-a0832ff35098", "value": "Grassland, Heathland 6 (Recreated Grassland)"}</skos:prefLabel>
        <skos:inScheme rdf:resource="http://localhost:8000/35bf7f21-1d0d-43d2-83d3-363075c1ddd0"/>
        <dcterms:identifier xml:lang="en">{"id": "2bbc2755-d85c-4b24-a73a-8d51b8a31bd1", "value": "http://localhost:8000/4f4ed947-347f-411d-8005-35606c863ad3"}</dcterms:identifier>
      </skos:Concept>
    </skos:narrower>
    <skos:prefLabel xml:lang="en">{"id": "9dc1ce9c-eb49-4701-a53d-a83c12e3f098", "value": "Grassland, Heathland"}</skos:prefLabel>
    <skos:narrower>
      <skos:Concept rdf:about="http://localhost:8000/930b84f9-3db2-4bab-95ef-ef14a22f81c8">
        <skos:prefLabel xml:lang="en">{"id": "2841e939-6e1e-430e-a9ba-6ef2d665aad2", "value": "Grassland, Heathland 5 (Character undetermined)"}</skos:prefLabel>
        <skos:scopeNote xml:lang="en">{"id": "62e57014-3052-43bb-aff6-f62893d6de7f", "value": "Character and / or management not determined."}</skos:scopeNote>
        <dcterms:identifier xml:lang="en">{"id": "35691e2a-3321-488c-b630-403c8db6d89b", "value": "http://localhost:8000/930b84f9-3db2-4bab-95ef-ef14a22f81c8"}</dcterms:identifier>
        <skos:inScheme rdf:resource="http://localhost:8000/35bf7f21-1d0d-43d2-83d3-363075c1ddd0"/>
      </skos:Concept>
    </skos:narrower>
  </skos:Concept>
  <skos:Concept rdf:about="http://localhost:8000/dedd4321-1752-45fc-ad74-2ecfa127012f">
    <dcterms:identifier xml:lang="en">{"id": "bf59665e-a673-4207-bc53-1ace08bd6671", "value": "http://localhost:8000/dedd4321-1752-45fc-ad74-2ecfa127012f"}</dcterms:identifier>
    <skos:scopeNote xml:lang="en">{"id": "5024e205-09ed-4533-a32e-8c0e29fba334", "value": "Use for coastal cliffs; for inland features use OTHER 9."}</skos:scopeNote>
    <skos:prefLabel xml:lang="en">{"id": "c8820020-d6e2-48e9-bb2a-e4ab694971b4", "value": "Coastland 5 (Cliff and Related Features)"}</skos:prefLabel>
    <skos:inScheme rdf:resource="http://localhost:8000/35bf7f21-1d0d-43d2-83d3-363075c1ddd0"/>
  </skos:Concept>
  <skos:Concept rdf:about="http://localhost:8000/574387db-b4d3-41f8-b323-87ab77aef227">
    <skos:inScheme rdf:resource="http://localhost:8000/35bf7f21-1d0d-43d2-83d3-363075c1ddd0"/>
    <skos:narrower>
      <skos:Concept rdf:about="http://localhost:8000/f437142f-7ca7-4428-8584-dc5209cc0540">
        <skos:prefLabel xml:lang="en">{"id": "694dbb61-a779-47f7-ab51-ac7d980aee1a", "value": "Woodland 2 (Deciduous introduced)"}</skos:prefLabel>
        <dcterms:identifier xml:lang="en">{"id": "7ca65389-3b2c-41b2-8947-e9afdc7f2ee0", "value": "http://localhost:8000/f437142f-7ca7-4428-8584-dc5209cc0540"}</dcterms:identifier>
        <skos:inScheme rdf:resource="http://localhost:8000/35bf7f21-1d0d-43d2-83d3-363075c1ddd0"/>
        <skos:scopeNote xml:lang="en">{"id": "4966d530-1a35-4fc9-9ba3-ade8e7db6cc5", "value": "Defined as species introduced after the last glaciation, e.g. sycamore, sweet chestnut, etc. Specify in Description whether currently managed, neglected, unmanaged or management not determined."}</skos:scopeNote>
      </skos:Concept>
    </skos:narrower>
    <skos:narrower>
      <skos:Concept rdf:about="http://localhost:8000/33ffe2db-0d2c-4195-96e7-8316c2c3b6ab">
        <dcterms:identifier xml:lang="en">{"id": "864a35bb-25cd-44f6-bb70-c46808dc1865", "value": "http://localhost:8000/33ffe2db-0d2c-4195-96e7-8316c2c3b6ab"}</dcterms:identifier>
        <skos:prefLabel xml:lang="en">{"id": "77579c1f-27a5-4cbc-a81a-12e19133312a", "value": "Woodland 5 (Undetermined)"}</skos:prefLabel>
        <skos:inScheme rdf:resource="http://localhost:8000/35bf7f21-1d0d-43d2-83d3-363075c1ddd0"/>
        <skos:scopeNote xml:lang="en">{"id": "0d910a5b-ccc8-44ff-8331-5df314682479", "value": "Specify in Descriprion whether currently managed, neglected, unmanaged or management not determined."}</skos:scopeNote>
      </skos:Concept>
    </skos:narrower>
    <skos:prefLabel xml:lang="en">{"id": "95f94671-0167-482c-ae7d-977285a209f7", "value": "Woodland"}</skos:prefLabel>
    <dcterms:identifier xml:lang="en">{"id": "82d330eb-69b9-4872-992b-a4041a009555", "value": "http://localhost:8000/574387db-b4d3-41f8-b323-87ab77aef227"}</dcterms:identifier>
    <skos:narrower>
      <skos:Concept rdf:about="http://localhost:8000/c832913d-9788-4a9c-836d-86fcd182dced">
        <skos:prefLabel xml:lang="en">{"id": "adc89122-2613-46ba-b618-a72e6ad6d6c9", "value": "Woodland 4 (Coniferous Plantation)"}</skos:prefLabel>
        <dcterms:identifier xml:lang="en">{"id": "72d1496f-971f-4c49-8d53-e7066900f8b4", "value": "http://localhost:8000/c832913d-9788-4a9c-836d-86fcd182dced"}</dcterms:identifier>
        <skos:inScheme rdf:resource="http://localhost:8000/35bf7f21-1d0d-43d2-83d3-363075c1ddd0"/>
        <skos:scopeNote xml:lang="en">{"id": "5fcf273a-b830-4cbe-b20f-f46584350d0a", "value": "In which a range of conifers may be planted e.g. spruce, larch, pine."}</skos:scopeNote>
      </skos:Concept>
    </skos:narrower>
    <skos:narrower>
      <skos:Concept rdf:about="http://localhost:8000/07a53626-290d-4578-82e0-18a8f6664cd0">
        <skos:inScheme rdf:resource="http://localhost:8000/35bf7f21-1d0d-43d2-83d3-363075c1ddd0"/>
        <skos:prefLabel xml:lang="en">{"id": "a0dce2fb-28c0-4bf4-87aa-0fc27ef1d003", "value": "Woodland 7 (Scrub)"}</skos:prefLabel>
        <skos:scopeNote xml:lang="en">{"id": "4e2157d4-1b78-4a6d-8c01-8104d01c968c", "value": "The term scrub includes invasive woodland characterised by the presence of birch, willow, alder, ash, sycamore, conifers as low trees, with shrubs."}</skos:scopeNote>
        <dcterms:identifier xml:lang="en">{"id": "32ec8d0c-d167-40fc-a7ce-f38c9f025321", "value": "http://localhost:8000/07a53626-290d-4578-82e0-18a8f6664cd0"}</dcterms:identifier>
      </skos:Concept>
    </skos:narrower>
    <skos:narrower>
      <skos:Concept rdf:about="http://localhost:8000/810c7909-4260-4c85-9e29-9525934f7078">
        <skos:prefLabel xml:lang="en">{"id": "e4c4b321-dac6-4cb2-bc2c-d81ba24f9a51", "value": "Woodland 3 (Mixed)"}</skos:prefLabel>
        <dcterms:identifier xml:lang="en">{"id": "7892b374-e1a5-4ec3-88a7-6481ee5007dd", "value": "http://localhost:8000/810c7909-4260-4c85-9e29-9525934f7078"}</dcterms:identifier>
        <skos:inScheme rdf:resource="http://localhost:8000/35bf7f21-1d0d-43d2-83d3-363075c1ddd0"/>
        <skos:scopeNote xml:lang="en">{"id": "b09fd046-2a4b-4ecb-9987-9015e1c75757", "value": "In which coniferous and deciduous are present in roughly equal proportions. Specify in Description whether currently managed, neglected, unmanaged or management not determined."}</skos:scopeNote>
      </skos:Concept>
    </skos:narrower>
    <skos:narrower>
      <skos:Concept rdf:about="http://localhost:8000/56d0436f-b935-406c-8491-1ae7c88556dc">
        <skos:inScheme rdf:resource="http://localhost:8000/35bf7f21-1d0d-43d2-83d3-363075c1ddd0"/>
        <skos:scopeNote xml:lang="en">{"id": "81daa077-55a5-4946-be17-0e27be90eb7a", "value": "In which the density of trees is significantly less marked than in woodland; if parkland is currently cultivated then classify land accordingly."}</skos:scopeNote>
        <dcterms:identifier xml:lang="en">{"id": "b75c631c-024d-4297-bfc0-77a5cefabda1", "value": "http://localhost:8000/56d0436f-b935-406c-8491-1ae7c88556dc"}</dcterms:identifier>
        <skos:prefLabel xml:lang="en">{"id": "3e8f298e-55a5-461f-bb45-b08ad14a84b2", "value": "Woodland 6 (Parkland)"}</skos:prefLabel>
      </skos:Concept>
    </skos:narrower>
    <skos:narrower>
      <skos:Concept rdf:about="http://localhost:8000/ea3f048d-df17-4b65-8545-96d795d45178">
        <skos:inScheme rdf:resource="http://localhost:8000/35bf7f21-1d0d-43d2-83d3-363075c1ddd0"/>
        <skos:scopeNote xml:lang="en">{"id": "d3475b99-ba0b-45a7-a79d-b9a8bc2daff6", "value": "Defined as species present after the last glaciation e.g. oak, ash, elm, beech, birch, alder, hazel, hornbeam etc. Specify in Description whether currently managed, unmanaged, or management not determined."}</skos:scopeNote>
        <skos:prefLabel xml:lang="en">{"id": "23a74b8f-755a-4438-95bd-87888b7faaf5", "value": "Woodland 1 (Deciduous native)"}</skos:prefLabel>
        <dcterms:identifier xml:lang="en">{"id": "aa6f56d8-36e3-45c5-b903-b3675e0dc61c", "value": "http://localhost:8000/ea3f048d-df17-4b65-8545-96d795d45178"}</dcterms:identifier>
      </skos:Concept>
    </skos:narrower>
    <skos:narrower>
      <skos:Concept rdf:about="http://localhost:8000/4b9f11e6-baf2-491b-928e-872e66f2aadf">
        <skos:inScheme rdf:resource="http://localhost:8000/35bf7f21-1d0d-43d2-83d3-363075c1ddd0"/>
        <dcterms:identifier xml:lang="en">{"id": "c565435a-1ee5-400a-ba7f-264308df4eec", "value": "http://localhost:8000/4b9f11e6-baf2-491b-928e-872e66f2aadf"}</dcterms:identifier>
        <skos:prefLabel xml:lang="en">{"id": "0e0da1a9-976f-4866-abe1-9bddebc9f50c", "value": "Woodland 8 (Other)"}</skos:prefLabel>
        <skos:scopeNote xml:lang="en">{"id": "1a646215-9eea-4538-9638-4bbb5c5cf1d3", "value": "Specify in Description."}</skos:scopeNote>
      </skos:Concept>
    </skos:narrower>
  </skos:Concept>
  <skos:Concept rdf:about="http://localhost:8000/09fc6626-7bfd-4be7-b2f1-9a380607ca2c">
    <skos:prefLabel xml:lang="en">{"id": "b2bdcce5-90d9-4945-910d-7f768ffa08e6", "value": "Coastland 2 (Inter-tidal)"}</skos:prefLabel>
    <skos:inScheme rdf:resource="http://localhost:8000/35bf7f21-1d0d-43d2-83d3-363075c1ddd0"/>
    <dcterms:identifier xml:lang="en">{"id": "0e65fb38-5ca2-47aa-911a-d4600bb85c40", "value": "http://localhost:8000/09fc6626-7bfd-4be7-b2f1-9a380607ca2c"}</dcterms:identifier>
    <skos:scopeNote xml:lang="en">{"id": "cfdac7fd-54ec-4e82-b6cd-04c3e2bbf78d", "value": "That area between high and low water levels. Specify in Description using; sand, shingle, mud flat, estuarine silt, rock etc."}</skos:scopeNote>
  </skos:Concept>
  <skos:Concept rdf:about="http://localhost:8000/916cfa1d-50e7-486e-8df0-e195a2c505b0">
    <skos:scopeNote xml:lang="en">{"id": "83da7893-72f1-41bd-b07f-c61c38b9314b", "value": "That area below low water level and inside territorial waters; the term maritime includes saline waters within tidal environments."}</skos:scopeNote>
    <dcterms:identifier xml:lang="en">{"id": "71a4a593-4f0b-425b-bc3b-4f4da11d74dd", "value": "http://localhost:8000/916cfa1d-50e7-486e-8df0-e195a2c505b0"}</dcterms:identifier>
    <skos:inScheme rdf:resource="http://localhost:8000/35bf7f21-1d0d-43d2-83d3-363075c1ddd0"/>
    <skos:prefLabel xml:lang="en">{"id": "00a3a8e9-f7dd-412c-b14f-4b4e585d3001", "value": "Coastland 1 (Marine)"}</skos:prefLabel>
  </skos:Concept>
  <skos:Concept rdf:about="http://localhost:8000/a253abd3-9c53-47b1-9e8b-571dc59b4512">
    <skos:inScheme rdf:resource="http://localhost:8000/35bf7f21-1d0d-43d2-83d3-363075c1ddd0"/>
    <skos:narrower rdf:resource="http://localhost:8000/916cfa1d-50e7-486e-8df0-e195a2c505b0"/>
    <skos:narrower>
      <skos:Concept rdf:about="http://localhost:8000/2810f554-a052-40fb-a5ae-0903aa06f2e6">
        <skos:inScheme rdf:resource="http://localhost:8000/35bf7f21-1d0d-43d2-83d3-363075c1ddd0"/>
        <skos:scopeNote xml:lang="en">{"id": "30775722-db72-4933-9b47-573cf384cccd", "value": "Coastal area above high water levele. Specify in Description using: sand, sand dune, shingle etc."}</skos:scopeNote>
        <skos:prefLabel xml:lang="en">{"id": "bd7fc5c5-c193-4af6-b0af-b1610b1278d9", "value": "Coastland 3 (Above High Water)"}</skos:prefLabel>
        <dcterms:identifier xml:lang="en">{"id": "8c3811b6-1fc8-4f4a-b1dc-24176066d916", "value": "http://localhost:8000/2810f554-a052-40fb-a5ae-0903aa06f2e6"}</dcterms:identifier>
      </skos:Concept>
    </skos:narrower>
    <skos:prefLabel xml:lang="en">{"id": "99d1f0b0-0406-487b-83fb-f7ba2f510d18", "value": "Coastland"}</skos:prefLabel>
    <skos:narrower rdf:resource="http://localhost:8000/dedd4321-1752-45fc-ad74-2ecfa127012f"/>
    <skos:narrower>
      <skos:Concept rdf:about="http://localhost:8000/2403f3be-8fc1-43f6-b022-1e012465b307">
        <skos:scopeNote xml:lang="en">{"id": "798fcfef-ceee-4cba-8a8f-b227c1382d6c", "value": "Specify in Description using terms not included in the above"}</skos:scopeNote>
        <dcterms:identifier xml:lang="en">{"id": "633e9415-912e-4cfb-9f11-5938395cbf0d", "value": "http://localhost:8000/2403f3be-8fc1-43f6-b022-1e012465b307"}</dcterms:identifier>
        <skos:inScheme rdf:resource="http://localhost:8000/35bf7f21-1d0d-43d2-83d3-363075c1ddd0"/>
        <skos:prefLabel xml:lang="en">{"id": "30bfcc47-6a3c-4757-a371-2f148be81c54", "value": "Coastland 6 (Other)"}</skos:prefLabel>
      </skos:Concept>
    </skos:narrower>
    <skos:narrower>
      <skos:Concept rdf:about="http://localhost:8000/691bc73a-87ce-42f7-ac32-aa89f178cc50">
        <skos:inScheme rdf:resource="http://localhost:8000/35bf7f21-1d0d-43d2-83d3-363075c1ddd0"/>
        <skos:scopeNote xml:lang="en">{"id": "e3a5c065-f812-42db-94d6-4a59e17f9ec7", "value": "Term includes Salting etc"}</skos:scopeNote>
        <dcterms:identifier xml:lang="en">{"id": "13c54bb4-77b4-4b1d-9882-31b53b6b1006", "value": "http://localhost:8000/691bc73a-87ce-42f7-ac32-aa89f178cc50"}</dcterms:identifier>
        <skos:prefLabel xml:lang="en">{"id": "a26c8d70-d6b7-432d-9863-9fe7e8050a95", "value": "Coastland 4 (Saltmarsh)"}</skos:prefLabel>
      </skos:Concept>
    </skos:narrower>
    <skos:narrower rdf:resource="http://localhost:8000/09fc6626-7bfd-4be7-b2f1-9a380607ca2c"/>
    <dcterms:identifier xml:lang="en">{"id": "2cc9b6f6-010d-4ff0-bb9e-48167aab52f6", "value": "http://localhost:8000/a253abd3-9c53-47b1-9e8b-571dc59b4512"}</dcterms:identifier>
  </skos:Concept>
  <skos:Concept rdf:about="http://localhost:8000/5fecbc83-a6ec-4fd8-95ff-a217bf69bbf3">
    <skos:narrower>
      <skos:Concept rdf:about="http://localhost:8000/0921b487-6e22-47f2-925f-a92d42cdf030">
        <dcterms:identifier xml:lang="en">{"id": "3ba29bdc-f1a6-41e2-896b-eb79ff5ed226", "value": "http://localhost:8000/0921b487-6e22-47f2-925f-a92d42cdf030"}</dcterms:identifier>
        <skos:scopeNote xml:lang="en">{"id": "97bab745-2f14-43a8-bba2-25da6d7d4407", "value": "Specify in Description using: pond, lake, artificial lake, canal (if wet) etc."}</skos:scopeNote>
        <skos:inScheme rdf:resource="http://localhost:8000/35bf7f21-1d0d-43d2-83d3-363075c1ddd0"/>
        <skos:prefLabel xml:lang="en">{"id": "12635a07-efe0-4020-ad39-5a82b520942e", "value": "Open Fresh Water 2 (Standing water)"}</skos:prefLabel>
      </skos:Concept>
    </skos:narrower>
    <skos:inScheme rdf:resource="http://localhost:8000/35bf7f21-1d0d-43d2-83d3-363075c1ddd0"/>
    <skos:narrower>
      <skos:Concept rdf:about="http://localhost:8000/27ebea8b-72ad-407a-aa7d-9542b383cd41">
        <dcterms:identifier xml:lang="en">{"id": "eaedc74e-27da-41a6-98bb-190651fcbe8e", "value": "http://localhost:8000/27ebea8b-72ad-407a-aa7d-9542b383cd41"}</dcterms:identifier>
        <skos:scopeNote xml:lang="en">{"id": "c3f7682d-ef73-49d3-83ce-b4b42974bc6f", "value": "Specify in Description using: river, stream, estuary above tidal (saline) influence etc."}</skos:scopeNote>
        <skos:prefLabel xml:lang="en">{"id": "57ef9118-6e21-42b3-8a24-a7ef6873e444", "value": "Open Fresh Water 1 (Running water)"}</skos:prefLabel>
        <skos:inScheme rdf:resource="http://localhost:8000/35bf7f21-1d0d-43d2-83d3-363075c1ddd0"/>
      </skos:Concept>
    </skos:narrower>
    <dcterms:identifier xml:lang="en">{"id": "0b206512-bc71-4107-be2b-67842c5eb40a", "value": "http://localhost:8000/5fecbc83-a6ec-4fd8-95ff-a217bf69bbf3"}</dcterms:identifier>
    <skos:prefLabel xml:lang="en">{"id": "b25a5d22-de88-4817-8141-d44ea8ec7f5f", "value": "Open Fresh Water"}</skos:prefLabel>
  </skos:Concept>
  <skos:Concept rdf:about="http://localhost:8000/e0cef190-eac1-435a-bc26-6c8015e27c9d">
    <skos:prefLabel xml:lang="en">{"id": "a53c839e-4f48-4652-adab-410d96ae0e01", "value": "Other 3 (Built over)"}</skos:prefLabel>
    <skos:inScheme rdf:resource="http://localhost:8000/35bf7f21-1d0d-43d2-83d3-363075c1ddd0"/>
    <dcterms:identifier xml:lang="en">{"id": "4b63ddec-8ff9-4e94-bee4-7dfcf633fe1f", "value": "http://localhost:8000/e0cef190-eac1-435a-bc26-6c8015e27c9d"}</dcterms:identifier>
    <skos:scopeNote xml:lang="en">{"id": "78ec5d48-fea4-4283-86c4-2a8102eba11d", "value": "Site underlying building or structure."}</skos:scopeNote>
  </skos:Concept>
  <skos:Concept rdf:about="http://localhost:8000/1fb5ff23-6cb2-489c-a07f-f78c22dd0d17">
    <skos:prefLabel xml:lang="en">{"id": "799085c4-eb6f-4ff4-aeed-d12dc2f61b8a", "value": "Other 2 (In use as building)"}</skos:prefLabel>
    <dcterms:identifier xml:lang="en">{"id": "5f9a9578-3db9-4df5-9b0c-68897b1a35c3", "value": "http://localhost:8000/1fb5ff23-6cb2-489c-a07f-f78c22dd0d17"}</dcterms:identifier>
    <skos:inScheme rdf:resource="http://localhost:8000/35bf7f21-1d0d-43d2-83d3-363075c1ddd0"/>
    <skos:scopeNote xml:lang="en">{"id": "55c814a2-9b4f-40bf-ae48-74c5033288bf", "value": "In use as a building."}</skos:scopeNote>
  </skos:Concept>
  <skos:Concept rdf:about="http://localhost:8000/b15c8f53-19f5-49ef-929e-d75578aedf61">
    <dcterms:identifier xml:lang="en">{"id": "73e35488-7bc7-4bc3-9c44-fbda81702f36", "value": "http://localhost:8000/b15c8f53-19f5-49ef-929e-d75578aedf61"}</dcterms:identifier>
    <skos:inScheme rdf:resource="http://localhost:8000/35bf7f21-1d0d-43d2-83d3-363075c1ddd0"/>
    <skos:prefLabel xml:lang="en">{"id": "d21f9bd2-ea29-4755-bf8f-1f6e1bb7ffff", "value": "Other 14  (Recreational usage)"}</skos:prefLabel>
    <skos:scopeNote xml:lang="en">{"id": "bcbc6d57-792f-4db1-b787-9576ec5f962f", "value": "Specify in Description using: golf course, playing fields etc."}</skos:scopeNote>
  </skos:Concept>
  <skos:Concept rdf:about="http://localhost:8000/d7a25241-0465-43b1-85af-2dd298b74c56">
    <dcterms:identifier xml:lang="en">{"id": "cd932126-40c7-4506-8dbe-d41defad315c", "value": "http://localhost:8000/d7a25241-0465-43b1-85af-2dd298b74c56"}</dcterms:identifier>
    <skos:prefLabel xml:lang="en">{"id": "0e10244d-8625-4b20-aed8-34565e9daa06", "value": "Other 11 (Thoroughfare)"}</skos:prefLabel>
    <skos:scopeNote xml:lang="en">{"id": "766df0ba-8ea0-4c69-8f57-85ea6c9dc420", "value": "Specify in Description using: path, road, track, bridge, lay-by etc."}</skos:scopeNote>
    <skos:inScheme rdf:resource="http://localhost:8000/35bf7f21-1d0d-43d2-83d3-363075c1ddd0"/>
  </skos:Concept>
  <skos:Concept rdf:about="http://localhost:8000/f4ad0fad-64d7-4b49-8d92-73d6e8e9017b">
    <skos:prefLabel xml:lang="en">{"id": "2e8433c3-77c8-4f3d-867a-8d84be538065", "value": "Cultivated Land 3 (Operation to a depth &gt; 0.25m)"}</skos:prefLabel>
    <skos:scopeNote xml:lang="en">{"id": "6839ce73-c13d-47d2-b1e9-a91ecfe63286", "value": "Operations in excess of 25 cms. If possible state depth in Description."}</skos:scopeNote>
    <dcterms:identifier xml:lang="en">{"id": "826321ab-99cb-4ae1-959a-286dc695f709", "value": "http://localhost:8000/f4ad0fad-64d7-4b49-8d92-73d6e8e9017b"}</dcterms:identifier>
    <skos:inScheme rdf:resource="http://localhost:8000/35bf7f21-1d0d-43d2-83d3-363075c1ddd0"/>
  </skos:Concept>
  <skos:Concept rdf:about="http://localhost:8000/60bcecde-8bfc-4b5e-aae7-b294327af236">
    <dcterms:identifier xml:lang="en">{"id": "e50dcd12-caa0-4c25-9350-b1222bc1b22c", "value": "http://localhost:8000/60bcecde-8bfc-4b5e-aae7-b294327af236"}</dcterms:identifier>
    <skos:inScheme rdf:resource="http://localhost:8000/35bf7f21-1d0d-43d2-83d3-363075c1ddd0"/>
    <skos:scopeNote xml:lang="en">{"id": "2cc76276-e8c9-4d0d-b3c3-83e3ff1df29f", "value": "Including ground in current use for burials and legally consecrated ground, e.g. graveyard, chapel-ground etc."}</skos:scopeNote>
    <skos:prefLabel xml:lang="en">{"id": "ebb5ff11-0ed9-4ee1-b87f-b4b8d00cd587", "value": "Other 4 (Churchyard)"}</skos:prefLabel>
  </skos:Concept>
  <skos:Concept rdf:about="http://localhost:8000/5fe57a8e-7f1a-4e01-a622-6568d6fc2d6f">
    <skos:scopeNote xml:lang="en">{"id": "1aa7fe1c-ca2b-4722-9142-c2975618030e", "value": "Specify in Description using: cave, cliff etc."}</skos:scopeNote>
    <skos:inScheme rdf:resource="http://localhost:8000/35bf7f21-1d0d-43d2-83d3-363075c1ddd0"/>
    <dcterms:identifier xml:lang="en">{"id": "eb111056-9197-4e0c-8387-eb5350cf1bdd", "value": "http://localhost:8000/5fe57a8e-7f1a-4e01-a622-6568d6fc2d6f"}</dcterms:identifier>
    <skos:prefLabel xml:lang="en">{"id": "8a190000-3ba5-4ecd-b297-ded5c1710cc6", "value": "Other 9 (Natural formation: Cave, cliff etc..)"}</skos:prefLabel>
  </skos:Concept>
  <skos:Concept rdf:about="http://localhost:8000/15598c88-8874-408d-b045-85fcf95ccb93">
    <dcterms:identifier xml:lang="en">{"id": "1935ec32-687c-4ef1-b532-3834f5ed5caa", "value": "http://localhost:8000/15598c88-8874-408d-b045-85fcf95ccb93"}</dcterms:identifier>
    <skos:narrower rdf:resource="http://localhost:8000/e0cef190-eac1-435a-bc26-6c8015e27c9d"/>
    <skos:narrower>
      <skos:Concept rdf:about="http://localhost:8000/3faae03e-86a7-4e33-8364-2fdc96916996">
        <skos:prefLabel xml:lang="en-us">{"id": "9332d0c3-ccbf-432f-84d3-305882388705", "value": "Other 7 (Mineral extraction)"}</skos:prefLabel>
        <skos:inScheme rdf:resource="http://localhost:8000/35bf7f21-1d0d-43d2-83d3-363075c1ddd0"/>
        <skos:scopeNote xml:lang="en-us">{"id": "6bef68a3-3617-4d8c-a3a4-2c46d0fa74e8", "value": "For example mine, quarry etc."}</skos:scopeNote>
        <dcterms:identifier xml:lang="en">{"id": "44a12d23-38a3-42c7-a5ae-154136425174", "value": "http://localhost:8000/3faae03e-86a7-4e33-8364-2fdc96916996"}</dcterms:identifier>
      </skos:Concept>
    </skos:narrower>
    <skos:narrower>
      <skos:Concept rdf:about="http://localhost:8000/4a0ce22d-3f33-4653-ae76-e3d9d43cc05b">
        <skos:inScheme rdf:resource="http://localhost:8000/35bf7f21-1d0d-43d2-83d3-363075c1ddd0"/>
        <skos:scopeNote xml:lang="en">{"id": "99f79edf-677c-4b09-99e4-1675271b5be1", "value": "Specify in Description using: private, public, formal etc."}</skos:scopeNote>
        <dcterms:identifier xml:lang="en">{"id": "52354197-a824-4968-ad7e-422973dcbdb4", "value": "http://localhost:8000/4a0ce22d-3f33-4653-ae76-e3d9d43cc05b"}</dcterms:identifier>
        <skos:prefLabel xml:lang="en">{"id": "aadb5e6e-a64e-43be-875a-f431ba503301", "value": "Other 5 (Garden)"}</skos:prefLabel>
      </skos:Concept>
    </skos:narrower>
    <skos:narrower>
      <skos:Concept rdf:about="http://localhost:8000/a154b0e8-71fe-409c-8bd1-03e99b1932e2">
        <skos:inScheme rdf:resource="http://localhost:8000/35bf7f21-1d0d-43d2-83d3-363075c1ddd0"/>
        <skos:prefLabel xml:lang="en">{"id": "00a2cf2d-098a-47c9-8c40-d64eedab3611", "value": "Other 13 (Waste ground)"}</skos:prefLabel>
        <dcterms:identifier xml:lang="en">{"id": "aa0928ce-19ce-43f4-a7fc-33c4dee87ae5", "value": "http://localhost:8000/a154b0e8-71fe-409c-8bd1-03e99b1932e2"}</dcterms:identifier>
      </skos:Concept>
    </skos:narrower>
    <skos:prefLabel xml:lang="en">{"id": "450886ab-8dbe-494a-b33d-20457c3776ca", "value": "Other"}</skos:prefLabel>
    <skos:narrower>
      <skos:Concept rdf:about="http://localhost:8000/b29d3d25-7f34-426e-bb3d-4ef0107c34fc">
        <dcterms:identifier xml:lang="en">{"id": "c4d06687-a923-49dc-99cb-4d796f9aaa4f", "value": "http://localhost:8000/b29d3d25-7f34-426e-bb3d-4ef0107c34fc"}</dcterms:identifier>
        <skos:prefLabel xml:lang="en">{"id": "974234fb-d3d8-4992-b56d-87e5255613ab", "value": "Other 6 (Land boundary)"}</skos:prefLabel>
        <skos:scopeNote xml:lang="en">{"id": "6b5d1a3f-99d1-42c7-9aa4-42dd826bd67b", "value": "Specify in Description using: hedge, fence, wall etc."}</skos:scopeNote>
        <skos:inScheme rdf:resource="http://localhost:8000/35bf7f21-1d0d-43d2-83d3-363075c1ddd0"/>
      </skos:Concept>
    </skos:narrower>
    <skos:narrower rdf:resource="http://localhost:8000/1fb5ff23-6cb2-489c-a07f-f78c22dd0d17"/>
    <skos:narrower rdf:resource="http://localhost:8000/60bcecde-8bfc-4b5e-aae7-b294327af236"/>
    <skos:inScheme rdf:resource="http://localhost:8000/35bf7f21-1d0d-43d2-83d3-363075c1ddd0"/>
    <skos:narrower>
      <skos:Concept rdf:about="http://localhost:8000/49e0baa5-e212-4ce6-9104-f985a96bb7f6">
        <skos:prefLabel xml:lang="en">{"id": "61c8635c-4538-4571-97a5-d46999d69626", "value": "Other 15 (Other)"}</skos:prefLabel>
        <skos:inScheme rdf:resource="http://localhost:8000/35bf7f21-1d0d-43d2-83d3-363075c1ddd0"/>
        <skos:scopeNote xml:lang="en">{"id": "00784d37-39aa-4919-8f15-d6d85cfe00e6", "value": "Specify in Description"}</skos:scopeNote>
        <dcterms:identifier xml:lang="en">{"id": "2d86c3fc-6894-445e-b71d-e9b003a7234f", "value": "http://localhost:8000/49e0baa5-e212-4ce6-9104-f985a96bb7f6"}</dcterms:identifier>
      </skos:Concept>
    </skos:narrower>
    <skos:narrower>
      <skos:Concept rdf:about="http://localhost:8000/e2bb6c51-cca9-4183-88f1-eafb1c1702c3">
        <skos:scopeNote xml:lang="en">{"id": "39758e78-4148-40a2-81bc-bd654c181d8e", "value": "In use for small scale horticulture."}</skos:scopeNote>
        <skos:inScheme rdf:resource="http://localhost:8000/35bf7f21-1d0d-43d2-83d3-363075c1ddd0"/>
        <dcterms:identifier xml:lang="en">{"id": "cf3b9d76-9323-456e-ae41-350b01d0575a", "value": "http://localhost:8000/e2bb6c51-cca9-4183-88f1-eafb1c1702c3"}</dcterms:identifier>
        <skos:prefLabel xml:lang="en">{"id": "01658021-a99e-44c5-b1d8-bfc3bbede26a", "value": "Other 1 (Allotment)"}</skos:prefLabel>
      </skos:Concept>
    </skos:narrower>
    <skos:narrower>
      <skos:Concept rdf:about="http://localhost:8000/3889d299-2328-4335-a014-370f63d6f1bf">
        <skos:inScheme rdf:resource="http://localhost:8000/35bf7f21-1d0d-43d2-83d3-363075c1ddd0"/>
        <skos:scopeNote xml:lang="en">{"id": "b34b0d0d-6968-4d07-9ff4-9da4f9fc4569", "value": "In use for fruit growing. Includes former orchard retaining trees etc."}</skos:scopeNote>
        <skos:prefLabel xml:lang="en">{"id": "4bb10b72-4e58-4ece-9a74-671879152c9b", "value": "Other 10 (Orchard)"}</skos:prefLabel>
        <dcterms:identifier xml:lang="en">{"id": "eaaf1b8e-d3c7-493a-b694-5a95c369008d", "value": "http://localhost:8000/3889d299-2328-4335-a014-370f63d6f1bf"}</dcterms:identifier>
      </skos:Concept>
    </skos:narrower>
    <skos:narrower rdf:resource="http://localhost:8000/5fe57a8e-7f1a-4e01-a622-6568d6fc2d6f"/>
    <skos:narrower>
      <skos:Concept rdf:about="http://localhost:8000/f15236e8-c8c9-420c-a8e3-fa68a1901ee8">
        <skos:scopeNote xml:lang="en">{"id": "edb5e557-3934-439c-9309-c7a7b6db41d4", "value": "Where the land on which the monument stands is dedicated to the monument itself: this may include Guardianship sites displayed, also sites which exclude any other Land Classification e.g. Cross, Commemorative Monument etc."}</skos:scopeNote>
        <skos:inScheme rdf:resource="http://localhost:8000/35bf7f21-1d0d-43d2-83d3-363075c1ddd0"/>
        <skos:prefLabel xml:lang="en">{"id": "a87aec59-b59d-4c29-9def-9c69396609ac", "value": "Other 8 (Dedicated to the display of a monument)"}</skos:prefLabel>
        <dcterms:identifier xml:lang="en">{"id": "106e0efb-f265-42ce-b6dc-9586eef2b214", "value": "http://localhost:8000/f15236e8-c8c9-420c-a8e3-fa68a1901ee8"}</dcterms:identifier>
      </skos:Concept>
    </skos:narrower>
    <skos:narrower rdf:resource="http://localhost:8000/d7a25241-0465-43b1-85af-2dd298b74c56"/>
    <skos:narrower>
      <skos:Concept rdf:about="http://localhost:8000/9170c4da-9bdb-44e2-9d22-18f4ab3dac5f">
        <skos:prefLabel xml:lang="en">{"id": "6f8ac744-8a33-4906-a72c-80b131e9708a", "value": "Other 12 (Verge)"}</skos:prefLabel>
        <dcterms:identifier xml:lang="en">{"id": "6cf6d132-d997-4d8b-8109-ce5d285d1609", "value": "http://localhost:8000/9170c4da-9bdb-44e2-9d22-18f4ab3dac5f"}</dcterms:identifier>
        <skos:scopeNote xml:lang="en">{"id": "584c1720-af96-4cce-adb5-b09a6d23e7cf", "value": "Uncultivated land lying alongside a thoroughfare."}</skos:scopeNote>
        <skos:inScheme rdf:resource="http://localhost:8000/35bf7f21-1d0d-43d2-83d3-363075c1ddd0"/>
      </skos:Concept>
    </skos:narrower>
    <skos:narrower rdf:resource="http://localhost:8000/b15c8f53-19f5-49ef-929e-d75578aedf61"/>
  </skos:Concept>
  <skos:Concept rdf:about="http://localhost:8000/234b6b0b-c188-440e-a6cb-3d1445fa54fe">
    <skos:inScheme rdf:resource="http://localhost:8000/35bf7f21-1d0d-43d2-83d3-363075c1ddd0"/>
    <dcterms:identifier xml:lang="en">{"id": "14a1e13b-54d1-4de6-9e80-b29021ceae0d", "value": "http://localhost:8000/234b6b0b-c188-440e-a6cb-3d1445fa54fe"}</dcterms:identifier>
    <skos:prefLabel xml:lang="en">{"id": "c254b887-20bf-4f18-9b85-ec90537a10bd", "value": "Wetlands"}</skos:prefLabel>
    <skos:scopeNote xml:lang="en">{"id": "0eb3466c-5392-4bba-8bc0-ffadc172e41c", "value": "To include areas of wet valley bogs, sphagnum bogs, fens (N.B. in areas such as the Fens and the Somerset Levels most land should be classified under Cultivated Land, Woodland or Grassland rather than Wetlands)."}</skos:scopeNote>
  </skos:Concept>
  <skos:Concept rdf:about="http://localhost:8000/cbb91e34-840a-48af-9302-12a7b9dfdf6a">
    <skos:narrower>
      <skos:Concept rdf:about="http://localhost:8000/f6f3a2fc-92b5-49db-9d1a-479ceefd5556">
        <skos:inScheme rdf:resource="http://localhost:8000/35bf7f21-1d0d-43d2-83d3-363075c1ddd0"/>
        <skos:prefLabel xml:lang="en">{"id": "e8216385-16cc-4e22-aeb3-37345113dc38", "value": "Cultivated Land 4 (Character undetermined)"}</skos:prefLabel>
        <skos:scopeNote xml:lang="en">{"id": "e29bd2a2-e7f0-4a3d-aef1-deb81b9344c1", "value": "Character of operations not determined."}</skos:scopeNote>
        <dcterms:identifier xml:lang="en">{"id": "1725955e-2b5e-4978-8e0a-d416bc79eae0", "value": "http://localhost:8000/f6f3a2fc-92b5-49db-9d1a-479ceefd5556"}</dcterms:identifier>
      </skos:Concept>
    </skos:narrower>
    <skos:narrower>
      <skos:Concept rdf:about="http://localhost:8000/54b73a15-7c52-46a4-9698-73c74a548ee2">
        <skos:inScheme rdf:resource="http://localhost:8000/35bf7f21-1d0d-43d2-83d3-363075c1ddd0"/>
        <skos:scopeNote xml:lang="en">{"id": "2678bfad-7eba-42de-8cf3-c7d11bf82478", "value": "Land use involving no operations likely to be damaging to archaeological remains."}</skos:scopeNote>
        <skos:prefLabel xml:lang="en">{"id": "7e77a238-3422-4719-b8af-ee09923d0a74", "value": "Cultivated Land 1 (Minimal Cultivation)"}</skos:prefLabel>
        <dcterms:identifier xml:lang="en">{"id": "b824fc93-8d2d-425c-afaf-57a907c5a7c3", "value": "http://localhost:8000/54b73a15-7c52-46a4-9698-73c74a548ee2"}</dcterms:identifier>
      </skos:Concept>
    </skos:narrower>
    <skos:inScheme rdf:resource="http://localhost:8000/35bf7f21-1d0d-43d2-83d3-363075c1ddd0"/>
    <skos:narrower rdf:resource="http://localhost:8000/f4ad0fad-64d7-4b49-8d92-73d6e8e9017b"/>
    <skos:narrower>
      <skos:Concept rdf:about="http://localhost:8000/63286683-ae32-436f-a4b7-1f2edee322fb">
        <skos:prefLabel xml:lang="en">{"id": "c9673240-291f-4a61-a8d5-bb35ebb50796", "value": "Cultivated Land 2 (Operation to a depth &lt; 0.25m)"}</skos:prefLabel>
        <dcterms:identifier xml:lang="en">{"id": "e216ecb0-a445-4e48-b6df-d2511099a465", "value": "http://localhost:8000/63286683-ae32-436f-a4b7-1f2edee322fb"}</dcterms:identifier>
        <skos:inScheme rdf:resource="http://localhost:8000/35bf7f21-1d0d-43d2-83d3-363075c1ddd0"/>
        <skos:scopeNote xml:lang="en">{"id": "891b9cef-ce32-4e4e-a8ff-f2f83154cf53", "value": "Operations restricted to a depth of no more than 25 cms. If possible state depth in Description."}</skos:scopeNote>
      </skos:Concept>
    </skos:narrower>
    <skos:prefLabel xml:lang="en">{"id": "694de066-a393-470a-a318-046b7c03d045", "value": "Cultivated Land"}</skos:prefLabel>
    <dcterms:identifier xml:lang="en">{"id": "f03b81f3-02aa-46d3-9691-dbe33eff16e7", "value": "http://localhost:8000/cbb91e34-840a-48af-9302-12a7b9dfdf6a"}</dcterms:identifier>
  </skos:Concept>
  <skos:Concept rdf:about="http://localhost:8000/230c0138-0b40-477f-9699-e30a9bec90c4">
    <dcterms:identifier xml:lang="en">{"id": "33ec2664-fbd2-4cd7-9b31-81faaee5d48c", "value": "http://localhost:8000/230c0138-0b40-477f-9699-e30a9bec90c4"}</dcterms:identifier>
    <skos:prefLabel xml:lang="en">{"id": "c138d63a-2559-449e-939b-2f4787c0710e", "value": "Unassigned"}</skos:prefLabel>
    <skos:inScheme rdf:resource="http://localhost:8000/35bf7f21-1d0d-43d2-83d3-363075c1ddd0"/>
  </skos:Concept>
</rdf:RDF>
