<?xml version="1.0" encoding="utf-8"?>
<rdf:RDF
  xmlns:skos="http://www.w3.org/2004/02/skos/core#"
  xmlns:dcterms="http://purl.org/dc/terms/"
  xmlns:rdf="http://www.w3.org/1999/02/22-rdf-syntax-ns#"
  xmlns:arches="http://localhost:8000/"
>
  <skos:Concept rdf:about="http://localhost:8000/dc0cf548-38a1-4442-9ecc-c2cd180f8bc1">
    <skos:prefLabel xml:lang="en">{"id": "c208a3d2-df1d-4514-a188-a7cba1239e9a", "value": "Portuguese"}</skos:prefLabel>
    <skos:inScheme>
      <skos:ConceptScheme rdf:about="http://localhost:8000/d8074f50-8378-4d05-a251-5ee898686e2f">
        <dcterms:title xml:lang="en">{"id": "644e9b1a-ba37-4b45-9e3e-573a07c10f94", "value": "Languages"}</dcterms:title>
        <skos:hasTopConcept rdf:resource="http://localhost:8000/d06fc79d-eb82-40f7-bf51-ee1cdbd27eca"/>
        <skos:hasTopConcept rdf:resource="http://localhost:8000/69fcb6d9-2b21-4e48-9753-0221e2cd7f8d"/>
        <skos:hasTopConcept rdf:resource="http://localhost:8000/f69cd31e-7270-42aa-be0b-2893b7aa1751"/>
        <skos:hasTopConcept rdf:resource="http://localhost:8000/b824cce3-5eb4-445d-ab9e-5b9b094ab3f4"/>
        <skos:hasTopConcept rdf:resource="http://localhost:8000/3148726b-c21b-4b9e-81c1-4340379b6dac"/>
        <skos:hasTopConcept rdf:resource="http://localhost:8000/4264edf0-b3dc-4cd3-831b-fad2aa499ac6"/>
        <dcterms:identifier xml:lang="en">{"id": "33e7c4ca-177f-4b63-a083-cdb646d6c89b", "value": "http://www.archesproject.org/d8074f50-8378-4d05-a251-5ee898686e2f"}</dcterms:identifier>
        <skos:hasTopConcept rdf:resource="http://localhost:8000/d2dc8009-cfb6-48c3-8f79-a4009d193f5a"/>
        <skos:hasTopConcept rdf:resource="http://localhost:8000/dc0cf548-38a1-4442-9ecc-c2cd180f8bc1"/>
      </skos:ConceptScheme>
    </skos:inScheme>
    <dcterms:identifier xml:lang="en">{"id": "2cad16a8-e229-4ab1-90c7-18e246dbe01c", "value": "http://localhost:8000/dc0cf548-38a1-4442-9ecc-c2cd180f8bc1"}</dcterms:identifier>
  </skos:Concept>
  <skos:Concept rdf:about="http://localhost:8000/69fcb6d9-2b21-4e48-9753-0221e2cd7f8d">
    <dcterms:identifier xml:lang="en">{"id": "34dba7e9-12cf-4456-95a9-5c33b687b6a5", "value": "http://www.archesproject.org/69fcb6d9-2b21-4e48-9753-0221e2cd7f8d"}</dcterms:identifier>
    <skos:prefLabel xml:lang="en">{"id": "2521065c-8d4b-4e97-bc86-f263e62ffb7c", "value": "Latin"}</skos:prefLabel>
    <skos:inScheme rdf:resource="http://localhost:8000/d8074f50-8378-4d05-a251-5ee898686e2f"/>
  </skos:Concept>
  <skos:Concept rdf:about="http://localhost:8000/f69cd31e-7270-42aa-be0b-2893b7aa1751">
    <skos:prefLabel xml:lang="en">{"id": "1eaca20a-0277-4118-974e-82f9136411dc", "value": "French"}</skos:prefLabel>
    <skos:inScheme rdf:resource="http://localhost:8000/d8074f50-8378-4d05-a251-5ee898686e2f"/>
    <dcterms:identifier xml:lang="en">{"id": "af9bd060-b11c-41c9-aaa6-844c37a5a557", "value": "http://localhost:8000/f69cd31e-7270-42aa-be0b-2893b7aa1751"}</dcterms:identifier>
  </skos:Concept>
  <skos:Concept rdf:about="http://localhost:8000/5f9cb5bc-4a6b-4a50-871f-17be64c1bf4b">
    <dcterms:identifier xml:lang="en">{"id": "62c6df76-4d90-4d24-a061-215c82197a82", "value": "http://www.archesproject.org/5f9cb5bc-4a6b-4a50-871f-17be64c1bf4b"}</dcterms:identifier>
    <skos:prefLabel xml:lang="en">{"id": "35e8413d-d6c1-4f5a-a99e-8aa830100df8", "value": "Middle English"}</skos:prefLabel>
    <skos:inScheme rdf:resource="http://localhost:8000/d8074f50-8378-4d05-a251-5ee898686e2f"/>
  </skos:Concept>
  <skos:Concept rdf:about="http://localhost:8000/4264edf0-b3dc-4cd3-831b-fad2aa499ac6">
    <skos:inScheme rdf:resource="http://localhost:8000/d8074f50-8378-4d05-a251-5ee898686e2f"/>
    <skos:prefLabel xml:lang="en">{"id": "afa1f475-3273-4110-88ef-fb6e77cdee80", "value": "Old Norse"}</skos:prefLabel>
    <dcterms:identifier xml:lang="en">{"id": "2e228d52-ef91-4526-82b3-04c3ccf85172", "value": "http://www.archesproject.org/4264edf0-b3dc-4cd3-831b-fad2aa499ac6"}</dcterms:identifier>
  </skos:Concept>
  <skos:Concept rdf:about="http://localhost:8000/3148726b-c21b-4b9e-81c1-4340379b6dac">
    <skos:inScheme rdf:resource="http://localhost:8000/d8074f50-8378-4d05-a251-5ee898686e2f"/>
    <dcterms:identifier xml:lang="en">{"id": "4c10aced-9e5a-4396-a991-ff109bddd566", "value": "http://localhost:8000/3148726b-c21b-4b9e-81c1-4340379b6dac"}</dcterms:identifier>
    <skos:prefLabel xml:lang="en">{"id": "27643bdf-984f-42ea-bae8-b9e315d96a31", "value": "Chinese"}</skos:prefLabel>
  </skos:Concept>
  <skos:Concept rdf:about="http://localhost:8000/d06fc79d-eb82-40f7-bf51-ee1cdbd27eca">
    <skos:prefLabel xml:lang="en">{"id": "b5f1ff2d-d667-4c4e-86a1-c17fa4b9447b", "value": "English"}</skos:prefLabel>
    <skos:narrower rdf:resource="http://localhost:8000/5f9cb5bc-4a6b-4a50-871f-17be64c1bf4b"/>
    <dcterms:identifier xml:lang="en">{"id": "7b03128a-7e01-4b8f-bbe6-ab2a6d09544c", "value": "http://www.archesproject.org/d06fc79d-eb82-40f7-bf51-ee1cdbd27eca"}</dcterms:identifier>
    <skos:narrower>
      <skos:Concept rdf:about="http://localhost:8000/53e5c189-388e-4832-acf0-47238f73900d">
        <skos:inScheme rdf:resource="http://localhost:8000/d8074f50-8378-4d05-a251-5ee898686e2f"/>
        <skos:prefLabel xml:lang="en">{"id": "22f7263c-7432-4b65-8c36-ea588876c860", "value": "Modern English"}</skos:prefLabel>
        <dcterms:identifier xml:lang="en">{"id": "202fccfb-7f0d-41b6-8978-000095849a60", "value": "http://www.archesproject.org/53e5c189-388e-4832-acf0-47238f73900d"}</dcterms:identifier>
      </skos:Concept>
    </skos:narrower>
    <skos:inScheme rdf:resource="http://localhost:8000/d8074f50-8378-4d05-a251-5ee898686e2f"/>
    <skos:narrower>
      <skos:Concept rdf:about="http://localhost:8000/d55507b6-7970-442c-b37f-a033671dbece">
        <skos:prefLabel xml:lang="en">{"id": "890d6f40-d240-4da1-afc5-1e85772438d7", "value": "Old English"}</skos:prefLabel>
        <dcterms:identifier xml:lang="en">{"id": "1d551669-45a3-4f58-a275-5abb794faaf7", "value": "http://www.archesproject.org/d55507b6-7970-442c-b37f-a033671dbece"}</dcterms:identifier>
        <skos:inScheme rdf:resource="http://localhost:8000/d8074f50-8378-4d05-a251-5ee898686e2f"/>
        <arches:sortorder xml:lang="el">{"id": "20ff9b82-4f10-4412-9690-93d7a717cd0e", "value": "1"}</arches:sortorder>
      </skos:Concept>
    </skos:narrower>
  </skos:Concept>
  <skos:Concept rdf:about="http://localhost:8000/b824cce3-5eb4-445d-ab9e-5b9b094ab3f4">
    <dcterms:identifier xml:lang="en">{"id": "e9cc73d8-0063-4086-8755-0b213932a2fa", "value": "http://localhost:8000/b824cce3-5eb4-445d-ab9e-5b9b094ab3f4"}</dcterms:identifier>
    <skos:inScheme rdf:resource="http://localhost:8000/d8074f50-8378-4d05-a251-5ee898686e2f"/>
    <skos:prefLabel xml:lang="en">{"id": "a10578b8-ab21-41cc-835e-3d41c1216d1c", "value": "German"}</skos:prefLabel>
  </skos:Concept>
  <skos:Concept rdf:about="http://localhost:8000/d2dc8009-cfb6-48c3-8f79-a4009d193f5a">
    <skos:prefLabel xml:lang="en">{"id": "04c7ae17-824c-4eb9-b73d-bbc31d1c3ea1", "value": "Greek"}</skos:prefLabel>
    <dcterms:identifier xml:lang="en">{"id": "da8116d1-b7ae-46c9-ab59-0b70a9cca958", "value": "http://localhost:8000/d2dc8009-cfb6-48c3-8f79-a4009d193f5a"}</dcterms:identifier>
    <skos:inScheme rdf:resource="http://localhost:8000/d8074f50-8378-4d05-a251-5ee898686e2f"/>
  </skos:Concept>
</rdf:RDF>
