<?xml version="1.0" encoding="utf-8"?>
<rdf:RDF
  xmlns:skos="http://www.w3.org/2004/02/skos/core#"
  xmlns:dcterms="http://purl.org/dc/terms/"
  xmlns:rdf="http://www.w3.org/1999/02/22-rdf-syntax-ns#"
>
  <skos:Concept rdf:about="http://localhost:8000/6a1db0e0-febe-4cb6-b0ee-5b6236d088af">
    <skos:inScheme>
      <skos:ConceptScheme rdf:about="http://localhost:8000/15c95776-1eda-43de-bdb7-54c32e984379">
        <skos:hasTopConcept rdf:resource="http://localhost:8000/3b8d87c6-4576-4012-8fc1-3b5839669732"/>
        <dcterms:identifier xml:lang="en">{"id": "595db31b-b576-40ca-a403-7f49ceef4063", "value": "http://localhost:8000/15c95776-1eda-43de-bdb7-54c32e984379"}</dcterms:identifier>
        <skos:hasTopConcept rdf:resource="http://localhost:8000/eb9693f4-c947-492d-84fe-0f88de3fbec7"/>
        <skos:hasTopConcept rdf:resource="http://localhost:8000/47be4549-8416-4c7b-95fb-e112bb3c2a3d"/>
        <skos:hasTopConcept rdf:resource="http://localhost:8000/e34c66c2-5da2-49a4-9be9-d538148da5e6"/>
        <skos:hasTopConcept rdf:resource="http://localhost:8000/42fe5641-6a74-480f-9150-eab87d505c41"/>
        <skos:hasTopConcept rdf:resource="http://localhost:8000/bd7c5340-959a-4304-b17a-045d2eded709"/>
        <skos:hasTopConcept rdf:resource="http://localhost:8000/9f83a934-d2e1-4c42-a77c-c41db041abe1"/>
        <skos:hasTopConcept rdf:resource="http://localhost:8000/ca43d87a-b24d-4b1b-ab76-f4be8897064b"/>
        <skos:hasTopConcept rdf:resource="http://localhost:8000/025eba24-b853-441e-90f4-534a31678119"/>
        <skos:hasTopConcept rdf:resource="http://localhost:8000/27e4efc0-9739-40e9-a633-ec7dd0e1615e"/>
        <skos:hasTopConcept rdf:resource="http://localhost:8000/7d65ef3a-ca85-4c78-9872-be58bae817f8"/>
        <skos:hasTopConcept rdf:resource="http://localhost:8000/3a549779-bf62-4ee5-aae1-f64199d8b754"/>
        <skos:hasTopConcept rdf:resource="http://localhost:8000/b9469f82-2a7c-4fc4-8895-2a38b42729f5"/>
        <dcterms:title xml:lang="en-us">{"id": "1f27dd21-52af-4a1e-a935-008ccb27f86a", "value": "Letters"}</dcterms:title>
        <skos:hasTopConcept rdf:resource="http://localhost:8000/6a1db0e0-febe-4cb6-b0ee-5b6236d088af"/>
        <skos:hasTopConcept rdf:resource="http://localhost:8000/b09485e2-0478-48f2-a17b-30a0befb4623"/>
      </skos:ConceptScheme>
    </skos:inScheme>
    <skos:prefLabel xml:lang="en-us">{"id": "8c12a812-8000-4ec9-913d-c6fd516117f2", "value": "Archaeological Recommendations text"}</skos:prefLabel>
    <dcterms:identifier xml:lang="en">{"id": "5e798bf3-cef9-4165-a180-26007cb1d820", "value": "http://localhost:8000/6a1db0e0-febe-4cb6-b0ee-5b6236d088af"}</dcterms:identifier>
  </skos:Concept>
  <skos:Concept rdf:about="http://localhost:8000/27e4efc0-9739-40e9-a633-ec7dd0e1615e">
    <skos:inScheme rdf:resource="http://localhost:8000/15c95776-1eda-43de-bdb7-54c32e984379"/>
    <dcterms:identifier xml:lang="en">{"id": "18cfa194-b693-4148-8619-ce768e3d0df5", "value": "http://localhost:8000/27e4efc0-9739-40e9-a633-ec7dd0e1615e"}</dcterms:identifier>
    <skos:prefLabel xml:lang="en-us">{"id": "41f3d0bb-a94d-469f-80c8-85ab03283972", "value": "Letter D3 - Condition historic building recording"}</skos:prefLabel>
  </skos:Concept>
  <skos:Concept rdf:about="http://localhost:8000/9f83a934-d2e1-4c42-a77c-c41db041abe1">
    <dcterms:identifier xml:lang="en">{"id": "b88db9c3-161d-4e17-9aac-587365a61f4f", "value": "http://localhost:8000/9f83a934-d2e1-4c42-a77c-c41db041abe1"}</dcterms:identifier>
    <skos:inScheme rdf:resource="http://localhost:8000/15c95776-1eda-43de-bdb7-54c32e984379"/>
    <skos:prefLabel xml:lang="en-us">{"id": "8d605e5c-d0da-4b72-9ce3-2f7dac3381d1", "value": "Letter G - PXA Approval"}</skos:prefLabel>
  </skos:Concept>
  <skos:Concept rdf:about="http://localhost:8000/eb9693f4-c947-492d-84fe-0f88de3fbec7">
    <skos:prefLabel xml:lang="en-us">{"id": "a26c77ff-1d04-4b76-a45f-417f7ed24333", "value": "Additional condition text"}</skos:prefLabel>
    <dcterms:identifier xml:lang="en">{"id": "dd0edf2a-8fae-49ca-90ae-8cfa8f5bb9c7", "value": "http://localhost:8000/eb9693f4-c947-492d-84fe-0f88de3fbec7"}</dcterms:identifier>
    <skos:inScheme rdf:resource="http://localhost:8000/15c95776-1eda-43de-bdb7-54c32e984379"/>
  </skos:Concept>
  <skos:Concept rdf:about="http://localhost:8000/b09485e2-0478-48f2-a17b-30a0befb4623">
    <skos:prefLabel xml:lang="en-us">{"id": "8cc91474-11ce-47d9-b886-f0e3fc49d277", "value": "Letter B2 - Predetermination"}</skos:prefLabel>
    <dcterms:identifier xml:lang="en">{"id": "f033ddeb-dc21-4e05-bfaf-d9e266308ad3", "value": "http://localhost:8000/b09485e2-0478-48f2-a17b-30a0befb4623"}</dcterms:identifier>
    <skos:inScheme rdf:resource="http://localhost:8000/15c95776-1eda-43de-bdb7-54c32e984379"/>
  </skos:Concept>
  <skos:Concept rdf:about="http://localhost:8000/7d65ef3a-ca85-4c78-9872-be58bae817f8">
    <skos:prefLabel xml:lang="en-us">{"id": "a31061ea-9b80-435f-82c8-94dc10afcbae", "value": "Letter H - Condition satisfied"}</skos:prefLabel>
    <skos:inScheme rdf:resource="http://localhost:8000/15c95776-1eda-43de-bdb7-54c32e984379"/>
    <dcterms:identifier xml:lang="en">{"id": "665d8572-df27-4f29-813c-d25aba2e60c3", "value": "http://localhost:8000/7d65ef3a-ca85-4c78-9872-be58bae817f8"}</dcterms:identifier>
  </skos:Concept>
  <skos:Concept rdf:about="http://localhost:8000/025eba24-b853-441e-90f4-534a31678119">
    <dcterms:identifier xml:lang="en">{"id": "79862e80-5fc5-4032-b7ec-b0de08f7bfc3", "value": "http://localhost:8000/025eba24-b853-441e-90f4-534a31678119"}</dcterms:identifier>
    <skos:prefLabel xml:lang="en-us">{"id": "7f1e7061-8bb0-4338-9342-118f1e9214aa", "value": "Letter F1 - WSI Approval"}</skos:prefLabel>
    <skos:inScheme rdf:resource="http://localhost:8000/15c95776-1eda-43de-bdb7-54c32e984379"/>
  </skos:Concept>
  <skos:Concept rdf:about="http://localhost:8000/e34c66c2-5da2-49a4-9be9-d538148da5e6">
    <skos:prefLabel xml:lang="en-us">{"id": "eed24dd2-85a0-4402-a6ba-bda426b5da89", "value": "Letter I - Bespoke Letter"}</skos:prefLabel>
    <dcterms:identifier xml:lang="en">{"id": "7ad32e3e-1289-458f-953f-c92dabe836e5", "value": "http://localhost:8000/e34c66c2-5da2-49a4-9be9-d538148da5e6"}</dcterms:identifier>
    <skos:inScheme rdf:resource="http://localhost:8000/15c95776-1eda-43de-bdb7-54c32e984379"/>
  </skos:Concept>
  <skos:Concept rdf:about="http://localhost:8000/3a549779-bf62-4ee5-aae1-f64199d8b754">
    <skos:prefLabel xml:lang="en-us">{"id": "08bb630d-a27b-45bc-a13f-567b428018c5", "value": "Letter C - Condition two stage"}</skos:prefLabel>
    <skos:inScheme rdf:resource="http://localhost:8000/15c95776-1eda-43de-bdb7-54c32e984379"/>
    <dcterms:identifier xml:lang="en">{"id": "c723f9ab-f7fb-47a4-851a-3668d874340f", "value": "http://localhost:8000/3a549779-bf62-4ee5-aae1-f64199d8b754"}</dcterms:identifier>
  </skos:Concept>
  <skos:Concept rdf:about="http://localhost:8000/47be4549-8416-4c7b-95fb-e112bb3c2a3d">
    <skos:inScheme rdf:resource="http://localhost:8000/15c95776-1eda-43de-bdb7-54c32e984379"/>
    <dcterms:identifier xml:lang="en">{"id": "2e6cea6e-a5bc-46f4-a1db-32b4d68610ab", "value": "http://localhost:8000/47be4549-8416-4c7b-95fb-e112bb3c2a3d"}</dcterms:identifier>
    <skos:prefLabel xml:lang="en-us">{"id": "fd15c6c7-e94d-4914-8d51-a98bda6f4a7b", "value": "Letter B1 - Pre app predetermination EAS version"}</skos:prefLabel>
  </skos:Concept>
  <skos:Concept rdf:about="http://localhost:8000/bd7c5340-959a-4304-b17a-045d2eded709">
    <skos:inScheme rdf:resource="http://localhost:8000/15c95776-1eda-43de-bdb7-54c32e984379"/>
    <skos:prefLabel xml:lang="en-us">{"id": "320abc26-db82-44a6-be11-8d44aaa23365", "value": "Letter A2 - No need to consult"}</skos:prefLabel>
    <dcterms:identifier xml:lang="en">{"id": "6774b879-af83-4c95-923b-b7f252fa676a", "value": "http://localhost:8000/bd7c5340-959a-4304-b17a-045d2eded709"}</dcterms:identifier>
  </skos:Concept>
  <skos:Concept rdf:about="http://localhost:8000/42fe5641-6a74-480f-9150-eab87d505c41">
    <skos:inScheme rdf:resource="http://localhost:8000/15c95776-1eda-43de-bdb7-54c32e984379"/>
    <dcterms:identifier xml:lang="en">{"id": "4f085e20-796d-4ced-8f4d-1b6a3c994f0d", "value": "http://localhost:8000/42fe5641-6a74-480f-9150-eab87d505c41"}</dcterms:identifier>
    <skos:prefLabel xml:lang="en-us">{"id": "eaa8a075-50e6-4c3d-ac08-fbe84865f577", "value": "Letter F2 - WSI Amend"}</skos:prefLabel>
  </skos:Concept>
  <skos:Concept rdf:about="http://localhost:8000/3b8d87c6-4576-4012-8fc1-3b5839669732">
    <skos:prefLabel xml:lang="en-us">{"id": "92e745c3-7157-4831-bce9-73792d32abec", "value": "Letter D2 - Condition investigation"}</skos:prefLabel>
    <dcterms:identifier xml:lang="en">{"id": "256935a1-4fa1-4743-a593-7905af0388ad", "value": "http://localhost:8000/3b8d87c6-4576-4012-8fc1-3b5839669732"}</dcterms:identifier>
    <skos:inScheme rdf:resource="http://localhost:8000/15c95776-1eda-43de-bdb7-54c32e984379"/>
  </skos:Concept>
  <skos:Concept rdf:about="http://localhost:8000/ca43d87a-b24d-4b1b-ab76-f4be8897064b">
    <skos:prefLabel xml:lang="en-us">{"id": "01dec356-e72e-40e6-b1b1-b847b9799d2f", "value": "Letter A - No Progression"}</skos:prefLabel>
    <skos:inScheme rdf:resource="http://localhost:8000/15c95776-1eda-43de-bdb7-54c32e984379"/>
    <dcterms:identifier xml:lang="en">{"id": "067d580c-45f6-4a61-b6be-b33c57860fc5", "value": "http://localhost:8000/ca43d87a-b24d-4b1b-ab76-f4be8897064b"}</dcterms:identifier>
  </skos:Concept>
  <skos:Concept rdf:about="http://localhost:8000/b9469f82-2a7c-4fc4-8895-2a38b42729f5">
    <skos:prefLabel xml:lang="en-us">{"id": "e14bd058-e9f2-48f8-8ef5-337310c3420f", "value": "Letter D1 - Pre app recomend condition EAS version"}</skos:prefLabel>
    <skos:inScheme rdf:resource="http://localhost:8000/15c95776-1eda-43de-bdb7-54c32e984379"/>
    <dcterms:identifier xml:lang="en">{"id": "7656b539-3142-447f-a9b3-a9d4963527c3", "value": "http://localhost:8000/b9469f82-2a7c-4fc4-8895-2a38b42729f5"}</dcterms:identifier>
  </skos:Concept>
</rdf:RDF>
