<?xml version="1.0" encoding="utf-8"?>
<rdf:RDF
  xmlns:skos="http://www.w3.org/2004/02/skos/core#"
  xmlns:dcterms="http://purl.org/dc/terms/"
  xmlns:rdf="http://www.w3.org/1999/02/22-rdf-syntax-ns#"
>
  <skos:Concept rdf:about="http://localhost:8000/bb2281c1-ad61-4e04-bcae-315b44166569">
    <skos:inScheme>
      <skos:ConceptScheme rdf:about="http://localhost:8000/26b57bb9-11e7-402c-8a96-50dd84c06b11">
        <skos:hasTopConcept rdf:resource="http://localhost:8000/42c109d6-d374-42c3-b549-5455bad58fe5"/>
        <skos:hasTopConcept rdf:resource="http://localhost:8000/1327d608-396c-4eb7-af6f-0dab5afc2e3a"/>
        <skos:hasTopConcept rdf:resource="http://localhost:8000/441259a4-2d1e-4a62-ad26-1ff5ad91389a"/>
        <skos:hasTopConcept rdf:resource="http://localhost:8000/2c5a0d8a-9fa0-42f8-9cb6-7c690a968f6e"/>
        <skos:hasTopConcept rdf:resource="http://localhost:8000/bb2281c1-ad61-4e04-bcae-315b44166569"/>
        <skos:hasTopConcept rdf:resource="http://localhost:8000/5545ada4-f512-439c-af96-aa312715f7b7"/>
        <skos:hasTopConcept rdf:resource="http://localhost:8000/8058e9e4-2298-41fb-84a1-b6fc4d398265"/>
        <dcterms:identifier xml:lang="en">{"id": "24af3d97-c015-4754-ad23-12f3d0d0fef6", "value": "http://localhost:8000/26b57bb9-11e7-402c-8a96-50dd84c06b11"}</dcterms:identifier>
        <dcterms:title xml:lang="en">{"id": "f39e8f41-9f70-42cc-b8e0-ecbaf030675e", "value": "Location Precision"}</dcterms:title>
        <skos:hasTopConcept rdf:resource="http://localhost:8000/d6fe0fd6-215e-428c-b755-2cecf76dcefb"/>
        <skos:hasTopConcept rdf:resource="http://localhost:8000/c5f0aaaf-579d-4041-88a5-58d7e5b43a73"/>
      </skos:ConceptScheme>
    </skos:inScheme>
    <dcterms:identifier xml:lang="en">{"id": "0691461c-ee02-4cc2-98b3-56422e1ff8ec", "value": "http://localhost:8000/bb2281c1-ad61-4e04-bcae-315b44166569"}</dcterms:identifier>
    <skos:prefLabel xml:lang="en">{"id": "f7d31ab0-2ce2-45b1-b2c4-8f0ef788b71a", "value": "Country"}</skos:prefLabel>
    <skos:altLabel xml:lang="en">{"id": "fb3132ce-ea83-4026-826e-575abfdc0b3b", "value": "CO"}</skos:altLabel>
  </skos:Concept>
  <skos:Concept rdf:about="http://localhost:8000/c5f0aaaf-579d-4041-88a5-58d7e5b43a73">
    <dcterms:identifier xml:lang="en">{"id": "1cf01d94-cf5a-4aea-a8f4-52308afc7816", "value": "http://localhost:8000/c5f0aaaf-579d-4041-88a5-58d7e5b43a73"}</dcterms:identifier>
    <skos:prefLabel xml:lang="en">{"id": "0168df5c-c2ae-46ab-b819-249e703d8a0a", "value": "Street"}</skos:prefLabel>
    <skos:inScheme rdf:resource="http://localhost:8000/26b57bb9-11e7-402c-8a96-50dd84c06b11"/>
    <skos:altLabel xml:lang="en">{"id": "59f0c8f5-e763-4a9b-850b-5732a7bf3a9c", "value": "S"}</skos:altLabel>
  </skos:Concept>
  <skos:Concept rdf:about="http://localhost:8000/441259a4-2d1e-4a62-ad26-1ff5ad91389a">
    <skos:altLabel xml:lang="en">{"id": "32b99630-ec22-4677-9489-336db6094920", "value": "C"}</skos:altLabel>
    <skos:prefLabel xml:lang="en">{"id": "e5559555-4a98-4bb8-ade3-edfeffb96d9e", "value": "County"}</skos:prefLabel>
    <skos:inScheme rdf:resource="http://localhost:8000/26b57bb9-11e7-402c-8a96-50dd84c06b11"/>
    <dcterms:identifier xml:lang="en">{"id": "f9288682-d56e-45b6-b660-07685d311c7e", "value": "http://localhost:8000/441259a4-2d1e-4a62-ad26-1ff5ad91389a"}</dcterms:identifier>
  </skos:Concept>
  <skos:Concept rdf:about="http://localhost:8000/42c109d6-d374-42c3-b549-5455bad58fe5">
    <skos:altLabel xml:lang="en">{"id": "bba8fec9-d83a-4a0f-a694-5948f1a46010", "value": "N"}</skos:altLabel>
    <dcterms:identifier xml:lang="en">{"id": "b518b1d5-3d97-4113-b7b5-0b669b643e90", "value": "http://localhost:8000/42c109d6-d374-42c3-b549-5455bad58fe5"}</dcterms:identifier>
    <skos:prefLabel xml:lang="en">{"id": "93b7ce39-64a0-4f48-8309-273ea67673bc", "value": "Named Site/Structure"}</skos:prefLabel>
    <skos:inScheme rdf:resource="http://localhost:8000/26b57bb9-11e7-402c-8a96-50dd84c06b11"/>
  </skos:Concept>
  <skos:Concept rdf:about="http://localhost:8000/d6fe0fd6-215e-428c-b755-2cecf76dcefb">
    <skos:inScheme rdf:resource="http://localhost:8000/26b57bb9-11e7-402c-8a96-50dd84c06b11"/>
    <skos:prefLabel xml:lang="en">{"id": "8121ac11-0cc0-48b0-96f5-e0db69b819c9", "value": "Parish"}</skos:prefLabel>
    <skos:altLabel xml:lang="en">{"id": "bdd87772-5d4b-41b9-abbc-15756132d7e9", "value": "P"}</skos:altLabel>
    <dcterms:identifier xml:lang="en">{"id": "30deafad-9af9-43b8-a661-d794e4323343", "value": "http://localhost:8000/d6fe0fd6-215e-428c-b755-2cecf76dcefb"}</dcterms:identifier>
  </skos:Concept>
  <skos:Concept rdf:about="http://localhost:8000/8058e9e4-2298-41fb-84a1-b6fc4d398265">
    <skos:prefLabel xml:lang="en">{"id": "d9f5c2e7-090d-4608-aa5e-2cdad39c3197", "value": "District"}</skos:prefLabel>
    <dcterms:identifier xml:lang="en">{"id": "d5b091dd-f94e-4ece-9cf4-b70010a5f079", "value": "http://localhost:8000/8058e9e4-2298-41fb-84a1-b6fc4d398265"}</dcterms:identifier>
    <skos:inScheme rdf:resource="http://localhost:8000/26b57bb9-11e7-402c-8a96-50dd84c06b11"/>
    <skos:altLabel xml:lang="en">{"id": "319a0dcf-2fd5-49c3-aac3-7aac73d9fa6e", "value": "D"}</skos:altLabel>
  </skos:Concept>
  <skos:Concept rdf:about="http://localhost:8000/1327d608-396c-4eb7-af6f-0dab5afc2e3a">
    <dcterms:identifier xml:lang="en">{"id": "82794b7b-ef03-4db4-8611-4d10fc6cad8a", "value": "http://localhost:8000/1327d608-396c-4eb7-af6f-0dab5afc2e3a"}</dcterms:identifier>
    <skos:altLabel xml:lang="en">{"id": "43afc420-d245-474c-8b42-a2fa0c2a636b", "value": "G"}</skos:altLabel>
    <skos:inScheme rdf:resource="http://localhost:8000/26b57bb9-11e7-402c-8a96-50dd84c06b11"/>
    <skos:prefLabel xml:lang="en">{"id": "47ca4242-7a3d-481e-a687-819cb251c040", "value": "Grid Reference"}</skos:prefLabel>
  </skos:Concept>
  <skos:Concept rdf:about="http://localhost:8000/2c5a0d8a-9fa0-42f8-9cb6-7c690a968f6e">
    <dcterms:identifier xml:lang="en">{"id": "51fa898a-f9c8-4b67-96f0-6f21aa0cee23", "value": "http://localhost:8000/2c5a0d8a-9fa0-42f8-9cb6-7c690a968f6e"}</dcterms:identifier>
    <skos:altLabel xml:lang="en">{"id": "ce45cb96-9d00-4031-b512-b415d1df55d3", "value": "L"}</skos:altLabel>
    <skos:inScheme rdf:resource="http://localhost:8000/26b57bb9-11e7-402c-8a96-50dd84c06b11"/>
    <skos:prefLabel xml:lang="en">{"id": "134e1fec-9154-45c2-8c4b-382e3cb4aa0a", "value": "Locality"}</skos:prefLabel>
  </skos:Concept>
  <skos:Concept rdf:about="http://localhost:8000/5545ada4-f512-439c-af96-aa312715f7b7">
    <skos:inScheme rdf:resource="http://localhost:8000/26b57bb9-11e7-402c-8a96-50dd84c06b11"/>
    <dcterms:identifier xml:lang="en">{"id": "3a3ba6dc-c660-44e6-89a4-5baf04af8936", "value": "http://localhost:8000/5545ada4-f512-439c-af96-aa312715f7b7"}</dcterms:identifier>
    <skos:prefLabel xml:lang="en">{"id": "74127daa-3aa1-43fe-96a0-cc833dcd518b", "value": "Postal District"}</skos:prefLabel>
    <skos:altLabel xml:lang="en">{"id": "00fe6c4a-0c91-4112-ad85-9c0caaaa8c79", "value": "X"}</skos:altLabel>
  </skos:Concept>
</rdf:RDF>
