<?xml version="1.0" encoding="utf-8"?>
<rdf:RDF
  xmlns:skos="http://www.w3.org/2004/02/skos/core#"
  xmlns:rdf="http://www.w3.org/1999/02/22-rdf-syntax-ns#"
  xmlns:dcterms="http://purl.org/dc/terms/"
>
  <skos:ConceptScheme rdf:about="http://localhost:8000/86bfd131-e10f-4c16-af97-67175b36638b">
    <skos:hasTopConcept>
      <skos:Concept rdf:about="http://localhost:8000/40f3c8a7-d9a4-4a12-9b7b-93f3e001ddfc">
        <dcterms:identifier xml:lang="en">{"id": "95fa2e37-2840-46f8-8d4f-fdf102868562", "value": "http://localhost:8000/40f3c8a7-d9a4-4a12-9b7b-93f3e001ddfc"}</dcterms:identifier>
        <skos:inScheme rdf:resource="http://localhost:8000/86bfd131-e10f-4c16-af97-67175b36638b"/>
        <skos:prefLabel xml:lang="en">{"id": "4f598557-18e3-47d0-b79c-b33a86fa486e", "value": "Depth Estimated from Remains"}</skos:prefLabel>
        <skos:altLabel xml:lang="en">{"id": "73c680b2-2a0e-4d52-af32-43eb36f73ae9", "value": "DER"}</skos:altLabel>
      </skos:Concept>
    </skos:hasTopConcept>
    <skos:hasTopConcept>
      <skos:Concept rdf:about="http://localhost:8000/23de9cf7-1219-4174-a723-748b02d7d29c">
        <skos:prefLabel xml:lang="en">{"id": "aff9130b-0d17-4cbd-9e11-1133ac0476c4", "value": "Depth"}</skos:prefLabel>
        <dcterms:identifier xml:lang="en">{"id": "7803b6d7-cbee-4925-b0ce-d6bb020dba37", "value": "http://localhost:8000/23de9cf7-1219-4174-a723-748b02d7d29c"}</dcterms:identifier>
        <skos:inScheme rdf:resource="http://localhost:8000/86bfd131-e10f-4c16-af97-67175b36638b"/>
        <skos:altLabel xml:lang="en">{"id": "b4957dd4-03bb-4bf4-90da-22841c9ac8d5", "value": "DP"}</skos:altLabel>
      </skos:Concept>
    </skos:hasTopConcept>
    <skos:hasTopConcept>
      <skos:Concept rdf:about="http://localhost:8000/5578555b-a25e-4d0e-80c5-8cd870e0d4ec">
        <skos:inScheme rdf:resource="http://localhost:8000/86bfd131-e10f-4c16-af97-67175b36638b"/>
        <skos:altLabel xml:lang="en">{"id": "0c0cabf4-8e28-499c-aa58-4bb902fa7f34", "value": "TER"}</skos:altLabel>
        <dcterms:identifier xml:lang="en">{"id": "829b9d40-d3fd-4669-861c-afba2ab108f8", "value": "http://localhost:8000/5578555b-a25e-4d0e-80c5-8cd870e0d4ec"}</dcterms:identifier>
        <skos:prefLabel xml:lang="en">{"id": "db6c155e-49dc-43dc-8351-1a2c540463ba", "value": "Tonnage Estimated from Remains"}</skos:prefLabel>
      </skos:Concept>
    </skos:hasTopConcept>
    <skos:hasTopConcept>
      <skos:Concept rdf:about="http://localhost:8000/3b7df56d-5f1a-45f4-a645-54d8f743a35e">
        <skos:prefLabel xml:lang="en">{"id": "6cb3d2e9-6f83-4a00-99f3-4ce147d24b6e", "value": "Length Overall"}</skos:prefLabel>
        <dcterms:identifier xml:lang="en">{"id": "c55daf20-29e9-4aaa-903e-a2cda9183407", "value": "http://localhost:8000/3b7df56d-5f1a-45f4-a645-54d8f743a35e"}</dcterms:identifier>
        <skos:altLabel xml:lang="en">{"id": "48e65d0f-5b65-4173-85f1-1749fc479174", "value": "LO"}</skos:altLabel>
        <skos:inScheme rdf:resource="http://localhost:8000/86bfd131-e10f-4c16-af97-67175b36638b"/>
      </skos:Concept>
    </skos:hasTopConcept>
    <skos:hasTopConcept>
      <skos:Concept rdf:about="http://localhost:8000/a7b80225-3625-4fd7-859e-a16b9e33dc83">
        <dcterms:identifier xml:lang="en">{"id": "6594f526-3670-4a7d-987b-51468efdb188", "value": "http://localhost:8000/a7b80225-3625-4fd7-859e-a16b9e33dc83"}</dcterms:identifier>
        <skos:prefLabel xml:lang="en">{"id": "61b2bc2f-5444-4507-ac3e-192019edbccc", "value": "Moulded Breadth"}</skos:prefLabel>
        <skos:altLabel xml:lang="en">{"id": "5235a2ca-2353-44b9-ad17-70ffe89a9b2f", "value": "BMO"}</skos:altLabel>
        <skos:inScheme rdf:resource="http://localhost:8000/86bfd131-e10f-4c16-af97-67175b36638b"/>
      </skos:Concept>
    </skos:hasTopConcept>
    <skos:hasTopConcept>
      <skos:Concept rdf:about="http://localhost:8000/b56e4947-2534-4420-887b-22b488ada964">
        <skos:inScheme rdf:resource="http://localhost:8000/86bfd131-e10f-4c16-af97-67175b36638b"/>
        <skos:prefLabel xml:lang="en">{"id": "34f71991-7bb1-4e53-bd84-7a2600e48ad8", "value": "Extreme Breadth"}</skos:prefLabel>
        <dcterms:identifier xml:lang="en">{"id": "df9cbb28-f521-4b6e-af1c-9cac68468cff", "value": "http://localhost:8000/b56e4947-2534-4420-887b-22b488ada964"}</dcterms:identifier>
      </skos:Concept>
    </skos:hasTopConcept>
    <dcterms:title xml:lang="en">{"id": "5887b70a-678a-4265-a38d-d6ec095b4c17", "value": "Maritime Dimension Qualifiers"}</dcterms:title>
    <skos:hasTopConcept>
      <skos:Concept rdf:about="http://localhost:8000/0cad59a6-5c33-4b98-882f-6318a9a9a1ba">
        <skos:prefLabel xml:lang="en">{"id": "78cdfbff-99b4-416d-9b8d-cf9d9e06ac12", "value": "Displacement"}</skos:prefLabel>
        <skos:altLabel xml:lang="en">{"id": "5269ff4c-ba33-4ce1-998f-1ce097d37b6e", "value": "D"}</skos:altLabel>
        <skos:inScheme rdf:resource="http://localhost:8000/86bfd131-e10f-4c16-af97-67175b36638b"/>
        <dcterms:identifier xml:lang="en">{"id": "f21361e3-06d4-481d-9958-a26a14df9580", "value": "http://localhost:8000/0cad59a6-5c33-4b98-882f-6318a9a9a1ba"}</dcterms:identifier>
      </skos:Concept>
    </skos:hasTopConcept>
    <skos:hasTopConcept>
      <skos:Concept rdf:about="http://localhost:8000/266001d7-f923-4273-9c5e-3b5faccebff4">
        <dcterms:identifier xml:lang="en">{"id": "f77252e2-1874-4ef5-b8a9-544e61ae63f2", "value": "http://localhost:8000/266001d7-f923-4273-9c5e-3b5faccebff4"}</dcterms:identifier>
        <skos:inScheme rdf:resource="http://localhost:8000/86bfd131-e10f-4c16-af97-67175b36638b"/>
        <skos:prefLabel xml:lang="en">{"id": "2fa2943e-59cb-4e59-b551-d0ebe5058742", "value": "Depth Measured from Remains"}</skos:prefLabel>
        <skos:altLabel xml:lang="en">{"id": "faa50349-9dff-45c0-b62a-3a90d453902b", "value": "DMR"}</skos:altLabel>
      </skos:Concept>
    </skos:hasTopConcept>
    <skos:hasTopConcept>
      <skos:Concept rdf:about="http://localhost:8000/2799f22c-bc2e-45a3-9094-1e6b8f63f6ad">
        <skos:prefLabel xml:lang="en">{"id": "6b0ee85f-011b-450f-99d7-e8951e1a8243", "value": "Moulded Length"}</skos:prefLabel>
        <skos:inScheme rdf:resource="http://localhost:8000/86bfd131-e10f-4c16-af97-67175b36638b"/>
        <skos:altLabel xml:lang="en">{"id": "9c6719b1-13aa-4939-8621-50d85f3a2a1c", "value": "LMO"}</skos:altLabel>
        <dcterms:identifier xml:lang="en">{"id": "d126f4da-b245-454d-9b2f-447bab03de9c", "value": "http://localhost:8000/2799f22c-bc2e-45a3-9094-1e6b8f63f6ad"}</dcterms:identifier>
      </skos:Concept>
    </skos:hasTopConcept>
    <skos:hasTopConcept>
      <skos:Concept rdf:about="http://localhost:8000/2a38a774-d59e-4bcd-8301-06fcb8f3cd50">
        <skos:inScheme rdf:resource="http://localhost:8000/86bfd131-e10f-4c16-af97-67175b36638b"/>
        <skos:prefLabel xml:lang="en">{"id": "bce4793f-c744-40a6-8a53-6a71b95b51a7", "value": "Length Measured from Remains"}</skos:prefLabel>
        <dcterms:identifier xml:lang="en">{"id": "d68cdf8a-42b8-4b34-8a86-69b02e0bc353", "value": "http://localhost:8000/2a38a774-d59e-4bcd-8301-06fcb8f3cd50"}</dcterms:identifier>
        <skos:altLabel xml:lang="en">{"id": "a38bc5a8-eb8e-4ba5-b675-9484a6226862", "value": "LMR"}</skos:altLabel>
      </skos:Concept>
    </skos:hasTopConcept>
    <skos:hasTopConcept>
      <skos:Concept rdf:about="http://localhost:8000/05e69f8c-9e52-4bbf-a40b-53cd0c523d1d">
        <skos:altLabel xml:lang="en">{"id": "637c9bf7-a16b-4475-9c1e-3d0f717a22e2", "value": "BM"}</skos:altLabel>
        <skos:prefLabel xml:lang="en">{"id": "8c1bf4e4-5058-4458-a7aa-14978bf7e807", "value": "Builders Measure"}</skos:prefLabel>
        <dcterms:identifier xml:lang="en">{"id": "47fa6ea6-5c24-4bbd-bddb-3f2e0d968156", "value": "http://localhost:8000/05e69f8c-9e52-4bbf-a40b-53cd0c523d1d"}</dcterms:identifier>
        <skos:inScheme rdf:resource="http://localhost:8000/86bfd131-e10f-4c16-af97-67175b36638b"/>
      </skos:Concept>
    </skos:hasTopConcept>
    <skos:hasTopConcept>
      <skos:Concept rdf:about="http://localhost:8000/4b7d88b3-043c-42f1-8c5e-cef9b2d0c7b3">
        <skos:prefLabel xml:lang="en">{"id": "96a5cefa-ca79-45e6-b42e-713c67b0f24e", "value": "Length on the Keel"}</skos:prefLabel>
        <skos:inScheme rdf:resource="http://localhost:8000/86bfd131-e10f-4c16-af97-67175b36638b"/>
        <skos:altLabel xml:lang="en-us">{"id": "64a7a460-1daa-4501-9408-b4161a96ff8b", "value": "LK"}</skos:altLabel>
        <dcterms:identifier xml:lang="en">{"id": "fe5f712f-644c-4eef-85f6-5ac6cbdef499", "value": "http://localhost:8000/4b7d88b3-043c-42f1-8c5e-cef9b2d0c7b3"}</dcterms:identifier>
      </skos:Concept>
    </skos:hasTopConcept>
    <skos:hasTopConcept>
      <skos:Concept rdf:about="http://localhost:8000/b46b7028-85b6-454a-bf44-8635044c892c">
        <skos:inScheme rdf:resource="http://localhost:8000/86bfd131-e10f-4c16-af97-67175b36638b"/>
        <skos:altLabel xml:lang="en">{"id": "d44af291-a2b4-4c02-bf0f-1f6ab58a9dc2", "value": "R"}</skos:altLabel>
        <skos:prefLabel xml:lang="en">{"id": "c98768bc-6c14-453e-8d30-080d3620de11", "value": "Register"}</skos:prefLabel>
        <dcterms:identifier xml:lang="en">{"id": "ff0949d0-fa1a-434d-9146-e626b128c844", "value": "http://localhost:8000/b46b7028-85b6-454a-bf44-8635044c892c"}</dcterms:identifier>
      </skos:Concept>
    </skos:hasTopConcept>
    <skos:hasTopConcept>
      <skos:Concept rdf:about="http://localhost:8000/499bcdb5-cc44-4679-a87b-3ca66311e1f2">
        <skos:altLabel xml:lang="en">{"id": "f4b7e91b-9676-4c9d-a68f-dbaad89260c2", "value": "LER"}</skos:altLabel>
        <dcterms:identifier xml:lang="en">{"id": "b64276e1-d816-4618-8c0e-7b529c1128b6", "value": "http://localhost:8000/499bcdb5-cc44-4679-a87b-3ca66311e1f2"}</dcterms:identifier>
        <skos:inScheme rdf:resource="http://localhost:8000/86bfd131-e10f-4c16-af97-67175b36638b"/>
        <skos:prefLabel xml:lang="en">{"id": "88be04f7-adf5-422c-8613-f7f4ed2f1ab0", "value": "Length Estimated from Remains"}</skos:prefLabel>
      </skos:Concept>
    </skos:hasTopConcept>
    <skos:hasTopConcept>
      <skos:Concept rdf:about="http://localhost:8000/ff6c6f8c-e1ab-4815-9620-5bd90561d268">
        <skos:altLabel xml:lang="en">{"id": "36b23f5a-b100-4379-b2e9-28d3a237b698", "value": "N"}</skos:altLabel>
        <skos:inScheme rdf:resource="http://localhost:8000/86bfd131-e10f-4c16-af97-67175b36638b"/>
        <skos:prefLabel xml:lang="en">{"id": "4d3d998f-5849-49b2-aa75-29d5505734fa", "value": "Net"}</skos:prefLabel>
        <dcterms:identifier xml:lang="en">{"id": "2abd2e59-59b9-4a15-9c66-6a6f08b17de3", "value": "http://localhost:8000/ff6c6f8c-e1ab-4815-9620-5bd90561d268"}</dcterms:identifier>
      </skos:Concept>
    </skos:hasTopConcept>
    <skos:hasTopConcept>
      <skos:Concept rdf:about="http://localhost:8000/cbe822f5-4ca6-44b5-ac6c-393661745cc8">
        <skos:prefLabel xml:lang="en">{"id": "11e0ad27-5ded-4387-adbd-5052b8d1f778", "value": "Under Deck"}</skos:prefLabel>
        <dcterms:identifier xml:lang="en">{"id": "c918af45-2c11-457e-bb12-5aeb59929522", "value": "http://localhost:8000/cbe822f5-4ca6-44b5-ac6c-393661745cc8"}</dcterms:identifier>
        <skos:inScheme rdf:resource="http://localhost:8000/86bfd131-e10f-4c16-af97-67175b36638b"/>
      </skos:Concept>
    </skos:hasTopConcept>
    <skos:hasTopConcept>
      <skos:Concept rdf:about="http://localhost:8000/3f5d5f60-1afa-4fa7-8583-1116935013a5">
        <skos:prefLabel xml:lang="en">{"id": "fd0a18db-e23c-40b1-b100-e915163d3e32", "value": "Breadth Estimated from Remains"}</skos:prefLabel>
        <dcterms:identifier xml:lang="en">{"id": "22c4273e-83d0-4a55-b64a-65fe4cef42b3", "value": "http://localhost:8000/3f5d5f60-1afa-4fa7-8583-1116935013a5"}</dcterms:identifier>
        <skos:inScheme rdf:resource="http://localhost:8000/86bfd131-e10f-4c16-af97-67175b36638b"/>
        <skos:altLabel xml:lang="en">{"id": "afbb1b49-3760-4b2b-8c1e-58a5e3381151", "value": "BER"}</skos:altLabel>
      </skos:Concept>
    </skos:hasTopConcept>
    <skos:hasTopConcept>
      <skos:Concept rdf:about="http://localhost:8000/70bbce0e-d2ae-45a6-95aa-bc64c741c9f8">
        <skos:prefLabel xml:lang="en">{"id": "fc3d0830-eaf6-43ab-82dc-e4645e116a16", "value": "Breadth Measured from Remains"}</skos:prefLabel>
        <dcterms:identifier xml:lang="en">{"id": "4f1f96a5-b36f-457d-b9dc-45e406bd3d97", "value": "http://localhost:8000/70bbce0e-d2ae-45a6-95aa-bc64c741c9f8"}</dcterms:identifier>
        <skos:inScheme rdf:resource="http://localhost:8000/86bfd131-e10f-4c16-af97-67175b36638b"/>
        <skos:altLabel xml:lang="en">{"id": "f735007b-773e-4e23-829b-d92611f7f493", "value": "BMR"}</skos:altLabel>
      </skos:Concept>
    </skos:hasTopConcept>
    <skos:hasTopConcept>
      <skos:Concept rdf:about="http://localhost:8000/0a6e7878-5cae-4f6d-8fb0-7b1bbc2ccbcd">
        <skos:prefLabel xml:lang="en">{"id": "8cc82c6c-6d59-4859-ae3f-0b3d464fc5aa", "value": "Unknown"}</skos:prefLabel>
        <skos:inScheme rdf:resource="http://localhost:8000/86bfd131-e10f-4c16-af97-67175b36638b"/>
        <dcterms:identifier xml:lang="en">{"id": "c2458c68-049c-4cac-b720-41a11c499d81", "value": "http://localhost:8000/0a6e7878-5cae-4f6d-8fb0-7b1bbc2ccbcd"}</dcterms:identifier>
        <skos:altLabel xml:lang="en">{"id": "9b9b1a6f-f492-49fc-8096-0b8eadebb1df", "value": "U"}</skos:altLabel>
      </skos:Concept>
    </skos:hasTopConcept>
    <skos:hasTopConcept>
      <skos:Concept rdf:about="http://localhost:8000/d8350a7d-f837-46d6-8636-7e3ae80c9856">
        <skos:prefLabel xml:lang="en">{"id": "e49a5a47-cb3d-48ab-a5cf-5c70d3d8431a", "value": "Burden"}</skos:prefLabel>
        <skos:inScheme rdf:resource="http://localhost:8000/86bfd131-e10f-4c16-af97-67175b36638b"/>
        <skos:altLabel xml:lang="en">{"id": "da130f06-f75e-479f-b7ff-bc5f9df16cd3", "value": "B"}</skos:altLabel>
        <dcterms:identifier xml:lang="en">{"id": "0899247e-2eba-4019-84e5-453555cb6f6e", "value": "http://localhost:8000/d8350a7d-f837-46d6-8636-7e3ae80c9856"}</dcterms:identifier>
      </skos:Concept>
    </skos:hasTopConcept>
    <skos:hasTopConcept>
      <skos:Concept rdf:about="http://localhost:8000/133b9a16-aeef-4f8a-9d4f-ca55b9f9ba70">
        <dcterms:identifier xml:lang="en">{"id": "f34ace62-9039-4a3b-a1ac-ce58c072e426", "value": "http://localhost:8000/133b9a16-aeef-4f8a-9d4f-ca55b9f9ba70"}</dcterms:identifier>
        <skos:altLabel xml:lang="en">{"id": "df6fd8ec-4177-4b93-8769-80a2b921162f", "value": "DR"}</skos:altLabel>
        <skos:prefLabel xml:lang="en">{"id": "835018f2-4006-443c-8688-333ef895692c", "value": "Draught"}</skos:prefLabel>
        <skos:inScheme rdf:resource="http://localhost:8000/86bfd131-e10f-4c16-af97-67175b36638b"/>
      </skos:Concept>
    </skos:hasTopConcept>
    <skos:hasTopConcept>
      <skos:Concept rdf:about="http://localhost:8000/596b58ae-9e63-46b9-85ac-1d7dfb561b5d">
        <skos:altLabel xml:lang="en">{"id": "23d2e1a3-4cc4-4573-81cc-a905531c9535", "value": "LW"}</skos:altLabel>
        <skos:prefLabel xml:lang="en">{"id": "b73e5460-600a-4806-8031-56f8a042c9df", "value": "Length on the Waterline"}</skos:prefLabel>
        <skos:inScheme rdf:resource="http://localhost:8000/86bfd131-e10f-4c16-af97-67175b36638b"/>
        <dcterms:identifier xml:lang="en">{"id": "9a22b732-aa5d-4e47-b98a-85085700284c", "value": "http://localhost:8000/596b58ae-9e63-46b9-85ac-1d7dfb561b5d"}</dcterms:identifier>
      </skos:Concept>
    </skos:hasTopConcept>
    <skos:hasTopConcept>
      <skos:Concept rdf:about="http://localhost:8000/0e1b9bdb-c567-47d6-bdbf-1938c9d8a7f1">
        <skos:prefLabel xml:lang="en">{"id": "c3d27171-e548-41d0-b31b-e9087f90d2bc", "value": "Gross"}</skos:prefLabel>
        <skos:inScheme rdf:resource="http://localhost:8000/86bfd131-e10f-4c16-af97-67175b36638b"/>
        <skos:altLabel xml:lang="en">{"id": "86b18497-97ca-4fa7-bfe4-7486bd72e519", "value": "G"}</skos:altLabel>
        <dcterms:identifier xml:lang="en">{"id": "d4e7edba-1ed1-473e-bffc-63f14eec4178", "value": "http://localhost:8000/0e1b9bdb-c567-47d6-bdbf-1938c9d8a7f1"}</dcterms:identifier>
      </skos:Concept>
    </skos:hasTopConcept>
    <dcterms:identifier xml:lang="en">{"id": "8f305634-e72e-478a-8c15-d7620d2a7381", "value": "http://localhost:8000/86bfd131-e10f-4c16-af97-67175b36638b"}</dcterms:identifier>
  </skos:ConceptScheme>
</rdf:RDF>
