<?xml version="1.0" encoding="utf-8"?>
<rdf:RDF
  xmlns:skos="http://www.w3.org/2004/02/skos/core#"
  xmlns:rdf="http://www.w3.org/1999/02/22-rdf-syntax-ns#"
  xmlns:dcterms="http://purl.org/dc/terms/"
>
  <skos:Concept rdf:about="http://localhost:8000/cbc2420b-9196-4233-a7aa-381bcdf7a097">
    <skos:narrower>
      <skos:Concept rdf:about="http://localhost:8000/10fd64c2-5730-43a3-a818-f72842accb3d">
        <skos:prefLabel xml:lang="en">{"id": "ee8734b6-28b6-4813-a578-951c984a7cbe", "value": "1 per metre"}</skos:prefLabel>
        <skos:inScheme rdf:resource="http://localhost:8000/b3612595-fdad-48e0-a0ff-b380685aa6f3"/>
        <dcterms:identifier xml:lang="en">{"id": "8b7944b5-d62b-43fd-833b-f9cd1cfcfd73", "value": "http://www.archesproject.org/10fd64c2-5730-43a3-a818-f72842accb3d"}</dcterms:identifier>
        <skos:scopeNote xml:lang="en">{"id": "7d139512-7849-4f8a-be06-b38d02f0267f", "value": "The SI derviced unit for wavenumber"}</skos:scopeNote>
      </skos:Concept>
    </skos:narrower>
    <skos:narrower>
      <skos:Concept rdf:about="http://localhost:8000/1e284637-6125-4af7-b93b-124b2ffd21b0">
        <skos:scopeNote xml:lang="en">{"id": "493b2c7c-a303-4858-87d1-b8a7fe25ab87", "value": "The SI derived unit for the refractive index."}</skos:scopeNote>
        <dcterms:identifier xml:lang="en">{"id": "3cfc6a5e-d8a6-42f5-82d2-ee3451cd6125", "value": "http://www.archesproject.org/1e284637-6125-4af7-b93b-124b2ffd21b0"}</dcterms:identifier>
        <skos:prefLabel xml:lang="en">{"id": "cf6d429a-5653-4781-b396-932c29dbea55", "value": "(the number) one"}</skos:prefLabel>
        <skos:inScheme rdf:resource="http://localhost:8000/b3612595-fdad-48e0-a0ff-b380685aa6f3"/>
      </skos:Concept>
    </skos:narrower>
    <skos:narrower>
      <skos:Concept rdf:about="http://localhost:8000/81b2d7af-4737-49af-9e04-c7f07860a8b6">
        <skos:inScheme rdf:resource="http://localhost:8000/b3612595-fdad-48e0-a0ff-b380685aa6f3"/>
        <skos:prefLabel xml:lang="en">{"id": "859d4cfe-b1ce-4aee-a505-8b5c743e77a3", "value": "ampere per metre"}</skos:prefLabel>
        <skos:scopeNote xml:lang="en">{"id": "97b423a0-30aa-460e-a532-19f04297f7da", "value": "The SI derived unit of magnetic field strength."}</skos:scopeNote>
        <dcterms:identifier xml:lang="en">{"id": "efb0e57b-7f7f-4787-9c4f-b53333138204", "value": "http://www.archesproject.org/81b2d7af-4737-49af-9e04-c7f07860a8b6"}</dcterms:identifier>
      </skos:Concept>
    </skos:narrower>
    <skos:narrower>
      <skos:Concept rdf:about="http://localhost:8000/da041fce-c68c-4387-a99d-283ec7d3cf0c">
        <dcterms:identifier xml:lang="en">{"id": "50065a53-2f43-4af9-8b80-cef28432d7a4", "value": "http://www.archesproject.org/da041fce-c68c-4387-a99d-283ec7d3cf0c"}</dcterms:identifier>
        <skos:inScheme rdf:resource="http://localhost:8000/b3612595-fdad-48e0-a0ff-b380685aa6f3"/>
        <skos:prefLabel xml:lang="en">{"id": "e14b07a2-e519-4d33-bb40-0782b3b8326c", "value": "cubic metre per kilogram"}</skos:prefLabel>
        <skos:scopeNote xml:lang="en">{"id": "2eabe723-194e-4737-bd6e-57e4ca46e2c5", "value": "The SI derived unit of specific volume."}</skos:scopeNote>
      </skos:Concept>
    </skos:narrower>
    <skos:prefLabel xml:lang="en">{"id": "f9ffa1e2-3d49-4a45-ad9e-6e89ba21cd18", "value": "SI Derived Units"}</skos:prefLabel>
    <skos:narrower>
      <skos:Concept rdf:about="http://localhost:8000/57fd8038-2015-42ad-930c-fcc010fcaa5a">
        <skos:prefLabel xml:lang="en">{"id": "149ccee1-f970-4c56-8fe9-e511d631f31b", "value": "candela per square metre"}</skos:prefLabel>
        <dcterms:identifier xml:lang="en">{"id": "59f8f92c-c820-4a0c-afa7-2e69e7d31990", "value": "http://www.archesproject.org/57fd8038-2015-42ad-930c-fcc010fcaa5a"}</dcterms:identifier>
        <skos:scopeNote xml:lang="en">{"id": "360fdace-2962-45f7-9418-27f100416eb1", "value": "The SI derived unit of luminance."}</skos:scopeNote>
        <skos:inScheme rdf:resource="http://localhost:8000/b3612595-fdad-48e0-a0ff-b380685aa6f3"/>
      </skos:Concept>
    </skos:narrower>
    <skos:narrower>
      <skos:Concept rdf:about="http://localhost:8000/a40ed77f-144a-45ee-9feb-d9e02e87be02">
        <skos:prefLabel xml:lang="en">{"id": "edbae619-a09d-4cf7-a7cf-6bdb76b090bb", "value": "cubic metres"}</skos:prefLabel>
        <dcterms:identifier xml:lang="en">{"id": "187f7006-1ec8-4171-bf34-9f4be8352165", "value": "http://www.archesproject.org/a40ed77f-144a-45ee-9feb-d9e02e87be02"}</dcterms:identifier>
        <skos:scopeNote xml:lang="en">{"id": "4be4deb4-1f00-4af4-9e52-076f0b7867b9", "value": "The SI derived unit of volume."}</skos:scopeNote>
        <skos:inScheme rdf:resource="http://localhost:8000/b3612595-fdad-48e0-a0ff-b380685aa6f3"/>
      </skos:Concept>
    </skos:narrower>
    <skos:narrower>
      <skos:Concept rdf:about="http://localhost:8000/70829b01-06fc-4e17-afb4-a159fee590a0">
        <skos:scopeNote xml:lang="en">{"id": "bb705709-99a9-4e30-ab57-8d33e2048cc3", "value": "The SI derived unit for acceleration"}</skos:scopeNote>
        <skos:prefLabel xml:lang="en">{"id": "f7e9cf36-2fba-40b9-a7d8-ca334d0b2724", "value": "metre per second squared"}</skos:prefLabel>
        <dcterms:identifier xml:lang="en">{"id": "86d41aec-3ef0-4082-8710-b4a70a27df93", "value": "http://www.archesproject.org/70829b01-06fc-4e17-afb4-a159fee590a0"}</dcterms:identifier>
        <skos:inScheme rdf:resource="http://localhost:8000/b3612595-fdad-48e0-a0ff-b380685aa6f3"/>
      </skos:Concept>
    </skos:narrower>
    <skos:narrower>
      <skos:Concept rdf:about="http://localhost:8000/91832f65-dbe1-4072-bcf0-197813c4aa9b">
        <skos:prefLabel xml:lang="en">{"id": "9aa707fa-d36d-4c1a-af38-961c62e94b60", "value": "kilogram per cubic metre"}</skos:prefLabel>
        <skos:scopeNote xml:lang="en">{"id": "bda6d4f4-e48d-4d67-a977-08fb3f6833c4", "value": "The SI derived unit for density or mass density."}</skos:scopeNote>
        <dcterms:identifier xml:lang="en">{"id": "9271acca-b0c0-4c88-acbe-683482ba3583", "value": "http://www.archesproject.org/91832f65-dbe1-4072-bcf0-197813c4aa9b"}</dcterms:identifier>
        <skos:inScheme rdf:resource="http://localhost:8000/b3612595-fdad-48e0-a0ff-b380685aa6f3"/>
      </skos:Concept>
    </skos:narrower>
    <skos:inScheme>
      <skos:ConceptScheme rdf:about="http://localhost:8000/b3612595-fdad-48e0-a0ff-b380685aa6f3">
        <skos:hasTopConcept rdf:resource="http://localhost:8000/5cb4c9b9-ecb1-49d2-9f03-1bd2d9cde004"/>
        <skos:hasTopConcept rdf:resource="http://localhost:8000/cbc2420b-9196-4233-a7aa-381bcdf7a097"/>
        <skos:hasTopConcept rdf:resource="http://localhost:8000/e317861e-4734-4e09-97d0-5d43a9e71b04"/>
        <skos:hasTopConcept rdf:resource="http://localhost:8000/369accf4-72c6-4f59-956c-ef37dccc02b8"/>
        <dcterms:identifier xml:lang="en">{"id": "6aec6e02-6973-4a65-9032-76e3fe190469", "value": "http://www.archesproject.org/b3612595-fdad-48e0-a0ff-b380685aa6f3"}</dcterms:identifier>
        <dcterms:title xml:lang="en">{"id": "cf2c5ad3-4fb7-4263-8d3f-5b76ac319bad", "value": "Measurement Units"}</dcterms:title>
        <skos:hasTopConcept rdf:resource="http://localhost:8000/2df654c2-2e12-42b3-80bc-bfabca89e900"/>
        <skos:hasTopConcept rdf:resource="http://localhost:8000/0443950c-1ece-4c05-8504-0f3edad43f94"/>
      </skos:ConceptScheme>
    </skos:inScheme>
    <skos:narrower>
      <skos:Concept rdf:about="http://localhost:8000/875aecbe-5b0a-44b8-95e1-60e8dadea086">
        <skos:prefLabel xml:lang="en">{"id": "5b4d8cb2-50ae-4c15-b2fe-bfe769357ea2", "value": "ampere per square metre"}</skos:prefLabel>
        <skos:inScheme rdf:resource="http://localhost:8000/b3612595-fdad-48e0-a0ff-b380685aa6f3"/>
        <skos:scopeNote xml:lang="en">{"id": "9d88f0d4-0b65-4903-9efd-0ef195202fcb", "value": "The SI derived unit for current density."}</skos:scopeNote>
        <dcterms:identifier xml:lang="en">{"id": "50c1da1a-6c82-4f7d-8246-6ebd0b9cbb66", "value": "http://www.archesproject.org/875aecbe-5b0a-44b8-95e1-60e8dadea086"}</dcterms:identifier>
      </skos:Concept>
    </skos:narrower>
    <skos:narrower>
      <skos:Concept rdf:about="http://localhost:8000/8391655b-4bc6-4d8b-8a00-0a1e3d283e2f">
        <skos:prefLabel xml:lang="en">{"id": "404cfa8e-b4a9-4d62-b4a7-55e75099f0ca", "value": "square metres"}</skos:prefLabel>
        <skos:scopeNote xml:lang="en">{"id": "ba0f8b8b-6bed-41d1-a9ae-38259f6790d4", "value": "The SI derived unit of Area"}</skos:scopeNote>
        <skos:inScheme rdf:resource="http://localhost:8000/b3612595-fdad-48e0-a0ff-b380685aa6f3"/>
        <dcterms:identifier xml:lang="en">{"id": "75d65b9b-6f13-4727-8048-40870b279a21", "value": "http://www.archesproject.org/8391655b-4bc6-4d8b-8a00-0a1e3d283e2f"}</dcterms:identifier>
      </skos:Concept>
    </skos:narrower>
    <skos:narrower>
      <skos:Concept rdf:about="http://localhost:8000/ee919679-d0f4-4e2a-92be-d70145596412">
        <skos:prefLabel xml:lang="en">{"id": "66b2b76f-a0d1-4011-9780-7beccf86b06e", "value": "metre per second"}</skos:prefLabel>
        <skos:scopeNote xml:lang="en">{"id": "4aacd9d5-469a-4edf-82e2-843bb8fb7f7a", "value": "The SI derived unit of speed or velocity"}</skos:scopeNote>
        <dcterms:identifier xml:lang="en">{"id": "568fa41b-5c19-4f5a-9d7a-569359a45777", "value": "http://www.archesproject.org/ee919679-d0f4-4e2a-92be-d70145596412"}</dcterms:identifier>
        <skos:inScheme rdf:resource="http://localhost:8000/b3612595-fdad-48e0-a0ff-b380685aa6f3"/>
      </skos:Concept>
    </skos:narrower>
    <skos:narrower>
      <skos:Concept rdf:about="http://localhost:8000/d3b74b4c-3fc6-4138-9dc7-528a9c039f5a">
        <skos:prefLabel xml:lang="el">{"id": "0c74d6a8-850d-41e9-aa01-f5407359cf22", "value": "mole per cubic metre"}</skos:prefLabel>
        <skos:inScheme rdf:resource="http://localhost:8000/b3612595-fdad-48e0-a0ff-b380685aa6f3"/>
        <skos:scopeNote xml:lang="el">{"id": "121ae2d5-7824-4754-b777-e4620f554bd5", "value": "The SI derived unit of concentration (of amount of a substance)."}</skos:scopeNote>
        <dcterms:identifier xml:lang="en">{"id": "679cc2bb-290f-4250-a7eb-c1412c4df168", "value": "http://www.archesproject.org/d3b74b4c-3fc6-4138-9dc7-528a9c039f5a"}</dcterms:identifier>
      </skos:Concept>
    </skos:narrower>
    <dcterms:identifier xml:lang="en">{"id": "f9a65e47-717f-42ad-ac68-c866214dd81b", "value": "http://www.archesproject.org/cbc2420b-9196-4233-a7aa-381bcdf7a097"}</dcterms:identifier>
  </skos:Concept>
  <skos:Concept rdf:about="http://localhost:8000/7f293a16-4ebf-48b6-ae14-8abd9d71d717">
    <skos:inScheme rdf:resource="http://localhost:8000/b3612595-fdad-48e0-a0ff-b380685aa6f3"/>
    <dcterms:identifier xml:lang="en">{"id": "b8dc9df1-60c0-40b5-b0b1-cc7b8b309ee4", "value": "http://www.archesproject.org/7f293a16-4ebf-48b6-ae14-8abd9d71d717"}</dcterms:identifier>
    <skos:prefLabel xml:lang="en">{"id": "05155b39-641c-4bf1-b46e-7d3dacf7606b", "value": "Kelvins"}</skos:prefLabel>
  </skos:Concept>
  <skos:Concept rdf:about="http://localhost:8000/14d38673-c3c3-4cbc-8b30-b3a03ae1c924">
    <skos:inScheme rdf:resource="http://localhost:8000/b3612595-fdad-48e0-a0ff-b380685aa6f3"/>
    <skos:definition xml:lang="el">{"id": "bd6e7037-1f27-4c8d-b66c-4c57292ff057", "value": "220 yards or 1/8 mile."}</skos:definition>
    <skos:prefLabel xml:lang="en">{"id": "8a8e698d-70d2-4f09-bb53-94763cdde9db", "value": "furlong"}</skos:prefLabel>
    <dcterms:identifier xml:lang="en">{"id": "591a81fa-d74a-477f-8f1f-dbfeae902825", "value": "http://www.archesproject.org/14d38673-c3c3-4cbc-8b30-b3a03ae1c924"}</dcterms:identifier>
  </skos:Concept>
  <skos:Concept rdf:about="http://localhost:8000/41478ab0-71ad-4a1b-b7c8-4b1d62a8b8b2">
    <skos:prefLabel xml:lang="en">{"id": "6663a517-b59c-4798-8adb-8009eb1bf7ae", "value": "link"}</skos:prefLabel>
    <skos:inScheme rdf:resource="http://localhost:8000/b3612595-fdad-48e0-a0ff-b380685aa6f3"/>
    <skos:definition xml:lang="en">{"id": "cd0d41f2-872d-403a-98a2-0785f079dda6", "value": "\u200a1\u2044100 of a chain and \u200a1\u20441000 of a furlong."}</skos:definition>
    <dcterms:identifier xml:lang="en">{"id": "22f5abc1-9aef-4230-ae66-a11358fc8e45", "value": "http://www.archesproject.org/41478ab0-71ad-4a1b-b7c8-4b1d62a8b8b2"}</dcterms:identifier>
  </skos:Concept>
  <skos:Concept rdf:about="http://localhost:8000/75176355-82e0-4edd-b48f-60196865137e">
    <skos:prefLabel xml:lang="en">{"id": "3b772543-e5ed-4e9c-ab9f-23a6d5344e58", "value": "cabinet"}</skos:prefLabel>
    <dcterms:identifier xml:lang="en">{"id": "ee167f5c-6c4b-4e91-ada6-dcb9da004490", "value": "http://localhost:8000/75176355-82e0-4edd-b48f-60196865137e"}</dcterms:identifier>
    <skos:inScheme rdf:resource="http://localhost:8000/b3612595-fdad-48e0-a0ff-b380685aa6f3"/>
  </skos:Concept>
  <skos:Concept rdf:about="http://localhost:8000/38acfaed-7800-46a8-8ea1-4f9eaf51556c">
    <dcterms:identifier xml:lang="en">{"id": "af85b3a1-36c2-4284-ab73-65397a536ecc", "value": "http://www.archesproject.org/38acfaed-7800-46a8-8ea1-4f9eaf51556c"}</dcterms:identifier>
    <skos:prefLabel xml:lang="en">{"id": "b3984437-3e42-4603-bd7c-2121f3196d56", "value": "yard"}</skos:prefLabel>
    <skos:altLabel xml:lang="en">{"id": "f11eb976-02bb-4463-ad4e-88dde805f550", "value": "yd"}</skos:altLabel>
    <skos:inScheme rdf:resource="http://localhost:8000/b3612595-fdad-48e0-a0ff-b380685aa6f3"/>
    <skos:definition xml:lang="en">{"id": "38959fcc-db5e-401e-97dc-1b087eb6c582", "value": "Defined as exactly 0.9144 metres by the International yard and pound agreement of 1959"}</skos:definition>
  </skos:Concept>
  <skos:Concept rdf:about="http://localhost:8000/72a86b7f-c556-4394-865e-c4483d6fdfec">
    <skos:prefLabel xml:lang="en">{"id": "05a812f9-7da8-46f1-95f0-7ba1a8675888", "value": "plan chest"}</skos:prefLabel>
    <dcterms:identifier xml:lang="en">{"id": "b07fdca8-6093-48db-8b01-dcc01f51b683", "value": "http://www.archesproject.org/72a86b7f-c556-4394-865e-c4483d6fdfec"}</dcterms:identifier>
    <skos:inScheme rdf:resource="http://localhost:8000/b3612595-fdad-48e0-a0ff-b380685aa6f3"/>
  </skos:Concept>
  <skos:Concept rdf:about="http://localhost:8000/e62a1eeb-9031-486b-8dff-926353ad24b3">
    <dcterms:identifier xml:lang="en">{"id": "2275135f-ea0a-49ac-b760-69fab5238304", "value": "http://www.archesproject.org/e62a1eeb-9031-486b-8dff-926353ad24b3"}</dcterms:identifier>
    <skos:prefLabel xml:lang="en">{"id": "a2b16d78-8acb-4fcc-9584-21d6e8fb6352", "value": "Milligrams"}</skos:prefLabel>
    <skos:inScheme rdf:resource="http://localhost:8000/b3612595-fdad-48e0-a0ff-b380685aa6f3"/>
  </skos:Concept>
  <skos:Concept rdf:about="http://localhost:8000/5cb4c9b9-ecb1-49d2-9f03-1bd2d9cde004">
    <skos:scopeNote xml:lang="en">{"id": "c50d3df0-fb3a-4cf9-8db6-9809beef6b60", "value": "There are certain units, which are accepted for use with the SI. It includes units which are in continuous everyday use, in particular the traditional units of time and of angle, together with a few other units which have assumed increasing technical importance. There are also units which are currently accepted for use with the SI to satisfy the needs of commercial, legal and specialist scientific interests or are important for the interpretation of older texts."}</skos:scopeNote>
    <skos:prefLabel xml:lang="en">{"id": "ef91d2ff-a5de-4754-b981-16d7de6b6764", "value": "Non-SI units"}</skos:prefLabel>
    <skos:narrower>
      <skos:Concept rdf:about="http://localhost:8000/69fe494c-5c83-4ef4-a1aa-226e291e200d">
        <skos:inScheme rdf:resource="http://localhost:8000/b3612595-fdad-48e0-a0ff-b380685aa6f3"/>
        <skos:prefLabel xml:lang="en">{"id": "bcadf4f6-68ee-4662-9099-472d4e4afa16", "value": "minute"}</skos:prefLabel>
        <dcterms:identifier xml:lang="en">{"id": "cf507731-eab7-4d25-9598-49d2e274af82", "value": "http://www.archesproject.org/69fe494c-5c83-4ef4-a1aa-226e291e200d"}</dcterms:identifier>
      </skos:Concept>
    </skos:narrower>
    <skos:narrower>
      <skos:Concept rdf:about="http://localhost:8000/dcf90bd0-9ddb-425a-b325-32c5593f5261">
        <dcterms:identifier xml:lang="en">{"id": "93703acc-e6c1-460f-bd96-bb09e7f3ca24", "value": "http://www.archesproject.org/dcf90bd0-9ddb-425a-b325-32c5593f5261"}</dcterms:identifier>
        <skos:inScheme rdf:resource="http://localhost:8000/b3612595-fdad-48e0-a0ff-b380685aa6f3"/>
        <skos:prefLabel xml:lang="en">{"id": "5a9f0a28-1bc3-40fd-8283-b019b00ecd39", "value": "second of arc"}</skos:prefLabel>
      </skos:Concept>
    </skos:narrower>
    <skos:narrower>
      <skos:Concept rdf:about="http://localhost:8000/5eb4377d-8bfd-48ef-8118-ca36ff191180">
        <skos:inScheme rdf:resource="http://localhost:8000/b3612595-fdad-48e0-a0ff-b380685aa6f3"/>
        <dcterms:identifier xml:lang="en">{"id": "28d3ce19-ad14-4d95-96a6-d0e9dcec3f9a", "value": "http://www.archesproject.org/5eb4377d-8bfd-48ef-8118-ca36ff191180"}</dcterms:identifier>
        <skos:prefLabel xml:lang="en">{"id": "cbef2081-67a3-41df-aea0-2c166e826d40", "value": "minute of arc"}</skos:prefLabel>
      </skos:Concept>
    </skos:narrower>
    <skos:narrower>
      <skos:Concept rdf:about="http://localhost:8000/bc01a9ad-f279-465c-bd2d-d02f19773040">
        <dcterms:identifier xml:lang="en">{"id": "850bc7e8-dc13-4f2c-a52b-fe12c50c4708", "value": "http://www.archesproject.org/bc01a9ad-f279-465c-bd2d-d02f19773040"}</dcterms:identifier>
        <skos:inScheme rdf:resource="http://localhost:8000/b3612595-fdad-48e0-a0ff-b380685aa6f3"/>
        <skos:prefLabel xml:lang="en">{"id": "b9d2df96-de9b-453c-b643-b754fc0a68e8", "value": "day"}</skos:prefLabel>
      </skos:Concept>
    </skos:narrower>
    <skos:narrower>
      <skos:Concept rdf:about="http://localhost:8000/19dad96e-17e0-44b2-9c86-88bfe7877723">
        <dcterms:identifier xml:lang="en">{"id": "032b4c67-130e-4667-b100-2cba8c4b0a00", "value": "http://www.archesproject.org/19dad96e-17e0-44b2-9c86-88bfe7877723"}</dcterms:identifier>
        <skos:prefLabel xml:lang="en">{"id": "07ec3406-2317-47e2-b692-2ad7bc4d1584", "value": "hour"}</skos:prefLabel>
        <skos:inScheme rdf:resource="http://localhost:8000/b3612595-fdad-48e0-a0ff-b380685aa6f3"/>
      </skos:Concept>
    </skos:narrower>
    <dcterms:identifier xml:lang="en">{"id": "e8dae7ed-5102-4b4f-a731-3e82a8521fb5", "value": "http://www.archesproject.org/5cb4c9b9-ecb1-49d2-9f03-1bd2d9cde004"}</dcterms:identifier>
    <skos:narrower>
      <skos:Concept rdf:about="http://localhost:8000/41c650a8-7a1b-4080-912c-180133e4c2d9">
        <skos:inScheme rdf:resource="http://localhost:8000/b3612595-fdad-48e0-a0ff-b380685aa6f3"/>
        <dcterms:identifier xml:lang="en">{"id": "3dc4bde8-0e76-4413-992a-e53f9157d24d", "value": "http://www.archesproject.org/41c650a8-7a1b-4080-912c-180133e4c2d9"}</dcterms:identifier>
        <skos:prefLabel xml:lang="en">{"id": "66aacaab-22c1-47af-8cd3-7cd6c2975fc4", "value": "litre"}</skos:prefLabel>
      </skos:Concept>
    </skos:narrower>
    <skos:narrower>
      <skos:Concept rdf:about="http://localhost:8000/c94ec4ea-9c0c-4489-aef7-eaa8575ef223">
        <dcterms:identifier xml:lang="en">{"id": "519f6020-b707-488d-a7ad-853dd77a7198", "value": "http://www.archesproject.org/c94ec4ea-9c0c-4489-aef7-eaa8575ef223"}</dcterms:identifier>
        <skos:prefLabel xml:lang="en">{"id": "d1dbf9fe-fffb-4f80-834d-03ee874cf990", "value": "tonne"}</skos:prefLabel>
        <skos:inScheme rdf:resource="http://localhost:8000/b3612595-fdad-48e0-a0ff-b380685aa6f3"/>
      </skos:Concept>
    </skos:narrower>
    <skos:inScheme rdf:resource="http://localhost:8000/b3612595-fdad-48e0-a0ff-b380685aa6f3"/>
    <skos:narrower>
      <skos:Concept rdf:about="http://localhost:8000/2c8afd74-2807-4f44-ba99-1047ffb15867">
        <dcterms:identifier xml:lang="en">{"id": "7e8a79f5-c2b1-4d79-ad62-a8813131a960", "value": "http://www.archesproject.org/2c8afd74-2807-4f44-ba99-1047ffb15867"}</dcterms:identifier>
        <skos:prefLabel xml:lang="el">{"id": "4bab1f18-1fdc-4fc6-abd8-6c795440376d", "value": "bel"}</skos:prefLabel>
        <skos:inScheme rdf:resource="http://localhost:8000/b3612595-fdad-48e0-a0ff-b380685aa6f3"/>
      </skos:Concept>
    </skos:narrower>
    <skos:narrower>
      <skos:Concept rdf:about="http://localhost:8000/c5f9c1aa-7546-4aa4-b399-4240e8fea52c">
        <dcterms:identifier xml:lang="en">{"id": "cd60594b-151b-49a1-a0c6-00f994951d24", "value": "http://www.archesproject.org/c5f9c1aa-7546-4aa4-b399-4240e8fea52c"}</dcterms:identifier>
        <skos:prefLabel xml:lang="en-us">{"id": "3b486961-5696-46e5-af53-dd7e7cc56dc2", "value": "degree of arc"}</skos:prefLabel>
        <skos:inScheme rdf:resource="http://localhost:8000/b3612595-fdad-48e0-a0ff-b380685aa6f3"/>
      </skos:Concept>
    </skos:narrower>
    <skos:narrower>
      <skos:Concept rdf:about="http://localhost:8000/4b8bbfa2-671e-4784-a684-192e6c32e5fe">
        <dcterms:identifier xml:lang="en">{"id": "7ca7eeb6-f206-4c5b-9bcd-b59c31340b8f", "value": "http://www.archesproject.org/4b8bbfa2-671e-4784-a684-192e6c32e5fe"}</dcterms:identifier>
        <skos:prefLabel xml:lang="en">{"id": "8b889bff-4fcb-484b-9ac3-8e4027c0a5e9", "value": "neper"}</skos:prefLabel>
        <skos:inScheme rdf:resource="http://localhost:8000/b3612595-fdad-48e0-a0ff-b380685aa6f3"/>
      </skos:Concept>
    </skos:narrower>
  </skos:Concept>
  <skos:Concept rdf:about="http://localhost:8000/d7bd5bb1-2c37-4d48-a98d-97d68a7dabe2">
    <skos:inScheme rdf:resource="http://localhost:8000/b3612595-fdad-48e0-a0ff-b380685aa6f3"/>
    <skos:prefLabel xml:lang="en">{"id": "ce81cdfc-6db3-4e89-91b6-035189f4df55", "value": "inch"}</skos:prefLabel>
    <skos:altLabel xml:lang="en">{"id": "c6727df0-834a-4071-90e3-86b3afb23acd", "value": "in"}</skos:altLabel>
    <dcterms:identifier xml:lang="en">{"id": "1f3ad8db-fe2d-4ad7-894c-204cd58352bb", "value": "http://www.archesproject.org/d7bd5bb1-2c37-4d48-a98d-97d68a7dabe2"}</dcterms:identifier>
    <skos:definition xml:lang="en">{"id": "5fbbc12e-e4d2-464a-8b3b-467d6036a908", "value": "1/12 of a foot."}</skos:definition>
  </skos:Concept>
  <skos:Concept rdf:about="http://localhost:8000/e317861e-4734-4e09-97d0-5d43a9e71b04">
    <skos:narrower>
      <skos:Concept rdf:about="http://localhost:8000/3e6fb586-1faa-49d4-a2f4-51ffe20f6e5d">
        <skos:inScheme rdf:resource="http://localhost:8000/b3612595-fdad-48e0-a0ff-b380685aa6f3"/>
        <skos:prefLabel xml:lang="en">{"id": "e95918d0-62ea-448a-8993-e44493ddb1e2", "value": "thou"}</skos:prefLabel>
        <dcterms:identifier xml:lang="en">{"id": "9ad7c4a8-1838-40e6-a323-e0676b590212", "value": "http://www.archesproject.org/3e6fb586-1faa-49d4-a2f4-51ffe20f6e5d"}</dcterms:identifier>
        <skos:definition xml:lang="en">{"id": "2ad104b4-322c-4f71-9bdf-4ecb1e0d0dff", "value": "1/12000 of a foot or 25.4 \u03bcm. Also known as mil"}</skos:definition>
      </skos:Concept>
    </skos:narrower>
    <skos:narrower>
      <skos:Concept rdf:about="http://localhost:8000/32d7a539-f2d7-428a-a88d-4f31b31d5e95">
        <dcterms:identifier xml:lang="en">{"id": "aef14211-4c29-4ebe-af64-317084c27c27", "value": "http://www.archesproject.org/32d7a539-f2d7-428a-a88d-4f31b31d5e95"}</dcterms:identifier>
        <skos:definition xml:lang="el">{"id": "3a30b51c-40b4-428b-b3f9-0f3568351129", "value": "1760 yards, 80 chains or 8 furlongs."}</skos:definition>
        <skos:inScheme rdf:resource="http://localhost:8000/b3612595-fdad-48e0-a0ff-b380685aa6f3"/>
        <skos:prefLabel xml:lang="en">{"id": "b494b0bd-f02e-4f96-82e9-f75b6e8df94d", "value": "mile"}</skos:prefLabel>
      </skos:Concept>
    </skos:narrower>
    <skos:narrower rdf:resource="http://localhost:8000/41478ab0-71ad-4a1b-b7c8-4b1d62a8b8b2"/>
    <skos:narrower>
      <skos:Concept rdf:about="http://localhost:8000/c6f52309-0d5e-4360-b690-bf281efa7a47">
        <skos:definition xml:lang="en">{"id": "045be35a-9e5f-4430-8b1d-1f4161698236", "value": "The rod is also called pole or perch and equal to \u200a5 1\u20442 yards"}</skos:definition>
        <skos:inScheme rdf:resource="http://localhost:8000/b3612595-fdad-48e0-a0ff-b380685aa6f3"/>
        <dcterms:identifier xml:lang="en">{"id": "8dbc1873-2af9-436c-82c4-e3be4ba7fc82", "value": "http://www.archesproject.org/c6f52309-0d5e-4360-b690-bf281efa7a47"}</dcterms:identifier>
        <skos:prefLabel xml:lang="en">{"id": "1088afe4-6fbf-4ac9-8132-0819a6569b93", "value": "rod"}</skos:prefLabel>
      </skos:Concept>
    </skos:narrower>
    <skos:narrower>
      <skos:Concept rdf:about="http://localhost:8000/51b2cefc-5158-43fd-9bce-a702d2843ea2">
        <skos:inScheme rdf:resource="http://localhost:8000/b3612595-fdad-48e0-a0ff-b380685aa6f3"/>
        <skos:prefLabel xml:lang="en">{"id": "1f022d03-e261-4edb-aa6f-a74c3a1dd041", "value": "chain"}</skos:prefLabel>
        <skos:definition xml:lang="el">{"id": "d6c43254-6041-4434-a3a2-bead9d5abe19", "value": "100 links, 4 rods or \u200a1\u204410 of a furlong. The distance between the two wickets on a cricket pitch."}</skos:definition>
        <dcterms:identifier xml:lang="en">{"id": "176ccb1e-31c0-4673-ad92-8b95ee6ad11a", "value": "http://www.archesproject.org/51b2cefc-5158-43fd-9bce-a702d2843ea2"}</dcterms:identifier>
      </skos:Concept>
    </skos:narrower>
    <skos:inScheme rdf:resource="http://localhost:8000/b3612595-fdad-48e0-a0ff-b380685aa6f3"/>
    <skos:narrower>
      <skos:Concept rdf:about="http://localhost:8000/aa24e039-ebd9-48dd-815a-0e9bb8df5228">
        <skos:altLabel xml:lang="en">{"id": "06d92f16-cba9-4373-98cb-1b27a128bce2", "value": "ft"}</skos:altLabel>
        <dcterms:identifier xml:lang="en">{"id": "a5f83072-eb99-4819-8448-d1ba49748cf3", "value": "http://www.archesproject.org/aa24e039-ebd9-48dd-815a-0e9bb8df5228"}</dcterms:identifier>
        <skos:prefLabel xml:lang="en">{"id": "fb5f9945-295a-4693-a6c2-739eb58a3bbe", "value": "foot"}</skos:prefLabel>
        <skos:inScheme rdf:resource="http://localhost:8000/b3612595-fdad-48e0-a0ff-b380685aa6f3"/>
      </skos:Concept>
    </skos:narrower>
    <skos:narrower rdf:resource="http://localhost:8000/d7bd5bb1-2c37-4d48-a98d-97d68a7dabe2"/>
    <skos:narrower>
      <skos:Concept rdf:about="http://localhost:8000/a02e444e-ec63-48d7-8543-11145ecf8791">
        <skos:inScheme rdf:resource="http://localhost:8000/b3612595-fdad-48e0-a0ff-b380685aa6f3"/>
        <skos:definition xml:lang="en">{"id": "a2cf87c3-17e7-4c0f-9947-87c976fc5c16", "value": "Although the proper term is square rod, for centuries this unit has been called a pole or perch or, more properly, square pole or square perch."}</skos:definition>
        <skos:prefLabel xml:lang="en">{"id": "050acf9a-7034-436f-ba1a-1697a77fa48f", "value": "perch"}</skos:prefLabel>
        <dcterms:identifier xml:lang="en">{"id": "96e3dea7-f70b-44d9-aa2a-2019a27a16c0", "value": "http://www.archesproject.org/a02e444e-ec63-48d7-8543-11145ecf8791"}</dcterms:identifier>
      </skos:Concept>
    </skos:narrower>
    <skos:prefLabel xml:lang="en">{"id": "e2254499-ce9c-4d19-ba3c-42e3ff99c97d", "value": "Imperial units"}</skos:prefLabel>
    <skos:narrower rdf:resource="http://localhost:8000/38acfaed-7800-46a8-8ea1-4f9eaf51556c"/>
    <skos:narrower>
      <skos:Concept rdf:about="http://localhost:8000/a8d0f81a-8878-4f64-b510-c2a5b6d6434d">
        <skos:inScheme rdf:resource="http://localhost:8000/b3612595-fdad-48e0-a0ff-b380685aa6f3"/>
        <skos:prefLabel xml:lang="en">{"id": "fc12f2d9-6b25-419d-b0c8-b3b9a4d4f8c9", "value": "league"}</skos:prefLabel>
        <skos:definition xml:lang="en">{"id": "5d05f9e2-9f37-44c2-9dba-83d31d99730c", "value": "Traditionally 3 miles. No longer an official unit in any nation."}</skos:definition>
        <dcterms:identifier xml:lang="en">{"id": "48638e89-f89a-47cd-a0a9-329d7cbdf68f", "value": "http://www.archesproject.org/a8d0f81a-8878-4f64-b510-c2a5b6d6434d"}</dcterms:identifier>
      </skos:Concept>
    </skos:narrower>
    <skos:narrower>
      <skos:Concept rdf:about="http://localhost:8000/f0c39a32-7c30-48ec-9b7b-ad8ce9c02654">
        <skos:prefLabel xml:lang="en">{"id": "78ff1982-bda1-41d3-a91c-155dee8e5f4d", "value": "cable"}</skos:prefLabel>
        <skos:inScheme rdf:resource="http://localhost:8000/b3612595-fdad-48e0-a0ff-b380685aa6f3"/>
        <skos:definition xml:lang="en">{"id": "e17bbdf6-6009-48dd-8e50-e97a0f34f4ca", "value": "One tenth of a nautical mile. Equal to 100 fathoms under the strict definition."}</skos:definition>
        <dcterms:identifier xml:lang="en">{"id": "b2e2c71c-745b-4c7e-8b6e-607468a16d05", "value": "http://www.archesproject.org/f0c39a32-7c30-48ec-9b7b-ad8ce9c02654"}</dcterms:identifier>
      </skos:Concept>
    </skos:narrower>
    <skos:narrower>
      <skos:Concept rdf:about="http://localhost:8000/4bed70d1-3aba-4bdb-9503-edc68a24fa8c">
        <skos:inScheme rdf:resource="http://localhost:8000/b3612595-fdad-48e0-a0ff-b380685aa6f3"/>
        <skos:prefLabel xml:lang="en">{"id": "9848b72d-a536-470b-a16d-d03e0895b984", "value": "nautical mile"}</skos:prefLabel>
        <skos:definition xml:lang="en">{"id": "5396abe3-cfa4-403c-8828-bb242b5064aa", "value": "Used for measuring distances at sea. Until the adoption of the international definition of 1852 metres in 1970, the British nautical (Admiralty) mile was defined as 6080 feet."}</skos:definition>
        <dcterms:identifier xml:lang="en">{"id": "c3c547c8-289e-42ca-8aab-02bb15badde0", "value": "http://www.archesproject.org/4bed70d1-3aba-4bdb-9503-edc68a24fa8c"}</dcterms:identifier>
      </skos:Concept>
    </skos:narrower>
    <skos:narrower>
      <skos:Concept rdf:about="http://localhost:8000/7eabf420-79f3-47a1-b829-ebc1096a3c7c">
        <skos:inScheme rdf:resource="http://localhost:8000/b3612595-fdad-48e0-a0ff-b380685aa6f3"/>
        <dcterms:identifier xml:lang="en">{"id": "d9c09cb8-f78f-4f46-9fa9-f2dc87513bd8", "value": "http://www.archesproject.org/7eabf420-79f3-47a1-b829-ebc1096a3c7c"}</dcterms:identifier>
        <skos:prefLabel xml:lang="en">{"id": "34900a98-9e45-4156-a47a-91609ee9202c", "value": "rood"}</skos:prefLabel>
        <skos:definition xml:lang="en">{"id": "f8db1eef-53e2-4d25-8a4d-9bc41e8555d3", "value": "The rood is 1210 square yards."}</skos:definition>
      </skos:Concept>
    </skos:narrower>
    <skos:narrower rdf:resource="http://localhost:8000/14d38673-c3c3-4cbc-8b30-b3a03ae1c924"/>
    <dcterms:identifier xml:lang="en">{"id": "f7e306a9-e698-4147-91cd-60f8a2c9925b", "value": "http://www.archesproject.org/e317861e-4734-4e09-97d0-5d43a9e71b04"}</dcterms:identifier>
    <skos:narrower>
      <skos:Concept rdf:about="http://localhost:8000/50a9b7e0-722b-4c96-a6ef-2872234e250e">
        <skos:definition xml:lang="el">{"id": "ecc7c4f1-c075-4412-9187-63c77a7fc00b", "value": "The British Admiralty in practice used a fathom of 6 feet. This was despite its being \u200a1\u20441000 of a nautical mile (i.e. 6.08 feet) until the adoption of the international nautical mile."}</skos:definition>
        <skos:inScheme rdf:resource="http://localhost:8000/b3612595-fdad-48e0-a0ff-b380685aa6f3"/>
        <skos:prefLabel xml:lang="en">{"id": "24b385c7-cfac-446d-8715-58f2deae2ca9", "value": "fathom"}</skos:prefLabel>
        <dcterms:identifier xml:lang="en">{"id": "b364b660-65cb-428a-8310-fb937bb47756", "value": "http://www.archesproject.org/50a9b7e0-722b-4c96-a6ef-2872234e250e"}</dcterms:identifier>
      </skos:Concept>
    </skos:narrower>
    <skos:narrower>
      <skos:Concept rdf:about="http://localhost:8000/9b187fc3-849d-4a79-845c-87524692992a">
        <skos:prefLabel xml:lang="en">{"id": "dc88f750-33b9-4ea0-a8e6-b819a0751f3d", "value": "acre"}</skos:prefLabel>
        <dcterms:identifier xml:lang="en">{"id": "0ad701ce-f600-4f25-8314-50e777d84a19", "value": "http://www.archesproject.org/9b187fc3-849d-4a79-845c-87524692992a"}</dcterms:identifier>
        <skos:definition xml:lang="en">{"id": "599ace80-1ed9-44b3-b0d8-155e1c808e50", "value": "One acre is 4840 square yards"}</skos:definition>
        <skos:inScheme rdf:resource="http://localhost:8000/b3612595-fdad-48e0-a0ff-b380685aa6f3"/>
      </skos:Concept>
    </skos:narrower>
    <skos:narrower>
      <skos:Concept rdf:about="http://localhost:8000/2ec33a8f-b67a-44c6-bd56-21a0fe997a83">
        <skos:inScheme rdf:resource="http://localhost:8000/b3612595-fdad-48e0-a0ff-b380685aa6f3"/>
        <skos:prefLabel xml:lang="en">{"id": "8262227e-3fd5-4408-9b03-c53c5bf277a3", "value": "ton"}</skos:prefLabel>
        <skos:scopeNote xml:lang="en">{"id": "dac73c67-6a36-476a-9ffc-f90332f340a3", "value": "A unit of weight in the avoirdupois system equal to 2,240 pounds (1,016.05 kg) in Britain (the long ton) and 2,000 pounds (907.18 kg) in the United States (the short ton). \nAs a unit of volume it is equivalent to 100 cubic feet (the register ton) or 40 cubic feet (the freight or measurement ton)"}</skos:scopeNote>
      </skos:Concept>
    </skos:narrower>
  </skos:Concept>
  <skos:Concept rdf:about="http://localhost:8000/5ff15b63-02ef-4bbc-aa3b-3eec02a0d2fe">
    <skos:prefLabel xml:lang="en">{"id": "a7538314-0537-483b-82cf-06c1b5ef6b52", "value": "file"}</skos:prefLabel>
    <dcterms:identifier xml:lang="en">{"id": "cd4cddfc-9abd-48e3-87d7-d4c419e28984", "value": "http://www.archesproject.org/5ff15b63-02ef-4bbc-aa3b-3eec02a0d2fe"}</dcterms:identifier>
    <skos:inScheme rdf:resource="http://localhost:8000/b3612595-fdad-48e0-a0ff-b380685aa6f3"/>
  </skos:Concept>
  <skos:Concept rdf:about="http://localhost:8000/ac31497d-853d-46e9-b8b1-8b071e0526d9">
    <skos:prefLabel xml:lang="en">{"id": "7c6d910f-0274-4a48-a2b7-d983372d7044", "value": "Centimetres"}</skos:prefLabel>
    <skos:narrower>
      <skos:Concept rdf:about="http://localhost:8000/adfc7ed1-32c6-4d31-97e2-a90b6fc2ed77">
        <skos:inScheme rdf:resource="http://localhost:8000/b3612595-fdad-48e0-a0ff-b380685aa6f3"/>
        <skos:prefLabel xml:lang="en">{"id": "701622db-2126-42c8-acda-73b1496ea2a9", "value": "Millimetres"}</skos:prefLabel>
        <skos:altLabel xml:lang="en">{"id": "8100c53f-b9b4-4e72-b4ce-c4715051e404", "value": "mm"}</skos:altLabel>
        <dcterms:identifier xml:lang="en">{"id": "bb01da2a-5e28-466e-b75c-b58102e265c8", "value": "http://www.archesproject.org/adfc7ed1-32c6-4d31-97e2-a90b6fc2ed77"}</dcterms:identifier>
      </skos:Concept>
    </skos:narrower>
    <dcterms:identifier xml:lang="en">{"id": "0c6cdfc9-6c57-410d-bbb8-0d5a6ed6cbd0", "value": "http://www.archesproject.org/ac31497d-853d-46e9-b8b1-8b071e0526d9"}</dcterms:identifier>
    <skos:inScheme rdf:resource="http://localhost:8000/b3612595-fdad-48e0-a0ff-b380685aa6f3"/>
    <skos:altLabel xml:lang="en">{"id": "1947fbfd-813f-4a29-b81c-3616ac806a15", "value": "cm"}</skos:altLabel>
  </skos:Concept>
  <skos:Concept rdf:about="http://localhost:8000/e2e55fb2-80b4-4e78-a7aa-c60853d56721">
    <dcterms:identifier xml:lang="en">{"id": "d7f763e3-d1d8-4f72-b5b7-46b97a4830bf", "value": "http://www.archesproject.org/e2e55fb2-80b4-4e78-a7aa-c60853d56721"}</dcterms:identifier>
    <skos:narrower rdf:resource="http://localhost:8000/e62a1eeb-9031-486b-8dff-926353ad24b3"/>
    <skos:inScheme rdf:resource="http://localhost:8000/b3612595-fdad-48e0-a0ff-b380685aa6f3"/>
    <skos:prefLabel xml:lang="en">{"id": "2f378ce0-0736-4300-bdd9-25b0d46443cf", "value": "Grams"}</skos:prefLabel>
  </skos:Concept>
  <skos:Concept rdf:about="http://localhost:8000/6bff082b-f35a-42bb-b57e-cd93efeabea6">
    <skos:inScheme rdf:resource="http://localhost:8000/b3612595-fdad-48e0-a0ff-b380685aa6f3"/>
    <dcterms:identifier xml:lang="en">{"id": "00eb64ed-5835-4035-b771-c1a4d12673fe", "value": "http://www.archesproject.org/6bff082b-f35a-42bb-b57e-cd93efeabea6"}</dcterms:identifier>
    <skos:prefLabel xml:lang="en">{"id": "da1d68eb-4f69-4ae0-b679-a501fca6d69c", "value": "Moles"}</skos:prefLabel>
  </skos:Concept>
  <skos:Concept rdf:about="http://localhost:8000/83feb7c3-77fa-4b2e-be38-8fb746667d71">
    <skos:inScheme rdf:resource="http://localhost:8000/b3612595-fdad-48e0-a0ff-b380685aa6f3"/>
    <dcterms:identifier xml:lang="en">{"id": "466d2e24-5011-45f4-bff0-d88004630525", "value": "http://www.archesproject.org/83feb7c3-77fa-4b2e-be38-8fb746667d71"}</dcterms:identifier>
    <skos:prefLabel xml:lang="en">{"id": "4c9ee2d8-5db3-4f3a-8b09-10f9279ba9fb", "value": "box"}</skos:prefLabel>
  </skos:Concept>
  <skos:Concept rdf:about="http://localhost:8000/5c19e67b-d053-4900-b01c-e8d6cede66a4">
    <skos:prefLabel xml:lang="en">{"id": "c901ce9d-388d-4576-affc-fcf86eeed89d", "value": "rack"}</skos:prefLabel>
    <skos:inScheme rdf:resource="http://localhost:8000/b3612595-fdad-48e0-a0ff-b380685aa6f3"/>
    <dcterms:identifier xml:lang="en">{"id": "a55e5205-6d06-4ed8-b486-1789e68f1fd0", "value": "http://www.archesproject.org/5c19e67b-d053-4900-b01c-e8d6cede66a4"}</dcterms:identifier>
  </skos:Concept>
  <skos:Concept rdf:about="http://localhost:8000/34b62784-1bf3-43dc-8fae-94c4c84b4d5d">
    <dcterms:identifier xml:lang="en">{"id": "d74dd55e-8dcd-472c-94b2-784dbf423923", "value": "http://localhost:8000/34b62784-1bf3-43dc-8fae-94c4c84b4d5d"}</dcterms:identifier>
    <skos:prefLabel xml:lang="en">{"id": "123221f8-548e-4e82-b323-5eb5fb719bff", "value": "file/folder"}</skos:prefLabel>
    <skos:inScheme rdf:resource="http://localhost:8000/b3612595-fdad-48e0-a0ff-b380685aa6f3"/>
  </skos:Concept>
  <skos:Concept rdf:about="http://localhost:8000/2df654c2-2e12-42b3-80bc-bfabca89e900">
    <skos:narrower>
      <skos:Concept rdf:about="http://localhost:8000/48b30d6b-6dcb-4f8c-8d09-7ae1ebc9008e">
        <skos:inScheme rdf:resource="http://localhost:8000/b3612595-fdad-48e0-a0ff-b380685aa6f3"/>
        <dcterms:identifier xml:lang="en">{"id": "d650a690-636b-452f-a5dc-5f5454ca1961", "value": "http://localhost:8000/48b30d6b-6dcb-4f8c-8d09-7ae1ebc9008e"}</dcterms:identifier>
        <skos:prefLabel xml:lang="en">{"id": "8d1cf768-816e-4383-8b3a-fbf0decad2bd", "value": "bookcase"}</skos:prefLabel>
      </skos:Concept>
    </skos:narrower>
    <skos:narrower rdf:resource="http://localhost:8000/75176355-82e0-4edd-b48f-60196865137e"/>
    <skos:inScheme rdf:resource="http://localhost:8000/b3612595-fdad-48e0-a0ff-b380685aa6f3"/>
    <dcterms:identifier xml:lang="en">{"id": "c873b4e1-6da2-40c7-9d56-fb3270f17d12", "value": "http://www.archesproject.org/2df654c2-2e12-42b3-80bc-bfabca89e900"}</dcterms:identifier>
    <skos:narrower rdf:resource="http://localhost:8000/83feb7c3-77fa-4b2e-be38-8fb746667d71"/>
    <skos:prefLabel xml:lang="en">{"id": "f259bdb9-8dfa-49a6-b07b-550460fb078d", "value": "Container units"}</skos:prefLabel>
    <skos:narrower>
      <skos:Concept rdf:about="http://localhost:8000/de4628c7-761f-4493-902a-f93163d89645">
        <dcterms:identifier xml:lang="en">{"id": "46fe1052-791f-4a21-af49-95391f051e52", "value": "http://localhost:8000/de4628c7-761f-4493-902a-f93163d89645"}</dcterms:identifier>
        <skos:inScheme rdf:resource="http://localhost:8000/b3612595-fdad-48e0-a0ff-b380685aa6f3"/>
        <skos:prefLabel xml:lang="en">{"id": "1ed01bbb-e390-4e68-86c0-78f9c2de29a6", "value": "sheet"}</skos:prefLabel>
      </skos:Concept>
    </skos:narrower>
    <skos:narrower>
      <skos:Concept rdf:about="http://localhost:8000/94bb9a80-1af9-47ec-9535-900cfae9dd5b">
        <skos:inScheme rdf:resource="http://localhost:8000/b3612595-fdad-48e0-a0ff-b380685aa6f3"/>
        <dcterms:identifier xml:lang="en">{"id": "a2516552-4d8f-438b-8f53-100d7b1a8c5a", "value": "http://localhost:8000/94bb9a80-1af9-47ec-9535-900cfae9dd5b"}</dcterms:identifier>
        <skos:prefLabel xml:lang="en">{"id": "aef467e8-5a99-4cf4-9564-f358dfc16fda", "value": "cupboard"}</skos:prefLabel>
      </skos:Concept>
    </skos:narrower>
    <skos:narrower rdf:resource="http://localhost:8000/5ff15b63-02ef-4bbc-aa3b-3eec02a0d2fe"/>
    <skos:narrower rdf:resource="http://localhost:8000/5c19e67b-d053-4900-b01c-e8d6cede66a4"/>
    <skos:narrower>
      <skos:Concept rdf:about="http://localhost:8000/9adab730-8fcc-498d-ba52-de1f97110cf9">
        <skos:prefLabel xml:lang="en">{"id": "3d1fe776-eb33-41ce-a39f-ba2c8199aa33", "value": "bay"}</skos:prefLabel>
        <skos:inScheme rdf:resource="http://localhost:8000/b3612595-fdad-48e0-a0ff-b380685aa6f3"/>
        <dcterms:identifier xml:lang="en">{"id": "411d8d6e-0c2d-40eb-a082-d6766c24f9f8", "value": "http://www.archesproject.org/9adab730-8fcc-498d-ba52-de1f97110cf9"}</dcterms:identifier>
      </skos:Concept>
    </skos:narrower>
    <skos:narrower>
      <skos:Concept rdf:about="http://localhost:8000/93e0d3b5-cb0b-4d27-971e-78d926291c49">
        <skos:prefLabel xml:lang="en">{"id": "746cf926-3cd7-4fac-841e-751a345153c1", "value": "shelf"}</skos:prefLabel>
        <dcterms:identifier xml:lang="en">{"id": "9dfd7708-9d43-43d1-8b71-aa8fdfb98750", "value": "http://www.archesproject.org/93e0d3b5-cb0b-4d27-971e-78d926291c49"}</dcterms:identifier>
        <skos:inScheme rdf:resource="http://localhost:8000/b3612595-fdad-48e0-a0ff-b380685aa6f3"/>
      </skos:Concept>
    </skos:narrower>
    <skos:narrower rdf:resource="http://localhost:8000/34b62784-1bf3-43dc-8fae-94c4c84b4d5d"/>
    <skos:narrower rdf:resource="http://localhost:8000/72a86b7f-c556-4394-865e-c4483d6fdfec"/>
  </skos:Concept>
  <skos:Concept rdf:about="http://localhost:8000/a339e0a3-b9bd-4300-bddb-73390c581093">
    <dcterms:identifier xml:lang="en">{"id": "1afa3ae9-71dc-4005-adca-40d4d4186b6f", "value": "http://www.archesproject.org/a339e0a3-b9bd-4300-bddb-73390c581093"}</dcterms:identifier>
    <skos:narrower rdf:resource="http://localhost:8000/ac31497d-853d-46e9-b8b1-8b071e0526d9"/>
    <skos:inScheme rdf:resource="http://localhost:8000/b3612595-fdad-48e0-a0ff-b380685aa6f3"/>
    <skos:altLabel xml:lang="en">{"id": "b480ab23-7c0f-4e2a-8e0d-271158a7f1ac", "value": "m"}</skos:altLabel>
    <skos:prefLabel xml:lang="en">{"id": "b20d111b-ad4d-4b71-9f56-3380b8695481", "value": "Metres"}</skos:prefLabel>
  </skos:Concept>
  <skos:Concept rdf:about="http://localhost:8000/0443950c-1ece-4c05-8504-0f3edad43f94">
    <skos:narrower>
      <skos:Concept rdf:about="http://localhost:8000/fda55a60-185d-4457-9b99-8dfe4b4176c2">
        <dcterms:identifier xml:lang="en">{"id": "149e230e-84af-4f6e-9690-03de72e24836", "value": "http://www.archesproject.org/fda55a60-185d-4457-9b99-8dfe4b4176c2"}</dcterms:identifier>
        <skos:narrower rdf:resource="http://localhost:8000/e2e55fb2-80b4-4e78-a7aa-c60853d56721"/>
        <skos:inScheme rdf:resource="http://localhost:8000/b3612595-fdad-48e0-a0ff-b380685aa6f3"/>
        <skos:prefLabel xml:lang="en">{"id": "d09a82c3-f393-48a6-b0d9-9693636aaf5b", "value": "Kilograms"}</skos:prefLabel>
      </skos:Concept>
    </skos:narrower>
    <skos:narrower rdf:resource="http://localhost:8000/6bff082b-f35a-42bb-b57e-cd93efeabea6"/>
    <skos:narrower>
      <skos:Concept rdf:about="http://localhost:8000/a6eb096e-10d2-4b9c-bd5d-7b6989708666">
        <dcterms:identifier xml:lang="en">{"id": "21f1f8cd-9639-4cc1-9b5c-d9a558867ae7", "value": "http://www.archesproject.org/a6eb096e-10d2-4b9c-bd5d-7b6989708666"}</dcterms:identifier>
        <skos:inScheme rdf:resource="http://localhost:8000/b3612595-fdad-48e0-a0ff-b380685aa6f3"/>
        <skos:prefLabel xml:lang="en">{"id": "cfed82bd-9f07-4a35-a482-af52eeeb2f04", "value": "Amperes"}</skos:prefLabel>
      </skos:Concept>
    </skos:narrower>
    <skos:inScheme rdf:resource="http://localhost:8000/b3612595-fdad-48e0-a0ff-b380685aa6f3"/>
    <skos:narrower rdf:resource="http://localhost:8000/a339e0a3-b9bd-4300-bddb-73390c581093"/>
    <skos:narrower>
      <skos:Concept rdf:about="http://localhost:8000/94887451-e293-4a1d-89ce-a8d9918a0bc2">
        <skos:prefLabel xml:lang="en">{"id": "af52fad7-2c1e-45c2-9558-eb71fe167594", "value": "Candelas"}</skos:prefLabel>
        <skos:inScheme rdf:resource="http://localhost:8000/b3612595-fdad-48e0-a0ff-b380685aa6f3"/>
        <dcterms:identifier xml:lang="en">{"id": "814a239b-1b38-418b-b072-d3b0a145e414", "value": "http://www.archesproject.org/94887451-e293-4a1d-89ce-a8d9918a0bc2"}</dcterms:identifier>
      </skos:Concept>
    </skos:narrower>
    <skos:narrower>
      <skos:Concept rdf:about="http://localhost:8000/605390ed-7252-4ecc-b9a5-a8d5cfa49032">
        <skos:inScheme rdf:resource="http://localhost:8000/b3612595-fdad-48e0-a0ff-b380685aa6f3"/>
        <dcterms:identifier xml:lang="en">{"id": "a18b3747-3e7a-4874-8e55-0ca0d62d4352", "value": "http://www.archesproject.org/605390ed-7252-4ecc-b9a5-a8d5cfa49032"}</dcterms:identifier>
        <skos:prefLabel xml:lang="en">{"id": "f2a3706c-5835-4a9e-a12e-b0c7e8e05d5b", "value": "Seconds"}</skos:prefLabel>
      </skos:Concept>
    </skos:narrower>
    <dcterms:identifier xml:lang="en">{"id": "b26babb9-8d1a-481d-8d1f-b99f66d5c051", "value": "http://www.archesproject.org/0443950c-1ece-4c05-8504-0f3edad43f94"}</dcterms:identifier>
    <skos:narrower rdf:resource="http://localhost:8000/7f293a16-4ebf-48b6-ae14-8abd9d71d717"/>
    <skos:prefLabel xml:lang="en">{"id": "ee5e993b-847b-4884-8dff-654977e6b360", "value": "SI Base Units"}</skos:prefLabel>
  </skos:Concept>
  <skos:Concept rdf:about="http://localhost:8000/369accf4-72c6-4f59-956c-ef37dccc02b8">
    <skos:inScheme rdf:resource="http://localhost:8000/b3612595-fdad-48e0-a0ff-b380685aa6f3"/>
    <skos:prefLabel xml:lang="en">{"id": "66360af9-2da2-46af-95fc-83ef87b34d23", "value": "Pages"}</skos:prefLabel>
    <dcterms:identifier xml:lang="en">{"id": "6100622b-c3b3-48fe-8265-6614be0e2d26", "value": "http://localhost:8000/369accf4-72c6-4f59-956c-ef37dccc02b8"}</dcterms:identifier>
  </skos:Concept>
</rdf:RDF>
