<?xml version="1.0" encoding="utf-8"?>
<rdf:RDF
  xmlns:skos="http://www.w3.org/2004/02/skos/core#"
  xmlns:dcterms="http://purl.org/dc/terms/"
  xmlns:rdf="http://www.w3.org/1999/02/22-rdf-syntax-ns#"
>
  <skos:Concept rdf:about="http://localhost:8000/0a4e4527-03a9-4b63-96f1-326faf7001a0">
    <skos:inScheme>
      <skos:ConceptScheme rdf:about="http://localhost:8000/a292850a-c99c-4693-930f-d427cf8ef1e8">
        <skos:hasTopConcept rdf:resource="http://localhost:8000/6b81407a-63b6-4996-ac79-cd3465fef86d"/>
        <skos:hasTopConcept rdf:resource="http://localhost:8000/3d70ebb6-7731-40ba-9522-0d7158b4a935"/>
        <skos:hasTopConcept rdf:resource="http://localhost:8000/afd25425-8dd9-4ac0-973e-4f61e78a1463"/>
        <dcterms:identifier xml:lang="en">{"id": "f7271588-9405-4d5c-8990-47e6c105dc95", "value": "http://localhost:8000/a292850a-c99c-4693-930f-d427cf8ef1e8"}</dcterms:identifier>
        <skos:hasTopConcept rdf:resource="http://localhost:8000/58b28209-d011-4a4f-ac10-6b01e825dc19"/>
        <skos:hasTopConcept rdf:resource="http://localhost:8000/602bdae6-21b5-4b2f-bb38-dd3422fd3ace"/>
        <skos:hasTopConcept rdf:resource="http://localhost:8000/93882bc9-a9d3-433a-89bc-41b4c2698023"/>
        <skos:hasTopConcept rdf:resource="http://localhost:8000/e7205a9b-a7ab-4a67-add8-8e74c90726d5"/>
        <skos:hasTopConcept rdf:resource="http://localhost:8000/1d776a4e-6d3f-456f-8e47-64c4b110bddc"/>
        <skos:hasTopConcept rdf:resource="http://localhost:8000/f3f91c5a-f1ca-4a73-899c-d46cfa9cf9b2"/>
        <skos:hasTopConcept rdf:resource="http://localhost:8000/f4beb75e-0a74-4b98-8c20-141580a19e4b"/>
        <skos:hasTopConcept rdf:resource="http://localhost:8000/d5319cec-0c79-445e-9a61-1c08df25b48e"/>
        <skos:hasTopConcept rdf:resource="http://localhost:8000/06a63ecc-ab04-4662-b953-0bf3cc6d0270"/>
        <skos:hasTopConcept rdf:resource="http://localhost:8000/8053d68b-e4e4-45e6-ac9a-f58628e3578d"/>
        <skos:hasTopConcept rdf:resource="http://localhost:8000/5662d9b7-6185-4216-90f0-1379cebb9d1e"/>
        <skos:hasTopConcept rdf:resource="http://localhost:8000/059a3e77-f8ba-44cc-818b-6ce9021373f3"/>
        <skos:hasTopConcept rdf:resource="http://localhost:8000/dc59d994-d6be-46f1-8797-8d8952adb825"/>
        <skos:hasTopConcept rdf:resource="http://localhost:8000/bb01cc38-4ce9-481f-b461-e98539b583f9"/>
        <skos:hasTopConcept rdf:resource="http://localhost:8000/c7927fc6-e1f6-4a96-ad3c-5949144b6f91"/>
        <skos:hasTopConcept rdf:resource="http://localhost:8000/fc8f63c2-fa68-4d4a-a4e2-8fdee28b0524"/>
        <skos:hasTopConcept rdf:resource="http://localhost:8000/8204aa18-45d4-447d-b210-20003b8c1b26"/>
        <skos:hasTopConcept rdf:resource="http://localhost:8000/c009ad6e-f7a0-4fc1-a40c-f2aa5b8eaf31"/>
        <skos:hasTopConcept rdf:resource="http://localhost:8000/aebe2167-7448-4b4d-ade8-6b42fd2c8bb6"/>
        <skos:hasTopConcept rdf:resource="http://localhost:8000/4079a447-1900-45c3-a82e-37d4851a0c1f"/>
        <skos:hasTopConcept rdf:resource="http://localhost:8000/8d86bfe0-7c81-470a-8689-060d08abfe14"/>
        <skos:hasTopConcept rdf:resource="http://localhost:8000/8338ae29-d0a1-4fe0-8068-1769a815d916"/>
        <skos:hasTopConcept rdf:resource="http://localhost:8000/ff28eedd-f259-4464-9793-d718993a1d45"/>
        <skos:hasTopConcept rdf:resource="http://localhost:8000/940580b8-a914-4ad8-8276-25d94697edca"/>
        <skos:hasTopConcept rdf:resource="http://localhost:8000/86b9bc78-23c7-44f0-8899-37a58ab28d63"/>
        <skos:hasTopConcept rdf:resource="http://localhost:8000/7547ca7a-1634-4b7b-bd24-ae95477c3374"/>
        <skos:hasTopConcept rdf:resource="http://localhost:8000/afc200ff-f35d-4bc2-827a-f90ad6268802"/>
        <skos:hasTopConcept rdf:resource="http://localhost:8000/eb849b16-c2f2-4f2f-b7c9-e8fe3f9e80d8"/>
        <skos:hasTopConcept rdf:resource="http://localhost:8000/b149ec8b-ee38-4cd7-b432-4ce84b5698ff"/>
        <skos:hasTopConcept rdf:resource="http://localhost:8000/fdbde0ca-862d-4706-85ec-9e104735a7b2"/>
        <skos:hasTopConcept rdf:resource="http://localhost:8000/06b7d7f1-c7a4-4dd5-aca5-893f4b968970"/>
        <skos:hasTopConcept rdf:resource="http://localhost:8000/2d5a2f56-c153-43a1-8e78-49648cd99422"/>
        <skos:hasTopConcept rdf:resource="http://localhost:8000/b52d6b8a-0fbc-48d1-8b3a-81d95a48e0c5"/>
        <skos:hasTopConcept rdf:resource="http://localhost:8000/1efb34da-d1d2-4e35-9330-b32f13413870"/>
        <skos:hasTopConcept rdf:resource="http://localhost:8000/77c1a411-0e20-400c-9549-83f90cc670fc"/>
        <skos:hasTopConcept rdf:resource="http://localhost:8000/12e13956-e160-41ea-bfd9-f16737948741"/>
        <skos:hasTopConcept rdf:resource="http://localhost:8000/ef0f6d35-fa93-49d6-9efa-6f83dbc184ae"/>
        <dcterms:title xml:lang="en">{"id": "18a40535-3f5d-4ce1-b5d6-299e5760e96c", "value": "Metatypes"}</dcterms:title>
        <skos:hasTopConcept rdf:resource="http://localhost:8000/c7e90d61-7c81-475b-8a14-1a669a92dc2f"/>
        <skos:hasTopConcept rdf:resource="http://localhost:8000/eb55d9cb-c6be-4239-a61a-32768427e162"/>
        <skos:hasTopConcept rdf:resource="http://localhost:8000/7e3ed6be-75d6-4768-b5ee-0eda8e97f04f"/>
        <skos:hasTopConcept rdf:resource="http://localhost:8000/65d8f389-eb3a-43c2-afd2-5076029005a1"/>
        <skos:hasTopConcept rdf:resource="http://localhost:8000/16826bf0-e99f-4371-aabd-2d06a1d4f1e5"/>
        <skos:hasTopConcept rdf:resource="http://localhost:8000/0f5e6c51-4a22-4d0a-8cbc-303b2feaf876"/>
        <skos:hasTopConcept rdf:resource="http://localhost:8000/ff77dcee-f90f-4f7c-b907-7f9a9b4a90d4"/>
        <skos:hasTopConcept rdf:resource="http://localhost:8000/d746383f-c038-49a3-9a48-0dcc76ec9f43"/>
        <skos:hasTopConcept rdf:resource="http://localhost:8000/be4b5871-32e6-4f01-a0f7-3772857dc421"/>
        <skos:hasTopConcept rdf:resource="http://localhost:8000/2b22a4b1-54b9-4289-850f-6201d49d0c0f"/>
        <skos:hasTopConcept rdf:resource="http://localhost:8000/17ccacb5-1a3f-4fa4-8652-7d776d85125a"/>
        <skos:hasTopConcept rdf:resource="http://localhost:8000/fa47ce62-3a12-4835-84fa-01e6cdee65b5"/>
        <skos:hasTopConcept rdf:resource="http://localhost:8000/f057c9d6-ae47-46e1-8cc3-59a86039ef13"/>
        <skos:hasTopConcept rdf:resource="http://localhost:8000/4b3f5e4f-7541-4808-8f5d-e52d9a32d208"/>
        <skos:hasTopConcept rdf:resource="http://localhost:8000/19df18a7-da3b-4aa6-9240-a8d2a85a6fa6"/>
        <skos:hasTopConcept rdf:resource="http://localhost:8000/0a4e4527-03a9-4b63-96f1-326faf7001a0"/>
        <skos:hasTopConcept rdf:resource="http://localhost:8000/e569c98c-3879-4f40-91f6-d2bf4827a8df"/>
        <skos:hasTopConcept rdf:resource="http://localhost:8000/f3b6d13e-5f5a-454a-88d2-d39831c3f3d6"/>
        <skos:hasTopConcept rdf:resource="http://localhost:8000/53c75121-bc3d-459e-9ef3-e8ff426ffbcf"/>
        <skos:hasTopConcept rdf:resource="http://localhost:8000/58283be2-b1d1-4e00-83f2-af87ca292738"/>
        <skos:hasTopConcept rdf:resource="http://localhost:8000/c2abb1fa-aff0-49e4-9686-652a3b1ab65d"/>
        <skos:hasTopConcept rdf:resource="http://localhost:8000/d4a5931b-1acf-49c4-b3cb-99599edd4462"/>
        <skos:hasTopConcept rdf:resource="http://localhost:8000/699b6636-e887-4b65-962a-623b1d804065"/>
        <skos:hasTopConcept rdf:resource="http://localhost:8000/2e1132e8-7ba0-451a-b4a8-23cbefb3c82c"/>
        <skos:hasTopConcept rdf:resource="http://localhost:8000/e1590cf5-4b63-4b2c-b7a3-1e249eba26aa"/>
      </skos:ConceptScheme>
    </skos:inScheme>
    <dcterms:identifier xml:lang="en">{"id": "145f041d-0981-4b10-b48e-29ed4dbb0f06", "value": "http://localhost:8000/0a4e4527-03a9-4b63-96f1-326faf7001a0"}</dcterms:identifier>
    <skos:prefLabel xml:lang="en">{"id": "38d853c9-da1f-4186-9733-adfa70d84195", "value": "Organization Type"}</skos:prefLabel>
  </skos:Concept>
  <skos:Concept rdf:about="http://localhost:8000/afc200ff-f35d-4bc2-827a-f90ad6268802">
    <skos:inScheme rdf:resource="http://localhost:8000/a292850a-c99c-4693-930f-d427cf8ef1e8"/>
    <skos:prefLabel xml:lang="en">{"id": "561dc137-3557-4e2f-986e-a8855cad74cf", "value": "Copyright Type"}</skos:prefLabel>
    <dcterms:identifier xml:lang="en">{"id": "418227aa-20ea-49e0-a162-5d2b1b9b54fd", "value": "http://localhost:8000/afc200ff-f35d-4bc2-827a-f90ad6268802"}</dcterms:identifier>
  </skos:Concept>
  <skos:Concept rdf:about="http://localhost:8000/bb01cc38-4ce9-481f-b461-e98539b583f9">
    <skos:prefLabel xml:lang="en">{"id": "496b4a50-3325-4704-b1c5-57542dc62011", "value": "Production Technique Type"}</skos:prefLabel>
    <dcterms:identifier xml:lang="en">{"id": "ad4efeeb-49ec-423e-8178-76a72f9ebbff", "value": "http://localhost:8000/bb01cc38-4ce9-481f-b461-e98539b583f9"}</dcterms:identifier>
    <skos:inScheme rdf:resource="http://localhost:8000/a292850a-c99c-4693-930f-d427cf8ef1e8"/>
  </skos:Concept>
  <skos:Concept rdf:about="http://localhost:8000/8338ae29-d0a1-4fe0-8068-1769a815d916">
    <skos:inScheme rdf:resource="http://localhost:8000/a292850a-c99c-4693-930f-d427cf8ef1e8"/>
    <skos:prefLabel xml:lang="en">{"id": "6bdffb5e-9f5b-44f7-a3a6-11cf81219fd8", "value": "Address Part Type"}</skos:prefLabel>
    <dcterms:identifier xml:lang="en">{"id": "571a57df-9427-4f0f-a599-2d70e2d3f89f", "value": "http://localhost:8000/8338ae29-d0a1-4fe0-8068-1769a815d916"}</dcterms:identifier>
  </skos:Concept>
  <skos:Concept rdf:about="http://localhost:8000/fc8f63c2-fa68-4d4a-a4e2-8fdee28b0524">
    <skos:inScheme rdf:resource="http://localhost:8000/a292850a-c99c-4693-930f-d427cf8ef1e8"/>
    <skos:prefLabel xml:lang="en">{"id": "7fbf88a6-7e23-47e4-8739-f494d7ff8084", "value": "Subject Type"}</skos:prefLabel>
    <dcterms:identifier xml:lang="en">{"id": "fd371b56-007e-4c73-aa37-66371bceffe5", "value": "http://localhost:8000/fc8f63c2-fa68-4d4a-a4e2-8fdee28b0524"}</dcterms:identifier>
  </skos:Concept>
  <skos:Concept rdf:about="http://localhost:8000/ef0f6d35-fa93-49d6-9efa-6f83dbc184ae">
    <skos:prefLabel xml:lang="en">{"id": "35999571-5ac9-4bca-abc6-db5ba2588253", "value": "Area Type"}</skos:prefLabel>
    <dcterms:identifier xml:lang="en">{"id": "d5cfdd81-6087-41c7-b150-3ffacaa215e7", "value": "http://localhost:8000/ef0f6d35-fa93-49d6-9efa-6f83dbc184ae"}</dcterms:identifier>
    <skos:inScheme rdf:resource="http://localhost:8000/a292850a-c99c-4693-930f-d427cf8ef1e8"/>
  </skos:Concept>
  <skos:Concept rdf:about="http://localhost:8000/d746383f-c038-49a3-9a48-0dcc76ec9f43">
    <skos:prefLabel xml:lang="en">{"id": "337514d3-a8a8-46c1-a89a-aea83e582a8d", "value": "Protection Grade"}</skos:prefLabel>
    <dcterms:identifier xml:lang="en">{"id": "dc8143b7-3996-4294-b607-c655142576c2", "value": "http://localhost:8000/d746383f-c038-49a3-9a48-0dcc76ec9f43"}</dcterms:identifier>
    <skos:inScheme rdf:resource="http://localhost:8000/a292850a-c99c-4693-930f-d427cf8ef1e8"/>
  </skos:Concept>
  <skos:Concept rdf:about="http://localhost:8000/2e1132e8-7ba0-451a-b4a8-23cbefb3c82c">
    <skos:prefLabel xml:lang="en">{"id": "59471da5-0062-407f-874b-714305c2fc5a", "value": "Authorization Type"}</skos:prefLabel>
    <skos:inScheme rdf:resource="http://localhost:8000/a292850a-c99c-4693-930f-d427cf8ef1e8"/>
  </skos:Concept>
  <skos:Concept rdf:about="http://localhost:8000/6b81407a-63b6-4996-ac79-cd3465fef86d">
    <dcterms:identifier xml:lang="en">{"id": "5a4735b4-bf32-46c1-83d4-b062e86241b2", "value": "http://localhost:8000/6b81407a-63b6-4996-ac79-cd3465fef86d"}</dcterms:identifier>
    <skos:inScheme rdf:resource="http://localhost:8000/a292850a-c99c-4693-930f-d427cf8ef1e8"/>
    <skos:prefLabel xml:lang="en">{"id": "b9ffd5fa-c512-44a6-b1c2-87fd1e3cd519", "value": "Activity Type"}</skos:prefLabel>
  </skos:Concept>
  <skos:Concept rdf:about="http://localhost:8000/4b3f5e4f-7541-4808-8f5d-e52d9a32d208">
    <skos:prefLabel xml:lang="en">{"id": "d3284599-47b3-47fe-8675-d5a61086df50", "value": "Capture Scale Type"}</skos:prefLabel>
    <skos:inScheme rdf:resource="http://localhost:8000/a292850a-c99c-4693-930f-d427cf8ef1e8"/>
  </skos:Concept>
  <skos:Concept rdf:about="http://localhost:8000/e1590cf5-4b63-4b2c-b7a3-1e249eba26aa">
    <dcterms:identifier xml:lang="en">{"id": "acb9b231-edc9-4c63-86d8-7eb74da02197", "value": "http://localhost:8000/e1590cf5-4b63-4b2c-b7a3-1e249eba26aa"}</dcterms:identifier>
    <skos:inScheme rdf:resource="http://localhost:8000/a292850a-c99c-4693-930f-d427cf8ef1e8"/>
    <skos:prefLabel xml:lang="en">{"id": "9d51623c-3994-4074-9ed9-2abf04330ae6", "value": "Information Object Part Type"}</skos:prefLabel>
  </skos:Concept>
  <skos:Concept rdf:about="http://localhost:8000/fa47ce62-3a12-4835-84fa-01e6cdee65b5">
    <skos:prefLabel xml:lang="en">{"id": "003c935b-e8f0-4df7-aa76-a670e4a7a532", "value": "Compilation Type"}</skos:prefLabel>
    <skos:inScheme rdf:resource="http://localhost:8000/a292850a-c99c-4693-930f-d427cf8ef1e8"/>
  </skos:Concept>
  <skos:Concept rdf:about="http://localhost:8000/5662d9b7-6185-4216-90f0-1379cebb9d1e">
    <skos:prefLabel xml:lang="en">{"id": "a0e096e2-f5ae-4579-950d-3040714713b4", "value": "Name Type"}</skos:prefLabel>
    <skos:inScheme rdf:resource="http://localhost:8000/a292850a-c99c-4693-930f-d427cf8ef1e8"/>
    <dcterms:identifier xml:lang="en">{"id": "2721b19e-f724-40f3-aad2-8bcdcfacf9a9", "value": "http://localhost:8000/5662d9b7-6185-4216-90f0-1379cebb9d1e"}</dcterms:identifier>
  </skos:Concept>
  <skos:Concept rdf:about="http://localhost:8000/dc59d994-d6be-46f1-8797-8d8952adb825">
    <skos:inScheme rdf:resource="http://localhost:8000/a292850a-c99c-4693-930f-d427cf8ef1e8"/>
    <skos:prefLabel xml:lang="en">{"id": "65ef7ae0-6a6b-4fac-9324-41dd8e712880", "value": "SHINE Form Type"}</skos:prefLabel>
  </skos:Concept>
  <skos:Concept rdf:about="http://localhost:8000/16826bf0-e99f-4371-aabd-2d06a1d4f1e5">
    <skos:prefLabel xml:lang="en">{"id": "48b0ffe8-d72c-4152-9e00-24910d60202d", "value": "Information Object Type"}</skos:prefLabel>
    <dcterms:identifier xml:lang="en">{"id": "dc3ac10f-2159-4ac0-8e85-90fd38e21b41", "value": "http://localhost:8000/16826bf0-e99f-4371-aabd-2d06a1d4f1e5"}</dcterms:identifier>
    <skos:inScheme rdf:resource="http://localhost:8000/a292850a-c99c-4693-930f-d427cf8ef1e8"/>
  </skos:Concept>
  <skos:Concept rdf:about="http://localhost:8000/afd25425-8dd9-4ac0-973e-4f61e78a1463">
    <skos:inScheme rdf:resource="http://localhost:8000/a292850a-c99c-4693-930f-d427cf8ef1e8"/>
    <skos:prefLabel xml:lang="en">{"id": "20aa84bf-c35a-43c2-9b23-68b6f9eac5c9", "value": "Aircraft Type"}</skos:prefLabel>
  </skos:Concept>
  <skos:Concept rdf:about="http://localhost:8000/aebe2167-7448-4b4d-ade8-6b42fd2c8bb6">
    <skos:prefLabel xml:lang="en">{"id": "e6cf2f57-55f1-4598-ab1a-1f0c4285b9b2", "value": "Spatial Accuracy Qualifier Type"}</skos:prefLabel>
    <skos:inScheme rdf:resource="http://localhost:8000/a292850a-c99c-4693-930f-d427cf8ef1e8"/>
  </skos:Concept>
  <skos:Concept rdf:about="http://localhost:8000/8204aa18-45d4-447d-b210-20003b8c1b26">
    <skos:inScheme rdf:resource="http://localhost:8000/a292850a-c99c-4693-930f-d427cf8ef1e8"/>
    <skos:prefLabel xml:lang="en">{"id": "f69a6133-7583-40a9-8da8-f76d3a9de6db", "value": "Update Type"}</skos:prefLabel>
  </skos:Concept>
  <skos:Concept rdf:about="http://localhost:8000/c7927fc6-e1f6-4a96-ad3c-5949144b6f91">
    <skos:prefLabel xml:lang="en">{"id": "3dcc94f2-fe86-4286-b87f-047f13c8355a", "value": "Resource Model Type"}</skos:prefLabel>
    <dcterms:identifier xml:lang="en">{"id": "666d76be-ec26-4606-af6d-efb13c3bdee6", "value": "http://localhost:8000/c7927fc6-e1f6-4a96-ad3c-5949144b6f91"}</dcterms:identifier>
    <skos:inScheme rdf:resource="http://localhost:8000/a292850a-c99c-4693-930f-d427cf8ef1e8"/>
  </skos:Concept>
  <skos:Concept rdf:about="http://localhost:8000/2d5a2f56-c153-43a1-8e78-49648cd99422">
    <skos:prefLabel xml:lang="en">{"id": "bb33f953-2a12-44ed-9fe7-4cd5023104cc", "value": "Historic Period Type"}</skos:prefLabel>
    <skos:inScheme rdf:resource="http://localhost:8000/a292850a-c99c-4693-930f-d427cf8ef1e8"/>
    <dcterms:identifier xml:lang="en">{"id": "3496219d-9567-4655-ace0-fd0c20002343", "value": "http://localhost:8000/2d5a2f56-c153-43a1-8e78-49648cd99422"}</dcterms:identifier>
  </skos:Concept>
  <skos:Concept rdf:about="http://localhost:8000/1d776a4e-6d3f-456f-8e47-64c4b110bddc">
    <skos:prefLabel xml:lang="en">{"id": "4a3ba5e2-bb8b-4180-afb6-9b710f4e122f", "value": "Application Type"}</skos:prefLabel>
    <skos:inScheme rdf:resource="http://localhost:8000/a292850a-c99c-4693-930f-d427cf8ef1e8"/>
  </skos:Concept>
  <skos:Concept rdf:about="http://localhost:8000/b149ec8b-ee38-4cd7-b432-4ce84b5698ff">
    <skos:inScheme rdf:resource="http://localhost:8000/a292850a-c99c-4693-930f-d427cf8ef1e8"/>
    <skos:prefLabel xml:lang="en">{"id": "dfd57433-f8e3-4bbd-905b-885ebea87455", "value": "Artefact Type"}</skos:prefLabel>
  </skos:Concept>
  <skos:Concept rdf:about="http://localhost:8000/f4beb75e-0a74-4b98-8c20-141580a19e4b">
    <skos:prefLabel xml:lang="en">{"id": "f7237328-5909-4c74-9109-a7de145a7088", "value": "Mitigation Type"}</skos:prefLabel>
    <skos:inScheme rdf:resource="http://localhost:8000/a292850a-c99c-4693-930f-d427cf8ef1e8"/>
  </skos:Concept>
  <skos:Concept rdf:about="http://localhost:8000/b52d6b8a-0fbc-48d1-8b3a-81d95a48e0c5">
    <skos:inScheme rdf:resource="http://localhost:8000/a292850a-c99c-4693-930f-d427cf8ef1e8"/>
    <skos:prefLabel xml:lang="en">{"id": "f1a24b1f-7a72-4718-b54d-604644cc9e99", "value": "Geology Type"}</skos:prefLabel>
  </skos:Concept>
  <skos:Concept rdf:about="http://localhost:8000/f3b6d13e-5f5a-454a-88d2-d39831c3f3d6">
    <skos:inScheme rdf:resource="http://localhost:8000/a292850a-c99c-4693-930f-d427cf8ef1e8"/>
    <skos:prefLabel xml:lang="en">{"id": "d3b75e3a-638e-490e-8d1b-bbb5c504ce94", "value": "Association Type"}</skos:prefLabel>
  </skos:Concept>
  <skos:Concept rdf:about="http://localhost:8000/4079a447-1900-45c3-a82e-37d4851a0c1f">
    <skos:prefLabel xml:lang="en">{"id": "46f076c8-fd6a-4141-b74e-6c26be3725fa", "value": "Audit Outcome Type"}</skos:prefLabel>
    <skos:inScheme rdf:resource="http://localhost:8000/a292850a-c99c-4693-930f-d427cf8ef1e8"/>
  </skos:Concept>
  <skos:Concept rdf:about="http://localhost:8000/93882bc9-a9d3-433a-89bc-41b4c2698023">
    <skos:prefLabel xml:lang="en">{"id": "495ecc6a-a265-434b-8708-d6b76bd9a30e", "value": "Measurement Unit"}</skos:prefLabel>
    <skos:inScheme rdf:resource="http://localhost:8000/a292850a-c99c-4693-930f-d427cf8ef1e8"/>
    <dcterms:identifier xml:lang="en">{"id": "1ecb5b44-46e5-4273-95a3-6ee95a18801e", "value": "http://localhost:8000/93882bc9-a9d3-433a-89bc-41b4c2698023"}</dcterms:identifier>
  </skos:Concept>
  <skos:Concept rdf:about="http://localhost:8000/c009ad6e-f7a0-4fc1-a40c-f2aa5b8eaf31">
    <skos:inScheme rdf:resource="http://localhost:8000/a292850a-c99c-4693-930f-d427cf8ef1e8"/>
    <skos:prefLabel xml:lang="en">{"id": "44b1e6af-5c5a-4c68-9eb9-4eb43bdbe823", "value": "Construction Phase Type"}</skos:prefLabel>
  </skos:Concept>
  <skos:Concept rdf:about="http://localhost:8000/d4a5931b-1acf-49c4-b3cb-99599edd4462">
    <skos:inScheme rdf:resource="http://localhost:8000/a292850a-c99c-4693-930f-d427cf8ef1e8"/>
    <skos:prefLabel xml:lang="en">{"id": "8687011e-9dfa-463e-89e2-79bfdbbe7dda", "value": "Protection Type"}</skos:prefLabel>
    <dcterms:identifier xml:lang="en">{"id": "4b930c28-3d8a-4d31-a1d1-c9782a51649b", "value": "http://localhost:8000/d4a5931b-1acf-49c4-b3cb-99599edd4462"}</dcterms:identifier>
  </skos:Concept>
  <skos:Concept rdf:about="http://localhost:8000/c7e90d61-7c81-475b-8a14-1a669a92dc2f">
    <skos:prefLabel xml:lang="en">{"id": "04a4c4d5-5a5e-4018-93aa-65abaa53fb53", "value": "Name Use Type"}</skos:prefLabel>
    <skos:inScheme rdf:resource="http://localhost:8000/a292850a-c99c-4693-930f-d427cf8ef1e8"/>
    <dcterms:identifier xml:lang="en">{"id": "f390bc04-ad8e-4da9-849e-21a818a0e27f", "value": "http://localhost:8000/c7e90d61-7c81-475b-8a14-1a669a92dc2f"}</dcterms:identifier>
  </skos:Concept>
  <skos:Concept rdf:about="http://localhost:8000/06b7d7f1-c7a4-4dd5-aca5-893f4b968970">
    <skos:prefLabel xml:lang="en">{"id": "b81d4b16-0633-4d7a-b4b2-5c2d3e2e782e", "value": "Role Type"}</skos:prefLabel>
    <dcterms:identifier xml:lang="en">{"id": "aed9a3e8-08be-4af4-8490-b623110c6d67", "value": "http://localhost:8000/06b7d7f1-c7a4-4dd5-aca5-893f4b968970"}</dcterms:identifier>
    <skos:inScheme rdf:resource="http://localhost:8000/a292850a-c99c-4693-930f-d427cf8ef1e8"/>
  </skos:Concept>
  <skos:Concept rdf:about="http://localhost:8000/65d8f389-eb3a-43c2-afd2-5076029005a1">
    <skos:prefLabel xml:lang="en">{"id": "823d2c4f-39ad-47d4-89b4-726ef167534b", "value": "Dimension Type"}</skos:prefLabel>
    <skos:inScheme rdf:resource="http://localhost:8000/a292850a-c99c-4693-930f-d427cf8ef1e8"/>
  </skos:Concept>
  <skos:Concept rdf:about="http://localhost:8000/ff28eedd-f259-4464-9793-d718993a1d45">
    <skos:inScheme rdf:resource="http://localhost:8000/a292850a-c99c-4693-930f-d427cf8ef1e8"/>
    <skos:prefLabel xml:lang="en">{"id": "1d5c7465-7225-4bca-b1df-045a86e286b2", "value": "Ownership Type"}</skos:prefLabel>
  </skos:Concept>
  <skos:Concept rdf:about="http://localhost:8000/940580b8-a914-4ad8-8276-25d94697edca">
    <skos:inScheme rdf:resource="http://localhost:8000/a292850a-c99c-4693-930f-d427cf8ef1e8"/>
    <skos:prefLabel xml:lang="en">{"id": "ce6cea2d-dd71-463f-8fd3-baa6c5c883a5", "value": "Contact Point Type"}</skos:prefLabel>
    <dcterms:identifier xml:lang="en">{"id": "cc50eda1-8131-4202-9fa4-addecd16d457", "value": "http://localhost:8000/940580b8-a914-4ad8-8276-25d94697edca"}</dcterms:identifier>
  </skos:Concept>
  <skos:Concept rdf:about="http://localhost:8000/58b28209-d011-4a4f-ac10-6b01e825dc19">
    <dcterms:identifier xml:lang="en">{"id": "9ca3fed4-91ec-4a35-a4a0-55edf13f8ed1", "value": "http://localhost:8000/58b28209-d011-4a4f-ac10-6b01e825dc19"}</dcterms:identifier>
    <skos:prefLabel xml:lang="en">{"id": "9501a49f-024d-49b3-819e-43aba87db901", "value": "Audience Type"}</skos:prefLabel>
    <skos:inScheme rdf:resource="http://localhost:8000/a292850a-c99c-4693-930f-d427cf8ef1e8"/>
  </skos:Concept>
  <skos:Concept rdf:about="http://localhost:8000/e7205a9b-a7ab-4a67-add8-8e74c90726d5">
    <skos:inScheme rdf:resource="http://localhost:8000/a292850a-c99c-4693-930f-d427cf8ef1e8"/>
    <skos:prefLabel xml:lang="en">{"id": "4fa77fc1-252a-4930-a756-71dca73aaf31", "value": "Production Method Type"}</skos:prefLabel>
    <dcterms:identifier xml:lang="en">{"id": "9aabfc6e-1d77-4776-b7ad-df8f0ea26122", "value": "http://localhost:8000/e7205a9b-a7ab-4a67-add8-8e74c90726d5"}</dcterms:identifier>
  </skos:Concept>
  <skos:Concept rdf:about="http://localhost:8000/602bdae6-21b5-4b2f-bb38-dd3422fd3ace">
    <skos:inScheme rdf:resource="http://localhost:8000/a292850a-c99c-4693-930f-d427cf8ef1e8"/>
    <skos:prefLabel xml:lang="en">{"id": "956f9779-3524-448e-b2de-eabf2de95d51", "value": "Communication Type"}</skos:prefLabel>
  </skos:Concept>
  <skos:Concept rdf:about="http://localhost:8000/c2abb1fa-aff0-49e4-9686-652a3b1ab65d">
    <skos:prefLabel xml:lang="en">{"id": "d5366899-09ec-4db1-8a49-a32b7e4784e3", "value": "Language Type"}</skos:prefLabel>
    <dcterms:identifier xml:lang="en">{"id": "8ba070fd-4a6d-47ba-a3eb-635203ced49a", "value": "http://localhost:8000/c2abb1fa-aff0-49e4-9686-652a3b1ab65d"}</dcterms:identifier>
    <skos:inScheme rdf:resource="http://localhost:8000/a292850a-c99c-4693-930f-d427cf8ef1e8"/>
  </skos:Concept>
  <skos:Concept rdf:about="http://localhost:8000/be4b5871-32e6-4f01-a0f7-3772857dc421">
    <skos:prefLabel xml:lang="en">{"id": "06643704-f7af-4e89-a959-a4021a1b3298", "value": "Standard Deviation Type"}</skos:prefLabel>
    <skos:inScheme rdf:resource="http://localhost:8000/a292850a-c99c-4693-930f-d427cf8ef1e8"/>
  </skos:Concept>
  <skos:Concept rdf:about="http://localhost:8000/17ccacb5-1a3f-4fa4-8652-7d776d85125a">
    <skos:prefLabel xml:lang="en">{"id": "7a518871-4949-4e57-908e-eb17751a404a", "value": "Sub-Soil Type"}</skos:prefLabel>
    <skos:inScheme rdf:resource="http://localhost:8000/a292850a-c99c-4693-930f-d427cf8ef1e8"/>
  </skos:Concept>
  <skos:Concept rdf:about="http://localhost:8000/8053d68b-e4e4-45e6-ac9a-f58628e3578d">
    <skos:prefLabel xml:lang="en">{"id": "29883a1e-2323-467d-9c2f-e54ec09e2817", "value": "File Format Type"}</skos:prefLabel>
    <dcterms:identifier xml:lang="en">{"id": "ed6dee2e-f184-4016-bc58-c186cdf5913b", "value": "http://localhost:8000/8053d68b-e4e4-45e6-ac9a-f58628e3578d"}</dcterms:identifier>
    <skos:inScheme rdf:resource="http://localhost:8000/a292850a-c99c-4693-930f-d427cf8ef1e8"/>
  </skos:Concept>
  <skos:Concept rdf:about="http://localhost:8000/d5319cec-0c79-445e-9a61-1c08df25b48e">
    <skos:prefLabel xml:lang="en">{"id": "ffcdfdf2-0222-473a-934d-58dc6a703cbf", "value": "Condition Type"}</skos:prefLabel>
    <skos:inScheme rdf:resource="http://localhost:8000/a292850a-c99c-4693-930f-d427cf8ef1e8"/>
  </skos:Concept>
  <skos:Concept rdf:about="http://localhost:8000/06a63ecc-ab04-4662-b953-0bf3cc6d0270">
    <skos:prefLabel xml:lang="en">{"id": "c6dd5482-6687-44ae-bb54-7d49e084664a", "value": "SHINE Significance Type"}</skos:prefLabel>
    <skos:inScheme rdf:resource="http://localhost:8000/a292850a-c99c-4693-930f-d427cf8ef1e8"/>
  </skos:Concept>
  <skos:Concept rdf:about="http://localhost:8000/8d86bfe0-7c81-470a-8689-060d08abfe14">
    <skos:prefLabel xml:lang="en">{"id": "62f3f620-ea25-46c8-9a7b-dbadf23aa874", "value": "Classification Type"}</skos:prefLabel>
    <skos:inScheme rdf:resource="http://localhost:8000/a292850a-c99c-4693-930f-d427cf8ef1e8"/>
  </skos:Concept>
  <skos:Concept rdf:about="http://localhost:8000/f057c9d6-ae47-46e1-8cc3-59a86039ef13">
    <skos:prefLabel xml:lang="en">{"id": "c1201c83-09ad-415f-bb29-9b32c2fcf795", "value": "Development Type"}</skos:prefLabel>
    <skos:inScheme rdf:resource="http://localhost:8000/a292850a-c99c-4693-930f-d427cf8ef1e8"/>
  </skos:Concept>
  <skos:Concept rdf:about="http://localhost:8000/eb849b16-c2f2-4f2f-b7c9-e8fe3f9e80d8">
    <skos:prefLabel xml:lang="en">{"id": "1cc6f0e9-432f-4177-bae1-16cab5afd3ac", "value": "Evidence Type"}</skos:prefLabel>
    <skos:inScheme rdf:resource="http://localhost:8000/a292850a-c99c-4693-930f-d427cf8ef1e8"/>
  </skos:Concept>
  <skos:Concept rdf:about="http://localhost:8000/f3f91c5a-f1ca-4a73-899c-d46cfa9cf9b2">
    <skos:inScheme rdf:resource="http://localhost:8000/a292850a-c99c-4693-930f-d427cf8ef1e8"/>
    <skos:prefLabel xml:lang="en">{"id": "f2054168-b8dc-416a-b6df-f5aff733c0c3", "value": "Certainty Type"}</skos:prefLabel>
  </skos:Concept>
  <skos:Concept rdf:about="http://localhost:8000/58283be2-b1d1-4e00-83f2-af87ca292738">
    <dcterms:identifier xml:lang="en">{"id": "ba97c08d-47c2-400e-84c0-219c433b632d", "value": "http://localhost:8000/58283be2-b1d1-4e00-83f2-af87ca292738"}</dcterms:identifier>
    <skos:prefLabel xml:lang="en">{"id": "6fbe3775-e51d-4f90-af53-5695dd204c9a", "value": "Description Type"}</skos:prefLabel>
    <skos:inScheme rdf:resource="http://localhost:8000/a292850a-c99c-4693-930f-d427cf8ef1e8"/>
  </skos:Concept>
  <skos:Concept rdf:about="http://localhost:8000/1efb34da-d1d2-4e35-9330-b32f13413870">
    <skos:prefLabel xml:lang="en">{"id": "67b76fd1-4906-4055-b493-711c93fc0996", "value": "Address Status Type"}</skos:prefLabel>
    <skos:inScheme rdf:resource="http://localhost:8000/a292850a-c99c-4693-930f-d427cf8ef1e8"/>
    <dcterms:identifier xml:lang="en">{"id": "1d726a7a-0fe8-41c8-b3c4-d9e3e88958ab", "value": "http://localhost:8000/1efb34da-d1d2-4e35-9330-b32f13413870"}</dcterms:identifier>
  </skos:Concept>
  <skos:Concept rdf:about="http://localhost:8000/86b9bc78-23c7-44f0-8899-37a58ab28d63">
    <dcterms:identifier xml:lang="en">{"id": "c19e1d34-2fd2-481c-83f7-2edb9c59cbbd", "value": "http://localhost:8000/86b9bc78-23c7-44f0-8899-37a58ab28d63"}</dcterms:identifier>
    <skos:prefLabel xml:lang="en">{"id": "5a88136a-bf3a-4b48-a830-a7f42000dd24", "value": "Currency Type"}</skos:prefLabel>
    <skos:inScheme rdf:resource="http://localhost:8000/a292850a-c99c-4693-930f-d427cf8ef1e8"/>
  </skos:Concept>
  <skos:Concept rdf:about="http://localhost:8000/699b6636-e887-4b65-962a-623b1d804065">
    <skos:prefLabel xml:lang="en">{"id": "d03ff048-0234-49c0-919b-c0c2376d7cb0", "value": "Material Type"}</skos:prefLabel>
    <skos:inScheme rdf:resource="http://localhost:8000/a292850a-c99c-4693-930f-d427cf8ef1e8"/>
  </skos:Concept>
  <skos:Concept rdf:about="http://localhost:8000/ff77dcee-f90f-4f7c-b907-7f9a9b4a90d4">
    <dcterms:identifier xml:lang="en">{"id": "1ed851f4-b3bd-4114-b5d1-f1a8606cbbbd", "value": "http://localhost:8000/ff77dcee-f90f-4f7c-b907-7f9a9b4a90d4"}</dcterms:identifier>
    <skos:prefLabel xml:lang="en">{"id": "ae5d0ae4-4db5-4674-9af5-0e35801449b3", "value": "Validation Type"}</skos:prefLabel>
    <skos:inScheme rdf:resource="http://localhost:8000/a292850a-c99c-4693-930f-d427cf8ef1e8"/>
  </skos:Concept>
  <skos:Concept rdf:about="http://localhost:8000/059a3e77-f8ba-44cc-818b-6ce9021373f3">
    <skos:prefLabel xml:lang="en">{"id": "33bc5cb8-8b69-4626-addb-5219adb5e467", "value": "Consultation Type"}</skos:prefLabel>
    <skos:inScheme rdf:resource="http://localhost:8000/a292850a-c99c-4693-930f-d427cf8ef1e8"/>
  </skos:Concept>
  <skos:Concept rdf:about="http://localhost:8000/eb55d9cb-c6be-4239-a61a-32768427e162">
    <skos:prefLabel xml:lang="en">{"id": "ff8c387b-3e3d-4f72-a6f4-fa0526f5349a", "value": "Planning Outcome type"}</skos:prefLabel>
    <skos:inScheme rdf:resource="http://localhost:8000/a292850a-c99c-4693-930f-d427cf8ef1e8"/>
  </skos:Concept>
  <skos:Concept rdf:about="http://localhost:8000/7547ca7a-1634-4b7b-bd24-ae95477c3374">
    <skos:prefLabel xml:lang="en">{"id": "f3b206ff-9cb0-4819-b9c6-17d14e4b4749", "value": "Actor Type"}</skos:prefLabel>
    <skos:inScheme rdf:resource="http://localhost:8000/a292850a-c99c-4693-930f-d427cf8ef1e8"/>
  </skos:Concept>
  <skos:Concept rdf:about="http://localhost:8000/0f5e6c51-4a22-4d0a-8cbc-303b2feaf876">
    <skos:prefLabel xml:lang="en">{"id": "c9f3250e-55bc-4ebb-b0cc-573d6de94884", "value": "Maritime Craft Type"}</skos:prefLabel>
    <skos:inScheme rdf:resource="http://localhost:8000/a292850a-c99c-4693-930f-d427cf8ef1e8"/>
  </skos:Concept>
  <skos:Concept rdf:about="http://localhost:8000/3d70ebb6-7731-40ba-9522-0d7158b4a935">
    <skos:prefLabel xml:lang="en">{"id": "59a0c936-3f60-44f9-9e37-67b6ed0f4fa4", "value": "Date Qualifier Type"}</skos:prefLabel>
    <skos:inScheme rdf:resource="http://localhost:8000/a292850a-c99c-4693-930f-d427cf8ef1e8"/>
    <dcterms:identifier xml:lang="en">{"id": "2c883dfc-6b0d-4355-8a19-b9287993e86f", "value": "http://localhost:8000/3d70ebb6-7731-40ba-9522-0d7158b4a935"}</dcterms:identifier>
  </skos:Concept>
  <skos:Concept rdf:about="http://localhost:8000/2b22a4b1-54b9-4289-850f-6201d49d0c0f">
    <skos:prefLabel xml:lang="en">{"id": "953238ab-fefc-42e9-9b20-0b4441df2b41", "value": "Asset Type"}</skos:prefLabel>
    <skos:inScheme rdf:resource="http://localhost:8000/a292850a-c99c-4693-930f-d427cf8ef1e8"/>
  </skos:Concept>
  <skos:Concept rdf:about="http://localhost:8000/fdbde0ca-862d-4706-85ec-9e104735a7b2">
    <skos:inScheme rdf:resource="http://localhost:8000/a292850a-c99c-4693-930f-d427cf8ef1e8"/>
    <skos:prefLabel xml:lang="en">{"id": "f73d5ef5-b158-4046-9b57-662fd64c2c11", "value": "Component Type"}</skos:prefLabel>
  </skos:Concept>
  <skos:Concept rdf:about="http://localhost:8000/19df18a7-da3b-4aa6-9240-a8d2a85a6fa6">
    <skos:inScheme rdf:resource="http://localhost:8000/a292850a-c99c-4693-930f-d427cf8ef1e8"/>
    <skos:prefLabel xml:lang="en">{"id": "d079f49f-13ed-480c-87bb-e5c77ee901e2", "value": "Land Use Type"}</skos:prefLabel>
  </skos:Concept>
  <skos:Concept rdf:about="http://localhost:8000/53c75121-bc3d-459e-9ef3-e8ff426ffbcf">
    <skos:inScheme rdf:resource="http://localhost:8000/a292850a-c99c-4693-930f-d427cf8ef1e8"/>
    <skos:prefLabel xml:lang="en">{"id": "e3d9c240-026a-4c1b-8a8e-0ec72541d32a", "value": "Nationality Type"}</skos:prefLabel>
  </skos:Concept>
  <skos:Concept rdf:about="http://localhost:8000/7e3ed6be-75d6-4768-b5ee-0eda8e97f04f">
    <skos:inScheme rdf:resource="http://localhost:8000/a292850a-c99c-4693-930f-d427cf8ef1e8"/>
    <skos:prefLabel xml:lang="en">{"id": "dbc18bc0-ec10-4623-b866-52ece47d9780", "value": "Feature Shape Type"}</skos:prefLabel>
  </skos:Concept>
  <skos:Concept rdf:about="http://localhost:8000/77c1a411-0e20-400c-9549-83f90cc670fc">
    <skos:inScheme rdf:resource="http://localhost:8000/a292850a-c99c-4693-930f-d427cf8ef1e8"/>
    <dcterms:identifier xml:lang="en">{"id": "ea73b21b-1e4e-4618-858d-b096e359ee74", "value": "http://localhost:8000/77c1a411-0e20-400c-9549-83f90cc670fc"}</dcterms:identifier>
    <skos:prefLabel xml:lang="en">{"id": "7346be23-bff6-42dc-91d0-7c5182aa0031", "value": "Reference Number Type"}</skos:prefLabel>
  </skos:Concept>
  <skos:Concept rdf:about="http://localhost:8000/e569c98c-3879-4f40-91f6-d2bf4827a8df">
    <dcterms:identifier xml:lang="en">{"id": "fdae1cdd-8f8f-4427-a4d1-a27633bb473c", "value": "http://localhost:8000/e569c98c-3879-4f40-91f6-d2bf4827a8df"}</dcterms:identifier>
    <skos:inScheme rdf:resource="http://localhost:8000/a292850a-c99c-4693-930f-d427cf8ef1e8"/>
    <skos:prefLabel xml:lang="en-us">{"id": "c9bc15cc-46fe-4d34-a530-a228854845c8", "value": "Status Type"}</skos:prefLabel>
  </skos:Concept>
  <skos:Concept rdf:about="http://localhost:8000/12e13956-e160-41ea-bfd9-f16737948741">
    <skos:prefLabel xml:lang="en">{"id": "84283ac9-c985-4e94-966e-b4bd78c658c3", "value": "Dating Method Type"}</skos:prefLabel>
    <skos:inScheme rdf:resource="http://localhost:8000/a292850a-c99c-4693-930f-d427cf8ef1e8"/>
  </skos:Concept>
</rdf:RDF>
