<?xml version="1.0" encoding="utf-8"?>
<rdf:RDF
  xmlns:skos="http://www.w3.org/2004/02/skos/core#"
  xmlns:dcterms="http://purl.org/dc/terms/"
  xmlns:rdf="http://www.w3.org/1999/02/22-rdf-syntax-ns#"
>
  <skos:Concept rdf:about="http://localhost:8000/d5cf42d8-0898-4387-9324-716d31101b55">
    <dcterms:identifier xml:lang="en">{"id": "d013dd40-28c2-4618-aab5-16c7009a7ff7", "value": "http://www.archesproject.org/d5cf42d8-0898-4387-9324-716d31101b55"}</dcterms:identifier>
    <skos:narrower>
      <skos:Concept rdf:about="http://localhost:8000/6fa6a5ec-6e6a-41e1-8160-187db0090274">
        <skos:prefLabel xml:lang="en">{"id": "34438f34-a743-492a-91e4-afe2fb44b63f", "value": "Forged"}</skos:prefLabel>
        <skos:inScheme rdf:resource="http://localhost:8000/c14b5da2-8ed4-4f13-9305-779708a371ca"/>
        <dcterms:identifier xml:lang="en">{"id": "88792bf7-c2d2-47c5-87d2-63ef95c0a098", "value": "http://www.archesproject.org/6fa6a5ec-6e6a-41e1-8160-187db0090274"}</dcterms:identifier>
      </skos:Concept>
    </skos:narrower>
    <skos:narrower>
      <skos:Concept rdf:about="http://localhost:8000/3a0ac73c-8d53-48fc-9593-3eb9516bdd69">
        <skos:prefLabel xml:lang="en">{"id": "1f669b0f-c11a-4bfb-be80-e7e628113306", "value": "Rivetted"}</skos:prefLabel>
        <skos:inScheme rdf:resource="http://localhost:8000/c14b5da2-8ed4-4f13-9305-779708a371ca"/>
      </skos:Concept>
    </skos:narrower>
    <skos:narrower>
      <skos:Concept rdf:about="http://localhost:8000/f0ff4ae4-e589-4d26-970e-46fb48eeb264">
        <dcterms:identifier xml:lang="en">{"id": "ea77560c-7d60-4fc2-8851-44a89b8fc6c2", "value": "http://www.archesproject.org/f0ff4ae4-e589-4d26-970e-46fb48eeb264"}</dcterms:identifier>
        <skos:prefLabel xml:lang="en">{"id": "ecbd40d7-c67b-4fe2-927b-0536bb7555f8", "value": "Moulded"}</skos:prefLabel>
        <skos:inScheme rdf:resource="http://localhost:8000/c14b5da2-8ed4-4f13-9305-779708a371ca"/>
      </skos:Concept>
    </skos:narrower>
    <skos:narrower>
      <skos:Concept rdf:about="http://localhost:8000/f65904cf-ae16-41dc-b493-8dcce24e3f6f">
        <dcterms:identifier xml:lang="en">{"id": "aae249ad-f87e-4592-ae74-9217b04f2e05", "value": "http://www.archesproject.org/f65904cf-ae16-41dc-b493-8dcce24e3f6f"}</dcterms:identifier>
        <skos:prefLabel xml:lang="en">{"id": "597639a8-efa4-4d15-884d-74b93ce93b25", "value": "Cast"}</skos:prefLabel>
        <skos:inScheme rdf:resource="http://localhost:8000/c14b5da2-8ed4-4f13-9305-779708a371ca"/>
      </skos:Concept>
    </skos:narrower>
    <skos:narrower>
      <skos:Concept rdf:about="http://localhost:8000/95f1a534-d4f2-463e-9a1a-52ecd7d5482a">
        <skos:inScheme rdf:resource="http://localhost:8000/c14b5da2-8ed4-4f13-9305-779708a371ca"/>
        <skos:prefLabel xml:lang="en">{"id": "044bfeca-ea8a-4c62-bfe1-9bfe58641a2e", "value": "Welded"}</skos:prefLabel>
      </skos:Concept>
    </skos:narrower>
    <skos:narrower>
      <skos:Concept rdf:about="http://localhost:8000/68ae8ea3-2a60-4458-9210-f67b2648d2df">
        <skos:inScheme rdf:resource="http://localhost:8000/c14b5da2-8ed4-4f13-9305-779708a371ca"/>
        <dcterms:identifier xml:lang="en">{"id": "fd3f6a8e-962c-421c-9813-e278eda2d444", "value": "http://www.archesproject.org/68ae8ea3-2a60-4458-9210-f67b2648d2df"}</dcterms:identifier>
        <skos:prefLabel xml:lang="en">{"id": "7fc11a3d-6917-4314-a248-6f253969d734", "value": "Painted"}</skos:prefLabel>
      </skos:Concept>
    </skos:narrower>
    <skos:narrower>
      <skos:Concept rdf:about="http://localhost:8000/c50f37e6-b97e-4a6f-96eb-ed28fada1828">
        <dcterms:identifier xml:lang="en">{"id": "68738a0d-81f1-47f2-89ea-984a53a6dfe7", "value": "http://www.archesproject.org/c50f37e6-b97e-4a6f-96eb-ed28fada1828"}</dcterms:identifier>
        <skos:prefLabel xml:lang="en">{"id": "39651f89-87a1-4b99-bce5-30a2cd54341c", "value": "Handbuilt"}</skos:prefLabel>
        <skos:inScheme rdf:resource="http://localhost:8000/c14b5da2-8ed4-4f13-9305-779708a371ca"/>
      </skos:Concept>
    </skos:narrower>
    <skos:narrower>
      <skos:Concept rdf:about="http://localhost:8000/fa3d3500-c94c-4a7f-b4fe-5826d21ac1d7">
        <skos:inScheme rdf:resource="http://localhost:8000/c14b5da2-8ed4-4f13-9305-779708a371ca"/>
        <skos:prefLabel xml:lang="en">{"id": "a3c4f418-00fb-492c-9f91-6f76260f3ede", "value": "Nailed"}</skos:prefLabel>
      </skos:Concept>
    </skos:narrower>
    <skos:narrower>
      <skos:Concept rdf:about="http://localhost:8000/d1ce7763-8e10-4e0e-9e41-7e6f24cbab18">
        <skos:prefLabel xml:lang="en">{"id": "d2ac712a-da6c-4d26-b173-0787a97711eb", "value": "Thrown"}</skos:prefLabel>
        <skos:inScheme rdf:resource="http://localhost:8000/c14b5da2-8ed4-4f13-9305-779708a371ca"/>
        <dcterms:identifier xml:lang="en">{"id": "964595b3-80fb-40ca-9543-1af2100dc3da", "value": "http://www.archesproject.org/d1ce7763-8e10-4e0e-9e41-7e6f24cbab18"}</dcterms:identifier>
      </skos:Concept>
    </skos:narrower>
    <skos:narrower>
      <skos:Concept rdf:about="http://localhost:8000/442d0ab3-f72d-43e3-a07c-2db98669b3e5">
        <skos:prefLabel xml:lang="en">{"id": "473fda57-304b-4f08-afc3-7f9ae2b8d802", "value": "Sewn"}</skos:prefLabel>
        <skos:inScheme rdf:resource="http://localhost:8000/c14b5da2-8ed4-4f13-9305-779708a371ca"/>
      </skos:Concept>
    </skos:narrower>
    <skos:prefLabel xml:lang="en">{"id": "f9d8646e-369c-470a-8f65-7a81c6ac3771", "value": "Production Methods"}</skos:prefLabel>
    <skos:inScheme>
      <skos:ConceptScheme rdf:about="http://localhost:8000/c14b5da2-8ed4-4f13-9305-779708a371ca">
        <dcterms:identifier xml:lang="en">{"id": "756f5cc2-889f-4be4-918a-88c3218b567a", "value": "http://www.archesproject.org/c14b5da2-8ed4-4f13-9305-779708a371ca"}</dcterms:identifier>
        <dcterms:title xml:lang="en">{"id": "2bd34e57-8412-4e10-b693-33831642e52b", "value": "Methods"}</dcterms:title>
        <skos:hasTopConcept rdf:resource="http://localhost:8000/d5cf42d8-0898-4387-9324-716d31101b55"/>
      </skos:ConceptScheme>
    </skos:inScheme>
  </skos:Concept>
</rdf:RDF>
