<?xml version="1.0" encoding="utf-8"?>
<rdf:RDF
  xmlns:skos="http://www.w3.org/2004/02/skos/core#"
  xmlns:dcterms="http://purl.org/dc/terms/"
  xmlns:rdf="http://www.w3.org/1999/02/22-rdf-syntax-ns#"
>
  <skos:ConceptScheme rdf:about="http://localhost:8000/dadf4971-253e-4ab5-b49c-f020e108cf4a">
    <skos:hasTopConcept>
      <skos:Concept rdf:about="http://localhost:8000/c609803d-c117-4884-b5d9-9052680e6620">
        <skos:inScheme rdf:resource="http://localhost:8000/dadf4971-253e-4ab5-b49c-f020e108cf4a"/>
        <skos:prefLabel xml:lang="en">{"id": "dec5f4a3-0b3f-4eb3-abcb-feb19de9911b", "value": "Excavation"}</skos:prefLabel>
        <skos:scopeNote xml:lang="en">{"id": "1e599cab-95a9-450f-9dd0-62ad7202ebd1", "value": "Archaeological excavation is a structured investigation with defined research objectives which normally takes place as a condition of planning permission.  It will involve the investigation and recording of an area of archaeological interest including the recovery of artefacts and environmental evidence.  Once on-site works have been completed a 'post-excavation assessment' will be prepared followed by an appropriate level of further analysis, publication and archiving."}</skos:scopeNote>
        <dcterms:identifier xml:lang="en">{"id": "501eb955-8641-406f-8ad2-318257b32d4f", "value": "http://localhost:8000/c609803d-c117-4884-b5d9-9052680e6620"}</dcterms:identifier>
      </skos:Concept>
    </skos:hasTopConcept>
    <skos:hasTopConcept>
      <skos:Concept rdf:about="http://localhost:8000/dbdb173c-f7f2-4343-b21e-b391b46b5724">
        <skos:prefLabel xml:lang="en">{"id": "90274edb-2cc2-452b-bf54-0d4bbbaecc2f", "value": "Preservation in-situ"}</skos:prefLabel>
        <dcterms:identifier xml:lang="en">{"id": "216f424d-0879-487f-b768-a64aa72a2848", "value": "http://localhost:8000/dbdb173c-f7f2-4343-b21e-b391b46b5724"}</dcterms:identifier>
        <skos:scopeNote xml:lang="en">{"id": "ab5d601f-1ba3-4973-b8a7-0fb296732a5c", "value": "Where archaeological remains are to be preserved in-situ within a development there will normally be a requirement to provide details of how this will be achieved.  Typically this would involve a design and methods statement for groundworks.  Where particularly important or vulnerable features are to be preserved there may also be a requirement to monitor their condition and take remedial action in the event of decay."}</skos:scopeNote>
        <skos:inScheme rdf:resource="http://localhost:8000/dadf4971-253e-4ab5-b49c-f020e108cf4a"/>
      </skos:Concept>
    </skos:hasTopConcept>
    <skos:hasTopConcept>
      <skos:Concept rdf:about="http://localhost:8000/b1e31242-7e4d-444a-b4fe-058cfa861a14">
        <dcterms:identifier xml:lang="en">{"id": "a87534d6-f765-4f9e-b003-4251bf4b3fe4", "value": "http://localhost:8000/b1e31242-7e4d-444a-b4fe-058cfa861a14"}</dcterms:identifier>
        <skos:scopeNote xml:lang="en">{"id": "361e615b-a9fa-4517-a8ea-43f4b93794a2", "value": "An archaeological field evaluation involves exploratory fieldwork to determine if significant remains are present on a site and if so to define their character, extent, quality and preservation.  Field evaluation may involve one or more techniques depending on the nature of the site and its archaeological potential.  It will normally include excavation of trial trenches.   A field evaluation report will usually be used to inform a planning decision (pre-determination evaluation) but can also be required by condition to refine a mitigation strategy after permission has been granted."}</skos:scopeNote>
        <skos:inScheme rdf:resource="http://localhost:8000/dadf4971-253e-4ab5-b49c-f020e108cf4a"/>
        <skos:prefLabel xml:lang="en">{"id": "8163cd5e-edc4-4c60-8a96-0823bc925d57", "value": "Evaluation"}</skos:prefLabel>
      </skos:Concept>
    </skos:hasTopConcept>
    <dcterms:title xml:lang="en">{"id": "4c7c3411-4158-4e66-ab4b-3c219ab97319", "value": "Mitigation Type"}</dcterms:title>
    <skos:hasTopConcept>
      <skos:Concept rdf:about="http://localhost:8000/13f028ab-4d91-4c15-8695-a7bcb0ed2d7a">
        <skos:inScheme rdf:resource="http://localhost:8000/dadf4971-253e-4ab5-b49c-f020e108cf4a"/>
        <skos:scopeNote xml:lang="en">{"id": "90b5c70f-7d47-43b9-aebd-0f55a289fc24", "value": "A Heritage Statement (also commonly referred to as a Statement of Significance) is normally required to support all development proposals for planning permission, listed building consent or scheduled monument consent, when the proposal directly affects a heritage asset or its setting. A Heritage Statement is an assessment of the significance of any heritage assets and/or their settings affected by a development, and of the potential impact of that development on their significance. It is an important practical tool to guide an applicant in developing their proposals."}</skos:scopeNote>
        <dcterms:identifier xml:lang="en">{"id": "4f195de4-6872-4adb-ae7b-695dde08f978", "value": "http://localhost:8000/13f028ab-4d91-4c15-8695-a7bcb0ed2d7a"}</dcterms:identifier>
        <skos:prefLabel xml:lang="en">{"id": "73402fef-f3da-4910-b35e-4b305ed53bf8", "value": "Heritage Statement "}</skos:prefLabel>
      </skos:Concept>
    </skos:hasTopConcept>
    <skos:hasTopConcept>
      <skos:Concept rdf:about="http://localhost:8000/2cdc7efa-e3ba-440b-95af-68788ac55261">
        <skos:inScheme rdf:resource="http://localhost:8000/dadf4971-253e-4ab5-b49c-f020e108cf4a"/>
        <dcterms:identifier xml:lang="en">{"id": "e9099671-28e8-4c56-9f8a-7645bea6c90d", "value": "http://localhost:8000/2cdc7efa-e3ba-440b-95af-68788ac55261"}</dcterms:identifier>
        <skos:prefLabel xml:lang="en">{"id": "bd5d7269-c40d-428d-812e-1f1c8dee3678", "value": "Post-excavation Assessment"}</skos:prefLabel>
        <skos:scopeNote xml:lang="en">{"id": "436bdca5-a85f-441c-b375-9cd7fa9062f7", "value": "A post-excavation assessment often follows the completion of any archaeological fieldwork and comprises a formal review phase, where results are assessed according to their significance and potential to further understanding of the historic environment. As part of this assessment phase the work needed to complete any further study or analysis and how it will be disseminated is identified."}</skos:scopeNote>
      </skos:Concept>
    </skos:hasTopConcept>
    <skos:hasTopConcept>
      <skos:Concept rdf:about="http://localhost:8000/40a42854-26b8-40d3-80bc-b1d89b37246e">
        <dcterms:identifier xml:lang="en">{"id": "a047440b-d30d-43f1-b75c-af6c8f98cd2f", "value": "http://localhost:8000/40a42854-26b8-40d3-80bc-b1d89b37246e"}</dcterms:identifier>
        <skos:scopeNote xml:lang="en">{"id": "3782d824-ed5a-4927-a1ff-a508721205c4", "value": "The NPPF defines the setting of a heritage asset as \u2018the surroundings in which a heritage asset is experienced. Its extent is not fixed and may change as the asset and it surroundings evolve. Elements of a setting may make a positive or negative contribution to the significance of an asset, may affect the ability to appreciate that significance or may be neutral\u2019. An assessment of the contribution made by setting towards the significance of the affected heritage asset should be undertaken as part of a Heritage Statement and used to inform planning decisions. It uses existing baseline information such as views and surrounding spaces to assess the current setting of a heritage asset and how the proposed development would affect that setting."}</skos:scopeNote>
        <skos:inScheme rdf:resource="http://localhost:8000/dadf4971-253e-4ab5-b49c-f020e108cf4a"/>
        <skos:prefLabel xml:lang="en">{"id": "c0402bf1-3398-4f4f-bcb0-145033d944be", "value": "Assessment of Setting"}</skos:prefLabel>
      </skos:Concept>
    </skos:hasTopConcept>
    <skos:hasTopConcept>
      <skos:Concept rdf:about="http://localhost:8000/c0bcae43-de85-4a96-b483-c49f38b35762">
        <skos:scopeNote xml:lang="en">{"id": "82c419c1-7356-49cf-9d7c-8abe020eabdc", "value": "The nature and scope of further analysis should be included with the post-excavation assessment (PXA). All analysis must conform to that set out within the PXA and any variation must be confirmed by all relevant parties in writing. All techniques used must be demonstrably fit for the defined purpose(s), and comply with relevant legislation."}</skos:scopeNote>
        <skos:inScheme rdf:resource="http://localhost:8000/dadf4971-253e-4ab5-b49c-f020e108cf4a"/>
        <skos:prefLabel xml:lang="en">{"id": "e2938d65-f4a0-471c-bda4-04c5e4541f45", "value": "Post-excavation Analysis"}</skos:prefLabel>
        <dcterms:identifier xml:lang="en">{"id": "dd865b71-d303-49a8-81ac-919a69a09715", "value": "http://localhost:8000/c0bcae43-de85-4a96-b483-c49f38b35762"}</dcterms:identifier>
      </skos:Concept>
    </skos:hasTopConcept>
    <skos:hasTopConcept>
      <skos:Concept rdf:about="http://localhost:8000/66ed36b9-e4cb-4c5c-aac5-06fe94fe7447">
        <skos:prefLabel xml:lang="en">{"id": "9c739cbd-96f1-4233-a343-287f45bdfbac", "value": "Geophysical Survey"}</skos:prefLabel>
        <dcterms:identifier xml:lang="en">{"id": "a24ce4a4-704f-467e-85c3-6d5c13b293cd", "value": "http://localhost:8000/66ed36b9-e4cb-4c5c-aac5-06fe94fe7447"}</dcterms:identifier>
        <skos:inScheme rdf:resource="http://localhost:8000/dadf4971-253e-4ab5-b49c-f020e108cf4a"/>
        <skos:scopeNote xml:lang="en">{"id": "8d8390e2-a808-423e-9aab-d4fa067eb954", "value": "Archaeological geophysical survey uses non-destructive techniques to detect the likely presence of archaeological features.  It is usually used as part of a field evaluation to inform a planning decision.  Geophysical survey is largely restricted to undisturbed greenfield sites and certain types of archaeological remains; but successful application of some geophysical methods to urban sites has increased in recent years."}</skos:scopeNote>
      </skos:Concept>
    </skos:hasTopConcept>
    <skos:hasTopConcept>
      <skos:Concept rdf:about="http://localhost:8000/d111f065-c963-4174-b35c-a1f51ae995d8">
        <skos:prefLabel xml:lang="en">{"id": "b1737e8c-15b8-405d-bbb8-8e403fdd3d49", "value": "Conservation Advice"}</skos:prefLabel>
        <dcterms:identifier xml:lang="en">{"id": "768d5847-4a71-4d68-8879-5a70efc22ed0", "value": "http://localhost:8000/d111f065-c963-4174-b35c-a1f51ae995d8"}</dcterms:identifier>
        <skos:inScheme rdf:resource="http://localhost:8000/dadf4971-253e-4ab5-b49c-f020e108cf4a"/>
      </skos:Concept>
    </skos:hasTopConcept>
    <skos:hasTopConcept>
      <skos:Concept rdf:about="http://localhost:8000/909863a7-1eaa-4c18-8ae6-7716d2c6a7cf">
        <dcterms:identifier xml:lang="en">{"id": "88195610-4e08-4cf4-a49d-bfdd6f1a29ce", "value": "http://localhost:8000/909863a7-1eaa-4c18-8ae6-7716d2c6a7cf"}</dcterms:identifier>
        <skos:inScheme rdf:resource="http://localhost:8000/dadf4971-253e-4ab5-b49c-f020e108cf4a"/>
        <skos:prefLabel xml:lang="en">{"id": "b0ccc75e-7677-4c71-b122-47cf7b8fb096", "value": "Redesign"}</skos:prefLabel>
      </skos:Concept>
    </skos:hasTopConcept>
    <skos:hasTopConcept>
      <skos:Concept rdf:about="http://localhost:8000/710a2a13-18e9-4f42-b270-6d3981c04b5f">
        <skos:inScheme rdf:resource="http://localhost:8000/dadf4971-253e-4ab5-b49c-f020e108cf4a"/>
        <skos:prefLabel xml:lang="en">{"id": "e06576b8-9166-488e-aa2c-3d9b49bae3ed", "value": "Historic Building Assessment"}</skos:prefLabel>
        <dcterms:identifier xml:lang="en">{"id": "2bdc55b3-b78a-4d7d-935e-96aac6e13b70", "value": "http://localhost:8000/710a2a13-18e9-4f42-b270-6d3981c04b5f"}</dcterms:identifier>
        <skos:scopeNote xml:lang="en">{"id": "05acdf2a-d49f-4907-8237-51eb960b5e9c", "value": "Historic building assessment is an investigation to establish the character, history, dating, form and development of an historic building or structure to inform a strategy for its conservation, alteration, demolition, repair or management. This may also inform the preparation of Heritage Statements and/or Conservation Management Plans"}</skos:scopeNote>
      </skos:Concept>
    </skos:hasTopConcept>
    <skos:hasTopConcept>
      <skos:Concept rdf:about="http://localhost:8000/305dea49-29c3-4e51-a55f-d78190a97d24">
        <skos:inScheme rdf:resource="http://localhost:8000/dadf4971-253e-4ab5-b49c-f020e108cf4a"/>
        <skos:scopeNote xml:lang="en">{"id": "a9f7c334-9d3e-41df-8c63-3fdfb21bb720", "value": "Archaeological monitoring of geotechnical pits and boreholes can provide a cost-effective means of establishing the potential for archaeological remains to survive on previously developed land or where deep deposits are anticipated.  It is usually used as part of a desk-based assessment or field evaluation.  "}</skos:scopeNote>
        <dcterms:identifier xml:lang="en">{"id": "df7ffa50-4ae6-41b9-b6a9-c1d8f2f5ee2f", "value": "http://localhost:8000/305dea49-29c3-4e51-a55f-d78190a97d24"}</dcterms:identifier>
        <skos:prefLabel xml:lang="en">{"id": "ec727d46-b270-4f5d-b406-58df1d82c710", "value": "Geotechnical Monitoring"}</skos:prefLabel>
      </skos:Concept>
    </skos:hasTopConcept>
    <skos:hasTopConcept>
      <skos:Concept rdf:about="http://localhost:8000/4cfdc2f9-5c7b-4f38-b142-a1215e52ca87">
        <skos:scopeNote xml:lang="en">{"id": "7fb9b5b8-2aa1-4649-b19d-7cfa4eb8ff7a", "value": "A metal detector survey can take place as part of a wider survey of archaeological fieldwork programme. Projects that incorporate work on Areas of Archaeological Importance or Scheduled Monuments require Scheduled Monument Consent and/or a Section 42 licence. For a protected wreck site a Licence is also required."}</skos:scopeNote>
        <skos:prefLabel xml:lang="en">{"id": "658227ef-52b7-4ff1-8c64-d4a5cc9226f0", "value": "Metal Detector Survey"}</skos:prefLabel>
        <skos:inScheme rdf:resource="http://localhost:8000/dadf4971-253e-4ab5-b49c-f020e108cf4a"/>
        <dcterms:identifier xml:lang="en">{"id": "dc23f320-c19c-4d7c-8cab-f7f8bae92a6d", "value": "http://localhost:8000/4cfdc2f9-5c7b-4f38-b142-a1215e52ca87"}</dcterms:identifier>
      </skos:Concept>
    </skos:hasTopConcept>
    <skos:hasTopConcept>
      <skos:Concept rdf:about="http://localhost:8000/fa8f4757-0c99-4701-b440-ad66d75bbbea">
        <dcterms:identifier xml:lang="en">{"id": "988ec609-dc74-4da0-a9a6-1cb9320235d7", "value": "http://localhost:8000/fa8f4757-0c99-4701-b440-ad66d75bbbea"}</dcterms:identifier>
        <skos:scopeNote xml:lang="en">{"id": "8bcff554-6abb-4706-8df7-a03f72dc29db", "value": "Where appropriate, local planning authorities and the developer are advised to make investigative works open to and interpreted for the public and to include that as part of the WSI. Opportunities for public engagement, proportionate to the significance of the investigation, could, for example, include enabling participation in investigation, providing viewing platforms and interpretation panels, jointly designed open days in partnership with the local community, public talks and online forums as well as coverage in local media. Once analysed, the results and the knowledge gained may be communicated, in addition to formal publication and deposition of the archive, through displays, exhibitions and popular publications and might inform site design and public art."}</skos:scopeNote>
        <skos:prefLabel xml:lang="en">{"id": "85f897df-4dc9-4be4-bd9c-bc8177e07cb9", "value": "Public engagement"}</skos:prefLabel>
        <skos:inScheme rdf:resource="http://localhost:8000/dadf4971-253e-4ab5-b49c-f020e108cf4a"/>
      </skos:Concept>
    </skos:hasTopConcept>
    <skos:hasTopConcept>
      <skos:Concept rdf:about="http://localhost:8000/a3dbb931-d898-49fc-9bfb-ce3946a35b2d">
        <skos:scopeNote xml:lang="en">{"id": "931ca3f0-73e8-497f-86b4-dc4d23c2b7aa", "value": "In order to assess the impact that any development (including any ground works and archaeological mitigation) will have on the hydrology of a site the existing water environment at the site must be understood. This often involves looking beyond the red line of the site boundary to capture relevant aspects of river stream and drainage systems. Hydrology is a complex subject and the assessment should be carried out by a qualified specialist, usually part of the developer\u2019s engineering team. The information gathered in a hydrological assessment is of use in identifying if the water pathways will change in a manner that could put waterlogged deposits at risk of drying out, it also informs the detailed design of foundations and a structures and in cases where preserving archaeological remains within/ under a new structure/ development it provides information on suitable redesign."}</skos:scopeNote>
        <skos:prefLabel xml:lang="en">{"id": "0135293d-d978-4663-b6f8-a6e9d170804d", "value": "Hydrological impact assessment"}</skos:prefLabel>
        <dcterms:identifier xml:lang="en">{"id": "907a296b-e3c6-45b7-8b49-f0ffd33a7313", "value": "http://localhost:8000/a3dbb931-d898-49fc-9bfb-ce3946a35b2d"}</dcterms:identifier>
        <skos:inScheme rdf:resource="http://localhost:8000/dadf4971-253e-4ab5-b49c-f020e108cf4a"/>
      </skos:Concept>
    </skos:hasTopConcept>
    <dcterms:identifier xml:lang="en">{"id": "b5615861-867a-453c-bccf-dcfe6f845b7d", "value": "http://localhost:8000/dadf4971-253e-4ab5-b49c-f020e108cf4a"}</dcterms:identifier>
    <skos:hasTopConcept>
      <skos:Concept rdf:about="http://localhost:8000/6018d9eb-363a-4b9f-a77e-4e98a4fcc1ea">
        <skos:inScheme rdf:resource="http://localhost:8000/dadf4971-253e-4ab5-b49c-f020e108cf4a"/>
        <skos:prefLabel xml:lang="en">{"id": "1cfded63-474b-4487-8832-b9983e25b7b3", "value": "Earthwork Survey"}</skos:prefLabel>
        <skos:scopeNote xml:lang="en">{"id": "2db9d7f4-f8e1-46e2-b11d-4d5aeb1a00a0", "value": "Analytical Earthwork Surveys are generally undertaken to; promote the understanding and appreciation of archaeological sites and landscapes; to establish proper curatorial advice; to generate appropriate Conservation and Management Plans and; to assess rates of determination and threats to the heritage asset."}</skos:scopeNote>
        <dcterms:identifier xml:lang="en">{"id": "9b1cf11a-28c9-40f0-beb6-2263d00b6ace", "value": "http://localhost:8000/6018d9eb-363a-4b9f-a77e-4e98a4fcc1ea"}</dcterms:identifier>
      </skos:Concept>
    </skos:hasTopConcept>
    <skos:hasTopConcept>
      <skos:Concept rdf:about="http://localhost:8000/73af12a6-d1b8-461f-bcac-bfab8c77ad7c">
        <dcterms:identifier xml:lang="en">{"id": "1f038305-01e6-4902-9141-9d3114db8acc", "value": "http://localhost:8000/73af12a6-d1b8-461f-bcac-bfab8c77ad7c"}</dcterms:identifier>
        <skos:inScheme rdf:resource="http://localhost:8000/dadf4971-253e-4ab5-b49c-f020e108cf4a"/>
        <skos:prefLabel xml:lang="en">{"id": "165fca18-fbaf-4f47-8d71-c17ea5dd11f8", "value": "Geoarchaeological Coring"}</skos:prefLabel>
        <skos:scopeNote xml:lang="en">{"id": "feb30006-429d-494a-8d8a-7aa7f875aa39", "value": "Coring can assist in a variety of situations to map stratigraphy (borehole surveys) and collect samples. It is mainly undertaken when the deposits of interest are too deep for conventional digging, or when large areas need to be mapped. In developer-funded evaluations, borehole surveys should not be seen as a replacement for conventional trench evaluation, but they can be used as a first phase where the results need to characterise the local sedimentary sequence and help pinpoint trench locations. This technique is also very helpful in establishing the presence of waterlogged deposits with potential for palaeoenvironmental evidence (see also Hydrological impact assessment)."}</skos:scopeNote>
      </skos:Concept>
    </skos:hasTopConcept>
    <skos:hasTopConcept>
      <skos:Concept rdf:about="http://localhost:8000/5334210a-fbbd-4cc4-af33-3a989996db72">
        <skos:prefLabel xml:lang="en">{"id": "d099b7c5-0a09-4922-bd59-b6f5a6e910a8", "value": "Management Plan"}</skos:prefLabel>
        <dcterms:identifier xml:lang="en">{"id": "7035ac10-f691-4732-94ed-05fd2b581b78", "value": "http://localhost:8000/5334210a-fbbd-4cc4-af33-3a989996db72"}</dcterms:identifier>
        <skos:inScheme rdf:resource="http://localhost:8000/dadf4971-253e-4ab5-b49c-f020e108cf4a"/>
        <skos:scopeNote xml:lang="en">{"id": "147af5b4-3855-425b-916b-f9781e7cd303", "value": "Management Plans help pull together an understanding of significance to evidence the conservation and management of heritage assets. From this informed basis, plans are then used to develop programmes of repair, restoration or to draw up proposals for change. Management Plans should be structured to meet the needs of the specific property/site and designed to be used for every day reference by staff managing the site. Management Plans not only pull together and analyse the history of a site or landscape, they can also be an important record in their own right."}</skos:scopeNote>
      </skos:Concept>
    </skos:hasTopConcept>
    <skos:hasTopConcept>
      <skos:Concept rdf:about="http://localhost:8000/7aa2781d-63a2-44e2-873e-550b64b8512c">
        <skos:altLabel xml:lang="en">{"id": "6ad98456-da07-40db-92d9-208ad44dfc3e", "value": "Refer to IAM"}</skos:altLabel>
        <skos:prefLabel xml:lang="en">{"id": "847d4f14-aaff-4ade-b28c-49303eb4d999", "value": "Refer to Inspector of Ancient Monuments"}</skos:prefLabel>
        <skos:scopeNote xml:lang="en">{"id": "666e1341-747d-4cea-935c-1435c8e44b28", "value": "As this proposal affects a scheduled monument I have drawn it to the attention of our Inspector of Ancient Monuments who should be contacted for further advice.  Scheduled monuments are legally protected under the ancient Monuments and Archaeological Areas Act 1979.  Proposed works require scheduled monument consent in addition to planning permission."}</skos:scopeNote>
        <skos:inScheme rdf:resource="http://localhost:8000/dadf4971-253e-4ab5-b49c-f020e108cf4a"/>
        <dcterms:identifier xml:lang="en">{"id": "54775c08-48ef-4098-beb4-df840e37fdb6", "value": "http://localhost:8000/7aa2781d-63a2-44e2-873e-550b64b8512c"}</dcterms:identifier>
      </skos:Concept>
    </skos:hasTopConcept>
    <skos:hasTopConcept>
      <skos:Concept rdf:about="http://localhost:8000/31196e29-5289-47d3-a823-4ed388be5ca1">
        <dcterms:identifier xml:lang="en">{"id": "d25bf550-5c3b-4b25-83d4-23c466e5ccae", "value": "http://localhost:8000/31196e29-5289-47d3-a823-4ed388be5ca1"}</dcterms:identifier>
        <skos:scopeNote xml:lang="en">{"id": "4858adf4-af70-4370-baba-8c0b3a74429c", "value": "Historic building recording is an investigation to establish the character, history, dating, form and development of a historic building or structure which normally takes place as a condition of planning permission before any alteration or demolition takes place. The outcome will be an archive and a report which may be published."}</skos:scopeNote>
        <skos:inScheme rdf:resource="http://localhost:8000/dadf4971-253e-4ab5-b49c-f020e108cf4a"/>
        <skos:prefLabel xml:lang="en">{"id": "55f101d7-3371-45c0-859d-83eef66c57e0", "value": "Historic Building Recording"}</skos:prefLabel>
      </skos:Concept>
    </skos:hasTopConcept>
    <skos:hasTopConcept>
      <skos:Concept rdf:about="http://localhost:8000/65ed43f3-f89a-4a94-be08-5cc374284025">
        <skos:inScheme rdf:resource="http://localhost:8000/dadf4971-253e-4ab5-b49c-f020e108cf4a"/>
        <skos:prefLabel xml:lang="en">{"id": "107baefd-50f5-46b2-902f-e4f6e0bf5843", "value": "Desk Based Assessment"}</skos:prefLabel>
        <skos:scopeNote xml:lang="en">{"id": "876a527b-9ebb-4e99-bc50-262362427d90", "value": "Desk-based assessment produces a report to inform planning decisions.   It uses existing information to identify the likely effects of the development on the significance of heritage assets, including considering the potential for new discoveries and effects on the setting of nearby assets.  An assessment may lead on to further evaluation and/or mitigation measures. All desk-based assessments should include a search of the Greater London Historic Environment Record."}</skos:scopeNote>
        <dcterms:identifier xml:lang="en">{"id": "27ae1c51-5faf-488d-ade7-e4184e635f38", "value": "http://localhost:8000/65ed43f3-f89a-4a94-be08-5cc374284025"}</dcterms:identifier>
      </skos:Concept>
    </skos:hasTopConcept>
    <skos:hasTopConcept>
      <skos:Concept rdf:about="http://localhost:8000/56d8296d-6a7f-4006-8d17-edcc02567b31">
        <skos:prefLabel xml:lang="en">{"id": "7bf7ea6e-5d6e-4119-8f21-7b8a33ba298e", "value": "Watching Brief"}</skos:prefLabel>
        <skos:inScheme rdf:resource="http://localhost:8000/dadf4971-253e-4ab5-b49c-f020e108cf4a"/>
        <dcterms:identifier xml:lang="en">{"id": "b86d99e6-b688-40ae-af5c-148338765aea", "value": "http://localhost:8000/56d8296d-6a7f-4006-8d17-edcc02567b31"}</dcterms:identifier>
        <skos:scopeNote xml:lang="en">{"id": "cc12e748-c9ee-4588-9d2c-5d6ff8f290ba", "value": "An archaeological watching brief involves observation of groundworks and investigation of features of archaeological interest which are revealed.  A suitable working method with contingency arrangements for significant discoveries will need to be agreed.  The outcome will be a report and archive."}</skos:scopeNote>
      </skos:Concept>
    </skos:hasTopConcept>
    <skos:hasTopConcept>
      <skos:Concept rdf:about="http://localhost:8000/6329503f-0368-4046-9972-81621ad8484f">
        <skos:inScheme rdf:resource="http://localhost:8000/dadf4971-253e-4ab5-b49c-f020e108cf4a"/>
        <dcterms:identifier xml:lang="en">{"id": "7b0f769f-c5f6-4a29-b041-df44192313c5", "value": "http://localhost:8000/6329503f-0368-4046-9972-81621ad8484f"}</dcterms:identifier>
        <skos:prefLabel xml:lang="en">{"id": "2f7a5cb7-d540-449c-98d6-e1caed07f35a", "value": "Refer to Conservation Officer"}</skos:prefLabel>
        <skos:scopeNote xml:lang="en">{"id": "041f77dc-d40d-44f2-9a19-9c3bacc98ea2", "value": "As this proposal may affect a heritage asset other than undesignated archaeology, we recommend that you seek the advice of your local authority conservation officer. The NPPF defines a heritage asset as \u2018a building, monument, site, place, area or landscape identified as having a degree of significance meriting consideration in planning decisions, because of its heritage interest\u2019. Designated heritage assets include listed buildings and conservation areas, which are legally protected under the Planning (Listed Buildings and Areas) Act 1990. Most works to listed buildings require listed building consent in addition to planning permission."}</skos:scopeNote>
      </skos:Concept>
    </skos:hasTopConcept>
    <skos:hasTopConcept>
      <skos:Concept rdf:about="http://localhost:8000/344c1716-bb6d-4a02-ac78-8ab21d0d39c5">
        <dcterms:identifier xml:lang="en">{"id": "85d39c81-5683-4eb5-aaad-082186b0cb19", "value": "http://localhost:8000/344c1716-bb6d-4a02-ac78-8ab21d0d39c5"}</dcterms:identifier>
        <skos:inScheme rdf:resource="http://localhost:8000/dadf4971-253e-4ab5-b49c-f020e108cf4a"/>
        <skos:scopeNote xml:lang="en">{"id": "a5959927-49dd-4e19-b3eb-a89b6bf23897", "value": "A Historic Landscape Survey can be used to identify the chronological relationships of the elements of a landscape to one another. By interrogating these relationships a relative chronology can be built up. This information can be used to frame further research, to inform site management or as the basis for public presentation."}</skos:scopeNote>
        <skos:prefLabel xml:lang="en">{"id": "079c7886-b587-4bfc-9345-0bec6331909c", "value": "Historic Landscape Survey"}</skos:prefLabel>
      </skos:Concept>
    </skos:hasTopConcept>
    <skos:hasTopConcept>
      <skos:Concept rdf:about="http://localhost:8000/85e4b2f0-1555-44c3-bc27-b651cda562c2">
        <skos:prefLabel xml:lang="en">{"id": "355a84ee-cd72-445a-8b2c-169056e7c4e5", "value": "Refer to Science Advisor"}</skos:prefLabel>
        <skos:inScheme rdf:resource="http://localhost:8000/dadf4971-253e-4ab5-b49c-f020e108cf4a"/>
        <dcterms:identifier xml:lang="en">{"id": "bc319c95-4aa8-4f4d-b68f-52a1f43146f6", "value": "http://localhost:8000/85e4b2f0-1555-44c3-bc27-b651cda562c2"}</dcterms:identifier>
        <skos:scopeNote xml:lang="en">{"id": "c439d437-37e4-4166-ac2a-99f09d6c3eda", "value": "Historic England's Science Advisors provide support and science advice to local authorities determining planning applications affecting archaeological sites and the archaeological units carrying out these excavations. The input of a Historic England Science Advisor is available at all stages of the planning process and covers all aspects of the investigation and analysis of the historic environment to enhance its understanding and management."}</skos:scopeNote>
      </skos:Concept>
    </skos:hasTopConcept>
    <skos:hasTopConcept>
      <skos:Concept rdf:about="http://localhost:8000/c682744b-8300-4cba-866d-9772a8a8b5b1">
        <dcterms:identifier xml:lang="en">{"id": "0208b241-900f-42a5-b718-348e92f7e45d", "value": "http://localhost:8000/c682744b-8300-4cba-866d-9772a8a8b5b1"}</dcterms:identifier>
        <skos:prefLabel xml:lang="en">{"id": "6dedebeb-577f-43ee-98f2-617473a5b063", "value": "Fieldwalking Survey"}</skos:prefLabel>
        <skos:scopeNote xml:lang="en">{"id": "162a4761-6938-4bc6-8e7e-5c5bddf420de", "value": "Fieldwalking is a rapid, cost-effective and relatively inexpensive technique which allows for \u2018broad-brush\u2019 archaeological prospection and landscape characterisation over large areas. It is most commonly employed as part of the archaeological evaluation stage of the planning process. It is particularly effective for locating Stone Age archaeology when undertaken at close-spaced intervals."}</skos:scopeNote>
        <skos:inScheme rdf:resource="http://localhost:8000/dadf4971-253e-4ab5-b49c-f020e108cf4a"/>
      </skos:Concept>
    </skos:hasTopConcept>
  </skos:ConceptScheme>
</rdf:RDF>
