<?xml version="1.0" encoding="utf-8"?>
<rdf:RDF
  xmlns:skos="http://www.w3.org/2004/02/skos/core#"
  xmlns:dcterms="http://purl.org/dc/terms/"
  xmlns:rdf="http://www.w3.org/1999/02/22-rdf-syntax-ns#"
>
  <skos:Concept rdf:about="http://localhost:8000/e92836ed-4db8-4aa3-a037-bbd13a095d31">
    <skos:prefLabel xml:lang="en">{"id": "6aed1fb9-050d-4d06-adda-55037959d58e", "value": "Written Scheme of Investigation Review"}</skos:prefLabel>
    <skos:inScheme>
      <skos:ConceptScheme rdf:about="http://localhost:8000/1b662e22-1488-4353-8a8f-0cf72643458e">
        <skos:hasTopConcept rdf:resource="http://localhost:8000/844a4c7d-1a1d-4b5a-adac-4deae02898dc"/>
        <skos:hasTopConcept rdf:resource="http://localhost:8000/e92836ed-4db8-4aa3-a037-bbd13a095d31"/>
        <dcterms:title xml:lang="en">{"id": "0beb63a8-9288-42d8-bf40-0180e058c2c2", "value": "Monitoring Event"}</dcterms:title>
        <skos:hasTopConcept rdf:resource="http://localhost:8000/64b1e52b-5ba5-4e07-99ea-dd32cfc41693"/>
        <skos:hasTopConcept rdf:resource="http://localhost:8000/483fb9a0-03fd-4d0e-8a7f-03696b78be70"/>
        <dcterms:identifier xml:lang="en">{"id": "0d75aa8f-d78c-492d-ac57-3ebe7c05f322", "value": "http://www.archesproject.org/1b662e22-1488-4353-8a8f-0cf72643458e"}</dcterms:identifier>
      </skos:ConceptScheme>
    </skos:inScheme>
    <skos:altLabel xml:lang="en">{"id": "5777ed95-43c3-47eb-a710-45e2a0002751", "value": "WSI Review"}</skos:altLabel>
    <dcterms:identifier xml:lang="en">{"id": "4b09e7e5-af1d-4c32-9a06-a38f290451da", "value": "http://www.archesproject.org/e92836ed-4db8-4aa3-a037-bbd13a095d31"}</dcterms:identifier>
  </skos:Concept>
  <skos:Concept rdf:about="http://localhost:8000/446f541d-b1d7-4413-9838-ab33c3da659f">
    <dcterms:identifier xml:lang="en">{"id": "d83e5f76-be9e-4b1b-b03f-e36f1ed2bde2", "value": "http://www.archesproject.org/446f541d-b1d7-4413-9838-ab33c3da659f"}</dcterms:identifier>
    <skos:inScheme rdf:resource="http://localhost:8000/1b662e22-1488-4353-8a8f-0cf72643458e"/>
    <skos:prefLabel xml:lang="en">{"id": "db9a16df-bddf-4351-850f-829d2ff9b190", "value": "Excavation Report"}</skos:prefLabel>
  </skos:Concept>
  <skos:Concept rdf:about="http://localhost:8000/483fb9a0-03fd-4d0e-8a7f-03696b78be70">
    <skos:narrower rdf:resource="http://localhost:8000/446f541d-b1d7-4413-9838-ab33c3da659f"/>
    <skos:narrower>
      <skos:Concept rdf:about="http://localhost:8000/52620b4b-83ad-41e6-a8f7-e3885302d6cc">
        <skos:inScheme rdf:resource="http://localhost:8000/1b662e22-1488-4353-8a8f-0cf72643458e"/>
        <skos:prefLabel xml:lang="en">{"id": "cfd027e2-5b4c-4a2a-8026-f2a18cfb0710", "value": "Interim Report"}</skos:prefLabel>
        <dcterms:identifier xml:lang="en">{"id": "61fa80f7-4ec9-47f4-abbd-607383c8818e", "value": "http://www.archesproject.org/52620b4b-83ad-41e6-a8f7-e3885302d6cc"}</dcterms:identifier>
      </skos:Concept>
    </skos:narrower>
    <skos:narrower>
      <skos:Concept rdf:about="http://localhost:8000/f702c6f2-ba57-4c89-9de1-6fa0ca1e5815">
        <skos:inScheme rdf:resource="http://localhost:8000/1b662e22-1488-4353-8a8f-0cf72643458e"/>
        <skos:prefLabel xml:lang="en">{"id": "d4368d88-a20f-4dbb-a5e7-f81de290a7c8", "value": "Geoarchaeology Report"}</skos:prefLabel>
        <dcterms:identifier xml:lang="en">{"id": "2c60a376-4c78-4045-a670-d95d9cab330c", "value": "http://www.archesproject.org/f702c6f2-ba57-4c89-9de1-6fa0ca1e5815"}</dcterms:identifier>
      </skos:Concept>
    </skos:narrower>
    <skos:inScheme rdf:resource="http://localhost:8000/1b662e22-1488-4353-8a8f-0cf72643458e"/>
    <skos:narrower>
      <skos:Concept rdf:about="http://localhost:8000/b7970803-c960-4efd-ba1a-2859a3d95d6f">
        <dcterms:identifier xml:lang="en">{"id": "a9736d84-5aef-42c3-abf0-ded696400a80", "value": "http://www.archesproject.org/b7970803-c960-4efd-ba1a-2859a3d95d6f"}</dcterms:identifier>
        <skos:inScheme rdf:resource="http://localhost:8000/1b662e22-1488-4353-8a8f-0cf72643458e"/>
        <skos:prefLabel xml:lang="en">{"id": "21494fdc-d211-4419-9762-7690f2d08b81", "value": "Watching Brief Report"}</skos:prefLabel>
      </skos:Concept>
    </skos:narrower>
    <skos:narrower>
      <skos:Concept rdf:about="http://localhost:8000/b4e67945-b95b-456a-b589-38c29fd22590">
        <skos:inScheme rdf:resource="http://localhost:8000/1b662e22-1488-4353-8a8f-0cf72643458e"/>
        <skos:prefLabel xml:lang="en">{"id": "deed976c-6cda-4f2c-875d-127c5e484eaf", "value": "Evaluation Report"}</skos:prefLabel>
        <dcterms:identifier xml:lang="en">{"id": "a2ea537a-c685-4a98-a9c9-39b638553d07", "value": "http://www.archesproject.org/b4e67945-b95b-456a-b589-38c29fd22590"}</dcterms:identifier>
      </skos:Concept>
    </skos:narrower>
    <dcterms:identifier xml:lang="en">{"id": "39c7ea07-6c07-491f-aa3c-f360ba27fc55", "value": "http://www.archesproject.org/483fb9a0-03fd-4d0e-8a7f-03696b78be70"}</dcterms:identifier>
    <skos:narrower>
      <skos:Concept rdf:about="http://localhost:8000/0e3c3cac-b7f7-476b-ae94-a6c911785c9b">
        <skos:prefLabel xml:lang="en">{"id": "407c214e-1bf9-4d1d-8428-3ca988786515", "value": "Historic Building Recording Report"}</skos:prefLabel>
        <skos:inScheme rdf:resource="http://localhost:8000/1b662e22-1488-4353-8a8f-0cf72643458e"/>
        <dcterms:identifier xml:lang="en">{"id": "d419e2ae-0af3-46c4-9e0f-f8fbe4662b34", "value": "http://www.archesproject.org/0e3c3cac-b7f7-476b-ae94-a6c911785c9b"}</dcterms:identifier>
      </skos:Concept>
    </skos:narrower>
    <skos:narrower>
      <skos:Concept rdf:about="http://localhost:8000/d80feaf0-d811-4e0b-80fb-6d96a6123b43">
        <skos:inScheme rdf:resource="http://localhost:8000/1b662e22-1488-4353-8a8f-0cf72643458e"/>
        <skos:prefLabel xml:lang="en">{"id": "8f5937b3-712f-4860-93fe-7c91f2e8bdfe", "value": "Archive Review"}</skos:prefLabel>
        <dcterms:identifier xml:lang="en">{"id": "44d86559-0eb9-448f-8b8f-0a25aa7f0f08", "value": "http://www.archesproject.org/d80feaf0-d811-4e0b-80fb-6d96a6123b43"}</dcterms:identifier>
      </skos:Concept>
    </skos:narrower>
    <skos:narrower>
      <skos:Concept rdf:about="http://localhost:8000/dd41d27f-e770-49a4-8268-817e06eae052">
        <dcterms:identifier xml:lang="en">{"id": "2cbd00bf-659a-495e-9684-0bda802dcd62", "value": "http://www.archesproject.org/dd41d27f-e770-49a4-8268-817e06eae052"}</dcterms:identifier>
        <skos:inScheme rdf:resource="http://localhost:8000/1b662e22-1488-4353-8a8f-0cf72643458e"/>
        <skos:prefLabel xml:lang="en">{"id": "127d79b8-d992-4cb4-8f53-56b7c9584e74", "value": "Post-Excavation Assessment"}</skos:prefLabel>
      </skos:Concept>
    </skos:narrower>
    <skos:prefLabel xml:lang="en">{"id": "52d6ef70-afa5-4e52-80b1-364bd2beddf7", "value": "Report Review"}</skos:prefLabel>
  </skos:Concept>
  <skos:Concept rdf:about="http://localhost:8000/64b1e52b-5ba5-4e07-99ea-dd32cfc41693">
    <skos:inScheme rdf:resource="http://localhost:8000/1b662e22-1488-4353-8a8f-0cf72643458e"/>
    <dcterms:identifier xml:lang="en">{"id": "4517cffc-84c8-4abc-b294-dd8ab70ee3c2", "value": "http://www.archesproject.org/64b1e52b-5ba5-4e07-99ea-dd32cfc41693"}</dcterms:identifier>
    <skos:prefLabel xml:lang="en">{"id": "370a58ee-7661-4aec-9cfc-35443a5e77f5", "value": "Fieldwork Monitoring"}</skos:prefLabel>
  </skos:Concept>
  <skos:Concept rdf:about="http://localhost:8000/844a4c7d-1a1d-4b5a-adac-4deae02898dc">
    <skos:prefLabel xml:lang="en">{"id": "1d3c18cb-7ebc-428d-936c-ad49e79b5c28", "value": "Site VIsit"}</skos:prefLabel>
    <dcterms:identifier xml:lang="en">{"id": "9faecba5-583a-495d-bc07-f3521e728dbd", "value": "http://www.archesproject.org/844a4c7d-1a1d-4b5a-adac-4deae02898dc"}</dcterms:identifier>
    <skos:inScheme rdf:resource="http://localhost:8000/1b662e22-1488-4353-8a8f-0cf72643458e"/>
  </skos:Concept>
</rdf:RDF>
