<?xml version="1.0" encoding="utf-8"?>
<rdf:RDF
  xmlns:skos="http://www.w3.org/2004/02/skos/core#"
  xmlns:dcterms="http://purl.org/dc/terms/"
  xmlns:rdf="http://www.w3.org/1999/02/22-rdf-syntax-ns#"
>
  <skos:Concept rdf:about="http://localhost:8000/f58d6033-7426-4c9e-a8b9-0203a1427cab">
    <dcterms:identifier xml:lang="en">{"id": "2c3c79ef-ab6b-47e3-8086-040502fe9828", "value": "http://localhost:8000/f58d6033-7426-4c9e-a8b9-0203a1427cab"}</dcterms:identifier>
    <skos:inScheme>
      <skos:ConceptScheme rdf:about="http://localhost:8000/2c775f77-401a-48dd-b7be-bf7f7bcf8baa">
        <skos:hasTopConcept rdf:resource="http://localhost:8000/254ba2bf-7068-4a9c-b2df-f816619f25e6"/>
        <skos:hasTopConcept rdf:resource="http://localhost:8000/1820d22a-baa6-48e1-901b-31ffa74d2daa"/>
        <dcterms:identifier xml:lang="en">{"id": "e1f95d0b-2c03-463b-a54c-1f6563d172c8", "value": "http://localhost:8000/2c775f77-401a-48dd-b7be-bf7f7bcf8baa"}</dcterms:identifier>
        <skos:hasTopConcept rdf:resource="http://localhost:8000/f58d6033-7426-4c9e-a8b9-0203a1427cab"/>
        <dcterms:title xml:lang="en">{"id": "c974bd5e-6294-4616-804f-905b3d557223", "value": "Monument Status"}</dcterms:title>
        <skos:hasTopConcept rdf:resource="http://localhost:8000/8815dd38-6d51-48db-abac-7e5fe7ff2a8e"/>
        <skos:hasTopConcept rdf:resource="http://localhost:8000/5818971f-dce5-4109-bc7f-bf5224c23dfe"/>
        <skos:hasTopConcept rdf:resource="http://localhost:8000/491e57fb-d62b-484d-9b46-845e849006b0"/>
      </skos:ConceptScheme>
    </skos:inScheme>
    <skos:altLabel xml:lang="en">{"id": "d6103063-42e9-43f0-8117-cd06cf00eb0b", "value": "DEM"}</skos:altLabel>
    <skos:prefLabel xml:lang="en">{"id": "8fedecfd-43db-44ba-aa50-be555c35fb56", "value": "Demolished"}</skos:prefLabel>
  </skos:Concept>
  <skos:Concept rdf:about="http://localhost:8000/491e57fb-d62b-484d-9b46-845e849006b0">
    <skos:altLabel xml:lang="en">{"id": "046b9324-935a-4147-b6b0-06cb6dfef54e", "value": "RUI"}</skos:altLabel>
    <dcterms:identifier xml:lang="en">{"id": "dece1c0d-402a-48ee-b3b9-ba25a490915b", "value": "http://localhost:8000/491e57fb-d62b-484d-9b46-845e849006b0"}</dcterms:identifier>
    <skos:prefLabel xml:lang="en">{"id": "1b698490-f08e-4db9-b33e-fb532629a8ce", "value": "Ruin"}</skos:prefLabel>
    <skos:inScheme rdf:resource="http://localhost:8000/2c775f77-401a-48dd-b7be-bf7f7bcf8baa"/>
  </skos:Concept>
  <skos:Concept rdf:about="http://localhost:8000/8815dd38-6d51-48db-abac-7e5fe7ff2a8e">
    <skos:prefLabel xml:lang="en">{"id": "f3fb5630-6678-4694-b8ea-22cb45acdf8d", "value": "Site"}</skos:prefLabel>
    <skos:altLabel xml:lang="en">{"id": "f621928f-16cd-4053-9ad9-5aadb9e1f014", "value": "SIT"}</skos:altLabel>
    <dcterms:identifier xml:lang="en">{"id": "97521f04-3c22-451f-a197-5bb4f3561142", "value": "http://localhost:8000/8815dd38-6d51-48db-abac-7e5fe7ff2a8e"}</dcterms:identifier>
    <skos:inScheme rdf:resource="http://localhost:8000/2c775f77-401a-48dd-b7be-bf7f7bcf8baa"/>
  </skos:Concept>
  <skos:Concept rdf:about="http://localhost:8000/254ba2bf-7068-4a9c-b2df-f816619f25e6">
    <skos:prefLabel xml:lang="en">{"id": "403a5aa1-b8d0-4d23-a206-98ea49b5a74e", "value": "Hydrographic Office Notification"}</skos:prefLabel>
    <dcterms:identifier xml:lang="en">{"id": "f5e8eb11-f807-4a8a-a21c-68d7a74de3aa", "value": "http://localhost:8000/254ba2bf-7068-4a9c-b2df-f816619f25e6"}</dcterms:identifier>
    <skos:inScheme rdf:resource="http://localhost:8000/2c775f77-401a-48dd-b7be-bf7f7bcf8baa"/>
    <skos:altLabel xml:lang="en">{"id": "f481f7d6-b7f6-4116-a08d-8e030c6cc233", "value": "HYD"}</skos:altLabel>
  </skos:Concept>
  <skos:Concept rdf:about="http://localhost:8000/5818971f-dce5-4109-bc7f-bf5224c23dfe">
    <skos:altLabel xml:lang="en">{"id": "19347a6c-c4d4-45dd-b670-67a5c4b17c01", "value": "CAS"}</skos:altLabel>
    <skos:inScheme rdf:resource="http://localhost:8000/2c775f77-401a-48dd-b7be-bf7f7bcf8baa"/>
    <dcterms:identifier xml:lang="en">{"id": "9fba44f3-abc6-4557-9918-7c1b7ebf1110", "value": "http://localhost:8000/5818971f-dce5-4109-bc7f-bf5224c23dfe"}</dcterms:identifier>
    <skos:prefLabel xml:lang="en">{"id": "74e26dde-d988-4efa-ac21-c7bf7d821e67", "value": "Casualty"}</skos:prefLabel>
  </skos:Concept>
  <skos:Concept rdf:about="http://localhost:8000/1820d22a-baa6-48e1-901b-31ffa74d2daa">
    <skos:prefLabel xml:lang="en">{"id": "2bab1509-56a9-48e7-939e-f5e019f64f9b", "value": "Planned"}</skos:prefLabel>
    <dcterms:identifier xml:lang="en">{"id": "68651986-8ba2-4cf9-8deb-c14fd504e728", "value": "http://localhost:8000/1820d22a-baa6-48e1-901b-31ffa74d2daa"}</dcterms:identifier>
    <skos:inScheme rdf:resource="http://localhost:8000/2c775f77-401a-48dd-b7be-bf7f7bcf8baa"/>
    <skos:altLabel xml:lang="en">{"id": "3186cde0-303f-4dfc-9272-363c33fa7bff", "value": "PLA"}</skos:altLabel>
  </skos:Concept>
</rdf:RDF>
