<?xml version="1.0" encoding="utf-8"?>
<rdf:RDF
  xmlns:skos="http://www.w3.org/2004/02/skos/core#"
  xmlns:dcterms="http://purl.org/dc/terms/"
  xmlns:rdf="http://www.w3.org/1999/02/22-rdf-syntax-ns#"
>
  <skos:ConceptScheme rdf:about="http://localhost:8000/3fae6b7d-51a5-4736-bee3-828c67efc97e">
    <dcterms:identifier xml:lang="en">{"id": "458ab70e-356d-41cf-a497-99d99d5d4490", "value": "http://localhost:8000/3fae6b7d-51a5-4736-bee3-828c67efc97e"}</dcterms:identifier>
    <skos:hasTopConcept>
      <skos:Concept rdf:about="http://localhost:8000/a4195483-0d4d-4d8b-bc7e-8b3f8e97ab8a">
        <skos:altLabel xml:lang="en">{"id": "5d20a28b-2370-46a5-9537-2b840119a2e3", "value": "REC"}</skos:altLabel>
        <dcterms:identifier xml:lang="en">{"id": "3040f16b-50b4-4237-8c1e-79e61506a86d", "value": "http://localhost:8000/a4195483-0d4d-4d8b-bc7e-8b3f8e97ab8a"}</dcterms:identifier>
        <skos:prefLabel xml:lang="en">{"id": "3c224055-ab24-475f-8700-ac895d4ef2d3", "value": "Recording Area"}</skos:prefLabel>
        <skos:inScheme rdf:resource="http://localhost:8000/3fae6b7d-51a5-4736-bee3-828c67efc97e"/>
      </skos:Concept>
    </skos:hasTopConcept>
    <skos:hasTopConcept>
      <skos:Concept rdf:about="http://localhost:8000/ba8292ae-a1d1-4591-bbf9-9a2cd57fdada">
        <dcterms:identifier xml:lang="en">{"id": "0b5312ba-09e5-469a-ac5d-ce0ead8b9c33", "value": "http://localhost:8000/ba8292ae-a1d1-4591-bbf9-9a2cd57fdada"}</dcterms:identifier>
        <skos:prefLabel xml:lang="en">{"id": "f2ca49c3-f13a-4c3f-ac0e-40dbaa9c7172", "value": "General/Landscape Feature"}</skos:prefLabel>
        <skos:inScheme rdf:resource="http://localhost:8000/3fae6b7d-51a5-4736-bee3-828c67efc97e"/>
        <skos:altLabel xml:lang="en">{"id": "55f5037a-8620-4f45-b28c-9d6a03a11ac7", "value": "GEN"}</skos:altLabel>
      </skos:Concept>
    </skos:hasTopConcept>
    <dcterms:title xml:lang="en">{"id": "8c42aa56-7043-4134-86c4-1e57b7e8c3d9", "value": "Named Location Types"}</dcterms:title>
  </skos:ConceptScheme>
</rdf:RDF>
