<?xml version="1.0" encoding="utf-8"?>
<rdf:RDF
  xmlns:skos="http://www.w3.org/2004/02/skos/core#"
  xmlns:dcterms="http://purl.org/dc/terms/"
  xmlns:rdf="http://www.w3.org/1999/02/22-rdf-syntax-ns#"
>
  <skos:Concept rdf:about="http://localhost:8000/5c18539e-5a80-4197-a19f-aa0f0116b281">
    <skos:prefLabel xml:lang="en">{"id": "5b2f20ca-8d7f-4ac7-a1e4-55673dbde725", "value": "Preferred Name"}</skos:prefLabel>
    <dcterms:identifier xml:lang="en">{"id": "303e4473-5212-4bfb-ae00-7e79704b3d2a", "value": "http://localhost:8000/5c18539e-5a80-4197-a19f-aa0f0116b281"}</dcterms:identifier>
    <skos:inScheme>
      <skos:ConceptScheme rdf:about="http://localhost:8000/e95fa762-37b6-4e14-8f66-271e8b7b6ea7">
        <skos:hasTopConcept rdf:resource="http://localhost:8000/10a47dc9-f0b2-411c-b746-6bc55bcdc1f3"/>
        <skos:hasTopConcept rdf:resource="http://localhost:8000/6aa7f485-413e-480b-9bc0-a6bcf2ceda0a"/>
        <skos:hasTopConcept rdf:resource="http://localhost:8000/e18855cd-9165-4d31-80fb-86ad51d79e6b"/>
        <skos:hasTopConcept rdf:resource="http://localhost:8000/86259606-6e12-4701-bd93-aa17058635ef"/>
        <skos:hasTopConcept rdf:resource="http://localhost:8000/4ac1f8e9-e695-40d6-bc4f-b0d3b6136ed7"/>
        <skos:hasTopConcept rdf:resource="http://localhost:8000/033528a2-8312-4df7-9ae8-923369d124c2"/>
        <dcterms:identifier xml:lang="en">{"id": "6e37bdc8-e2d8-4a6e-a901-d60952b031ad", "value": "http://localhost:8000/e95fa762-37b6-4e14-8f66-271e8b7b6ea7"}</dcterms:identifier>
        <dcterms:title xml:lang="en">{"id": "2e050fb1-bd0b-45e2-9a8f-1e1d1eae3991", "value": "Name Type"}</dcterms:title>
        <skos:hasTopConcept rdf:resource="http://localhost:8000/17f46d60-ba10-4881-a83c-1c35af090b66"/>
        <dcterms:description xml:lang="en">{"id": "6b12f97d-7d4d-4199-8239-a7e077f35b22", "value": "Used to record the types of name for interoperability purposes."}</dcterms:description>
        <skos:hasTopConcept rdf:resource="http://localhost:8000/d1336af7-fd0f-4930-a689-c9722647f68c"/>
        <skos:hasTopConcept rdf:resource="http://localhost:8000/8bbdbb07-9f1f-445c-8334-7e88613a3dea"/>
        <skos:hasTopConcept rdf:resource="http://localhost:8000/7ef0eccc-3a85-4d78-b245-cd5eea38c7bb"/>
        <skos:hasTopConcept rdf:resource="http://localhost:8000/f78072fb-af46-4497-94b1-058d7137aa23"/>
        <skos:hasTopConcept rdf:resource="http://localhost:8000/8686b766-19f6-4f79-a3e5-39fbab0a5045"/>
        <skos:hasTopConcept rdf:resource="http://localhost:8000/5c18539e-5a80-4197-a19f-aa0f0116b281"/>
        <skos:hasTopConcept rdf:resource="http://localhost:8000/9f25d809-94bc-493f-9537-18f07198ca96"/>
        <skos:hasTopConcept rdf:resource="http://localhost:8000/30707dfc-8b37-42b5-b7f4-7092442641a5"/>
        <skos:hasTopConcept rdf:resource="http://localhost:8000/df81805b-6453-4fe6-84a8-a20d0703e0e3"/>
        <skos:hasTopConcept rdf:resource="http://localhost:8000/af08e1cb-09a1-413d-a0dc-58f64d2738fe"/>
        <skos:hasTopConcept rdf:resource="http://localhost:8000/6b10fcfb-9afa-4780-821c-775413913af8"/>
        <skos:hasTopConcept rdf:resource="http://localhost:8000/f90ead18-3244-4c4a-b116-3f9ee9382e96"/>
        <skos:hasTopConcept rdf:resource="http://localhost:8000/952eb0ac-61a4-46ec-956c-79297065c650"/>
        <skos:hasTopConcept rdf:resource="http://localhost:8000/9e977f62-e453-483f-a6c5-2f92c5f40fed"/>
        <skos:hasTopConcept rdf:resource="http://localhost:8000/e4a215eb-c4cc-42e9-adb8-a81a7f3e516a"/>
        <skos:hasTopConcept rdf:resource="http://localhost:8000/05e2949d-2836-47fe-836f-4d62eb05f5db"/>
        <skos:hasTopConcept rdf:resource="http://localhost:8000/01d82a66-5da9-41e5-959a-5a5a89ae4203"/>
        <skos:hasTopConcept rdf:resource="http://localhost:8000/5e815a33-756a-4114-b0ba-6775c5da2fc6"/>
      </skos:ConceptScheme>
    </skos:inScheme>
  </skos:Concept>
  <skos:Concept rdf:about="http://localhost:8000/6e66ede8-c12f-4bff-a22d-94b6a19f5386">
    <skos:prefLabel xml:lang="en">{"id": "dae93567-aaa7-432c-a2b6-51ac9c0dc237", "value": "Organization Name"}</skos:prefLabel>
    <dcterms:identifier xml:lang="en">{"id": "5ded5882-3a0b-4b28-9812-2bf0859367cc", "value": "http://localhost:8000/6e66ede8-c12f-4bff-a22d-94b6a19f5386"}</dcterms:identifier>
    <skos:inScheme rdf:resource="http://localhost:8000/e95fa762-37b6-4e14-8f66-271e8b7b6ea7"/>
  </skos:Concept>
  <skos:Concept rdf:about="http://localhost:8000/5e815a33-756a-4114-b0ba-6775c5da2fc6">
    <skos:inScheme rdf:resource="http://localhost:8000/e95fa762-37b6-4e14-8f66-271e8b7b6ea7"/>
    <skos:prefLabel xml:lang="en">{"id": "c254ba9d-c7fa-4880-9adb-5d1cc2773995", "value": "Activity Name"}</skos:prefLabel>
  </skos:Concept>
  <skos:Concept rdf:about="http://localhost:8000/d1336af7-fd0f-4930-a689-c9722647f68c">
    <skos:prefLabel xml:lang="en">{"id": "44e9801c-deee-4d6f-b737-657b356a2b89", "value": "Archive Object Title"}</skos:prefLabel>
    <skos:inScheme rdf:resource="http://localhost:8000/e95fa762-37b6-4e14-8f66-271e8b7b6ea7"/>
    <dcterms:identifier xml:lang="en">{"id": "7160cd43-a09a-475c-89b5-160be30ee8e7", "value": "http://localhost:8000/d1336af7-fd0f-4930-a689-c9722647f68c"}</dcterms:identifier>
  </skos:Concept>
  <skos:Concept rdf:about="http://localhost:8000/f78072fb-af46-4497-94b1-058d7137aa23">
    <skos:inScheme rdf:resource="http://localhost:8000/e95fa762-37b6-4e14-8f66-271e8b7b6ea7"/>
    <dcterms:identifier xml:lang="en">{"id": "5985ffcf-eb30-477f-9cee-3d3f4a97d13a", "value": "http://localhost:8000/f78072fb-af46-4497-94b1-058d7137aa23"}</dcterms:identifier>
    <skos:prefLabel xml:lang="en">{"id": "9a57c149-fd7c-4145-a2f3-35e4afdba209", "value": "Artefact Name"}</skos:prefLabel>
  </skos:Concept>
  <skos:Concept rdf:about="http://localhost:8000/4dcefe75-9761-4f27-be19-53cdeb3cda79">
    <skos:prefLabel xml:lang="en">{"id": "d298cca6-e3c6-40ec-be19-72e2b7b1bf07", "value": "Forename"}</skos:prefLabel>
    <dcterms:identifier xml:lang="en">{"id": "65774c48-d1d1-41de-9ec8-fe2769452749", "value": "http://localhost:8000/4dcefe75-9761-4f27-be19-53cdeb3cda79"}</dcterms:identifier>
    <skos:inScheme rdf:resource="http://localhost:8000/e95fa762-37b6-4e14-8f66-271e8b7b6ea7"/>
  </skos:Concept>
  <skos:Concept rdf:about="http://localhost:8000/7ef0eccc-3a85-4d78-b245-cd5eea38c7bb">
    <skos:inScheme rdf:resource="http://localhost:8000/e95fa762-37b6-4e14-8f66-271e8b7b6ea7"/>
    <skos:prefLabel xml:lang="en">{"id": "8f985e91-6cd2-4d70-a03c-b49a50d09a3b", "value": "Heritage Asset Name"}</skos:prefLabel>
    <dcterms:identifier xml:lang="en">{"id": "0871c8d6-a989-4d47-bfb1-e44fcc2b75f4", "value": "http://localhost:8000/7ef0eccc-3a85-4d78-b245-cd5eea38c7bb"}</dcterms:identifier>
  </skos:Concept>
  <skos:Concept rdf:about="http://localhost:8000/e18855cd-9165-4d31-80fb-86ad51d79e6b">
    <skos:narrower>
      <skos:Concept rdf:about="http://localhost:8000/a524b30f-a43b-4b0d-b0d5-b7ec395f117e">
        <skos:prefLabel xml:lang="en">{"id": "c57fef44-32ca-4110-a16c-376502b174f9", "value": "Publication Placename"}</skos:prefLabel>
        <skos:inScheme rdf:resource="http://localhost:8000/e95fa762-37b6-4e14-8f66-271e8b7b6ea7"/>
        <dcterms:identifier xml:lang="en">{"id": "38ab3a5b-f43c-4abd-be20-a1b10a6e6f8f", "value": "http://localhost:8000/a524b30f-a43b-4b0d-b0d5-b7ec395f117e"}</dcterms:identifier>
      </skos:Concept>
    </skos:narrower>
    <skos:inScheme rdf:resource="http://localhost:8000/e95fa762-37b6-4e14-8f66-271e8b7b6ea7"/>
    <skos:narrower>
      <skos:Concept rdf:about="http://localhost:8000/3c207277-1f75-435c-a71d-c0c1e0e75ecb">
        <dcterms:identifier xml:lang="en">{"id": "46a18425-cc99-4b0c-9bd1-5fe1befe43a0", "value": "http://localhost:8000/3c207277-1f75-435c-a71d-c0c1e0e75ecb"}</dcterms:identifier>
        <skos:inScheme rdf:resource="http://localhost:8000/e95fa762-37b6-4e14-8f66-271e8b7b6ea7"/>
        <skos:prefLabel xml:lang="en">{"id": "0cd76d41-21d5-47df-be1c-6ed597cea59f", "value": "Birth Placename"}</skos:prefLabel>
      </skos:Concept>
    </skos:narrower>
    <skos:prefLabel xml:lang="en">{"id": "279a8478-a5c0-4d99-a1aa-1f71cc6d3392", "value": "Placename Type"}</skos:prefLabel>
    <dcterms:identifier xml:lang="en">{"id": "cc9bfed3-ec47-43ae-bb22-cd639877dc0f", "value": "http://localhost:8000/e18855cd-9165-4d31-80fb-86ad51d79e6b"}</dcterms:identifier>
    <skos:narrower>
      <skos:Concept rdf:about="http://localhost:8000/c9e00e91-37da-4865-b979-9bbf96bde1ea">
        <skos:inScheme rdf:resource="http://localhost:8000/e95fa762-37b6-4e14-8f66-271e8b7b6ea7"/>
        <skos:prefLabel xml:lang="en">{"id": "0a14ef3e-9dd1-4f62-a3a1-7fd762f591d4", "value": "Death Placename"}</skos:prefLabel>
        <dcterms:identifier xml:lang="en">{"id": "dab0893c-fe5c-4c9f-9a3e-a18250889dda", "value": "http://localhost:8000/c9e00e91-37da-4865-b979-9bbf96bde1ea"}</dcterms:identifier>
      </skos:Concept>
    </skos:narrower>
  </skos:Concept>
  <skos:Concept rdf:about="http://localhost:8000/3ed39880-87ce-4b3a-bf1f-1b4c98f1acba">
    <skos:inScheme rdf:resource="http://localhost:8000/e95fa762-37b6-4e14-8f66-271e8b7b6ea7"/>
    <skos:prefLabel xml:lang="en">{"id": "9fe2bf07-fb15-400f-a719-06fec8c20a69", "value": "Title"}</skos:prefLabel>
    <dcterms:identifier xml:lang="en">{"id": "2ebb8c2e-2edb-43e4-beb7-2839df1c7b1f", "value": "http://localhost:8000/3ed39880-87ce-4b3a-bf1f-1b4c98f1acba"}</dcterms:identifier>
  </skos:Concept>
  <skos:Concept rdf:about="http://localhost:8000/6b10fcfb-9afa-4780-821c-775413913af8">
    <skos:prefLabel xml:lang="en">{"id": "af6d90fd-40a4-40e1-ad69-930b736145ac", "value": "Maritime Craft Name"}</skos:prefLabel>
    <dcterms:identifier xml:lang="en">{"id": "91838aaa-1e6f-44b7-ba0f-f5308ae6390d", "value": "http://localhost:8000/6b10fcfb-9afa-4780-821c-775413913af8"}</dcterms:identifier>
    <skos:inScheme rdf:resource="http://localhost:8000/e95fa762-37b6-4e14-8f66-271e8b7b6ea7"/>
  </skos:Concept>
  <skos:Concept rdf:about="http://localhost:8000/f90ead18-3244-4c4a-b116-3f9ee9382e96">
    <dcterms:identifier xml:lang="en">{"id": "c5a5995f-89c5-444a-b012-6164c1ad4908", "value": "http://localhost:8000/f90ead18-3244-4c4a-b116-3f9ee9382e96"}</dcterms:identifier>
    <skos:prefLabel xml:lang="en">{"id": "bb7e5255-0cdf-4b86-a0c5-d40cfa5ae363", "value": "Alternative Name"}</skos:prefLabel>
    <skos:inScheme rdf:resource="http://localhost:8000/e95fa762-37b6-4e14-8f66-271e8b7b6ea7"/>
  </skos:Concept>
  <skos:Concept rdf:about="http://localhost:8000/10a47dc9-f0b2-411c-b746-6bc55bcdc1f3">
    <dcterms:identifier xml:lang="en">{"id": "39adaa32-49bd-4410-be56-a847b2d70ce7", "value": "http://localhost:8000/10a47dc9-f0b2-411c-b746-6bc55bcdc1f3"}</dcterms:identifier>
    <skos:prefLabel xml:lang="en">{"id": "653cb993-1d56-4ce1-879b-e6f7ccd693f1", "value": "Designation Name"}</skos:prefLabel>
    <skos:inScheme rdf:resource="http://localhost:8000/e95fa762-37b6-4e14-8f66-271e8b7b6ea7"/>
  </skos:Concept>
  <skos:Concept rdf:about="http://localhost:8000/05e2949d-2836-47fe-836f-4d62eb05f5db">
    <dcterms:identifier xml:lang="en">{"id": "774d7c4e-f493-4fc2-862e-6b17f0f3d7ff", "value": "http://localhost:8000/05e2949d-2836-47fe-836f-4d62eb05f5db"}</dcterms:identifier>
    <skos:prefLabel xml:lang="en">{"id": "4e4e344a-8861-423b-8656-8c58749aaca6", "value": "Repository Name"}</skos:prefLabel>
    <skos:inScheme rdf:resource="http://localhost:8000/e95fa762-37b6-4e14-8f66-271e8b7b6ea7"/>
  </skos:Concept>
  <skos:Concept rdf:about="http://localhost:8000/9f25d809-94bc-493f-9537-18f07198ca96">
    <skos:narrower>
      <skos:Concept rdf:about="http://localhost:8000/9be33d1f-feba-4522-8b53-8590ad035724">
        <skos:inScheme rdf:resource="http://localhost:8000/e95fa762-37b6-4e14-8f66-271e8b7b6ea7"/>
        <skos:prefLabel xml:lang="en">{"id": "1f53fa48-2dfd-4d32-adff-9b26e134aae7", "value": "Surname"}</skos:prefLabel>
        <dcterms:identifier xml:lang="en">{"id": "0f6e01c3-6829-489e-9f7f-145914105c0f", "value": "http://localhost:8000/9be33d1f-feba-4522-8b53-8590ad035724"}</dcterms:identifier>
      </skos:Concept>
    </skos:narrower>
    <skos:narrower rdf:resource="http://localhost:8000/3ed39880-87ce-4b3a-bf1f-1b4c98f1acba"/>
    <dcterms:identifier xml:lang="en">{"id": "91e7ed8c-1292-490d-bd5a-50da8e7df279", "value": "http://localhost:8000/9f25d809-94bc-493f-9537-18f07198ca96"}</dcterms:identifier>
    <skos:narrower>
      <skos:Concept rdf:about="http://localhost:8000/33353ba6-c331-418c-8c45-160176acd075">
        <skos:inScheme rdf:resource="http://localhost:8000/e95fa762-37b6-4e14-8f66-271e8b7b6ea7"/>
        <skos:prefLabel xml:lang="en">{"id": "e5739feb-21d0-430a-968f-caadd8e4ccf7", "value": "Full Name"}</skos:prefLabel>
        <dcterms:identifier xml:lang="en">{"id": "3ebd0528-4dbe-4d19-bd0f-653f9581302d", "value": "http://localhost:8000/33353ba6-c331-418c-8c45-160176acd075"}</dcterms:identifier>
      </skos:Concept>
    </skos:narrower>
    <skos:narrower>
      <skos:Concept rdf:about="http://localhost:8000/3eab2b8b-ba6b-458d-a789-66f64514ca2f">
        <skos:inScheme rdf:resource="http://localhost:8000/e95fa762-37b6-4e14-8f66-271e8b7b6ea7"/>
        <dcterms:identifier xml:lang="en">{"id": "2ffa182b-ab93-4222-bb1d-0f3d91be9686", "value": "http://localhost:8000/3eab2b8b-ba6b-458d-a789-66f64514ca2f"}</dcterms:identifier>
        <skos:prefLabel xml:lang="en">{"id": "b29f0eeb-4eaf-4062-9b85-2fa5acab47b5", "value": "Epithet"}</skos:prefLabel>
      </skos:Concept>
    </skos:narrower>
    <skos:narrower rdf:resource="http://localhost:8000/6e66ede8-c12f-4bff-a22d-94b6a19f5386"/>
    <skos:narrower rdf:resource="http://localhost:8000/4dcefe75-9761-4f27-be19-53cdeb3cda79"/>
    <skos:scopeNote xml:lang="en">{"id": "8a596948-a9e4-4409-ac30-41741e963956", "value": "Use to record the names and parts of names of people and organizations."}</skos:scopeNote>
    <skos:prefLabel xml:lang="en">{"id": "dba129fb-39e1-4611-b035-c8f054847cbf", "value": "Actor Name Part Type"}</skos:prefLabel>
    <skos:inScheme rdf:resource="http://localhost:8000/e95fa762-37b6-4e14-8f66-271e8b7b6ea7"/>
    <skos:narrower>
      <skos:Concept rdf:about="http://localhost:8000/2f3a2883-0cae-4f2f-98a0-0a837f1b7a88">
        <dcterms:identifier xml:lang="en">{"id": "1c973d9f-7f76-4dd3-925d-57806d3038ad", "value": "http://localhost:8000/2f3a2883-0cae-4f2f-98a0-0a837f1b7a88"}</dcterms:identifier>
        <skos:inScheme rdf:resource="http://localhost:8000/e95fa762-37b6-4e14-8f66-271e8b7b6ea7"/>
        <skos:prefLabel xml:lang="en">{"id": "7a230ae8-13a3-471e-a0d4-8cb6e47ecb9f", "value": "Initials"}</skos:prefLabel>
      </skos:Concept>
    </skos:narrower>
    <skos:narrower>
      <skos:Concept rdf:about="http://localhost:8000/7715214e-dab6-4add-8c04-2ee003d1392a">
        <dcterms:identifier xml:lang="en">{"id": "58bd7039-7313-4b8f-8c02-d721f9c017c8", "value": "http://localhost:8000/7715214e-dab6-4add-8c04-2ee003d1392a"}</dcterms:identifier>
        <skos:inScheme rdf:resource="http://localhost:8000/e95fa762-37b6-4e14-8f66-271e8b7b6ea7"/>
        <skos:prefLabel xml:lang="en">{"id": "e474f2ba-f203-467b-bcfe-3b2d22b5cfc8", "value": "Parent Name"}</skos:prefLabel>
      </skos:Concept>
    </skos:narrower>
  </skos:Concept>
  <skos:Concept rdf:about="http://localhost:8000/af08e1cb-09a1-413d-a0dc-58f64d2738fe">
    <dcterms:identifier xml:lang="en">{"id": "75a4bae1-a67f-4e0b-9eef-48bb0ac2f66d", "value": "http://localhost:8000/af08e1cb-09a1-413d-a0dc-58f64d2738fe"}</dcterms:identifier>
    <skos:prefLabel xml:lang="en">{"id": "f1ec77ee-c2f2-4cad-a128-87c1537adb54", "value": "Location Area Name"}</skos:prefLabel>
    <skos:inScheme rdf:resource="http://localhost:8000/e95fa762-37b6-4e14-8f66-271e8b7b6ea7"/>
  </skos:Concept>
  <skos:Concept rdf:about="http://localhost:8000/e4a215eb-c4cc-42e9-adb8-a81a7f3e516a">
    <dcterms:identifier xml:lang="en">{"id": "0a163008-b9ea-42e5-baea-ee184df3a206", "value": "http://localhost:8000/e4a215eb-c4cc-42e9-adb8-a81a7f3e516a"}</dcterms:identifier>
    <skos:prefLabel xml:lang="en">{"id": "b6cce3bd-703d-48e4-98b0-92bee5d632ba", "value": "Photograph Name"}</skos:prefLabel>
    <skos:inScheme rdf:resource="http://localhost:8000/e95fa762-37b6-4e14-8f66-271e8b7b6ea7"/>
  </skos:Concept>
  <skos:Concept rdf:about="http://localhost:8000/01d82a66-5da9-41e5-959a-5a5a89ae4203">
    <skos:inScheme rdf:resource="http://localhost:8000/e95fa762-37b6-4e14-8f66-271e8b7b6ea7"/>
    <skos:prefLabel xml:lang="en">{"id": "0f772da6-cebc-4f8c-9610-2174e6e8dd8c", "value": "Consultation Name"}</skos:prefLabel>
    <dcterms:identifier xml:lang="en">{"id": "9cd7ba18-47f7-4d7f-bf93-812c8a1ff613", "value": "http://localhost:8000/01d82a66-5da9-41e5-959a-5a5a89ae4203"}</dcterms:identifier>
  </skos:Concept>
  <skos:Concept rdf:about="http://localhost:8000/30707dfc-8b37-42b5-b7f4-7092442641a5">
    <skos:inScheme rdf:resource="http://localhost:8000/e95fa762-37b6-4e14-8f66-271e8b7b6ea7"/>
    <skos:prefLabel xml:lang="en">{"id": "b43da813-8fdf-4648-9a91-e8864e6b92d8", "value": "Archive Source Name"}</skos:prefLabel>
    <dcterms:identifier xml:lang="en">{"id": "a8e21736-8257-431f-80a0-f26750430034", "value": "http://localhost:8000/30707dfc-8b37-42b5-b7f4-7092442641a5"}</dcterms:identifier>
  </skos:Concept>
  <skos:Concept rdf:about="http://localhost:8000/df81805b-6453-4fe6-84a8-a20d0703e0e3">
    <dcterms:identifier xml:lang="en">{"id": "2433ff61-6a3c-4dda-8667-f4ec1a15690a", "value": "http://localhost:8000/df81805b-6453-4fe6-84a8-a20d0703e0e3"}</dcterms:identifier>
    <skos:prefLabel xml:lang="en">{"id": "e987fb72-6fa6-43ab-8812-867c4813a2a2", "value": "Application Area Name"}</skos:prefLabel>
    <skos:inScheme rdf:resource="http://localhost:8000/e95fa762-37b6-4e14-8f66-271e8b7b6ea7"/>
  </skos:Concept>
  <skos:Concept rdf:about="http://localhost:8000/4ac1f8e9-e695-40d6-bc4f-b0d3b6136ed7">
    <dcterms:identifier xml:lang="en">{"id": "f6a19b62-71cc-4250-bb7e-c27daaf14893", "value": "http://localhost:8000/4ac1f8e9-e695-40d6-bc4f-b0d3b6136ed7"}</dcterms:identifier>
    <skos:prefLabel xml:lang="en">{"id": "4e05f167-0e49-41d3-84ef-7f9b29fdb656", "value": "Historic Aircraft Name"}</skos:prefLabel>
    <skos:inScheme rdf:resource="http://localhost:8000/e95fa762-37b6-4e14-8f66-271e8b7b6ea7"/>
  </skos:Concept>
  <skos:Concept rdf:about="http://localhost:8000/9e977f62-e453-483f-a6c5-2f92c5f40fed">
    <skos:prefLabel xml:lang="en">{"id": "dccd3273-52fb-49f1-b148-e7c1a535cb5b", "value": "Period Name"}</skos:prefLabel>
    <skos:inScheme rdf:resource="http://localhost:8000/e95fa762-37b6-4e14-8f66-271e8b7b6ea7"/>
    <dcterms:identifier xml:lang="en">{"id": "2f0647ca-80be-4fed-863d-78a2e51f20af", "value": "http://localhost:8000/9e977f62-e453-483f-a6c5-2f92c5f40fed"}</dcterms:identifier>
  </skos:Concept>
  <skos:Concept rdf:about="http://localhost:8000/6aa7f485-413e-480b-9bc0-a6bcf2ceda0a">
    <dcterms:identifier xml:lang="en">{"id": "3bb8c678-bd7b-4fb8-86ea-4aba93c10ad5", "value": "http://localhost:8000/6aa7f485-413e-480b-9bc0-a6bcf2ceda0a"}</dcterms:identifier>
    <skos:inScheme rdf:resource="http://localhost:8000/e95fa762-37b6-4e14-8f66-271e8b7b6ea7"/>
    <skos:prefLabel xml:lang="en">{"id": "de8bf632-e451-4c93-a223-1f803a968f04", "value": "Heritage Area Name"}</skos:prefLabel>
  </skos:Concept>
  <skos:Concept rdf:about="http://localhost:8000/033528a2-8312-4df7-9ae8-923369d124c2">
    <skos:inScheme rdf:resource="http://localhost:8000/e95fa762-37b6-4e14-8f66-271e8b7b6ea7"/>
    <dcterms:identifier xml:lang="en">{"id": "8ab4ea70-85ef-407b-9559-f3a42bf29b75", "value": "http://localhost:8000/033528a2-8312-4df7-9ae8-923369d124c2"}</dcterms:identifier>
    <skos:prefLabel xml:lang="en">{"id": "bbb13710-f37b-4f84-989e-a4c0041791b6", "value": "Historic Landscape Character Name"}</skos:prefLabel>
  </skos:Concept>
  <skos:Concept rdf:about="http://localhost:8000/8686b766-19f6-4f79-a3e5-39fbab0a5045">
    <skos:prefLabel xml:lang="en">{"id": "c513dfd9-a447-48e0-ae58-8723804aec07", "value": "Storage Area Name"}</skos:prefLabel>
    <skos:inScheme rdf:resource="http://localhost:8000/e95fa762-37b6-4e14-8f66-271e8b7b6ea7"/>
    <dcterms:identifier xml:lang="en">{"id": "7492b5fe-73cb-4c35-b55f-c723c66a9117", "value": "http://localhost:8000/8686b766-19f6-4f79-a3e5-39fbab0a5045"}</dcterms:identifier>
  </skos:Concept>
  <skos:Concept rdf:about="http://localhost:8000/86259606-6e12-4701-bd93-aa17058635ef">
    <skos:inScheme rdf:resource="http://localhost:8000/e95fa762-37b6-4e14-8f66-271e8b7b6ea7"/>
    <dcterms:identifier xml:lang="en">{"id": "10c5b8e4-7d2c-457c-903e-9525e76a755d", "value": "http://localhost:8000/86259606-6e12-4701-bd93-aa17058635ef"}</dcterms:identifier>
    <skos:prefLabel xml:lang="en">{"id": "8a96a261-cd79-48e2-9f12-74924c152b00", "value": "Digital Object Name"}</skos:prefLabel>
  </skos:Concept>
  <skos:Concept rdf:about="http://localhost:8000/8bbdbb07-9f1f-445c-8334-7e88613a3dea">
    <skos:inScheme rdf:resource="http://localhost:8000/e95fa762-37b6-4e14-8f66-271e8b7b6ea7"/>
    <dcterms:identifier xml:lang="en">{"id": "0b6effbc-4dce-4967-a7e8-2b919cf3a446", "value": "http://localhost:8000/8bbdbb07-9f1f-445c-8334-7e88613a3dea"}</dcterms:identifier>
    <skos:prefLabel xml:lang="en">{"id": "f5d7335d-b3da-42b3-bf0b-6d1469264a5c", "value": "Administrative Area Name"}</skos:prefLabel>
  </skos:Concept>
  <skos:Concept rdf:about="http://localhost:8000/952eb0ac-61a4-46ec-956c-79297065c650">
    <skos:prefLabel xml:lang="en">{"id": "4f3359fe-8525-4ca8-8773-11d733804129", "value": "Heritage Theme Name"}</skos:prefLabel>
    <skos:inScheme rdf:resource="http://localhost:8000/e95fa762-37b6-4e14-8f66-271e8b7b6ea7"/>
    <dcterms:identifier xml:lang="en">{"id": "2fcbf526-a854-43b7-8fdd-d35f49e81e6f", "value": "http://localhost:8000/952eb0ac-61a4-46ec-956c-79297065c650"}</dcterms:identifier>
  </skos:Concept>
  <skos:Concept rdf:about="http://localhost:8000/17f46d60-ba10-4881-a83c-1c35af090b66">
    <skos:inScheme rdf:resource="http://localhost:8000/e95fa762-37b6-4e14-8f66-271e8b7b6ea7"/>
    <dcterms:identifier xml:lang="en">{"id": "27ddedbe-17a5-42e5-a985-05fd5e333c73", "value": "http://localhost:8000/17f46d60-ba10-4881-a83c-1c35af090b66"}</dcterms:identifier>
    <skos:prefLabel xml:lang="en">{"id": "51796e90-9ef1-44ec-a967-81b077983768", "value": "Bibliographic Source Name"}</skos:prefLabel>
  </skos:Concept>
</rdf:RDF>
