<?xml version="1.0" encoding="utf-8"?>
<rdf:RDF
  xmlns:skos="http://www.w3.org/2004/02/skos/core#"
  xmlns:dcterms="http://purl.org/dc/terms/"
  xmlns:rdf="http://www.w3.org/1999/02/22-rdf-syntax-ns#"
>
  <skos:Concept rdf:about="http://localhost:8000/1ab99153-a986-41f6-b160-2cc466aeaea3">
    <skos:altLabel xml:lang="en-us">{"id": "12e44727-75be-4898-882d-074755d409ab", "value": "POL"}</skos:altLabel>
    <skos:inScheme>
      <skos:ConceptScheme rdf:about="http://localhost:8000/820b5912-a295-4fc4-b549-6b7a124a7a80">
        <skos:hasTopConcept rdf:resource="http://localhost:8000/1ab99153-a986-41f6-b160-2cc466aeaea3"/>
        <dcterms:title xml:lang="en">{"id": "5a67588c-eaa7-4098-8c72-3c7f2edd7ca8", "value": "Named Location Association Types"}</dcterms:title>
        <dcterms:identifier xml:lang="en">{"id": "76152bbf-902a-4a5c-b8b7-03b3d51dc404", "value": "http://localhost:8000/820b5912-a295-4fc4-b549-6b7a124a7a80"}</dcterms:identifier>
      </skos:ConceptScheme>
    </skos:inScheme>
    <skos:prefLabel xml:lang="en">{"id": "fe2aaccf-aef9-405f-9571-7a71c829a0b3", "value": "Place of Loss"}</skos:prefLabel>
    <dcterms:identifier xml:lang="en">{"id": "e0641342-8467-4eb4-874f-ed6d15dae669", "value": "http://localhost:8000/1ab99153-a986-41f6-b160-2cc466aeaea3"}</dcterms:identifier>
  </skos:Concept>
</rdf:RDF>
