<?xml version="1.0" encoding="utf-8"?>
<rdf:RDF
  xmlns:dcterms="http://purl.org/dc/terms/"
  xmlns:skos="http://www.w3.org/2004/02/skos/core#"
  xmlns:rdf="http://www.w3.org/1999/02/22-rdf-syntax-ns#"
  xmlns:arches="http://localhost:8000/"
>
  <skos:Concept rdf:about="http://localhost:8000/d45d8db7-43d3-4731-a140-4890e8cc8fe5">
    <skos:inScheme>
      <skos:ConceptScheme rdf:about="http://localhost:8000/afcfa02b-3529-46de-9ddf-2fc2d05b47a5">
        <skos:hasTopConcept rdf:resource="http://localhost:8000/2773d78c-1adc-494d-9df4-73a58966be85"/>
        <skos:hasTopConcept rdf:resource="http://localhost:8000/f2a2710a-5a81-435a-9f2f-4eeddcdcd4af"/>
        <dcterms:title xml:lang="en">{"id": "342d2d38-e353-4b59-bab2-bc83e23dd7bf", "value": "Name Use Type"}</dcterms:title>
        <skos:hasTopConcept rdf:resource="http://localhost:8000/6c4828de-2dc7-4dbd-922b-2dc8e79f7efc"/>
        <skos:hasTopConcept rdf:resource="http://localhost:8000/647b7a46-d312-40be-9b26-172355e5339e"/>
        <skos:hasTopConcept rdf:resource="http://localhost:8000/77d2e4e4-3c5d-433f-ac84-4132b2e67aa8"/>
        <skos:hasTopConcept rdf:resource="http://localhost:8000/5c8f4b76-64bd-4718-a730-a8e4a1923df8"/>
        <dcterms:identifier xml:lang="en">{"id": "ce393c85-d99d-4028-8327-9cbe547617fd", "value": "http://localhost:8000/afcfa02b-3529-46de-9ddf-2fc2d05b47a5"}</dcterms:identifier>
        <skos:hasTopConcept rdf:resource="http://localhost:8000/be258618-a5f4-4420-b580-008d0e7f1d20"/>
        <skos:hasTopConcept rdf:resource="http://localhost:8000/d45d8db7-43d3-4731-a140-4890e8cc8fe5"/>
        <skos:hasTopConcept rdf:resource="http://localhost:8000/12969a7e-20e5-43a5-a48a-285afd2599bd"/>
        <skos:hasTopConcept rdf:resource="http://localhost:8000/d4e3d550-6e2d-4734-88d4-3e781118048d"/>
        <skos:hasTopConcept rdf:resource="http://localhost:8000/6f8b9b3a-edb7-435b-b8cb-d6690bb1c9b6"/>
        <skos:hasTopConcept rdf:resource="http://localhost:8000/edbf1916-af77-408d-94f4-09a58dd98825"/>
      </skos:ConceptScheme>
    </skos:inScheme>
    <skos:prefLabel xml:lang="en">{"id": "85c26c81-e356-4454-a2ba-67e7ad9b95cd", "value": "For Correspondence"}</skos:prefLabel>
  </skos:Concept>
  <skos:Concept rdf:about="http://localhost:8000/12969a7e-20e5-43a5-a48a-285afd2599bd">
    <skos:scopeNote xml:lang="en">{"id": "212bc72e-278e-4740-a097-161b6c341c39", "value": "A nickname"}</skos:scopeNote>
    <skos:inScheme rdf:resource="http://localhost:8000/afcfa02b-3529-46de-9ddf-2fc2d05b47a5"/>
    <skos:altLabel xml:lang="en">{"id": "190618ce-92c6-46ea-a43b-edc2b384d14e", "value": "SB"}</skos:altLabel>
    <skos:prefLabel xml:lang="en">{"id": "d14530a7-dfe0-44cd-9e30-10472863bd52", "value": "Sobriquet"}</skos:prefLabel>
    <dcterms:identifier xml:lang="en">{"id": "527a9993-0eb2-4277-acdd-bd8193446a3c", "value": "http://localhost:8000/12969a7e-20e5-43a5-a48a-285afd2599bd"}</dcterms:identifier>
    <skos:altLabel xml:lang="en">{"id": "e00df895-716d-4aca-97af-a46ff47e6b9f", "value": "Nickname"}</skos:altLabel>
  </skos:Concept>
  <skos:Concept rdf:about="http://localhost:8000/be258618-a5f4-4420-b580-008d0e7f1d20">
    <dcterms:identifier xml:lang="en">{"id": "9619dc26-b162-4f78-bbe8-faa178532038", "value": "http://localhost:8000/be258618-a5f4-4420-b580-008d0e7f1d20"}</dcterms:identifier>
    <skos:inScheme rdf:resource="http://localhost:8000/afcfa02b-3529-46de-9ddf-2fc2d05b47a5"/>
    <skos:altLabel xml:lang="en">{"id": "2b41935b-491c-4ccc-9421-76aac458947b", "value": "F"}</skos:altLabel>
    <skos:prefLabel xml:lang="en">{"id": "ea504636-00ea-4a87-9416-20e7d9c81303", "value": "Former"}</skos:prefLabel>
  </skos:Concept>
  <skos:Concept rdf:about="http://localhost:8000/f2a2710a-5a81-435a-9f2f-4eeddcdcd4af">
    <dcterms:identifier xml:lang="en">{"id": "bffb04ab-c34d-4fb6-8371-3975c7e0fef9", "value": "http://localhost:8000/f2a2710a-5a81-435a-9f2f-4eeddcdcd4af"}</dcterms:identifier>
    <skos:inScheme rdf:resource="http://localhost:8000/afcfa02b-3529-46de-9ddf-2fc2d05b47a5"/>
    <skos:prefLabel xml:lang="en">{"id": "e9170ee3-3455-4ec3-b596-475c0969f3bf", "value": "Alternative"}</skos:prefLabel>
    <skos:altLabel xml:lang="en">{"id": "0f97b40d-1955-4f49-adba-c50c16cbe0a2", "value": "A"}</skos:altLabel>
    <skos:altLabel xml:lang="en">{"id": "54d7dead-2e00-41c5-8717-6363e0fac83e", "value": "ALT"}</skos:altLabel>
  </skos:Concept>
  <skos:Concept rdf:about="http://localhost:8000/5c8f4b76-64bd-4718-a730-a8e4a1923df8">
    <skos:prefLabel xml:lang="en">{"id": "78df4478-ee6c-46b7-8321-38e9767c12d1", "value": "Statutory"}</skos:prefLabel>
    <dcterms:identifier xml:lang="en">{"id": "05e989df-9ce6-4b1d-8eec-f4f99cfc62a9", "value": "http://localhost:8000/5c8f4b76-64bd-4718-a730-a8e4a1923df8"}</dcterms:identifier>
    <skos:inScheme rdf:resource="http://localhost:8000/afcfa02b-3529-46de-9ddf-2fc2d05b47a5"/>
    <skos:altLabel xml:lang="en">{"id": "7f92d9bb-7e24-4617-a175-63fe0018415b", "value": "S"}</skos:altLabel>
  </skos:Concept>
  <skos:Concept rdf:about="http://localhost:8000/6f8b9b3a-edb7-435b-b8cb-d6690bb1c9b6">
    <dcterms:identifier xml:lang="en">{"id": "05b0a5ec-a403-4ca2-8471-06717d0f0e25", "value": "http://localhost:8000/6f8b9b3a-edb7-435b-b8cb-d6690bb1c9b6"}</dcterms:identifier>
    <skos:altLabel xml:lang="en">{"id": "54057437-da16-4e1a-b40a-910160d8851b", "value": "O"}</skos:altLabel>
    <skos:prefLabel xml:lang="en">{"id": "03c12675-14fe-4c42-8003-4ea9e8505374", "value": "Original"}</skos:prefLabel>
    <skos:inScheme rdf:resource="http://localhost:8000/afcfa02b-3529-46de-9ddf-2fc2d05b47a5"/>
  </skos:Concept>
  <skos:Concept rdf:about="http://localhost:8000/edbf1916-af77-408d-94f4-09a58dd98825">
    <skos:inScheme rdf:resource="http://localhost:8000/afcfa02b-3529-46de-9ddf-2fc2d05b47a5"/>
    <skos:altLabel xml:lang="en">{"id": "8bfbcf2d-1690-4e31-958d-37f2afbaa730", "value": "PSE"}</skos:altLabel>
    <skos:scopeNote xml:lang="en">{"id": "04d54690-a6bc-4ee0-8e00-60b9485da34b", "value": "A fictitious name, especially one used by an author. A pen-name."}</skos:scopeNote>
    <dcterms:identifier xml:lang="en">{"id": "a63cc95b-96d8-4453-b0a7-b7dd0c76a307", "value": "http://localhost:8000/edbf1916-af77-408d-94f4-09a58dd98825"}</dcterms:identifier>
    <skos:altLabel xml:lang="en">{"id": "38431363-b7cb-4b9e-aa45-e4387437b2f3", "value": "Pen name"}</skos:altLabel>
    <skos:prefLabel xml:lang="en">{"id": "4da7d1c6-fab7-44a4-a758-954e0c5a47c8", "value": "Pseudonym"}</skos:prefLabel>
  </skos:Concept>
  <skos:Concept rdf:about="http://localhost:8000/6c4828de-2dc7-4dbd-922b-2dc8e79f7efc">
    <skos:prefLabel xml:lang="en">{"id": "c18a4041-622e-42a2-89ef-1755cffd0fd6", "value": "Maiden"}</skos:prefLabel>
    <dcterms:identifier xml:lang="en">{"id": "58a348e8-8bb3-4449-81d7-c10f09f228c9", "value": "http://localhost:8000/6c4828de-2dc7-4dbd-922b-2dc8e79f7efc"}</dcterms:identifier>
    <skos:altLabel xml:lang="en">{"id": "3bd6eec8-7d0d-4f0c-a6ab-22002e7b7e66", "value": "M"}</skos:altLabel>
    <skos:inScheme rdf:resource="http://localhost:8000/afcfa02b-3529-46de-9ddf-2fc2d05b47a5"/>
  </skos:Concept>
  <skos:Concept rdf:about="http://localhost:8000/647b7a46-d312-40be-9b26-172355e5339e">
    <skos:prefLabel xml:lang="en">{"id": "22093d13-ca7b-4e7b-9927-33f8d626ea36", "value": "Formerly identified as"}</skos:prefLabel>
    <skos:altLabel xml:lang="en">{"id": "0d34d14b-1b3f-452e-b663-25a30e144aa9", "value": "FIA"}</skos:altLabel>
    <dcterms:identifier xml:lang="en">{"id": "62e52946-0580-4013-9320-dbc72d3fed9d", "value": "http://localhost:8000/647b7a46-d312-40be-9b26-172355e5339e"}</dcterms:identifier>
    <skos:scopeNote xml:lang="en">{"id": "424c45aa-746b-40e6-86a3-1eae16bd3c12", "value": "Use for recording the names of vessels or sites that have since been identified correctly."}</skos:scopeNote>
    <skos:inScheme rdf:resource="http://localhost:8000/afcfa02b-3529-46de-9ddf-2fc2d05b47a5"/>
  </skos:Concept>
  <skos:Concept rdf:about="http://localhost:8000/77d2e4e4-3c5d-433f-ac84-4132b2e67aa8">
    <dcterms:identifier xml:lang="en">{"id": "889e9d13-4a39-4216-a4f0-91a2dcfabd0d", "value": "http://localhost:8000/77d2e4e4-3c5d-433f-ac84-4132b2e67aa8"}</dcterms:identifier>
    <skos:prefLabel xml:lang="en">{"id": "42cd842c-6f60-4a86-a3f0-15c41b1bda1e", "value": "Latest"}</skos:prefLabel>
    <skos:altLabel xml:lang="en">{"id": "83dbec3c-9290-49b2-959e-006e49a421c7", "value": "L"}</skos:altLabel>
    <skos:inScheme rdf:resource="http://localhost:8000/afcfa02b-3529-46de-9ddf-2fc2d05b47a5"/>
  </skos:Concept>
  <skos:Concept rdf:about="http://localhost:8000/d4e3d550-6e2d-4734-88d4-3e781118048d">
    <skos:inScheme rdf:resource="http://localhost:8000/afcfa02b-3529-46de-9ddf-2fc2d05b47a5"/>
    <dcterms:identifier xml:lang="en">{"id": "145bfdb4-2556-4f2e-9a74-948ddb2592a4", "value": "http://localhost:8000/d4e3d550-6e2d-4734-88d4-3e781118048d"}</dcterms:identifier>
    <arches:sortorder xml:lang="en-us">{"id": "2ca057fc-48b8-4568-90ee-43b5b02014f8", "value": "1"}</arches:sortorder>
    <skos:altLabel xml:lang="en">{"id": "02e19510-f598-4b9a-a926-5f8c321ede01", "value": "P"}</skos:altLabel>
    <skos:prefLabel xml:lang="en">{"id": "2df285fa-9cf2-45e7-bc05-a67b7d7ddc2f", "value": "Primary"}</skos:prefLabel>
  </skos:Concept>
  <skos:Concept rdf:about="http://localhost:8000/2773d78c-1adc-494d-9df4-73a58966be85">
    <skos:inScheme rdf:resource="http://localhost:8000/afcfa02b-3529-46de-9ddf-2fc2d05b47a5"/>
    <dcterms:identifier xml:lang="en">{"id": "2888d69d-a54c-4532-8ea5-d1987cd16c17", "value": "http://localhost:8000/2773d78c-1adc-494d-9df4-73a58966be85"}</dcterms:identifier>
    <skos:prefLabel xml:lang="en">{"id": "1375c169-f815-4745-9e90-4a726dfe8796", "value": "Registered"}</skos:prefLabel>
    <skos:altLabel xml:lang="en">{"id": "e0e08040-731d-4c12-a700-2ea5baa31692", "value": "REG"}</skos:altLabel>
  </skos:Concept>
</rdf:RDF>
