<?xml version="1.0" encoding="utf-8"?>
<rdf:RDF
  xmlns:skos="http://www.w3.org/2004/02/skos/core#"
  xmlns:dcterms="http://purl.org/dc/terms/"
  xmlns:rdf="http://www.w3.org/1999/02/22-rdf-syntax-ns#"
>
  <skos:ConceptScheme rdf:about="http://localhost:8000/464fc054-35b7-47de-a021-b99ec80e9799">
    <dcterms:title xml:lang="en">{"id": "1e21eeb9-2be7-4219-8fe0-3a78510ff5c9", "value": "Nature of Consultation"}</dcterms:title>
    <skos:hasTopConcept>
      <skos:Concept rdf:about="http://localhost:8000/68c41e1c-3b36-4fa2-b524-a70ffe2c67b1">
        <skos:prefLabel xml:lang="en">{"id": "613ec5ec-6ef3-4f7a-a90e-b9868fca32ca", "value": "Local Plan"}</skos:prefLabel>
        <dcterms:identifier xml:lang="en">{"id": "ec3a884c-19d8-4fe5-827b-e8c200b630a0", "value": "http://www.archesproject.org/68c41e1c-3b36-4fa2-b524-a70ffe2c67b1"}</dcterms:identifier>
        <skos:inScheme rdf:resource="http://localhost:8000/464fc054-35b7-47de-a021-b99ec80e9799"/>
      </skos:Concept>
    </skos:hasTopConcept>
    <skos:hasTopConcept>
      <skos:Concept rdf:about="http://localhost:8000/5ef78a2b-dc81-4282-bba1-80fa7f270f11">
        <skos:prefLabel xml:lang="en">{"id": "d37433c7-9d6c-4d44-b746-c037315c57ed", "value": "Community Project and Land Management"}</skos:prefLabel>
        <dcterms:identifier xml:lang="en">{"id": "093d94b9-3d6c-47bc-93c9-cb2a44e4e398", "value": "http://www.archesproject.org/5ef78a2b-dc81-4282-bba1-80fa7f270f11"}</dcterms:identifier>
        <skos:inScheme rdf:resource="http://localhost:8000/464fc054-35b7-47de-a021-b99ec80e9799"/>
      </skos:Concept>
    </skos:hasTopConcept>
    <skos:hasTopConcept>
      <skos:Concept rdf:about="http://localhost:8000/a08fb981-bd69-4224-acc0-ba558dafb072">
        <dcterms:identifier xml:lang="en">{"id": "37604e37-fdec-46ef-8602-7951d7dbd4cc", "value": "http://www.archesproject.org/a08fb981-bd69-4224-acc0-ba558dafb072"}</dcterms:identifier>
        <skos:prefLabel xml:lang="en">{"id": "ec33570b-c75b-4de9-ace4-9a2071de9e4a", "value": "Non-Statutory Strategy"}</skos:prefLabel>
        <skos:inScheme rdf:resource="http://localhost:8000/464fc054-35b7-47de-a021-b99ec80e9799"/>
      </skos:Concept>
    </skos:hasTopConcept>
    <skos:hasTopConcept>
      <skos:Concept rdf:about="http://localhost:8000/5dafc0d2-effa-4c5f-8a4b-abe72444c68d">
        <skos:prefLabel xml:lang="en">{"id": "fedf2069-7d38-4bc4-989c-742656fc88e2", "value": "Neighbourhood Plan"}</skos:prefLabel>
        <dcterms:identifier xml:lang="en">{"id": "ba3fef8b-8d09-4a5d-bff2-e34d9c71ea4d", "value": "http://www.archesproject.org/5dafc0d2-effa-4c5f-8a4b-abe72444c68d"}</dcterms:identifier>
        <skos:inScheme rdf:resource="http://localhost:8000/464fc054-35b7-47de-a021-b99ec80e9799"/>
      </skos:Concept>
    </skos:hasTopConcept>
    <dcterms:identifier xml:lang="en">{"id": "28cf39c1-1edf-4ec4-863b-2d1c49ba66c3", "value": "http://www.archesproject.org/464fc054-35b7-47de-a021-b99ec80e9799"}</dcterms:identifier>
    <skos:hasTopConcept>
      <skos:Concept rdf:about="http://localhost:8000/ff465dfe-7a54-49c9-bac5-edb9076705a2">
        <dcterms:identifier xml:lang="en">{"id": "92600534-caeb-4926-8575-dae91b1409bb", "value": "http://www.archesproject.org/ff465dfe-7a54-49c9-bac5-edb9076705a2"}</dcterms:identifier>
        <skos:prefLabel xml:lang="en">{"id": "7eceaaa5-65b6-486b-83db-caeeb902bd91", "value": "National Plan/Act"}</skos:prefLabel>
        <skos:inScheme rdf:resource="http://localhost:8000/464fc054-35b7-47de-a021-b99ec80e9799"/>
      </skos:Concept>
    </skos:hasTopConcept>
    <skos:hasTopConcept>
      <skos:Concept rdf:about="http://localhost:8000/8be0efbc-7166-4147-adba-3b8a315ba46c">
        <skos:prefLabel xml:lang="en">{"id": "2e8842a7-9160-4ac5-91ce-a2338d897401", "value": "Utility"}</skos:prefLabel>
        <skos:inScheme rdf:resource="http://localhost:8000/464fc054-35b7-47de-a021-b99ec80e9799"/>
        <dcterms:identifier xml:lang="en">{"id": "3be06b06-686a-476e-8367-27ab17afdcd8", "value": "http://www.archesproject.org/8be0efbc-7166-4147-adba-3b8a315ba46c"}</dcterms:identifier>
      </skos:Concept>
    </skos:hasTopConcept>
    <skos:hasTopConcept>
      <skos:Concept rdf:about="http://localhost:8000/c6bc4e40-5a70-4a75-8748-c405691e94e6">
        <dcterms:identifier xml:lang="en">{"id": "b85cef56-025b-4c2d-abca-4317727bf9e8", "value": "http://www.archesproject.org/c6bc4e40-5a70-4a75-8748-c405691e94e6"}</dcterms:identifier>
        <skos:inScheme rdf:resource="http://localhost:8000/464fc054-35b7-47de-a021-b99ec80e9799"/>
        <skos:prefLabel xml:lang="en">{"id": "50b7b53b-9c6e-420e-be1f-a8a300544855", "value": "SHINE"}</skos:prefLabel>
      </skos:Concept>
    </skos:hasTopConcept>
    <skos:hasTopConcept>
      <skos:Concept rdf:about="http://localhost:8000/67c0039a-ef31-4b5a-9b0e-3ef28cb76c89">
        <dcterms:identifier xml:lang="en">{"id": "c6813920-b775-4a70-aacd-c14a7a870955", "value": "http://www.archesproject.org/67c0039a-ef31-4b5a-9b0e-3ef28cb76c89"}</dcterms:identifier>
        <skos:inScheme rdf:resource="http://localhost:8000/464fc054-35b7-47de-a021-b99ec80e9799"/>
        <skos:prefLabel xml:lang="en">{"id": "0ad08d58-6263-4da0-8e65-8678e2389115", "value": "Mayoral Development Plan"}</skos:prefLabel>
      </skos:Concept>
    </skos:hasTopConcept>
    <skos:hasTopConcept>
      <skos:Concept rdf:about="http://localhost:8000/0f556ef0-6125-4d57-b94e-86492738d610">
        <skos:inScheme rdf:resource="http://localhost:8000/464fc054-35b7-47de-a021-b99ec80e9799"/>
        <dcterms:identifier xml:lang="en">{"id": "b6356ecc-7d2b-4d4c-9853-452758f9aec9", "value": "http://www.archesproject.org/0f556ef0-6125-4d57-b94e-86492738d610"}</dcterms:identifier>
        <skos:prefLabel xml:lang="en">{"id": "0d4a725e-8ecb-4875-9fcf-d07d3d80c815", "value": "Environment Agency Plan"}</skos:prefLabel>
      </skos:Concept>
    </skos:hasTopConcept>
  </skos:ConceptScheme>
</rdf:RDF>
