<?xml version="1.0" encoding="utf-8"?>
<rdf:RDF
  xmlns:skos="http://www.w3.org/2004/02/skos/core#"
  xmlns:dcterms="http://purl.org/dc/terms/"
  xmlns:rdf="http://www.w3.org/1999/02/22-rdf-syntax-ns#"
>
  <skos:Concept rdf:about="http://localhost:8000/0afba9d0-8bf3-4255-a661-88a57af3d80a">
    <skos:prefLabel xml:lang="en">{"id": "e931d8da-7934-40f4-aee6-a520d6083708", "value": "Partially Occupied"}</skos:prefLabel>
    <dcterms:identifier xml:lang="en">{"id": "23959a8d-ee4d-48be-8006-2fbe299c2d33", "value": "http://localhost:8000/0afba9d0-8bf3-4255-a661-88a57af3d80a"}</dcterms:identifier>
    <skos:inScheme>
      <skos:ConceptScheme rdf:about="http://localhost:8000/36c46026-8da4-44f4-b0d9-37aa98a2aaba">
        <skos:hasTopConcept rdf:resource="http://localhost:8000/c8afd54a-a9d6-4048-af12-94caa5b341a0"/>
        <skos:hasTopConcept rdf:resource="http://localhost:8000/0afba9d0-8bf3-4255-a661-88a57af3d80a"/>
        <skos:hasTopConcept rdf:resource="http://localhost:8000/559bed7c-fbbe-43e1-bde0-d7c075d6eaca"/>
        <dcterms:title xml:lang="en">{"id": "c2b896b0-b7f4-4b56-8916-b5f29418f3a1", "value": "Occupancy"}</dcterms:title>
        <dcterms:identifier xml:lang="en">{"id": "8235960e-296e-402a-8ffd-ce12b2cafa03", "value": "http://localhost:8000/36c46026-8da4-44f4-b0d9-37aa98a2aaba"}</dcterms:identifier>
      </skos:ConceptScheme>
    </skos:inScheme>
  </skos:Concept>
  <skos:Concept rdf:about="http://localhost:8000/c8afd54a-a9d6-4048-af12-94caa5b341a0">
    <skos:prefLabel xml:lang="en">{"id": "8a8d8a12-8548-4937-9056-cd8987deff59", "value": "Vacant"}</skos:prefLabel>
    <dcterms:identifier xml:lang="en">{"id": "8bfe4e4e-cb6a-4f40-a8ad-1d3009dfd8c6", "value": "http://localhost:8000/c8afd54a-a9d6-4048-af12-94caa5b341a0"}</dcterms:identifier>
    <skos:inScheme rdf:resource="http://localhost:8000/36c46026-8da4-44f4-b0d9-37aa98a2aaba"/>
  </skos:Concept>
  <skos:Concept rdf:about="http://localhost:8000/559bed7c-fbbe-43e1-bde0-d7c075d6eaca">
    <skos:inScheme rdf:resource="http://localhost:8000/36c46026-8da4-44f4-b0d9-37aa98a2aaba"/>
    <dcterms:identifier xml:lang="en">{"id": "68e88b0e-c2f8-4285-9eab-b48abb225466", "value": "http://localhost:8000/559bed7c-fbbe-43e1-bde0-d7c075d6eaca"}</dcterms:identifier>
    <skos:prefLabel xml:lang="en">{"id": "1104af47-0c46-4822-adbf-58217e13b25f", "value": "Occupied"}</skos:prefLabel>
  </skos:Concept>
</rdf:RDF>
