<?xml version="1.0" encoding="utf-8"?>
<rdf:RDF
  xmlns:skos="http://www.w3.org/2004/02/skos/core#"
  xmlns:rdf="http://www.w3.org/1999/02/22-rdf-syntax-ns#"
  xmlns:dcterms="http://purl.org/dc/terms/"
>
  <skos:Concept rdf:about="http://localhost:8000/23f233ab-9f6a-4466-af39-2f66d7024a37">
    <dcterms:identifier xml:lang="en">{"id": "72d61d2c-5dfd-4fbb-b803-d5125dd71ca1", "value": "http://localhost:8000/23f233ab-9f6a-4466-af39-2f66d7024a37"}</dcterms:identifier>
    <skos:inScheme>
      <skos:ConceptScheme rdf:about="http://localhost:8000/5a6af1b6-9d9a-4477-b77a-0a0920ae5fea">
        <skos:hasTopConcept rdf:resource="http://localhost:8000/4a85f176-1483-4dd8-96c3-34a5230375ac"/>
        <skos:hasTopConcept rdf:resource="http://localhost:8000/44c5f5a8-bbc7-4a86-a6ca-afd1ed84c446"/>
        <dcterms:title xml:lang="en">{"id": "a84ac32c-a70d-4c7f-bddc-2a40716e8ef4", "value": "Organization Type"}</dcterms:title>
        <skos:hasTopConcept rdf:resource="http://localhost:8000/bfcc9d3e-b464-4ad5-921b-1888a18c89ce"/>
        <skos:hasTopConcept rdf:resource="http://localhost:8000/b325912a-c399-4191-b933-e10144f0a2a4"/>
        <skos:hasTopConcept rdf:resource="http://localhost:8000/23b3f672-0e90-4a49-b03e-ce58bcdb34e5"/>
        <skos:hasTopConcept rdf:resource="http://localhost:8000/23f233ab-9f6a-4466-af39-2f66d7024a37"/>
        <skos:hasTopConcept rdf:resource="http://localhost:8000/e9b8c21c-0aab-4487-8dc6-bc89c3d7772c"/>
        <skos:hasTopConcept rdf:resource="http://localhost:8000/14ca0152-faba-4ffe-bab6-f5760f5938c1"/>
        <skos:hasTopConcept rdf:resource="http://localhost:8000/1292c893-23b2-4b01-b0bf-52b90c8c2245"/>
        <dcterms:identifier xml:lang="en">{"id": "10d2c364-ffec-43be-8353-d7c57287f180", "value": "http://localhost:8000/5a6af1b6-9d9a-4477-b77a-0a0920ae5fea"}</dcterms:identifier>
        <skos:hasTopConcept rdf:resource="http://localhost:8000/93f55585-97ba-4118-a004-7b3452fcfdba"/>
        <skos:hasTopConcept rdf:resource="http://localhost:8000/54d1c53b-18f7-47f5-b95e-bca332512333"/>
        <skos:hasTopConcept rdf:resource="http://localhost:8000/e235dc2c-d803-41d1-9f4c-be6a9ff707cd"/>
        <skos:hasTopConcept rdf:resource="http://localhost:8000/3aab41bd-abdd-4430-ba02-df77d1c09195"/>
        <skos:hasTopConcept rdf:resource="http://localhost:8000/4cfb3463-f492-40c5-b25e-c2c8f0bce704"/>
        <skos:hasTopConcept rdf:resource="http://localhost:8000/a3ad6675-4e76-4836-bdbd-8888da62c709"/>
        <skos:hasTopConcept rdf:resource="http://localhost:8000/6fd1ea66-e5fa-46b0-a805-6ab375521230"/>
        <skos:hasTopConcept rdf:resource="http://localhost:8000/aabdbfd0-aae3-48ac-91ad-18b418ffb611"/>
        <skos:hasTopConcept rdf:resource="http://localhost:8000/ea66d45c-2ff4-4716-809b-2f2a5450086a"/>
        <skos:hasTopConcept rdf:resource="http://localhost:8000/f127e7e5-f325-4959-9a65-93e6339a17c5"/>
        <skos:hasTopConcept rdf:resource="http://localhost:8000/b3a8765e-b7a8-4469-ad9e-18bc6534fdf8"/>
        <skos:hasTopConcept rdf:resource="http://localhost:8000/28958b45-63ec-4ae3-b108-b6c0144b4793"/>
        <skos:hasTopConcept rdf:resource="http://localhost:8000/d073d8c9-a026-4f42-a0bb-6c395c6a27ea"/>
      </skos:ConceptScheme>
    </skos:inScheme>
    <skos:prefLabel xml:lang="en">{"id": "4612ae24-3003-4f11-8719-d59fff037b4b", "value": "Builder"}</skos:prefLabel>
  </skos:Concept>
  <skos:Concept rdf:about="http://localhost:8000/f127e7e5-f325-4959-9a65-93e6339a17c5">
    <dcterms:identifier xml:lang="en">{"id": "6a7c1681-cbaa-439d-8571-41d1129f4cdf", "value": "http://localhost:8000/f127e7e5-f325-4959-9a65-93e6339a17c5"}</dcterms:identifier>
    <skos:inScheme rdf:resource="http://localhost:8000/5a6af1b6-9d9a-4477-b77a-0a0920ae5fea"/>
    <skos:prefLabel xml:lang="en">{"id": "0436b3fd-79d1-4f31-8fce-edf3d58bca90", "value": "Consultant"}</skos:prefLabel>
  </skos:Concept>
  <skos:Concept rdf:about="http://localhost:8000/44c5f5a8-bbc7-4a86-a6ca-afd1ed84c446">
    <dcterms:identifier xml:lang="en">{"id": "7bd34bac-e5d6-414c-a7d5-67a0ecadbfeb", "value": "http://localhost:8000/44c5f5a8-bbc7-4a86-a6ca-afd1ed84c446"}</dcterms:identifier>
    <skos:inScheme rdf:resource="http://localhost:8000/5a6af1b6-9d9a-4477-b77a-0a0920ae5fea"/>
    <skos:prefLabel xml:lang="en">{"id": "ef61dae4-2d58-4d24-b0fd-4bca8b8e4ce0", "value": "Private Address"}</skos:prefLabel>
  </skos:Concept>
  <skos:Concept rdf:about="http://localhost:8000/1292c893-23b2-4b01-b0bf-52b90c8c2245">
    <dcterms:identifier xml:lang="en">{"id": "c2d53c5e-c713-49d2-9292-ead2f031691b", "value": "http://localhost:8000/1292c893-23b2-4b01-b0bf-52b90c8c2245"}</dcterms:identifier>
    <skos:prefLabel xml:lang="en">{"id": "64df3428-dd5e-4a47-bead-1d76f3bad570", "value": "Developer"}</skos:prefLabel>
    <skos:inScheme rdf:resource="http://localhost:8000/5a6af1b6-9d9a-4477-b77a-0a0920ae5fea"/>
  </skos:Concept>
  <skos:Concept rdf:about="http://localhost:8000/a3ad6675-4e76-4836-bdbd-8888da62c709">
    <dcterms:identifier xml:lang="en">{"id": "280e3edf-6e1f-48be-b650-9c8c9256092b", "value": "http://localhost:8000/a3ad6675-4e76-4836-bdbd-8888da62c709"}</dcterms:identifier>
    <skos:inScheme rdf:resource="http://localhost:8000/5a6af1b6-9d9a-4477-b77a-0a0920ae5fea"/>
    <skos:prefLabel xml:lang="en">{"id": "1b6ac50c-f3a5-473d-98e0-a5a7c75ede7e", "value": "Crown"}</skos:prefLabel>
  </skos:Concept>
  <skos:Concept rdf:about="http://localhost:8000/b325912a-c399-4191-b933-e10144f0a2a4">
    <skos:inScheme rdf:resource="http://localhost:8000/5a6af1b6-9d9a-4477-b77a-0a0920ae5fea"/>
    <dcterms:identifier xml:lang="en">{"id": "bee0cdb1-899f-437e-b2e5-237fb36cd0f9", "value": "http://localhost:8000/b325912a-c399-4191-b933-e10144f0a2a4"}</dcterms:identifier>
    <skos:prefLabel xml:lang="en">{"id": "ae97a8a1-cc65-4afb-9958-f5a613825f5b", "value": "Energy Provider"}</skos:prefLabel>
  </skos:Concept>
  <skos:Concept rdf:about="http://localhost:8000/14ca0152-faba-4ffe-bab6-f5760f5938c1">
    <skos:inScheme rdf:resource="http://localhost:8000/5a6af1b6-9d9a-4477-b77a-0a0920ae5fea"/>
    <skos:prefLabel xml:lang="en">{"id": "70da20fb-6e40-443d-975a-9ee49f244106", "value": "Museum"}</skos:prefLabel>
    <dcterms:identifier xml:lang="en">{"id": "cf999914-fb52-4117-9f89-62fd207e4744", "value": "http://localhost:8000/14ca0152-faba-4ffe-bab6-f5760f5938c1"}</dcterms:identifier>
  </skos:Concept>
  <skos:Concept rdf:about="http://localhost:8000/4a85f176-1483-4dd8-96c3-34a5230375ac">
    <skos:prefLabel xml:lang="en">{"id": "092431f5-0977-41d9-8ff2-dbc134889bf0", "value": "Solicitors"}</skos:prefLabel>
    <skos:inScheme rdf:resource="http://localhost:8000/5a6af1b6-9d9a-4477-b77a-0a0920ae5fea"/>
    <dcterms:identifier xml:lang="en">{"id": "56449cad-b0c5-47bf-8b8c-f396ac5502a0", "value": "http://localhost:8000/4a85f176-1483-4dd8-96c3-34a5230375ac"}</dcterms:identifier>
  </skos:Concept>
  <skos:Concept rdf:about="http://localhost:8000/23b3f672-0e90-4a49-b03e-ce58bcdb34e5">
    <skos:inScheme rdf:resource="http://localhost:8000/5a6af1b6-9d9a-4477-b77a-0a0920ae5fea"/>
    <skos:prefLabel xml:lang="en">{"id": "85cb996b-6acc-4d86-bae3-6da429066338", "value": "Other"}</skos:prefLabel>
    <dcterms:identifier xml:lang="en">{"id": "d8af5c41-dbd8-478a-a520-e9c31b2a0154", "value": "http://localhost:8000/23b3f672-0e90-4a49-b03e-ce58bcdb34e5"}</dcterms:identifier>
  </skos:Concept>
  <skos:Concept rdf:about="http://localhost:8000/6fd1ea66-e5fa-46b0-a805-6ab375521230">
    <dcterms:identifier xml:lang="en">{"id": "2c12fde6-e216-4432-9138-6ba6334462c5", "value": "http://localhost:8000/6fd1ea66-e5fa-46b0-a805-6ab375521230"}</dcterms:identifier>
    <skos:inScheme rdf:resource="http://localhost:8000/5a6af1b6-9d9a-4477-b77a-0a0920ae5fea"/>
    <skos:prefLabel xml:lang="en">{"id": "eb4ac093-8e5e-49fd-b238-bdc1071f9823", "value": "Contractor"}</skos:prefLabel>
  </skos:Concept>
  <skos:Concept rdf:about="http://localhost:8000/93f55585-97ba-4118-a004-7b3452fcfdba">
    <dcterms:identifier xml:lang="en">{"id": "c2b113ed-e16a-44eb-a689-813dba439257", "value": "http://localhost:8000/93f55585-97ba-4118-a004-7b3452fcfdba"}</dcterms:identifier>
    <skos:prefLabel xml:lang="en">{"id": "963f1e71-c41f-4df9-a7e2-fe3f259aaddc", "value": "University"}</skos:prefLabel>
    <skos:inScheme rdf:resource="http://localhost:8000/5a6af1b6-9d9a-4477-b77a-0a0920ae5fea"/>
  </skos:Concept>
  <skos:Concept rdf:about="http://localhost:8000/d073d8c9-a026-4f42-a0bb-6c395c6a27ea">
    <skos:prefLabel xml:lang="en">{"id": "4211f435-77e2-4cda-b970-7d307ac341c8", "value": "Statutory Organisation"}</skos:prefLabel>
    <skos:inScheme rdf:resource="http://localhost:8000/5a6af1b6-9d9a-4477-b77a-0a0920ae5fea"/>
    <dcterms:identifier xml:lang="en">{"id": "379d4f63-55f1-43e0-bdb3-6828ac2ded01", "value": "http://localhost:8000/d073d8c9-a026-4f42-a0bb-6c395c6a27ea"}</dcterms:identifier>
  </skos:Concept>
  <skos:Concept rdf:about="http://localhost:8000/ea66d45c-2ff4-4716-809b-2f2a5450086a">
    <skos:inScheme rdf:resource="http://localhost:8000/5a6af1b6-9d9a-4477-b77a-0a0920ae5fea"/>
    <skos:prefLabel xml:lang="en">{"id": "5c8ba5da-5ccc-49b7-9d97-16e849079935", "value": "Local Amateur Group"}</skos:prefLabel>
    <dcterms:identifier xml:lang="en">{"id": "d0d10521-c2f2-4457-911d-7db152c6ed46", "value": "http://localhost:8000/ea66d45c-2ff4-4716-809b-2f2a5450086a"}</dcterms:identifier>
  </skos:Concept>
  <skos:Concept rdf:about="http://localhost:8000/4cfb3463-f492-40c5-b25e-c2c8f0bce704">
    <skos:inScheme rdf:resource="http://localhost:8000/5a6af1b6-9d9a-4477-b77a-0a0920ae5fea"/>
    <dcterms:identifier xml:lang="en">{"id": "03ca9c8e-1065-4778-bf2e-dc24ebe69b86", "value": "http://localhost:8000/4cfb3463-f492-40c5-b25e-c2c8f0bce704"}</dcterms:identifier>
    <skos:prefLabel xml:lang="en">{"id": "f9945e8d-9f6d-4191-bb06-9fac6b6f4fd4", "value": "Archive"}</skos:prefLabel>
  </skos:Concept>
  <skos:Concept rdf:about="http://localhost:8000/e9b8c21c-0aab-4487-8dc6-bc89c3d7772c">
    <skos:inScheme rdf:resource="http://localhost:8000/5a6af1b6-9d9a-4477-b77a-0a0920ae5fea"/>
    <skos:prefLabel xml:lang="en">{"id": "f5dc3a7a-ae0a-40cd-9f26-5997b7886795", "value": "Government"}</skos:prefLabel>
  </skos:Concept>
  <skos:Concept rdf:about="http://localhost:8000/aabdbfd0-aae3-48ac-91ad-18b418ffb611">
    <skos:prefLabel xml:lang="en">{"id": "92af9f02-e428-4712-b8dd-8615a71f045b", "value": "Historic"}</skos:prefLabel>
    <skos:inScheme rdf:resource="http://localhost:8000/5a6af1b6-9d9a-4477-b77a-0a0920ae5fea"/>
    <dcterms:identifier xml:lang="en">{"id": "c6535731-616b-4cb1-91e8-0f900e7523ea", "value": "http://localhost:8000/aabdbfd0-aae3-48ac-91ad-18b418ffb611"}</dcterms:identifier>
  </skos:Concept>
  <skos:Concept rdf:about="http://localhost:8000/b3a8765e-b7a8-4469-ad9e-18bc6534fdf8">
    <skos:inScheme rdf:resource="http://localhost:8000/5a6af1b6-9d9a-4477-b77a-0a0920ae5fea"/>
    <skos:prefLabel xml:lang="en">{"id": "83ed90f1-e105-4702-840f-3fecc6766fd1", "value": "Architects"}</skos:prefLabel>
    <dcterms:identifier xml:lang="en">{"id": "01ae99ec-e993-414c-9519-9cc491a8d26f", "value": "http://localhost:8000/b3a8765e-b7a8-4469-ad9e-18bc6534fdf8"}</dcterms:identifier>
  </skos:Concept>
  <skos:Concept rdf:about="http://localhost:8000/28958b45-63ec-4ae3-b108-b6c0144b4793">
    <skos:prefLabel xml:lang="en">{"id": "4380e274-bf20-4590-9412-1e8bf49b55b5", "value": "Local Government"}</skos:prefLabel>
    <skos:inScheme rdf:resource="http://localhost:8000/5a6af1b6-9d9a-4477-b77a-0a0920ae5fea"/>
    <dcterms:identifier xml:lang="en">{"id": "6948c503-2e51-429e-b6bb-661c95261138", "value": "http://localhost:8000/28958b45-63ec-4ae3-b108-b6c0144b4793"}</dcterms:identifier>
  </skos:Concept>
  <skos:Concept rdf:about="http://localhost:8000/bfcc9d3e-b464-4ad5-921b-1888a18c89ce">
    <skos:prefLabel xml:lang="en">{"id": "8743b6e0-7b6c-4541-acd9-5bb06add4814", "value": "Agent"}</skos:prefLabel>
    <dcterms:identifier xml:lang="en">{"id": "4af285ae-0152-4989-a755-754ad8df9dbf", "value": "http://localhost:8000/bfcc9d3e-b464-4ad5-921b-1888a18c89ce"}</dcterms:identifier>
    <skos:inScheme rdf:resource="http://localhost:8000/5a6af1b6-9d9a-4477-b77a-0a0920ae5fea"/>
  </skos:Concept>
  <skos:Concept rdf:about="http://localhost:8000/54d1c53b-18f7-47f5-b95e-bca332512333">
    <skos:inScheme rdf:resource="http://localhost:8000/5a6af1b6-9d9a-4477-b77a-0a0920ae5fea"/>
    <skos:prefLabel xml:lang="en">{"id": "9498c409-ee05-4b5d-9437-09aa2d2599a2", "value": "Religious Organisation"}</skos:prefLabel>
  </skos:Concept>
  <skos:Concept rdf:about="http://localhost:8000/e235dc2c-d803-41d1-9f4c-be6a9ff707cd">
    <skos:prefLabel xml:lang="en">{"id": "78fcb327-5872-49a2-b70d-aa0a0d0546cd", "value": "Gallery"}</skos:prefLabel>
    <dcterms:identifier xml:lang="en">{"id": "18e896da-ce23-477c-bdde-39a304c4ba36", "value": "http://localhost:8000/e235dc2c-d803-41d1-9f4c-be6a9ff707cd"}</dcterms:identifier>
    <skos:inScheme rdf:resource="http://localhost:8000/5a6af1b6-9d9a-4477-b77a-0a0920ae5fea"/>
  </skos:Concept>
  <skos:Concept rdf:about="http://localhost:8000/3aab41bd-abdd-4430-ba02-df77d1c09195">
    <skos:prefLabel xml:lang="en">{"id": "7952411d-5847-4289-a865-4523c4a29e27", "value": "Transport Company"}</skos:prefLabel>
    <skos:inScheme rdf:resource="http://localhost:8000/5a6af1b6-9d9a-4477-b77a-0a0920ae5fea"/>
  </skos:Concept>
</rdf:RDF>
