<?xml version="1.0" encoding="utf-8"?>
<rdf:RDF
  xmlns:skos="http://www.w3.org/2004/02/skos/core#"
  xmlns:dcterms="http://purl.org/dc/terms/"
  xmlns:rdf="http://www.w3.org/1999/02/22-rdf-syntax-ns#"
>
  <skos:Concept rdf:about="http://localhost:8000/d09d5e26-82e3-47e6-a90f-85acb4420abc">
    <skos:inScheme>
      <skos:ConceptScheme rdf:about="http://localhost:8000/4da0a08b-8f7a-4e83-8507-ce5867bfded1">
        <skos:hasTopConcept rdf:resource="http://localhost:8000/12a95ced-e3ee-47b2-b087-959bcf7608e1"/>
        <skos:hasTopConcept rdf:resource="http://localhost:8000/ae3b8de0-e5ba-4894-a775-7d192221826b"/>
        <skos:hasTopConcept rdf:resource="http://localhost:8000/1a8c17c4-51b8-45c0-b9e0-807bffc2d1e2"/>
        <skos:hasTopConcept rdf:resource="http://localhost:8000/e1807d26-6145-4da2-99fc-5f1d6de6fa95"/>
        <skos:hasTopConcept rdf:resource="http://localhost:8000/b760ff2f-b1cf-4e86-945f-8e07136a232e"/>
        <dcterms:title xml:lang="en">{"id": "9de2ed38-d956-44b7-a4f8-a30f0c7f6b65", "value": "Personal Salutations"}</dcterms:title>
        <skos:hasTopConcept rdf:resource="http://localhost:8000/3fbdb747-8b54-4b49-87be-aeebab7e0365"/>
        <skos:hasTopConcept rdf:resource="http://localhost:8000/12cb4757-e3df-4e69-bbca-d4d48cf27439"/>
        <skos:hasTopConcept rdf:resource="http://localhost:8000/84c37f60-0296-4d13-b5c5-d1a20622005a"/>
        <dcterms:identifier xml:lang="en">{"id": "128434d4-4296-490d-bbe5-b53ca7fc057b", "value": "http://www.archesproject.org/4da0a08b-8f7a-4e83-8507-ce5867bfded1"}</dcterms:identifier>
      </skos:ConceptScheme>
    </skos:inScheme>
    <dcterms:identifier xml:lang="en">{"id": "f9e3a93d-6100-4e92-859b-a7284d989fd4", "value": "http://www.archesproject.org/d09d5e26-82e3-47e6-a90f-85acb4420abc"}</dcterms:identifier>
    <skos:prefLabel xml:lang="en">{"id": "79420ff5-f365-4db6-906f-e82617c6b076", "value": "Princess"}</skos:prefLabel>
  </skos:Concept>
  <skos:Concept rdf:about="http://localhost:8000/65f55434-81c5-44ab-8b17-901b473857e4">
    <skos:prefLabel xml:lang="en">{"id": "0cb48fe7-ddfa-4d5d-9481-bc17d7c26650", "value": "General"}</skos:prefLabel>
    <skos:inScheme rdf:resource="http://localhost:8000/4da0a08b-8f7a-4e83-8507-ce5867bfded1"/>
    <dcterms:identifier xml:lang="en">{"id": "29067857-bfa0-4b58-9525-1188def1ef9a", "value": "http://www.archesproject.org/65f55434-81c5-44ab-8b17-901b473857e4"}</dcterms:identifier>
  </skos:Concept>
  <skos:Concept rdf:about="http://localhost:8000/9f457d12-e762-4615-acfd-7493e532ba24">
    <skos:prefLabel xml:lang="en">{"id": "32907459-1f56-49be-8a7e-cedb2b2cb33e", "value": "Reverend Mr"}</skos:prefLabel>
    <dcterms:identifier xml:lang="en">{"id": "1272b5ff-0627-4e6b-a86b-846fdeb515b8", "value": "http://www.archesproject.org/9f457d12-e762-4615-acfd-7493e532ba24"}</dcterms:identifier>
    <skos:inScheme rdf:resource="http://localhost:8000/4da0a08b-8f7a-4e83-8507-ce5867bfded1"/>
  </skos:Concept>
  <skos:Concept rdf:about="http://localhost:8000/dec2c4a4-f4f7-4689-bc9d-6a1e7d509df7">
    <dcterms:identifier xml:lang="en">{"id": "4c1c7934-ede0-4adf-9e2a-fcfd47f6c289", "value": "http://www.archesproject.org/dec2c4a4-f4f7-4689-bc9d-6a1e7d509df7"}</dcterms:identifier>
    <skos:inScheme rdf:resource="http://localhost:8000/4da0a08b-8f7a-4e83-8507-ce5867bfded1"/>
    <skos:prefLabel xml:lang="en">{"id": "bc48ce06-3173-4c32-8a52-d0b6059d1339", "value": "Lord Bishop"}</skos:prefLabel>
  </skos:Concept>
  <skos:Concept rdf:about="http://localhost:8000/492065f5-7c82-4e55-bb14-68bf97a914f1">
    <skos:narrower>
      <skos:Concept rdf:about="http://localhost:8000/e158f268-5804-4337-8084-6de2050a84eb">
        <dcterms:identifier xml:lang="en">{"id": "2107f8b7-4705-4ce1-9e72-5b9e5e2f52fc", "value": "http://www.archesproject.org/e158f268-5804-4337-8084-6de2050a84eb"}</dcterms:identifier>
        <skos:prefLabel xml:lang="en">{"id": "7a53b869-9369-4b5a-86e1-cf3797c55e71", "value": "Marshal of the Royal Air Force"}</skos:prefLabel>
        <skos:inScheme rdf:resource="http://localhost:8000/4da0a08b-8f7a-4e83-8507-ce5867bfded1"/>
        <skos:altLabel xml:lang="en">{"id": "0aeae04b-13bd-4061-88ba-259201e1c595", "value": "MRAF"}</skos:altLabel>
      </skos:Concept>
    </skos:narrower>
    <skos:narrower>
      <skos:Concept rdf:about="http://localhost:8000/ae98e0f7-06b3-4891-9f95-3798b7195719">
        <skos:inScheme rdf:resource="http://localhost:8000/4da0a08b-8f7a-4e83-8507-ce5867bfded1"/>
        <skos:altLabel xml:lang="en">{"id": "735fc8ba-65bd-43f5-be2b-c561f9d1ff54", "value": "Wg Cdr"}</skos:altLabel>
        <skos:prefLabel xml:lang="en">{"id": "0ab5df78-32f8-4415-bf16-271e92e41aea", "value": "Wing Commander"}</skos:prefLabel>
        <dcterms:identifier xml:lang="en">{"id": "6498e2e8-cc6f-4e9e-8fbc-ec834ecafd1e", "value": "http://www.archesproject.org/ae98e0f7-06b3-4891-9f95-3798b7195719"}</dcterms:identifier>
      </skos:Concept>
    </skos:narrower>
    <skos:narrower>
      <skos:Concept rdf:about="http://localhost:8000/5013f348-f94e-43f4-ae46-c5396e8d67f4">
        <skos:altLabel xml:lang="en">{"id": "de6deac4-b084-4f22-8ff1-71dde2543ecc", "value": "Air Chf Mshl"}</skos:altLabel>
        <skos:prefLabel xml:lang="en">{"id": "b499c496-3be4-428d-b951-2399b882cf83", "value": "Air Chief Marshal"}</skos:prefLabel>
        <dcterms:identifier xml:lang="en">{"id": "f0652509-5271-4404-8866-36d38de6fe37", "value": "http://www.archesproject.org/5013f348-f94e-43f4-ae46-c5396e8d67f4"}</dcterms:identifier>
        <skos:inScheme rdf:resource="http://localhost:8000/4da0a08b-8f7a-4e83-8507-ce5867bfded1"/>
      </skos:Concept>
    </skos:narrower>
    <dcterms:identifier xml:lang="en">{"id": "cf307c26-2ce1-4f3e-8fa2-5e9d8b8a5546", "value": "http://www.archesproject.org/492065f5-7c82-4e55-bb14-68bf97a914f1"}</dcterms:identifier>
    <skos:narrower>
      <skos:Concept rdf:about="http://localhost:8000/6bc7d73f-2388-47ed-abcf-4cea8592a1a9">
        <skos:prefLabel xml:lang="en">{"id": "addbe4bc-39c4-4486-9d4c-c37b1eae2a56", "value": "Air Commodore"}</skos:prefLabel>
        <skos:altLabel xml:lang="en">{"id": "fdb64798-af78-48b2-8acf-700ecf66843c", "value": "Air Cdre"}</skos:altLabel>
        <dcterms:identifier xml:lang="en">{"id": "cba75db3-e00b-4682-937c-1d6cd454bc8e", "value": "http://www.archesproject.org/6bc7d73f-2388-47ed-abcf-4cea8592a1a9"}</dcterms:identifier>
        <skos:inScheme rdf:resource="http://localhost:8000/4da0a08b-8f7a-4e83-8507-ce5867bfded1"/>
      </skos:Concept>
    </skos:narrower>
    <skos:narrower>
      <skos:Concept rdf:about="http://localhost:8000/b3e7d45a-1886-4cf6-ba0f-f15e5ea97ab0">
        <skos:altLabel xml:lang="en">{"id": "2902bea7-13a2-4382-bfc6-b9937ac2e1e6", "value": "Flt Lt"}</skos:altLabel>
        <skos:inScheme rdf:resource="http://localhost:8000/4da0a08b-8f7a-4e83-8507-ce5867bfded1"/>
        <skos:prefLabel xml:lang="en">{"id": "d3950b2e-1f40-47dd-ad05-839d190d6d44", "value": "Flight Lieutenant"}</skos:prefLabel>
        <dcterms:identifier xml:lang="en">{"id": "31c835cb-7a78-474b-b967-7863e1cb7e93", "value": "http://www.archesproject.org/b3e7d45a-1886-4cf6-ba0f-f15e5ea97ab0"}</dcterms:identifier>
      </skos:Concept>
    </skos:narrower>
    <skos:narrower>
      <skos:Concept rdf:about="http://localhost:8000/b248058d-1963-4982-8ec5-966ff761ca0f">
        <skos:altLabel xml:lang="en">{"id": "dd1aff75-5ee8-4c36-b55c-35ebcc66df39", "value": "Gp Capt"}</skos:altLabel>
        <skos:prefLabel xml:lang="en">{"id": "cd035dbd-624b-40e4-9eac-5a67fb41d160", "value": "Group Captain"}</skos:prefLabel>
        <dcterms:identifier xml:lang="en">{"id": "75a76d53-5569-4243-859d-0b0509c05824", "value": "http://www.archesproject.org/b248058d-1963-4982-8ec5-966ff761ca0f"}</dcterms:identifier>
        <skos:inScheme rdf:resource="http://localhost:8000/4da0a08b-8f7a-4e83-8507-ce5867bfded1"/>
      </skos:Concept>
    </skos:narrower>
    <skos:narrower>
      <skos:Concept rdf:about="http://localhost:8000/aed7e101-d54d-402d-a3bd-14669a796a79">
        <dcterms:identifier xml:lang="en">{"id": "b4474720-db33-4cef-b20b-e699591d0e66", "value": "http://www.archesproject.org/aed7e101-d54d-402d-a3bd-14669a796a79"}</dcterms:identifier>
        <skos:altLabel xml:lang="en">{"id": "9f50e564-89ea-40cd-a880-bea00be14b54", "value": "AVM"}</skos:altLabel>
        <skos:inScheme rdf:resource="http://localhost:8000/4da0a08b-8f7a-4e83-8507-ce5867bfded1"/>
        <skos:prefLabel xml:lang="en">{"id": "a2603a5d-e272-4532-bdc5-2723b0d0142d", "value": "Air Vice Marshal"}</skos:prefLabel>
      </skos:Concept>
    </skos:narrower>
    <skos:narrower>
      <skos:Concept rdf:about="http://localhost:8000/b0f7f983-fb54-40f2-8843-3357ead6735b">
        <skos:prefLabel xml:lang="en">{"id": "aaa9d2cc-45d3-47db-bc53-864b9f1db25d", "value": "Squadron Leader"}</skos:prefLabel>
        <dcterms:identifier xml:lang="en">{"id": "5fb31dc8-9fd1-43c3-bac3-9a7c304f1930", "value": "http://www.archesproject.org/b0f7f983-fb54-40f2-8843-3357ead6735b"}</dcterms:identifier>
        <skos:altLabel xml:lang="en">{"id": "c01b8928-67f7-4984-8fef-376564e46e7e", "value": "Sqn Ldr"}</skos:altLabel>
        <skos:inScheme rdf:resource="http://localhost:8000/4da0a08b-8f7a-4e83-8507-ce5867bfded1"/>
      </skos:Concept>
    </skos:narrower>
    <skos:inScheme rdf:resource="http://localhost:8000/4da0a08b-8f7a-4e83-8507-ce5867bfded1"/>
    <skos:narrower>
      <skos:Concept rdf:about="http://localhost:8000/6e53f622-f28c-4c48-841e-7157247496f5">
        <skos:altLabel xml:lang="en">{"id": "e3bba656-5cc0-4b17-a641-6fd6b51465fa", "value": "Air Mshl"}</skos:altLabel>
        <dcterms:identifier xml:lang="en">{"id": "eb91aa7c-fdb3-4b45-9876-b0a9c3690dad", "value": "http://www.archesproject.org/6e53f622-f28c-4c48-841e-7157247496f5"}</dcterms:identifier>
        <skos:prefLabel xml:lang="en">{"id": "37e54472-b625-4275-93ce-463a9904f576", "value": "Air Marshal"}</skos:prefLabel>
        <skos:inScheme rdf:resource="http://localhost:8000/4da0a08b-8f7a-4e83-8507-ce5867bfded1"/>
      </skos:Concept>
    </skos:narrower>
    <skos:narrower>
      <skos:Concept rdf:about="http://localhost:8000/bf7ead23-a506-43f7-b693-04dacb6c7443">
        <skos:inScheme rdf:resource="http://localhost:8000/4da0a08b-8f7a-4e83-8507-ce5867bfded1"/>
        <skos:altLabel xml:lang="en">{"id": "0f928aa6-b0f9-4ee0-9f01-5537b183a185", "value": "Plt Off"}</skos:altLabel>
        <skos:prefLabel xml:lang="en">{"id": "1052a7d5-ad47-4bc0-9160-416da1afc954", "value": "Pilot Officer"}</skos:prefLabel>
        <dcterms:identifier xml:lang="en">{"id": "a811cbf1-3df9-425c-b653-32e19b6f5f0b", "value": "http://www.archesproject.org/bf7ead23-a506-43f7-b693-04dacb6c7443"}</dcterms:identifier>
      </skos:Concept>
    </skos:narrower>
    <skos:prefLabel xml:lang="en">{"id": "4e615ec5-7311-4bd0-a721-158e0dc12ee9", "value": "Commissioned Ranks"}</skos:prefLabel>
    <skos:narrower>
      <skos:Concept rdf:about="http://localhost:8000/0d9e326b-c34c-46e8-bc25-0ffff6ed2572">
        <dcterms:identifier xml:lang="en">{"id": "98703ccb-7fcd-45a7-aada-7c5bff75ecca", "value": "http://www.archesproject.org/0d9e326b-c34c-46e8-bc25-0ffff6ed2572"}</dcterms:identifier>
        <skos:altLabel xml:lang="en">{"id": "5b0cdc0c-11be-4279-83c1-c53d6a3ae1e5", "value": "Fg Off"}</skos:altLabel>
        <skos:prefLabel xml:lang="en">{"id": "449fb742-eb73-44a3-a9a2-66a945c1fb91", "value": "Flying Officer"}</skos:prefLabel>
        <skos:inScheme rdf:resource="http://localhost:8000/4da0a08b-8f7a-4e83-8507-ce5867bfded1"/>
      </skos:Concept>
    </skos:narrower>
  </skos:Concept>
  <skos:Concept rdf:about="http://localhost:8000/32c7895f-3f23-4ee5-bfd1-f742f4ca73b7">
    <skos:narrower>
      <skos:Concept rdf:about="http://localhost:8000/8037f6d1-e7d8-4ac5-a62e-39cd737ddfb8">
        <skos:prefLabel xml:lang="en">{"id": "1856e291-7db9-478b-b987-e950672831d8", "value": "Lieutenant-Colonel"}</skos:prefLabel>
        <skos:inScheme rdf:resource="http://localhost:8000/4da0a08b-8f7a-4e83-8507-ce5867bfded1"/>
        <dcterms:identifier xml:lang="en">{"id": "3436c57f-d443-4dad-957d-44d11df10d83", "value": "http://www.archesproject.org/8037f6d1-e7d8-4ac5-a62e-39cd737ddfb8"}</dcterms:identifier>
      </skos:Concept>
    </skos:narrower>
    <skos:narrower rdf:resource="http://localhost:8000/65f55434-81c5-44ab-8b17-901b473857e4"/>
    <skos:prefLabel xml:lang="en">{"id": "726380e0-ddc1-463b-b1e4-4eeb6e665381", "value": "Commissioned Ranks"}</skos:prefLabel>
    <skos:narrower>
      <skos:Concept rdf:about="http://localhost:8000/3d435c7e-7901-48b3-b089-6caa79dc4170">
        <skos:prefLabel xml:lang="en">{"id": "dd9d3ad9-cc55-4d2b-97df-19dda20ed36f", "value": "Major"}</skos:prefLabel>
        <skos:inScheme rdf:resource="http://localhost:8000/4da0a08b-8f7a-4e83-8507-ce5867bfded1"/>
        <dcterms:identifier xml:lang="en">{"id": "535bcee4-47a6-406e-a915-f426110dbde9", "value": "http://www.archesproject.org/3d435c7e-7901-48b3-b089-6caa79dc4170"}</dcterms:identifier>
      </skos:Concept>
    </skos:narrower>
    <skos:narrower>
      <skos:Concept rdf:about="http://localhost:8000/0d845bc2-5c69-4f7b-84ef-d6e9630f5dd8">
        <skos:prefLabel xml:lang="en">{"id": "3a6c2916-faff-4b6c-810b-24508c4b8aad", "value": "Ensign"}</skos:prefLabel>
        <dcterms:identifier xml:lang="en">{"id": "9e7a4766-b3d4-4ad7-99f8-ec0944346663", "value": "http://www.archesproject.org/0d845bc2-5c69-4f7b-84ef-d6e9630f5dd8"}</dcterms:identifier>
        <skos:inScheme rdf:resource="http://localhost:8000/4da0a08b-8f7a-4e83-8507-ce5867bfded1"/>
      </skos:Concept>
    </skos:narrower>
    <skos:inScheme rdf:resource="http://localhost:8000/4da0a08b-8f7a-4e83-8507-ce5867bfded1"/>
    <skos:narrower>
      <skos:Concept rdf:about="http://localhost:8000/f499b370-2495-436b-8fd8-60d7d1cf42a4">
        <skos:inScheme rdf:resource="http://localhost:8000/4da0a08b-8f7a-4e83-8507-ce5867bfded1"/>
        <skos:prefLabel xml:lang="en">{"id": "03c974be-b769-4b4b-a97a-77292cadd2ba", "value": "Second Lieutenant"}</skos:prefLabel>
        <dcterms:identifier xml:lang="en">{"id": "1a22be3a-8687-4ab1-8c04-4dd97d200a56", "value": "http://www.archesproject.org/f499b370-2495-436b-8fd8-60d7d1cf42a4"}</dcterms:identifier>
      </skos:Concept>
    </skos:narrower>
    <skos:narrower>
      <skos:Concept rdf:about="http://localhost:8000/f6efff42-dd5c-4ba2-bcca-c8f24e72dc1d">
        <skos:prefLabel xml:lang="en">{"id": "7d2ca0cd-5c7a-434b-89bc-88e238205a50", "value": "Colonel"}</skos:prefLabel>
        <skos:inScheme rdf:resource="http://localhost:8000/4da0a08b-8f7a-4e83-8507-ce5867bfded1"/>
        <dcterms:identifier xml:lang="en">{"id": "1220992b-e8d0-461a-893f-6343968df2dc", "value": "http://www.archesproject.org/f6efff42-dd5c-4ba2-bcca-c8f24e72dc1d"}</dcterms:identifier>
      </skos:Concept>
    </skos:narrower>
    <skos:narrower>
      <skos:Concept rdf:about="http://localhost:8000/c5dd0ed1-8314-4863-89ad-e5a337c5d031">
        <skos:inScheme rdf:resource="http://localhost:8000/4da0a08b-8f7a-4e83-8507-ce5867bfded1"/>
        <dcterms:identifier xml:lang="en">{"id": "d134ab91-f92b-4aab-90d0-0dcd82ce5245", "value": "http://www.archesproject.org/c5dd0ed1-8314-4863-89ad-e5a337c5d031"}</dcterms:identifier>
        <skos:prefLabel xml:lang="en">{"id": "b5272985-679b-4a21-b059-42f3d1632719", "value": "Brigadier"}</skos:prefLabel>
      </skos:Concept>
    </skos:narrower>
    <skos:narrower>
      <skos:Concept rdf:about="http://localhost:8000/c5448483-97bd-4abd-99e0-598be76adab0">
        <skos:inScheme rdf:resource="http://localhost:8000/4da0a08b-8f7a-4e83-8507-ce5867bfded1"/>
        <dcterms:identifier xml:lang="en">{"id": "95f8d765-d37f-4a9b-a0f6-3841a4f17b12", "value": "http://www.archesproject.org/c5448483-97bd-4abd-99e0-598be76adab0"}</dcterms:identifier>
        <skos:prefLabel xml:lang="en">{"id": "ed4611e2-11ff-4000-a6e2-3eabb0553671", "value": "Lieutenant"}</skos:prefLabel>
      </skos:Concept>
    </skos:narrower>
    <dcterms:identifier xml:lang="en">{"id": "8dcd4746-a877-4b3b-b14e-29143f3bb83f", "value": "http://www.archesproject.org/32c7895f-3f23-4ee5-bfd1-f742f4ca73b7"}</dcterms:identifier>
    <skos:narrower>
      <skos:Concept rdf:about="http://localhost:8000/28f7fbb4-30f8-4367-9c0c-01ddb3214c5e">
        <skos:inScheme rdf:resource="http://localhost:8000/4da0a08b-8f7a-4e83-8507-ce5867bfded1"/>
        <dcterms:identifier xml:lang="en">{"id": "4a24cbdd-add9-4d79-9b31-8566a737632f", "value": "http://www.archesproject.org/28f7fbb4-30f8-4367-9c0c-01ddb3214c5e"}</dcterms:identifier>
        <skos:prefLabel xml:lang="en">{"id": "b28018d7-de1a-4887-ba9e-edb2c7cdbdfa", "value": "Captain"}</skos:prefLabel>
      </skos:Concept>
    </skos:narrower>
    <skos:narrower>
      <skos:Concept rdf:about="http://localhost:8000/3a05951c-d626-45ea-bc54-700ecdd1555b">
        <skos:inScheme rdf:resource="http://localhost:8000/4da0a08b-8f7a-4e83-8507-ce5867bfded1"/>
        <dcterms:identifier xml:lang="en">{"id": "fdc2dec2-7477-477c-ba60-9c544422374b", "value": "http://www.archesproject.org/3a05951c-d626-45ea-bc54-700ecdd1555b"}</dcterms:identifier>
        <skos:prefLabel xml:lang="en">{"id": "70d5b9b1-0c8e-48ff-b1ab-8a02651a1385", "value": "Field Marshal"}</skos:prefLabel>
      </skos:Concept>
    </skos:narrower>
    <skos:narrower>
      <skos:Concept rdf:about="http://localhost:8000/dde45115-24b8-493e-82fb-02915bf18020">
        <skos:inScheme rdf:resource="http://localhost:8000/4da0a08b-8f7a-4e83-8507-ce5867bfded1"/>
        <dcterms:identifier xml:lang="en">{"id": "39dfe78a-dacf-4246-8d9b-f48ef63b49fc", "value": "http://www.archesproject.org/dde45115-24b8-493e-82fb-02915bf18020"}</dcterms:identifier>
        <skos:prefLabel xml:lang="en">{"id": "5f3544b8-6267-4c6d-b2ff-eb62467f5406", "value": "Major-General"}</skos:prefLabel>
      </skos:Concept>
    </skos:narrower>
    <skos:narrower>
      <skos:Concept rdf:about="http://localhost:8000/ab380ff0-bccb-4aa3-8e09-8f0202220b65">
        <skos:inScheme rdf:resource="http://localhost:8000/4da0a08b-8f7a-4e83-8507-ce5867bfded1"/>
        <dcterms:identifier xml:lang="en">{"id": "b221cf98-c304-4c0b-968a-260079971288", "value": "http://www.archesproject.org/ab380ff0-bccb-4aa3-8e09-8f0202220b65"}</dcterms:identifier>
        <skos:prefLabel xml:lang="en">{"id": "2c639f46-b300-4c97-856e-9829e61ea4c3", "value": "Lieutenant-General"}</skos:prefLabel>
      </skos:Concept>
    </skos:narrower>
  </skos:Concept>
  <skos:Concept rdf:about="http://localhost:8000/cc3ee740-37cc-46b9-9d3c-4fd3f302f2a4">
    <dcterms:identifier xml:lang="en">{"id": "11221ba7-b2c9-49d6-b29a-0e5b8e255930", "value": "http://www.archesproject.org/cc3ee740-37cc-46b9-9d3c-4fd3f302f2a4"}</dcterms:identifier>
    <skos:prefLabel xml:lang="en">{"id": "23e63a7b-9938-4f66-9551-2c3e9131b656", "value": "Monsignor"}</skos:prefLabel>
    <skos:inScheme rdf:resource="http://localhost:8000/4da0a08b-8f7a-4e83-8507-ce5867bfded1"/>
  </skos:Concept>
  <skos:Concept rdf:about="http://localhost:8000/7b935c9f-e102-4aff-baad-4ef9894005d2">
    <skos:prefLabel xml:lang="en">{"id": "270ed02f-1894-4e0e-98de-84d4ff8f5c0e", "value": "Baron"}</skos:prefLabel>
    <skos:inScheme rdf:resource="http://localhost:8000/4da0a08b-8f7a-4e83-8507-ce5867bfded1"/>
    <dcterms:identifier xml:lang="en">{"id": "5f69d0cc-ab00-4c66-bdea-d4bb8d002cca", "value": "http://www.archesproject.org/7b935c9f-e102-4aff-baad-4ef9894005d2"}</dcterms:identifier>
  </skos:Concept>
  <skos:Concept rdf:about="http://localhost:8000/527f0df9-7515-4179-84c4-8af58bb2e296">
    <skos:inScheme rdf:resource="http://localhost:8000/4da0a08b-8f7a-4e83-8507-ce5867bfded1"/>
    <dcterms:identifier xml:lang="en">{"id": "a9eaba3e-1736-4ae3-830e-a3d08e9a570c", "value": "http://www.archesproject.org/527f0df9-7515-4179-84c4-8af58bb2e296"}</dcterms:identifier>
    <skos:prefLabel xml:lang="en">{"id": "721aac7b-8d6b-49e9-a56d-13273a2d0adf", "value": "Pasha"}</skos:prefLabel>
  </skos:Concept>
  <skos:Concept rdf:about="http://localhost:8000/1a8c17c4-51b8-45c0-b9e0-807bffc2d1e2">
    <skos:narrower>
      <skos:Concept rdf:about="http://localhost:8000/65cd9d2a-d504-49d8-ba68-d46e95aef078">
        <skos:prefLabel xml:lang="en">{"id": "afbd4a9c-331c-4c9f-b7b1-c2e2e7bed35b", "value": "Rabbi"}</skos:prefLabel>
        <skos:inScheme rdf:resource="http://localhost:8000/4da0a08b-8f7a-4e83-8507-ce5867bfded1"/>
        <dcterms:identifier xml:lang="en">{"id": "4d19956b-4947-4009-b77d-1cbc95916363", "value": "http://www.archesproject.org/65cd9d2a-d504-49d8-ba68-d46e95aef078"}</dcterms:identifier>
      </skos:Concept>
    </skos:narrower>
    <skos:narrower rdf:resource="http://localhost:8000/cc3ee740-37cc-46b9-9d3c-4fd3f302f2a4"/>
    <skos:narrower>
      <skos:Concept rdf:about="http://localhost:8000/961fa85f-41e0-4e2f-979f-6e82fd52d834">
        <dcterms:identifier xml:lang="en">{"id": "fca1b0c1-d9fa-4c47-acb2-417d2c33f8c0", "value": "http://www.archesproject.org/961fa85f-41e0-4e2f-979f-6e82fd52d834"}</dcterms:identifier>
        <skos:inScheme rdf:resource="http://localhost:8000/4da0a08b-8f7a-4e83-8507-ce5867bfded1"/>
        <skos:prefLabel xml:lang="en">{"id": "0b402734-902f-400a-a80d-0b2dccf1daae", "value": "Reverend Sir"}</skos:prefLabel>
      </skos:Concept>
    </skos:narrower>
    <skos:narrower>
      <skos:Concept rdf:about="http://localhost:8000/8e6ef413-8762-448f-b2c4-23fdb1f33a3f">
        <skos:prefLabel xml:lang="en">{"id": "8fe8f222-f8f6-45e1-bb1a-e6d566d05ce6", "value": "Bishop"}</skos:prefLabel>
        <skos:inScheme rdf:resource="http://localhost:8000/4da0a08b-8f7a-4e83-8507-ce5867bfded1"/>
        <dcterms:identifier xml:lang="en">{"id": "1e31a5a3-eb88-4723-9cbd-cd1237ec8b61", "value": "http://www.archesproject.org/8e6ef413-8762-448f-b2c4-23fdb1f33a3f"}</dcterms:identifier>
      </skos:Concept>
    </skos:narrower>
    <skos:narrower>
      <skos:Concept rdf:about="http://localhost:8000/a1533628-00dd-4446-983f-841a36c47efc">
        <dcterms:identifier xml:lang="en">{"id": "63fcc37e-06f5-4b93-91b1-ce37abe6112c", "value": "http://www.archesproject.org/a1533628-00dd-4446-983f-841a36c47efc"}</dcterms:identifier>
        <skos:prefLabel xml:lang="en">{"id": "544a0937-9d1c-4917-ae09-a7d5c8d294ca", "value": "Reverend"}</skos:prefLabel>
        <skos:inScheme rdf:resource="http://localhost:8000/4da0a08b-8f7a-4e83-8507-ce5867bfded1"/>
      </skos:Concept>
    </skos:narrower>
    <skos:narrower>
      <skos:Concept rdf:about="http://localhost:8000/34405182-5b87-44e1-b321-5cef6607a313">
        <skos:inScheme rdf:resource="http://localhost:8000/4da0a08b-8f7a-4e83-8507-ce5867bfded1"/>
        <skos:prefLabel xml:lang="en">{"id": "8de10691-0b67-4825-95bc-344fba96eeed", "value": "Dean"}</skos:prefLabel>
        <dcterms:identifier xml:lang="en">{"id": "78ffb5e6-fcab-4ddb-95ae-c4c4462693a0", "value": "http://www.archesproject.org/34405182-5b87-44e1-b321-5cef6607a313"}</dcterms:identifier>
      </skos:Concept>
    </skos:narrower>
    <skos:narrower>
      <skos:Concept rdf:about="http://localhost:8000/37419b21-8303-42f6-933a-91ab73acff38">
        <skos:prefLabel xml:lang="en">{"id": "9aeb850b-d837-4127-b07c-ec97ebaf1a6b", "value": "Reverend Mrs"}</skos:prefLabel>
        <dcterms:identifier xml:lang="en">{"id": "5d113c2f-a2fe-4533-ab07-c9a38e3a024a", "value": "http://www.archesproject.org/37419b21-8303-42f6-933a-91ab73acff38"}</dcterms:identifier>
        <skos:inScheme rdf:resource="http://localhost:8000/4da0a08b-8f7a-4e83-8507-ce5867bfded1"/>
      </skos:Concept>
    </skos:narrower>
    <skos:narrower rdf:resource="http://localhost:8000/dec2c4a4-f4f7-4689-bc9d-6a1e7d509df7"/>
    <skos:narrower>
      <skos:Concept rdf:about="http://localhost:8000/f4795f2c-b2dc-4b60-9849-e59ba06c3faa">
        <dcterms:identifier xml:lang="en">{"id": "64e837ed-364f-4061-9927-4c8320a38d15", "value": "http://www.archesproject.org/f4795f2c-b2dc-4b60-9849-e59ba06c3faa"}</dcterms:identifier>
        <skos:prefLabel xml:lang="en">{"id": "0f9442d5-494c-4a17-9bc5-bad110528698", "value": "Sister"}</skos:prefLabel>
        <skos:inScheme rdf:resource="http://localhost:8000/4da0a08b-8f7a-4e83-8507-ce5867bfded1"/>
      </skos:Concept>
    </skos:narrower>
    <skos:narrower>
      <skos:Concept rdf:about="http://localhost:8000/86b5237b-9c87-433c-8419-900584955c5a">
        <dcterms:identifier xml:lang="en">{"id": "b51f1193-895b-494a-a584-e4ab346702d9", "value": "http://www.archesproject.org/86b5237b-9c87-433c-8419-900584955c5a"}</dcterms:identifier>
        <skos:prefLabel xml:lang="en">{"id": "9602a697-09cf-4ab9-8c64-93256ad36f20", "value": "Abbot"}</skos:prefLabel>
        <skos:inScheme rdf:resource="http://localhost:8000/4da0a08b-8f7a-4e83-8507-ce5867bfded1"/>
      </skos:Concept>
    </skos:narrower>
    <skos:narrower>
      <skos:Concept rdf:about="http://localhost:8000/2ca07507-572c-45c1-a6a9-c8b0422f279c">
        <dcterms:identifier xml:lang="en">{"id": "a68a1d48-ad05-418a-9469-332065ea3bdc", "value": "http://www.archesproject.org/2ca07507-572c-45c1-a6a9-c8b0422f279c"}</dcterms:identifier>
        <skos:prefLabel xml:lang="en">{"id": "dfdb7071-75a1-4f14-8bb6-b1ed5bf4f5ac", "value": "Abbess"}</skos:prefLabel>
        <skos:inScheme rdf:resource="http://localhost:8000/4da0a08b-8f7a-4e83-8507-ce5867bfded1"/>
      </skos:Concept>
    </skos:narrower>
    <skos:narrower>
      <skos:Concept rdf:about="http://localhost:8000/b4077721-c802-416f-ae36-688e49551e73">
        <skos:inScheme rdf:resource="http://localhost:8000/4da0a08b-8f7a-4e83-8507-ce5867bfded1"/>
        <dcterms:identifier xml:lang="en">{"id": "66e7eb49-80c2-4167-a195-82e03ccd669c", "value": "http://www.archesproject.org/b4077721-c802-416f-ae36-688e49551e73"}</dcterms:identifier>
        <skos:prefLabel xml:lang="en">{"id": "16348153-c640-45fd-80ae-ba9ef1704c72", "value": "Dom"}</skos:prefLabel>
      </skos:Concept>
    </skos:narrower>
    <skos:narrower>
      <skos:Concept rdf:about="http://localhost:8000/d09dea44-e2ef-4e17-a717-1a02eb800378">
        <dcterms:identifier xml:lang="en">{"id": "c574c4fe-d315-404c-b947-0f01eb732c62", "value": "http://www.archesproject.org/d09dea44-e2ef-4e17-a717-1a02eb800378"}</dcterms:identifier>
        <skos:inScheme rdf:resource="http://localhost:8000/4da0a08b-8f7a-4e83-8507-ce5867bfded1"/>
        <skos:prefLabel xml:lang="en">{"id": "db75e756-9be8-4749-b03a-4e2bc2a2399a", "value": "Chief Rabbi"}</skos:prefLabel>
      </skos:Concept>
    </skos:narrower>
    <skos:prefLabel xml:lang="en">{"id": "ac72498a-c6a8-437d-9789-9134c8f1fece", "value": "Religious Titles"}</skos:prefLabel>
    <skos:narrower>
      <skos:Concept rdf:about="http://localhost:8000/d9b77cda-d90f-4c3c-a307-5485e2678339">
        <skos:prefLabel xml:lang="en">{"id": "7afa6693-a7df-4607-abe2-ceade7526ca2", "value": "Very Reverend"}</skos:prefLabel>
        <skos:inScheme rdf:resource="http://localhost:8000/4da0a08b-8f7a-4e83-8507-ce5867bfded1"/>
        <dcterms:identifier xml:lang="en">{"id": "ce101a61-bc6a-46dd-b62d-a1bdc43236a7", "value": "http://www.archesproject.org/d9b77cda-d90f-4c3c-a307-5485e2678339"}</dcterms:identifier>
      </skos:Concept>
    </skos:narrower>
    <skos:narrower rdf:resource="http://localhost:8000/9f457d12-e762-4615-acfd-7493e532ba24"/>
    <skos:narrower>
      <skos:Concept rdf:about="http://localhost:8000/bb6f8583-43ae-4377-a191-be21567402ca">
        <skos:prefLabel xml:lang="en">{"id": "def808a5-9be4-4053-9851-62ab306f86b0", "value": "Archbishop"}</skos:prefLabel>
        <skos:inScheme rdf:resource="http://localhost:8000/4da0a08b-8f7a-4e83-8507-ce5867bfded1"/>
        <dcterms:identifier xml:lang="en">{"id": "3d315155-5217-44e1-bcb1-2f67a8f52f77", "value": "http://www.archesproject.org/bb6f8583-43ae-4377-a191-be21567402ca"}</dcterms:identifier>
      </skos:Concept>
    </skos:narrower>
    <skos:narrower>
      <skos:Concept rdf:about="http://localhost:8000/dc4238d8-acc0-4843-9da4-339286ba2a28">
        <skos:prefLabel xml:lang="en">{"id": "1fd63a16-6012-47c5-a11a-8114029be7c6", "value": "Canon"}</skos:prefLabel>
        <skos:inScheme rdf:resource="http://localhost:8000/4da0a08b-8f7a-4e83-8507-ce5867bfded1"/>
        <dcterms:identifier xml:lang="en">{"id": "fa778cb1-cf00-4059-8a86-df3b38650662", "value": "http://www.archesproject.org/dc4238d8-acc0-4843-9da4-339286ba2a28"}</dcterms:identifier>
      </skos:Concept>
    </skos:narrower>
    <skos:narrower>
      <skos:Concept rdf:about="http://localhost:8000/015cf9eb-5e5f-4d1d-bdef-96260e054488">
        <skos:inScheme rdf:resource="http://localhost:8000/4da0a08b-8f7a-4e83-8507-ce5867bfded1"/>
        <skos:prefLabel xml:lang="en">{"id": "492e6ae5-a4f8-427a-a855-4e44a0b3d3e9", "value": "Prebendary"}</skos:prefLabel>
        <dcterms:identifier xml:lang="en">{"id": "8f3e4f8b-110c-4a06-a9a3-7e47e53d48b3", "value": "http://www.archesproject.org/015cf9eb-5e5f-4d1d-bdef-96260e054488"}</dcterms:identifier>
      </skos:Concept>
    </skos:narrower>
    <skos:narrower>
      <skos:Concept rdf:about="http://localhost:8000/9d7f32ed-d280-4d95-b79d-318ba9131498">
        <dcterms:identifier xml:lang="en">{"id": "e36ece3b-d8eb-4d4c-9d46-273df2c4e1fd", "value": "http://www.archesproject.org/9d7f32ed-d280-4d95-b79d-318ba9131498"}</dcterms:identifier>
        <skos:inScheme rdf:resource="http://localhost:8000/4da0a08b-8f7a-4e83-8507-ce5867bfded1"/>
        <skos:prefLabel xml:lang="en">{"id": "6ad3eb2b-b5d9-443f-852a-dec9f55743db", "value": "Saint"}</skos:prefLabel>
      </skos:Concept>
    </skos:narrower>
    <skos:narrower>
      <skos:Concept rdf:about="http://localhost:8000/9e641bd3-42f2-4f73-adee-0562f23d44b0">
        <dcterms:identifier xml:lang="en">{"id": "79c465cb-3d5f-4e2d-afeb-faadb4cab7de", "value": "http://www.archesproject.org/9e641bd3-42f2-4f73-adee-0562f23d44b0"}</dcterms:identifier>
        <skos:prefLabel xml:lang="en">{"id": "aeb74413-88c2-40f2-88f5-02a03dc572af", "value": "Most Reverend"}</skos:prefLabel>
        <skos:inScheme rdf:resource="http://localhost:8000/4da0a08b-8f7a-4e83-8507-ce5867bfded1"/>
      </skos:Concept>
    </skos:narrower>
    <dcterms:identifier xml:lang="en">{"id": "a8d1b922-6ebf-4778-b063-3d903a7c8352", "value": "http://www.archesproject.org/1a8c17c4-51b8-45c0-b9e0-807bffc2d1e2"}</dcterms:identifier>
    <skos:narrower>
      <skos:Concept rdf:about="http://localhost:8000/243b9310-f617-4b7e-a917-37e6ad9b640c">
        <skos:prefLabel xml:lang="en">{"id": "cc0c9862-f905-49fe-af71-94a586e1a9e8", "value": "Cardinal"}</skos:prefLabel>
        <dcterms:identifier xml:lang="en">{"id": "84127a89-50e1-471b-a8d0-00ffa587b758", "value": "http://www.archesproject.org/243b9310-f617-4b7e-a917-37e6ad9b640c"}</dcterms:identifier>
        <skos:inScheme rdf:resource="http://localhost:8000/4da0a08b-8f7a-4e83-8507-ce5867bfded1"/>
      </skos:Concept>
    </skos:narrower>
    <skos:narrower>
      <skos:Concept rdf:about="http://localhost:8000/dedf7490-9209-4eb3-a54f-f0046e85574e">
        <skos:inScheme rdf:resource="http://localhost:8000/4da0a08b-8f7a-4e83-8507-ce5867bfded1"/>
        <skos:prefLabel xml:lang="en">{"id": "40f31c81-9e49-4533-a77a-2077ce459193", "value": "Right Reverend"}</skos:prefLabel>
        <dcterms:identifier xml:lang="en">{"id": "296726a2-68e2-4cdd-a698-2cf761bd8dc2", "value": "http://www.archesproject.org/dedf7490-9209-4eb3-a54f-f0046e85574e"}</dcterms:identifier>
      </skos:Concept>
    </skos:narrower>
    <skos:inScheme rdf:resource="http://localhost:8000/4da0a08b-8f7a-4e83-8507-ce5867bfded1"/>
    <skos:narrower>
      <skos:Concept rdf:about="http://localhost:8000/38063f0a-d510-4602-9d6e-ce6e41a947ae">
        <skos:inScheme rdf:resource="http://localhost:8000/4da0a08b-8f7a-4e83-8507-ce5867bfded1"/>
        <skos:prefLabel xml:lang="en">{"id": "a930f94a-eb93-49ae-a879-4d00cae78c91", "value": "Prior"}</skos:prefLabel>
        <dcterms:identifier xml:lang="en">{"id": "47abc098-ebf1-4fe5-9980-9643c9e61365", "value": "http://www.archesproject.org/38063f0a-d510-4602-9d6e-ce6e41a947ae"}</dcterms:identifier>
      </skos:Concept>
    </skos:narrower>
    <skos:narrower>
      <skos:Concept rdf:about="http://localhost:8000/d24b3dbc-d042-4449-b847-2c5c10ed11c8">
        <dcterms:identifier xml:lang="en">{"id": "b1d50ec3-0865-4039-807f-1ac0c1773275", "value": "http://www.archesproject.org/d24b3dbc-d042-4449-b847-2c5c10ed11c8"}</dcterms:identifier>
        <skos:prefLabel xml:lang="en">{"id": "b7b809c4-c0bc-4e85-8fa7-6117a21057b9", "value": "Brother"}</skos:prefLabel>
        <skos:inScheme rdf:resource="http://localhost:8000/4da0a08b-8f7a-4e83-8507-ce5867bfded1"/>
      </skos:Concept>
    </skos:narrower>
    <skos:narrower>
      <skos:Concept rdf:about="http://localhost:8000/55e092e4-456c-42ce-83f3-90dafcfb25ce">
        <skos:inScheme rdf:resource="http://localhost:8000/4da0a08b-8f7a-4e83-8507-ce5867bfded1"/>
        <dcterms:identifier xml:lang="en">{"id": "3f22b470-21c0-4452-9c66-7025f0196eb6", "value": "http://www.archesproject.org/55e092e4-456c-42ce-83f3-90dafcfb25ce"}</dcterms:identifier>
        <skos:prefLabel xml:lang="en">{"id": "0f7600e2-3088-436b-a7cf-d9f806b4241f", "value": "Father"}</skos:prefLabel>
      </skos:Concept>
    </skos:narrower>
    <skos:narrower>
      <skos:Concept rdf:about="http://localhost:8000/fa2dd428-d972-40ee-a405-655bdbb45bcb">
        <dcterms:identifier xml:lang="en">{"id": "c1ca9c50-848f-4a8a-a3cc-63a61f1ac9cd", "value": "http://www.archesproject.org/fa2dd428-d972-40ee-a405-655bdbb45bcb"}</dcterms:identifier>
        <skos:inScheme rdf:resource="http://localhost:8000/4da0a08b-8f7a-4e83-8507-ce5867bfded1"/>
        <skos:prefLabel xml:lang="en">{"id": "ca4a03b0-cd46-40cf-be77-cb93329d30cc", "value": "Pope"}</skos:prefLabel>
      </skos:Concept>
    </skos:narrower>
    <skos:narrower>
      <skos:Concept rdf:about="http://localhost:8000/033243cd-133c-4455-9d32-5c5aace40505">
        <skos:prefLabel xml:lang="en">{"id": "fda67e8d-de4d-4b02-a9e5-f851b1e68fe7", "value": "Prioress"}</skos:prefLabel>
        <dcterms:identifier xml:lang="en">{"id": "4cdf9b0b-20dd-49a7-9af6-759bee9f736c", "value": "http://www.archesproject.org/033243cd-133c-4455-9d32-5c5aace40505"}</dcterms:identifier>
        <skos:inScheme rdf:resource="http://localhost:8000/4da0a08b-8f7a-4e83-8507-ce5867bfded1"/>
      </skos:Concept>
    </skos:narrower>
    <skos:narrower>
      <skos:Concept rdf:about="http://localhost:8000/83009078-c963-43b7-aa86-4dd30a07ce32">
        <dcterms:identifier xml:lang="en">{"id": "ab8a6ddb-85c5-4a4c-8334-9a13f98eeef0", "value": "http://www.archesproject.org/83009078-c963-43b7-aa86-4dd30a07ce32"}</dcterms:identifier>
        <skos:prefLabel xml:lang="en">{"id": "2cecdb66-6cf2-4c8b-b647-a01899dbcb58", "value": "Lord Archbishop"}</skos:prefLabel>
        <skos:inScheme rdf:resource="http://localhost:8000/4da0a08b-8f7a-4e83-8507-ce5867bfded1"/>
      </skos:Concept>
    </skos:narrower>
    <skos:narrower>
      <skos:Concept rdf:about="http://localhost:8000/cf7cc1d7-8278-4ea1-a842-47cd90c0d1cc">
        <skos:inScheme rdf:resource="http://localhost:8000/4da0a08b-8f7a-4e83-8507-ce5867bfded1"/>
        <skos:prefLabel xml:lang="en">{"id": "bbfff0d7-12f5-42e6-b956-a4a77d476e0a", "value": "Mother"}</skos:prefLabel>
        <dcterms:identifier xml:lang="en">{"id": "c67d8905-f274-47b6-9b89-3c55ba488ccc", "value": "http://www.archesproject.org/cf7cc1d7-8278-4ea1-a842-47cd90c0d1cc"}</dcterms:identifier>
      </skos:Concept>
    </skos:narrower>
    <skos:narrower>
      <skos:Concept rdf:about="http://localhost:8000/6ad975c8-583f-4644-97b2-fd1b8bdc69e5">
        <skos:prefLabel xml:lang="en">{"id": "178e796d-3473-426c-a276-8cb9d8af7568", "value": "Archdeacon"}</skos:prefLabel>
        <skos:inScheme rdf:resource="http://localhost:8000/4da0a08b-8f7a-4e83-8507-ce5867bfded1"/>
        <dcterms:identifier xml:lang="en">{"id": "95d81180-b585-4514-9479-3eb0ac33d5f0", "value": "http://www.archesproject.org/6ad975c8-583f-4644-97b2-fd1b8bdc69e5"}</dcterms:identifier>
      </skos:Concept>
    </skos:narrower>
  </skos:Concept>
  <skos:Concept rdf:about="http://localhost:8000/a0757207-bfd5-42da-8e46-533bb0a79621">
    <dcterms:identifier xml:lang="en">{"id": "4239829e-517d-465b-8d99-c0bc121e935a", "value": "http://www.archesproject.org/a0757207-bfd5-42da-8e46-533bb0a79621"}</dcterms:identifier>
    <skos:inScheme rdf:resource="http://localhost:8000/4da0a08b-8f7a-4e83-8507-ce5867bfded1"/>
    <skos:prefLabel xml:lang="en">{"id": "57c8378c-dffe-404f-9f40-acc67cdf2473", "value": "Duke"}</skos:prefLabel>
  </skos:Concept>
  <skos:Concept rdf:about="http://localhost:8000/85579206-0b38-4b46-9fbd-8c8af3e5ec78">
    <dcterms:identifier xml:lang="en">{"id": "2b6685e4-f187-461d-b83a-9abdc739682e", "value": "http://www.archesproject.org/85579206-0b38-4b46-9fbd-8c8af3e5ec78"}</dcterms:identifier>
    <skos:prefLabel xml:lang="en">{"id": "0ae17f08-325e-410f-991f-bc604e35a777", "value": "High Admiral"}</skos:prefLabel>
    <skos:inScheme rdf:resource="http://localhost:8000/4da0a08b-8f7a-4e83-8507-ce5867bfded1"/>
  </skos:Concept>
  <skos:Concept rdf:about="http://localhost:8000/97627347-e801-43ea-9f73-dc2ab8b6ac6d">
    <skos:prefLabel xml:lang="en">{"id": "73c526ee-a142-43fd-b117-cd7c5e16878d", "value": "Count"}</skos:prefLabel>
    <skos:inScheme rdf:resource="http://localhost:8000/4da0a08b-8f7a-4e83-8507-ce5867bfded1"/>
    <dcterms:identifier xml:lang="en">{"id": "923a9b99-b383-4033-b366-5fcbb294ef5a", "value": "http://www.archesproject.org/97627347-e801-43ea-9f73-dc2ab8b6ac6d"}</dcterms:identifier>
  </skos:Concept>
  <skos:Concept rdf:about="http://localhost:8000/3191dd87-84f6-427a-8966-d57f1b0c8cab">
    <skos:inScheme rdf:resource="http://localhost:8000/4da0a08b-8f7a-4e83-8507-ce5867bfded1"/>
    <skos:prefLabel xml:lang="en">{"id": "c49fd155-a6cc-4370-85fa-d7faad7780fc", "value": "Grand Duke"}</skos:prefLabel>
    <dcterms:identifier xml:lang="en">{"id": "9f76ce5f-1c51-4d6e-98a9-4044db7c7ea4", "value": "http://www.archesproject.org/3191dd87-84f6-427a-8966-d57f1b0c8cab"}</dcterms:identifier>
  </skos:Concept>
  <skos:Concept rdf:about="http://localhost:8000/65244935-bf91-4483-ba51-712a52259ce5">
    <skos:prefLabel xml:lang="en">{"id": "e1183f5a-302b-4104-9d8e-0d8b944c2381", "value": "Earl"}</skos:prefLabel>
    <skos:inScheme rdf:resource="http://localhost:8000/4da0a08b-8f7a-4e83-8507-ce5867bfded1"/>
    <dcterms:identifier xml:lang="en">{"id": "b4ae5e9a-7abb-450f-80ac-bb22a411f574", "value": "http://www.archesproject.org/65244935-bf91-4483-ba51-712a52259ce5"}</dcterms:identifier>
  </skos:Concept>
  <skos:Concept rdf:about="http://localhost:8000/12cb4757-e3df-4e69-bbca-d4d48cf27439">
    <skos:narrower>
      <skos:Concept rdf:about="http://localhost:8000/39001346-ca0e-43cc-8f04-ec13381e5bc1">
        <dcterms:identifier xml:lang="en">{"id": "204c64af-b127-4650-b710-e2bdba2b350c", "value": "http://www.archesproject.org/39001346-ca0e-43cc-8f04-ec13381e5bc1"}</dcterms:identifier>
        <skos:prefLabel xml:lang="en">{"id": "2ec46d4f-bd94-4b70-83b4-43dd968297a6", "value": "Marchioness"}</skos:prefLabel>
        <skos:inScheme rdf:resource="http://localhost:8000/4da0a08b-8f7a-4e83-8507-ce5867bfded1"/>
      </skos:Concept>
    </skos:narrower>
    <skos:narrower>
      <skos:Concept rdf:about="http://localhost:8000/0828845b-0532-4bff-bf25-1571c71bef9c">
        <skos:inScheme rdf:resource="http://localhost:8000/4da0a08b-8f7a-4e83-8507-ce5867bfded1"/>
        <skos:prefLabel xml:lang="en">{"id": "dde1c961-d0b0-4672-9051-ac684e48527c", "value": "Maharajah"}</skos:prefLabel>
        <dcterms:identifier xml:lang="en">{"id": "25409d80-8c08-48b1-ad1b-606557ca67c6", "value": "http://www.archesproject.org/0828845b-0532-4bff-bf25-1571c71bef9c"}</dcterms:identifier>
      </skos:Concept>
    </skos:narrower>
    <skos:narrower>
      <skos:Concept rdf:about="http://localhost:8000/7706ea81-0e5c-48d9-9ff2-a97bec60120b">
        <dcterms:identifier xml:lang="en">{"id": "10ff282f-0be2-4449-88da-ac964cc4232e", "value": "http://www.archesproject.org/7706ea81-0e5c-48d9-9ff2-a97bec60120b"}</dcterms:identifier>
        <skos:inScheme rdf:resource="http://localhost:8000/4da0a08b-8f7a-4e83-8507-ce5867bfded1"/>
        <skos:prefLabel xml:lang="en">{"id": "0936bc8e-d944-4485-8806-449c81bd5347", "value": "Archduchess"}</skos:prefLabel>
      </skos:Concept>
    </skos:narrower>
    <skos:narrower rdf:resource="http://localhost:8000/3191dd87-84f6-427a-8966-d57f1b0c8cab"/>
    <skos:inScheme rdf:resource="http://localhost:8000/4da0a08b-8f7a-4e83-8507-ce5867bfded1"/>
    <skos:narrower>
      <skos:Concept rdf:about="http://localhost:8000/c4505cab-241a-4aef-8726-e876f817f6b1">
        <dcterms:identifier xml:lang="en">{"id": "7b03205e-49c3-4c08-b1df-54fdd689d9e6", "value": "http://www.archesproject.org/c4505cab-241a-4aef-8726-e876f817f6b1"}</dcterms:identifier>
        <skos:inScheme rdf:resource="http://localhost:8000/4da0a08b-8f7a-4e83-8507-ce5867bfded1"/>
        <skos:prefLabel xml:lang="en">{"id": "1a8cd1d2-bc4d-42ae-883a-20061fee715c", "value": "Queen"}</skos:prefLabel>
      </skos:Concept>
    </skos:narrower>
    <skos:narrower>
      <skos:Concept rdf:about="http://localhost:8000/be81402a-f963-4734-b0c4-f7354a7262e4">
        <skos:inScheme rdf:resource="http://localhost:8000/4da0a08b-8f7a-4e83-8507-ce5867bfded1"/>
        <skos:prefLabel xml:lang="en">{"id": "f914e7b5-2b29-404d-bfdc-6a253bec66d8", "value": "King"}</skos:prefLabel>
        <dcterms:identifier xml:lang="en">{"id": "3a4a2578-a93d-49e6-9a5d-17013d3f1c14", "value": "http://www.archesproject.org/be81402a-f963-4734-b0c4-f7354a7262e4"}</dcterms:identifier>
      </skos:Concept>
    </skos:narrower>
    <skos:narrower>
      <skos:Concept rdf:about="http://localhost:8000/4cf4fc6a-3130-462a-9812-8531c6cd67d9">
        <skos:narrower rdf:resource="http://localhost:8000/16110af9-9cf9-45f8-88c3-43259d6f32b1"/>
        <skos:prefLabel xml:lang="en">{"id": "379eba16-cf8d-4758-b5d2-c309a4da51df", "value": "Prince"}</skos:prefLabel>
        <skos:inScheme rdf:resource="http://localhost:8000/4da0a08b-8f7a-4e83-8507-ce5867bfded1"/>
        <dcterms:identifier xml:lang="en">{"id": "d4934943-e888-48f3-86d1-97e59965604d", "value": "http://www.archesproject.org/4cf4fc6a-3130-462a-9812-8531c6cd67d9"}</dcterms:identifier>
        <skos:narrower rdf:resource="http://localhost:8000/fe7ef2b1-552d-43c3-9119-7cdaf383a09b"/>
      </skos:Concept>
    </skos:narrower>
    <skos:narrower>
      <skos:Concept rdf:about="http://localhost:8000/ebb600b8-fbc4-4fa3-b3c7-ca80a98b898b">
        <dcterms:identifier xml:lang="en">{"id": "b503dfae-f542-4e27-8f29-7c1683198981", "value": "http://www.archesproject.org/ebb600b8-fbc4-4fa3-b3c7-ca80a98b898b"}</dcterms:identifier>
        <skos:prefLabel xml:lang="en">{"id": "69c1ecb0-c182-4279-9de5-76d4c32c7606", "value": "Tsarina"}</skos:prefLabel>
        <skos:inScheme rdf:resource="http://localhost:8000/4da0a08b-8f7a-4e83-8507-ce5867bfded1"/>
      </skos:Concept>
    </skos:narrower>
    <skos:narrower>
      <skos:Concept rdf:about="http://localhost:8000/ec556f4f-2aec-48a1-aba9-9b5e09fa3ee0">
        <skos:prefLabel xml:lang="en">{"id": "9c80a5d8-4c51-4149-bca3-0da542a34b1a", "value": "Kaiser"}</skos:prefLabel>
        <skos:inScheme rdf:resource="http://localhost:8000/4da0a08b-8f7a-4e83-8507-ce5867bfded1"/>
        <dcterms:identifier xml:lang="en">{"id": "d6cf52f8-82c2-455a-bfd6-326588b17690", "value": "http://www.archesproject.org/ec556f4f-2aec-48a1-aba9-9b5e09fa3ee0"}</dcterms:identifier>
      </skos:Concept>
    </skos:narrower>
    <skos:narrower>
      <skos:Concept rdf:about="http://localhost:8000/b9798da3-27dc-40f5-9a3c-bf123737442c">
        <skos:inScheme rdf:resource="http://localhost:8000/4da0a08b-8f7a-4e83-8507-ce5867bfded1"/>
        <skos:prefLabel xml:lang="en">{"id": "5e36f0f5-b1cd-4167-967c-f2e7c5b4f88f", "value": "Archduke"}</skos:prefLabel>
        <dcterms:identifier xml:lang="en">{"id": "46f06b6f-c071-437a-822b-4f85eda8e1b6", "value": "http://www.archesproject.org/b9798da3-27dc-40f5-9a3c-bf123737442c"}</dcterms:identifier>
      </skos:Concept>
    </skos:narrower>
    <skos:narrower rdf:resource="http://localhost:8000/a0757207-bfd5-42da-8e46-533bb0a79621"/>
    <skos:narrower>
      <skos:Concept rdf:about="http://localhost:8000/11322609-3d59-4e2e-8f2f-9104615f4b66">
        <skos:inScheme rdf:resource="http://localhost:8000/4da0a08b-8f7a-4e83-8507-ce5867bfded1"/>
        <skos:prefLabel xml:lang="en">{"id": "480d8004-2676-4be9-a679-930aa656ea5e", "value": "Nizam"}</skos:prefLabel>
        <dcterms:identifier xml:lang="en">{"id": "ee681788-e4a1-4b1a-a636-d2cf886a1a8b", "value": "http://www.archesproject.org/11322609-3d59-4e2e-8f2f-9104615f4b66"}</dcterms:identifier>
      </skos:Concept>
    </skos:narrower>
    <skos:narrower>
      <skos:Concept rdf:about="http://localhost:8000/abd142c2-612e-4169-92be-2d48fcb23873">
        <skos:prefLabel xml:lang="fr">{"id": "e2425313-e390-4794-9867-0b72d55bf32a", "value": "Marquis"}</skos:prefLabel>
        <dcterms:identifier xml:lang="en">{"id": "b445b27c-e5c1-4f26-a642-018cb8bdc03f", "value": "http://www.archesproject.org/abd142c2-612e-4169-92be-2d48fcb23873"}</dcterms:identifier>
        <skos:inScheme rdf:resource="http://localhost:8000/4da0a08b-8f7a-4e83-8507-ce5867bfded1"/>
        <skos:prefLabel xml:lang="en">{"id": "48d4571a-8146-4749-abb6-82b638a651d5", "value": "Marquess"}</skos:prefLabel>
      </skos:Concept>
    </skos:narrower>
    <skos:narrower>
      <skos:Concept rdf:about="http://localhost:8000/186a4a17-0b3c-4bcd-a2f6-998867a41b6d">
        <skos:prefLabel xml:lang="en">{"id": "e68c60d4-19ca-4d43-bbd1-4aa78133b31e", "value": "Grand Duchess"}</skos:prefLabel>
        <dcterms:identifier xml:lang="en">{"id": "b71ec1c6-af30-4c1a-a6e2-c3ba0f007b7c", "value": "http://www.archesproject.org/186a4a17-0b3c-4bcd-a2f6-998867a41b6d"}</dcterms:identifier>
        <skos:inScheme rdf:resource="http://localhost:8000/4da0a08b-8f7a-4e83-8507-ce5867bfded1"/>
      </skos:Concept>
    </skos:narrower>
    <skos:narrower>
      <skos:Concept rdf:about="http://localhost:8000/502197b5-bc31-46b6-9f05-f891c958b3e6">
        <dcterms:identifier xml:lang="en">{"id": "3ffa6515-c523-493c-9dc7-b105620cff70", "value": "http://www.archesproject.org/502197b5-bc31-46b6-9f05-f891c958b3e6"}</dcterms:identifier>
        <skos:inScheme rdf:resource="http://localhost:8000/4da0a08b-8f7a-4e83-8507-ce5867bfded1"/>
        <skos:prefLabel xml:lang="en">{"id": "74ccfc80-4b4f-41e7-89fb-6804dda54472", "value": "Empress"}</skos:prefLabel>
      </skos:Concept>
    </skos:narrower>
    <skos:narrower>
      <skos:Concept rdf:about="http://localhost:8000/6300d044-3c16-4fa6-851d-13d4d6f5ad05">
        <skos:inScheme rdf:resource="http://localhost:8000/4da0a08b-8f7a-4e83-8507-ce5867bfded1"/>
        <dcterms:identifier xml:lang="en">{"id": "a1d94c8b-8380-4f0b-9c3c-53fd0446bfe8", "value": "http://www.archesproject.org/6300d044-3c16-4fa6-851d-13d4d6f5ad05"}</dcterms:identifier>
        <skos:prefLabel xml:lang="en">{"id": "c7e062c6-b065-476f-bfd1-a3ea8a302385", "value": "Viscountess"}</skos:prefLabel>
      </skos:Concept>
    </skos:narrower>
    <skos:narrower rdf:resource="http://localhost:8000/65244935-bf91-4483-ba51-712a52259ce5"/>
    <dcterms:identifier xml:lang="en">{"id": "537e5743-35c4-4baf-9216-8eb17937be17", "value": "http://www.archesproject.org/12cb4757-e3df-4e69-bbca-d4d48cf27439"}</dcterms:identifier>
    <skos:narrower>
      <skos:Concept rdf:about="http://localhost:8000/323e2db3-ecd3-4f8b-a308-699e7c304bb5">
        <dcterms:identifier xml:lang="en">{"id": "20bd57ea-9bfc-4cfa-bdbe-f47de797941e", "value": "http://www.archesproject.org/323e2db3-ecd3-4f8b-a308-699e7c304bb5"}</dcterms:identifier>
        <skos:prefLabel xml:lang="en">{"id": "60c3bf56-a806-4600-a1b4-90e88d080360", "value": "Emperor"}</skos:prefLabel>
        <skos:inScheme rdf:resource="http://localhost:8000/4da0a08b-8f7a-4e83-8507-ce5867bfded1"/>
      </skos:Concept>
    </skos:narrower>
    <skos:narrower>
      <skos:Concept rdf:about="http://localhost:8000/0e328e50-f0b7-493b-ad2a-e4526c6bb517">
        <skos:prefLabel xml:lang="en">{"id": "d27fb8a3-5009-408a-98f6-6214fa6f80d3", "value": "Viscount"}</skos:prefLabel>
        <dcterms:identifier xml:lang="en">{"id": "04f25b38-ef45-4523-b500-ed141ed4013c", "value": "http://www.archesproject.org/0e328e50-f0b7-493b-ad2a-e4526c6bb517"}</dcterms:identifier>
        <skos:inScheme rdf:resource="http://localhost:8000/4da0a08b-8f7a-4e83-8507-ce5867bfded1"/>
      </skos:Concept>
    </skos:narrower>
    <skos:narrower rdf:resource="http://localhost:8000/97627347-e801-43ea-9f73-dc2ab8b6ac6d"/>
    <skos:narrower rdf:resource="http://localhost:8000/527f0df9-7515-4179-84c4-8af58bb2e296"/>
    <skos:narrower>
      <skos:Concept rdf:about="http://localhost:8000/b3445cce-d673-4b79-a903-3993fdaf0ba1">
        <skos:inScheme rdf:resource="http://localhost:8000/4da0a08b-8f7a-4e83-8507-ce5867bfded1"/>
        <skos:prefLabel xml:lang="en">{"id": "9993d2ec-3b46-4ad9-b47e-1e296590d785", "value": "Baroness"}</skos:prefLabel>
        <dcterms:identifier xml:lang="en">{"id": "9b8eecb0-1ea7-456a-a469-84dedd526253", "value": "http://www.archesproject.org/b3445cce-d673-4b79-a903-3993fdaf0ba1"}</dcterms:identifier>
      </skos:Concept>
    </skos:narrower>
    <skos:narrower>
      <skos:Concept rdf:about="http://localhost:8000/440adfdb-ee06-482e-af27-df361fef5723">
        <skos:inScheme rdf:resource="http://localhost:8000/4da0a08b-8f7a-4e83-8507-ce5867bfded1"/>
        <skos:prefLabel xml:lang="en">{"id": "cbff500e-b875-46c8-aa55-a3f26375c201", "value": "Rajah"}</skos:prefLabel>
        <dcterms:identifier xml:lang="en">{"id": "ca0e2001-6cec-4100-8683-568b6f7f4e27", "value": "http://www.archesproject.org/440adfdb-ee06-482e-af27-df361fef5723"}</dcterms:identifier>
      </skos:Concept>
    </skos:narrower>
    <skos:narrower rdf:resource="http://localhost:8000/d09d5e26-82e3-47e6-a90f-85acb4420abc"/>
    <skos:narrower>
      <skos:Concept rdf:about="http://localhost:8000/8b0bfccc-bcc3-4e39-8299-4167de949347">
        <skos:prefLabel xml:lang="en">{"id": "d843c3d2-b606-43ba-aff7-2be4ef92e863", "value": "Duchess"}</skos:prefLabel>
        <skos:inScheme rdf:resource="http://localhost:8000/4da0a08b-8f7a-4e83-8507-ce5867bfded1"/>
        <dcterms:identifier xml:lang="en">{"id": "93daae6f-131a-479a-b8e0-6e9588d3b4d2", "value": "http://www.archesproject.org/8b0bfccc-bcc3-4e39-8299-4167de949347"}</dcterms:identifier>
      </skos:Concept>
    </skos:narrower>
    <skos:narrower>
      <skos:Concept rdf:about="http://localhost:8000/30f92ba4-2ef7-4f1e-a02b-ce3d1df91b99">
        <dcterms:identifier xml:lang="en">{"id": "063a9da9-0d0d-4bd0-9705-14bf3cde74f1", "value": "http://www.archesproject.org/30f92ba4-2ef7-4f1e-a02b-ce3d1df91b99"}</dcterms:identifier>
        <skos:inScheme rdf:resource="http://localhost:8000/4da0a08b-8f7a-4e83-8507-ce5867bfded1"/>
        <skos:prefLabel xml:lang="en">{"id": "4a50404f-0240-41be-a653-1408ec4d7ea9", "value": "Shah"}</skos:prefLabel>
      </skos:Concept>
    </skos:narrower>
    <skos:narrower>
      <skos:Concept rdf:about="http://localhost:8000/0a784a39-774c-48fa-9a24-50fdbbdb6f4c">
        <dcterms:identifier xml:lang="en">{"id": "d11aae33-5ce4-4f52-85f2-37f28061ba43", "value": "http://www.archesproject.org/0a784a39-774c-48fa-9a24-50fdbbdb6f4c"}</dcterms:identifier>
        <skos:prefLabel xml:lang="en">{"id": "c02f19c2-c829-47c9-a284-55f8e1a960c8", "value": "Tsar"}</skos:prefLabel>
        <skos:inScheme rdf:resource="http://localhost:8000/4da0a08b-8f7a-4e83-8507-ce5867bfded1"/>
      </skos:Concept>
    </skos:narrower>
    <skos:narrower>
      <skos:Concept rdf:about="http://localhost:8000/4c1ac1ec-72ed-4b52-bebf-079f29a80b07">
        <skos:prefLabel xml:lang="en">{"id": "2be44780-92a0-49d8-ba89-d847840453e8", "value": "Countess"}</skos:prefLabel>
        <dcterms:identifier xml:lang="en">{"id": "0803a6ba-8267-451b-bc00-61ac68eb7354", "value": "http://www.archesproject.org/4c1ac1ec-72ed-4b52-bebf-079f29a80b07"}</dcterms:identifier>
        <skos:inScheme rdf:resource="http://localhost:8000/4da0a08b-8f7a-4e83-8507-ce5867bfded1"/>
      </skos:Concept>
    </skos:narrower>
    <skos:prefLabel xml:lang="en">{"id": "f70830c4-8702-4d18-b71b-950f8385be7c", "value": "Nobility Titles"}</skos:prefLabel>
    <skos:narrower rdf:resource="http://localhost:8000/7b935c9f-e102-4aff-baad-4ef9894005d2"/>
  </skos:Concept>
  <skos:Concept rdf:about="http://localhost:8000/a1ebed2b-c729-4296-a18f-d1c0c0075600">
    <skos:inScheme rdf:resource="http://localhost:8000/4da0a08b-8f7a-4e83-8507-ce5867bfded1"/>
    <dcterms:identifier xml:lang="en">{"id": "01a77a4b-e22a-45b8-999d-18658d1afbd6", "value": "http://www.archesproject.org/a1ebed2b-c729-4296-a18f-d1c0c0075600"}</dcterms:identifier>
    <skos:prefLabel xml:lang="en">{"id": "5c0d0231-603f-4d1c-8e36-951a28a81ac9", "value": "Admiral"}</skos:prefLabel>
  </skos:Concept>
  <skos:Concept rdf:about="http://localhost:8000/124f72c2-1c26-44b6-b8da-29b5ba816964">
    <skos:inScheme rdf:resource="http://localhost:8000/4da0a08b-8f7a-4e83-8507-ce5867bfded1"/>
    <skos:narrower>
      <skos:Concept rdf:about="http://localhost:8000/94d9f30c-3c04-4a59-87ca-4990341a9cc2">
        <skos:prefLabel xml:lang="en">{"id": "eb10903b-c036-42c6-aee0-56ef30bbd164", "value": "Commandant General"}</skos:prefLabel>
        <dcterms:identifier xml:lang="en">{"id": "73769f32-bd6a-4c32-8100-7436f116df53", "value": "http://www.archesproject.org/94d9f30c-3c04-4a59-87ca-4990341a9cc2"}</dcterms:identifier>
        <skos:inScheme rdf:resource="http://localhost:8000/4da0a08b-8f7a-4e83-8507-ce5867bfded1"/>
      </skos:Concept>
    </skos:narrower>
    <skos:narrower>
      <skos:Concept rdf:about="http://localhost:8000/7ef66d85-450a-4622-931b-9cfa420fb7fb">
        <skos:inScheme rdf:resource="http://localhost:8000/4da0a08b-8f7a-4e83-8507-ce5867bfded1"/>
        <skos:prefLabel xml:lang="en">{"id": "38ab06ff-5942-43e3-86e9-f2da6b0c788e", "value": "Commodore"}</skos:prefLabel>
        <dcterms:identifier xml:lang="en">{"id": "a903d8a5-c6e2-4276-931c-459a40257abc", "value": "http://www.archesproject.org/7ef66d85-450a-4622-931b-9cfa420fb7fb"}</dcterms:identifier>
      </skos:Concept>
    </skos:narrower>
    <skos:narrower rdf:resource="http://localhost:8000/a1ebed2b-c729-4296-a18f-d1c0c0075600"/>
    <skos:narrower>
      <skos:Concept rdf:about="http://localhost:8000/118bd35a-39f6-424a-8ba3-dbabfb1a5bd5">
        <skos:prefLabel xml:lang="en">{"id": "22343ee1-47d1-443a-a867-a44bcebe3934", "value": "Midshipman"}</skos:prefLabel>
        <skos:inScheme rdf:resource="http://localhost:8000/4da0a08b-8f7a-4e83-8507-ce5867bfded1"/>
        <dcterms:identifier xml:lang="en">{"id": "9fdab025-a436-4638-a5ea-163222972a85", "value": "http://www.archesproject.org/118bd35a-39f6-424a-8ba3-dbabfb1a5bd5"}</dcterms:identifier>
      </skos:Concept>
    </skos:narrower>
    <skos:narrower>
      <skos:Concept rdf:about="http://localhost:8000/1ff14ce5-3702-4b42-a5c0-3f008fe8cfcd">
        <skos:prefLabel xml:lang="en">{"id": "b049901c-7546-4ba9-acf4-31b3331e8ba4", "value": "Rear-Admiral"}</skos:prefLabel>
        <skos:inScheme rdf:resource="http://localhost:8000/4da0a08b-8f7a-4e83-8507-ce5867bfded1"/>
        <dcterms:identifier xml:lang="en">{"id": "aa059194-2af4-45e7-847d-064969799536", "value": "http://www.archesproject.org/1ff14ce5-3702-4b42-a5c0-3f008fe8cfcd"}</dcterms:identifier>
      </skos:Concept>
    </skos:narrower>
    <skos:prefLabel xml:lang="en">{"id": "97ff3210-5fe8-4414-b320-32dc088bdc99", "value": "Commissioned Ranks"}</skos:prefLabel>
    <skos:narrower>
      <skos:Concept rdf:about="http://localhost:8000/0b413e1f-4ef4-439b-a0ef-124c299f974e">
        <dcterms:identifier xml:lang="en">{"id": "87a965ba-9c02-4ff6-bc3d-0be941d013b9", "value": "http://www.archesproject.org/0b413e1f-4ef4-439b-a0ef-124c299f974e"}</dcterms:identifier>
        <skos:prefLabel xml:lang="en">{"id": "fa154eef-ed43-4172-91e8-809b4087519d", "value": "VIce-Admiral"}</skos:prefLabel>
        <skos:inScheme rdf:resource="http://localhost:8000/4da0a08b-8f7a-4e83-8507-ce5867bfded1"/>
      </skos:Concept>
    </skos:narrower>
    <skos:narrower>
      <skos:Concept rdf:about="http://localhost:8000/7657ee16-36c7-4dee-bd8b-892c2e8cdb14">
        <skos:inScheme rdf:resource="http://localhost:8000/4da0a08b-8f7a-4e83-8507-ce5867bfded1"/>
        <dcterms:identifier xml:lang="en">{"id": "ef4740fe-08b0-49d2-88b3-10e7919586f8", "value": "http://www.archesproject.org/7657ee16-36c7-4dee-bd8b-892c2e8cdb14"}</dcterms:identifier>
        <skos:prefLabel xml:lang="en">{"id": "77e64510-81d9-4fb5-807b-d1593787795e", "value": "Lieutenant-Commander"}</skos:prefLabel>
      </skos:Concept>
    </skos:narrower>
    <skos:narrower>
      <skos:Concept rdf:about="http://localhost:8000/b271c4f6-a1b4-4d30-941d-b5f56e76bcb8">
        <dcterms:identifier xml:lang="en">{"id": "97271883-b990-4df2-b62f-93e29346ca15", "value": "http://www.archesproject.org/b271c4f6-a1b4-4d30-941d-b5f56e76bcb8"}</dcterms:identifier>
        <skos:prefLabel xml:lang="en">{"id": "7bc98989-300f-447b-a254-fcc68efc0778", "value": "Commander"}</skos:prefLabel>
        <skos:inScheme rdf:resource="http://localhost:8000/4da0a08b-8f7a-4e83-8507-ce5867bfded1"/>
      </skos:Concept>
    </skos:narrower>
    <skos:narrower>
      <skos:Concept rdf:about="http://localhost:8000/54df5bad-fb65-4246-850e-0349f515f908">
        <skos:prefLabel xml:lang="en">{"id": "da6ebdc5-38f1-48de-98aa-364086920b82", "value": "Sub-Lieutenant"}</skos:prefLabel>
        <skos:inScheme rdf:resource="http://localhost:8000/4da0a08b-8f7a-4e83-8507-ce5867bfded1"/>
        <dcterms:identifier xml:lang="en">{"id": "3c4fd374-eb99-411a-8996-2303f9faa93b", "value": "http://www.archesproject.org/54df5bad-fb65-4246-850e-0349f515f908"}</dcterms:identifier>
      </skos:Concept>
    </skos:narrower>
    <skos:narrower>
      <skos:Concept rdf:about="http://localhost:8000/f4a104f7-e572-4512-bb77-21709170bc74">
        <skos:inScheme rdf:resource="http://localhost:8000/4da0a08b-8f7a-4e83-8507-ce5867bfded1"/>
        <skos:prefLabel xml:lang="en">{"id": "65348c67-5288-4b26-a4ba-d58c7724c9c4", "value": "Captain"}</skos:prefLabel>
        <dcterms:identifier xml:lang="en">{"id": "9c95978d-da16-4c93-a8a5-56142c3a0755", "value": "http://www.archesproject.org/f4a104f7-e572-4512-bb77-21709170bc74"}</dcterms:identifier>
      </skos:Concept>
    </skos:narrower>
    <skos:narrower>
      <skos:Concept rdf:about="http://localhost:8000/f1063f76-b397-45ee-95e9-2a949edf26c2">
        <skos:inScheme rdf:resource="http://localhost:8000/4da0a08b-8f7a-4e83-8507-ce5867bfded1"/>
        <dcterms:identifier xml:lang="en">{"id": "9f3a9b61-901e-4744-aaa2-8510f2d4b0bd", "value": "http://www.archesproject.org/f1063f76-b397-45ee-95e9-2a949edf26c2"}</dcterms:identifier>
        <skos:prefLabel xml:lang="en">{"id": "70f52481-d132-4e61-b1a6-94d6820ac3dc", "value": "Lieutenant"}</skos:prefLabel>
      </skos:Concept>
    </skos:narrower>
    <dcterms:identifier xml:lang="en">{"id": "b6c1a31a-ce13-46a7-be47-230d32f4d39b", "value": "http://www.archesproject.org/124f72c2-1c26-44b6-b8da-29b5ba816964"}</dcterms:identifier>
    <skos:narrower>
      <skos:Concept rdf:about="http://localhost:8000/1440cad3-5ab9-4383-9d53-a7361b4f7858">
        <skos:prefLabel xml:lang="en">{"id": "1983d4a0-0f9f-4887-804e-49731a9b6bda", "value": "Admiral of the Fleet"}</skos:prefLabel>
        <dcterms:identifier xml:lang="en">{"id": "dbfa53d6-0e6a-4ce1-8942-86c71cd7f5a0", "value": "http://www.archesproject.org/1440cad3-5ab9-4383-9d53-a7361b4f7858"}</dcterms:identifier>
        <skos:inScheme rdf:resource="http://localhost:8000/4da0a08b-8f7a-4e83-8507-ce5867bfded1"/>
      </skos:Concept>
    </skos:narrower>
  </skos:Concept>
  <skos:Concept rdf:about="http://localhost:8000/ba53b621-f828-4e12-9cf2-a04be5557f79">
    <skos:prefLabel xml:lang="en">{"id": "6bdd7523-61d3-4053-9b12-87ac03c8992e", "value": "Honourable"}</skos:prefLabel>
    <dcterms:identifier xml:lang="en">{"id": "7ece3256-b6ab-43c4-916f-3bbe4d299572", "value": "http://www.archesproject.org/ba53b621-f828-4e12-9cf2-a04be5557f79"}</dcterms:identifier>
    <skos:inScheme rdf:resource="http://localhost:8000/4da0a08b-8f7a-4e83-8507-ce5867bfded1"/>
  </skos:Concept>
  <skos:Concept rdf:about="http://localhost:8000/e215cb5f-057d-4e5a-8377-ad1870f2d949">
    <skos:inScheme rdf:resource="http://localhost:8000/4da0a08b-8f7a-4e83-8507-ce5867bfded1"/>
    <skos:prefLabel xml:lang="en">{"id": "3101fcda-3119-4014-94ab-4fb4d7ef38db", "value": "Miss"}</skos:prefLabel>
    <dcterms:identifier xml:lang="en">{"id": "b8e11552-dfd8-4806-b57c-08e8e74ec9a1", "value": "http://www.archesproject.org/e215cb5f-057d-4e5a-8377-ad1870f2d949"}</dcterms:identifier>
  </skos:Concept>
  <skos:Concept rdf:about="http://localhost:8000/e1807d26-6145-4da2-99fc-5f1d6de6fa95">
    <skos:prefLabel xml:lang="en">{"id": "8e61f40a-4d8d-46be-afb8-3362698db4bd", "value": "Civic Titles"}</skos:prefLabel>
    <skos:inScheme rdf:resource="http://localhost:8000/4da0a08b-8f7a-4e83-8507-ce5867bfded1"/>
    <dcterms:identifier xml:lang="en">{"id": "59fa2d89-d526-4fa2-a295-80dc344499ca", "value": "http://www.archesproject.org/e1807d26-6145-4da2-99fc-5f1d6de6fa95"}</dcterms:identifier>
    <skos:narrower>
      <skos:Concept rdf:about="http://localhost:8000/80ed00b5-1dbe-49b7-b1ff-6ed9e0a86843">
        <skos:prefLabel xml:lang="en">{"id": "baeb4c9e-4f05-4ea0-8334-a689a75e03ae", "value": "Councillor"}</skos:prefLabel>
        <skos:inScheme rdf:resource="http://localhost:8000/4da0a08b-8f7a-4e83-8507-ce5867bfded1"/>
      </skos:Concept>
    </skos:narrower>
  </skos:Concept>
  <skos:Concept rdf:about="http://localhost:8000/b760ff2f-b1cf-4e86-945f-8e07136a232e">
    <skos:narrower>
      <skos:Concept rdf:about="http://localhost:8000/5e2c705b-993b-4257-a409-664298301c68">
        <skos:inScheme rdf:resource="http://localhost:8000/4da0a08b-8f7a-4e83-8507-ce5867bfded1"/>
        <skos:narrower rdf:resource="http://localhost:8000/124f72c2-1c26-44b6-b8da-29b5ba816964"/>
        <skos:prefLabel xml:lang="en">{"id": "1564e69e-60f7-4a42-bb9e-bed09f5253b6", "value": "Naval Ranks"}</skos:prefLabel>
        <dcterms:identifier xml:lang="en">{"id": "a94d2df6-180c-46f6-89cf-fd545fa32129", "value": "http://www.archesproject.org/5e2c705b-993b-4257-a409-664298301c68"}</dcterms:identifier>
      </skos:Concept>
    </skos:narrower>
    <skos:inScheme rdf:resource="http://localhost:8000/4da0a08b-8f7a-4e83-8507-ce5867bfded1"/>
    <dcterms:identifier xml:lang="en">{"id": "8ec7c051-42f7-4969-8862-18315b01e5ab", "value": "http://www.archesproject.org/b760ff2f-b1cf-4e86-945f-8e07136a232e"}</dcterms:identifier>
    <skos:narrower>
      <skos:Concept rdf:about="http://localhost:8000/50e32be7-129b-4e35-a4d4-9009ca04939b">
        <dcterms:identifier xml:lang="en">{"id": "dd827c53-6a64-432a-b756-4263db4e7b55", "value": "http://www.archesproject.org/50e32be7-129b-4e35-a4d4-9009ca04939b"}</dcterms:identifier>
        <skos:narrower rdf:resource="http://localhost:8000/492065f5-7c82-4e55-bb14-68bf97a914f1"/>
        <skos:prefLabel xml:lang="en">{"id": "ab017569-5221-4318-8178-b9d61ef33f40", "value": "Air Force Ranks"}</skos:prefLabel>
        <skos:inScheme rdf:resource="http://localhost:8000/4da0a08b-8f7a-4e83-8507-ce5867bfded1"/>
      </skos:Concept>
    </skos:narrower>
    <skos:prefLabel xml:lang="en">{"id": "1ba1a703-e634-4a12-99b1-a61a8f4d292c", "value": "Military Titles"}</skos:prefLabel>
    <skos:narrower>
      <skos:Concept rdf:about="http://localhost:8000/e7db8a2a-1da4-4cbd-bf50-beeb943424f9">
        <skos:prefLabel xml:lang="en">{"id": "69c9774e-e207-44ce-a503-8b75e5c55b44", "value": "Army Ranks"}</skos:prefLabel>
        <dcterms:identifier xml:lang="en">{"id": "10f822b8-b2ca-42a3-a8d4-90403f202a66", "value": "http://www.archesproject.org/e7db8a2a-1da4-4cbd-bf50-beeb943424f9"}</dcterms:identifier>
        <skos:inScheme rdf:resource="http://localhost:8000/4da0a08b-8f7a-4e83-8507-ce5867bfded1"/>
        <skos:narrower rdf:resource="http://localhost:8000/32c7895f-3f23-4ee5-bfd1-f742f4ca73b7"/>
      </skos:Concept>
    </skos:narrower>
  </skos:Concept>
  <skos:Concept rdf:about="http://localhost:8000/3fbdb747-8b54-4b49-87be-aeebab7e0365">
    <skos:inScheme rdf:resource="http://localhost:8000/4da0a08b-8f7a-4e83-8507-ce5867bfded1"/>
    <dcterms:identifier xml:lang="en">{"id": "3336b775-2523-46d4-88b1-5a8905f27f0d", "value": "http://www.archesproject.org/3fbdb747-8b54-4b49-87be-aeebab7e0365"}</dcterms:identifier>
    <skos:narrower>
      <skos:Concept rdf:about="http://localhost:8000/8e3dbde9-8fdd-4c9f-a3e4-a82a7d53e059">
        <skos:prefLabel xml:lang="en">{"id": "f2c35afe-5c80-4198-8ec1-2a0169c22994", "value": "Professor"}</skos:prefLabel>
        <skos:inScheme rdf:resource="http://localhost:8000/4da0a08b-8f7a-4e83-8507-ce5867bfded1"/>
      </skos:Concept>
    </skos:narrower>
    <skos:prefLabel xml:lang="en">{"id": "98997624-b7c8-46b4-b5c5-582b5215ae40", "value": "Academic Titles"}</skos:prefLabel>
  </skos:Concept>
  <skos:Concept rdf:about="http://localhost:8000/12a95ced-e3ee-47b2-b087-959bcf7608e1">
    <skos:inScheme rdf:resource="http://localhost:8000/4da0a08b-8f7a-4e83-8507-ce5867bfded1"/>
    <dcterms:identifier xml:lang="en">{"id": "e942640a-430d-4394-bd88-deec166e80dc", "value": "http://www.archesproject.org/12a95ced-e3ee-47b2-b087-959bcf7608e1"}</dcterms:identifier>
    <skos:prefLabel xml:lang="en">{"id": "6d25ff93-c3f0-457c-bde8-53f88dc85a29", "value": "Epithets"}</skos:prefLabel>
  </skos:Concept>
  <skos:Concept rdf:about="http://localhost:8000/b7188d26-a6d2-4058-80ab-b8bdb444d2fc">
    <dcterms:identifier xml:lang="en">{"id": "513b9b1d-e8c8-4949-baaf-60ceaf0af286", "value": "http://www.archesproject.org/b7188d26-a6d2-4058-80ab-b8bdb444d2fc"}</dcterms:identifier>
    <skos:inScheme rdf:resource="http://localhost:8000/4da0a08b-8f7a-4e83-8507-ce5867bfded1"/>
    <skos:prefLabel xml:lang="en">{"id": "a7c5bbbf-8843-4e26-8f9f-973fa2abbe44", "value": "Lord"}</skos:prefLabel>
  </skos:Concept>
  <skos:Concept rdf:about="http://localhost:8000/dd85bf27-2882-4390-97aa-254438cba179">
    <skos:prefLabel xml:lang="en">{"id": "2261b6bb-e558-47f9-880e-5ca63d85a81c", "value": "Dr"}</skos:prefLabel>
    <skos:altLabel xml:lang="en">{"id": "8c3b2ed3-edf9-4486-bf7f-a1543bd92013", "value": "Doctor"}</skos:altLabel>
    <dcterms:identifier xml:lang="en">{"id": "831e0ee3-7e62-449c-99e1-c2f2b3d33292", "value": "http://localhost:8000/dd85bf27-2882-4390-97aa-254438cba179"}</dcterms:identifier>
    <skos:inScheme rdf:resource="http://localhost:8000/4da0a08b-8f7a-4e83-8507-ce5867bfded1"/>
  </skos:Concept>
  <skos:Concept rdf:about="http://localhost:8000/4a23524f-d7fe-424e-8d92-b39867eaccc3">
    <skos:inScheme rdf:resource="http://localhost:8000/4da0a08b-8f7a-4e83-8507-ce5867bfded1"/>
    <skos:prefLabel xml:lang="en">{"id": "d030a719-5bc5-4fb8-a4df-96fb9781ad58", "value": "Ms"}</skos:prefLabel>
    <dcterms:identifier xml:lang="en">{"id": "ed044919-f8ed-4905-8fa1-ca013282867d", "value": "http://www.archesproject.org/4a23524f-d7fe-424e-8d92-b39867eaccc3"}</dcterms:identifier>
  </skos:Concept>
  <skos:Concept rdf:about="http://localhost:8000/133c123a-8d52-471d-bc2f-41b888da78ed">
    <dcterms:identifier xml:lang="en">{"id": "c6a69315-6e49-448c-b9c3-9c0737d9873a", "value": "http://www.archesproject.org/133c123a-8d52-471d-bc2f-41b888da78ed"}</dcterms:identifier>
    <skos:inScheme rdf:resource="http://localhost:8000/4da0a08b-8f7a-4e83-8507-ce5867bfded1"/>
    <skos:prefLabel xml:lang="en">{"id": "c3069adf-bb9d-42e5-83d3-b28136a2a4bf", "value": "Sir"}</skos:prefLabel>
  </skos:Concept>
  <skos:Concept rdf:about="http://localhost:8000/ae3b8de0-e5ba-4894-a775-7d192221826b">
    <skos:narrower>
      <skos:Concept rdf:about="http://localhost:8000/cd76225a-ed0c-4868-b4e2-dae7d178de99">
        <skos:inScheme rdf:resource="http://localhost:8000/4da0a08b-8f7a-4e83-8507-ce5867bfded1"/>
        <dcterms:identifier xml:lang="en">{"id": "d4f2dae4-a0d0-4849-b745-8df748e20194", "value": "http://www.archesproject.org/cd76225a-ed0c-4868-b4e2-dae7d178de99"}</dcterms:identifier>
        <skos:prefLabel xml:lang="en">{"id": "3cf16a39-594d-470c-9e9a-78139e9af77a", "value": "Mr"}</skos:prefLabel>
      </skos:Concept>
    </skos:narrower>
    <skos:narrower rdf:resource="http://localhost:8000/b7188d26-a6d2-4058-80ab-b8bdb444d2fc"/>
    <skos:narrower rdf:resource="http://localhost:8000/85579206-0b38-4b46-9fbd-8c8af3e5ec78"/>
    <skos:narrower>
      <skos:Concept rdf:about="http://localhost:8000/6ac89588-6652-46ae-bbda-67c01132ec9e">
        <dcterms:identifier xml:lang="en">{"id": "56e0b09c-6af6-4c66-b712-9a7d032693b3", "value": "http://www.archesproject.org/6ac89588-6652-46ae-bbda-67c01132ec9e"}</dcterms:identifier>
        <skos:prefLabel xml:lang="en">{"id": "238298a8-b4bf-4dc6-ab72-5fff8f7eefe9", "value": "Right Honourable"}</skos:prefLabel>
        <skos:inScheme rdf:resource="http://localhost:8000/4da0a08b-8f7a-4e83-8507-ce5867bfded1"/>
      </skos:Concept>
    </skos:narrower>
    <skos:narrower rdf:resource="http://localhost:8000/133c123a-8d52-471d-bc2f-41b888da78ed"/>
    <skos:narrower>
      <skos:Concept rdf:about="http://localhost:8000/30417872-043d-41b1-b205-805abaa85287">
        <dcterms:identifier xml:lang="en">{"id": "ccc8307f-3c35-493d-9d6c-4a07edc3a879", "value": "http://www.archesproject.org/30417872-043d-41b1-b205-805abaa85287"}</dcterms:identifier>
        <skos:inScheme rdf:resource="http://localhost:8000/4da0a08b-8f7a-4e83-8507-ce5867bfded1"/>
        <skos:prefLabel xml:lang="en">{"id": "94ee4524-fcad-4746-a3f3-482d085f52c4", "value": "Madame"}</skos:prefLabel>
      </skos:Concept>
    </skos:narrower>
    <skos:narrower rdf:resource="http://localhost:8000/ba53b621-f828-4e12-9cf2-a04be5557f79"/>
    <skos:narrower>
      <skos:Concept rdf:about="http://localhost:8000/19e4522a-9c72-42d7-b4b8-f80a508d3f41">
        <skos:prefLabel xml:lang="en">{"id": "eacc1851-ebfb-4dc1-9048-241774023892", "value": "Master"}</skos:prefLabel>
        <skos:inScheme rdf:resource="http://localhost:8000/4da0a08b-8f7a-4e83-8507-ce5867bfded1"/>
        <dcterms:identifier xml:lang="en">{"id": "9efb92db-f7df-46d5-b41c-dacf7b554435", "value": "http://www.archesproject.org/19e4522a-9c72-42d7-b4b8-f80a508d3f41"}</dcterms:identifier>
      </skos:Concept>
    </skos:narrower>
    <skos:narrower rdf:resource="http://localhost:8000/e215cb5f-057d-4e5a-8377-ad1870f2d949"/>
    <skos:prefLabel xml:lang="en">{"id": "9051bc62-009a-4f15-bbed-d84799fe0cb7", "value": "Honorific Titles"}</skos:prefLabel>
    <skos:narrower>
      <skos:Concept rdf:about="http://localhost:8000/f5c9ae70-414f-4849-8ab3-d1fde6b80a0c">
        <skos:prefLabel xml:lang="en">{"id": "fb82df08-7777-41fb-ae36-ae0909b63fa7", "value": "Mx"}</skos:prefLabel>
        <dcterms:identifier xml:lang="en">{"id": "75cd5b2a-0d6c-47f6-adff-25cd87a83601", "value": "http://www.archesproject.org/f5c9ae70-414f-4849-8ab3-d1fde6b80a0c"}</dcterms:identifier>
        <skos:inScheme rdf:resource="http://localhost:8000/4da0a08b-8f7a-4e83-8507-ce5867bfded1"/>
      </skos:Concept>
    </skos:narrower>
    <dcterms:identifier xml:lang="en">{"id": "31f2ca43-4dd9-4fa7-88b3-2e71f6a19f82", "value": "http://www.archesproject.org/ae3b8de0-e5ba-4894-a775-7d192221826b"}</dcterms:identifier>
    <skos:narrower rdf:resource="http://localhost:8000/4a23524f-d7fe-424e-8d92-b39867eaccc3"/>
    <skos:narrower>
      <skos:Concept rdf:about="http://localhost:8000/ffe0ae3a-2a38-467b-af58-b54efd86d92b">
        <skos:prefLabel xml:lang="en">{"id": "e382641d-2ae4-4259-9c48-975bdb9c65d6", "value": "Dame"}</skos:prefLabel>
        <dcterms:identifier xml:lang="en">{"id": "cbff4820-7323-4aac-96b0-6561b4cd855f", "value": "http://www.archesproject.org/ffe0ae3a-2a38-467b-af58-b54efd86d92b"}</dcterms:identifier>
        <skos:inScheme rdf:resource="http://localhost:8000/4da0a08b-8f7a-4e83-8507-ce5867bfded1"/>
      </skos:Concept>
    </skos:narrower>
    <skos:inScheme rdf:resource="http://localhost:8000/4da0a08b-8f7a-4e83-8507-ce5867bfded1"/>
    <skos:narrower>
      <skos:Concept rdf:about="http://localhost:8000/788625f5-6032-4af3-8312-977ebea1274d">
        <skos:inScheme rdf:resource="http://localhost:8000/4da0a08b-8f7a-4e83-8507-ce5867bfded1"/>
        <skos:prefLabel xml:lang="en">{"id": "7645e5f0-0272-4ed4-9607-c016f82b1d33", "value": "Lady"}</skos:prefLabel>
        <dcterms:identifier xml:lang="en">{"id": "67c2e681-ebf2-4867-87eb-8f62afa690ae", "value": "http://www.archesproject.org/788625f5-6032-4af3-8312-977ebea1274d"}</dcterms:identifier>
      </skos:Concept>
    </skos:narrower>
    <skos:narrower>
      <skos:Concept rdf:about="http://localhost:8000/faff5b75-508e-41c1-a5a3-e0a5e888b64a">
        <dcterms:identifier xml:lang="en">{"id": "f394fd59-1432-4141-82f4-6bbae50df6cc", "value": "http://www.archesproject.org/faff5b75-508e-41c1-a5a3-e0a5e888b64a"}</dcterms:identifier>
        <skos:prefLabel xml:lang="en">{"id": "67cf2d2d-de1c-4a59-8d27-941610d45256", "value": "Mrs"}</skos:prefLabel>
        <skos:inScheme rdf:resource="http://localhost:8000/4da0a08b-8f7a-4e83-8507-ce5867bfded1"/>
      </skos:Concept>
    </skos:narrower>
  </skos:Concept>
  <skos:Concept rdf:about="http://localhost:8000/84c37f60-0296-4d13-b5c5-d1a20622005a">
    <skos:prefLabel xml:lang="en">{"id": "d4be78b0-ec94-4a97-89a4-1b476d8d4671", "value": "Occupations"}</skos:prefLabel>
    <skos:narrower rdf:resource="http://localhost:8000/dd85bf27-2882-4390-97aa-254438cba179"/>
    <dcterms:identifier xml:lang="en">{"id": "ac5bd958-4c17-4f11-9362-de3be639fdd4", "value": "http://www.archesproject.org/84c37f60-0296-4d13-b5c5-d1a20622005a"}</dcterms:identifier>
    <skos:inScheme rdf:resource="http://localhost:8000/4da0a08b-8f7a-4e83-8507-ce5867bfded1"/>
  </skos:Concept>
  <skos:Concept rdf:about="http://localhost:8000/fe7ef2b1-552d-43c3-9119-7cdaf383a09b">
    <skos:inScheme rdf:resource="http://localhost:8000/4da0a08b-8f7a-4e83-8507-ce5867bfded1"/>
    <dcterms:identifier xml:lang="en">{"id": "36f2d413-3d4f-48a9-8cbf-04dadf89c748", "value": "http://www.archesproject.org/fe7ef2b1-552d-43c3-9119-7cdaf383a09b"}</dcterms:identifier>
    <skos:prefLabel xml:lang="en">{"id": "9fef786d-da1b-45f3-989d-a3c48786666a", "value": "Prince Regent"}</skos:prefLabel>
  </skos:Concept>
  <skos:Concept rdf:about="http://localhost:8000/16110af9-9cf9-45f8-88c3-43259d6f32b1">
    <skos:prefLabel xml:lang="en">{"id": "78de11bf-8e82-4db7-9ad2-8b97959ebf61", "value": "Prince Consort"}</skos:prefLabel>
    <dcterms:identifier xml:lang="en">{"id": "917bee25-d1e0-4e29-bb7b-282c3c9a58eb", "value": "http://www.archesproject.org/16110af9-9cf9-45f8-88c3-43259d6f32b1"}</dcterms:identifier>
    <skos:inScheme rdf:resource="http://localhost:8000/4da0a08b-8f7a-4e83-8507-ce5867bfded1"/>
  </skos:Concept>
</rdf:RDF>
