<?xml version="1.0" encoding="utf-8"?>
<rdf:RDF
  xmlns:skos="http://www.w3.org/2004/02/skos/core#"
  xmlns:dcterms="http://purl.org/dc/terms/"
  xmlns:rdf="http://www.w3.org/1999/02/22-rdf-syntax-ns#"
>
  <skos:ConceptScheme rdf:about="http://localhost:8000/68b60e70-35e5-489e-b6cc-236d4accbc9a">
    <skos:hasTopConcept>
      <skos:Concept rdf:about="http://localhost:8000/7409fad8-8a4e-41d8-b00c-a1136d5cb095">
        <skos:prefLabel xml:lang="en">{"id": "58f6fca2-e87c-4225-81cb-01fb3215970d", "value": "Approved"}</skos:prefLabel>
        <skos:narrower rdf:resource="http://localhost:8000/e00bfab2-9c85-4a10-b809-b0d48ccdfc86"/>
        <skos:narrower rdf:resource="http://localhost:8000/8a6500c9-cedd-4016-ada4-6572b7a842eb"/>
        <skos:narrower rdf:resource="http://localhost:8000/c4f2c84f-ac38-430f-80a7-548beeee0430"/>
        <skos:narrower rdf:resource="http://localhost:8000/3a751419-9e20-48a8-8617-82aa62344911"/>
        <skos:inScheme rdf:resource="http://localhost:8000/68b60e70-35e5-489e-b6cc-236d4accbc9a"/>
        <dcterms:identifier xml:lang="en">{"id": "76eca633-47d1-446b-a4f0-86b6aeac88d0", "value": "http://localhost:8000/7409fad8-8a4e-41d8-b00c-a1136d5cb095"}</dcterms:identifier>
      </skos:Concept>
    </skos:hasTopConcept>
    <skos:hasTopConcept>
      <skos:Concept rdf:about="http://localhost:8000/b9654036-bf3d-4eea-960a-662262d5e7d9">
        <dcterms:identifier xml:lang="en">{"id": "69457616-ddaf-4722-9cb8-788f0880b13b", "value": "http://localhost:8000/b9654036-bf3d-4eea-960a-662262d5e7d9"}</dcterms:identifier>
        <skos:prefLabel xml:lang="en">{"id": "2385307d-1523-431e-bbf7-3ba424e520fc", "value": "No outcome"}</skos:prefLabel>
        <skos:inScheme rdf:resource="http://localhost:8000/68b60e70-35e5-489e-b6cc-236d4accbc9a"/>
      </skos:Concept>
    </skos:hasTopConcept>
    <dcterms:title xml:lang="en">{"id": "563c7937-4b31-42a9-8ea6-57e852e27aa8", "value": "Planning Outcome"}</dcterms:title>
    <skos:hasTopConcept>
      <skos:Concept rdf:about="http://localhost:8000/b2000c2d-8301-487c-a65f-cfdc65cdbcbb">
        <skos:inScheme rdf:resource="http://localhost:8000/68b60e70-35e5-489e-b6cc-236d4accbc9a"/>
        <skos:prefLabel xml:lang="en">{"id": "410b3d8f-a96f-4bcb-b552-9928b8ac8b0a", "value": "Refused"}</skos:prefLabel>
        <dcterms:identifier xml:lang="en">{"id": "e4c45204-7c75-4337-ae2c-710ea2dccb77", "value": "http://localhost:8000/b2000c2d-8301-487c-a65f-cfdc65cdbcbb"}</dcterms:identifier>
      </skos:Concept>
    </skos:hasTopConcept>
    <dcterms:identifier xml:lang="en">{"id": "ebbd38d6-177d-4caa-85dc-e25d2c0845a1", "value": "http://localhost:8000/68b60e70-35e5-489e-b6cc-236d4accbc9a"}</dcterms:identifier>
    <skos:hasTopConcept>
      <skos:Concept rdf:about="http://localhost:8000/08e06bde-9d35-4ca3-aef9-8ffb275f455d">
        <skos:prefLabel xml:lang="en">{"id": "a1861e7f-acf4-4c32-a22c-de84c74eafe1", "value": "Implemented"}</skos:prefLabel>
        <dcterms:identifier xml:lang="en">{"id": "661159ac-cbf6-41db-b3a8-a51619e742bd", "value": "http://localhost:8000/08e06bde-9d35-4ca3-aef9-8ffb275f455d"}</dcterms:identifier>
        <skos:inScheme rdf:resource="http://localhost:8000/68b60e70-35e5-489e-b6cc-236d4accbc9a"/>
      </skos:Concept>
    </skos:hasTopConcept>
  </skos:ConceptScheme>
  <skos:Concept rdf:about="http://localhost:8000/e00bfab2-9c85-4a10-b809-b0d48ccdfc86">
    <skos:prefLabel xml:lang="en-us">{"id": "0fe6ba4a-916d-47d5-b7a2-fe740e61a6f5", "value": "Approved - with full condition"}</skos:prefLabel>
    <dcterms:identifier xml:lang="en">{"id": "c8e63fa0-ea7b-4798-9ce5-05544a884748", "value": "http://localhost:8000/e00bfab2-9c85-4a10-b809-b0d48ccdfc86"}</dcterms:identifier>
    <skos:inScheme rdf:resource="http://localhost:8000/68b60e70-35e5-489e-b6cc-236d4accbc9a"/>
  </skos:Concept>
  <skos:Concept rdf:about="http://localhost:8000/8a6500c9-cedd-4016-ada4-6572b7a842eb">
    <skos:inScheme rdf:resource="http://localhost:8000/68b60e70-35e5-489e-b6cc-236d4accbc9a"/>
    <skos:prefLabel xml:lang="en">{"id": "e0ba9ae8-7c86-415f-8497-3f1bc962f727", "value": "Approved - with legal agreement"}</skos:prefLabel>
    <dcterms:identifier xml:lang="en">{"id": "168ce2e0-fa52-477b-8b8d-bb09afb2d6fb", "value": "http://localhost:8000/8a6500c9-cedd-4016-ada4-6572b7a842eb"}</dcterms:identifier>
  </skos:Concept>
  <skos:Concept rdf:about="http://localhost:8000/3a751419-9e20-48a8-8617-82aa62344911">
    <skos:inScheme rdf:resource="http://localhost:8000/68b60e70-35e5-489e-b6cc-236d4accbc9a"/>
    <dcterms:identifier xml:lang="en">{"id": "fac94a92-bb4d-4788-bdcf-fafd0b70a5e2", "value": "http://localhost:8000/3a751419-9e20-48a8-8617-82aa62344911"}</dcterms:identifier>
    <skos:prefLabel xml:lang="en">{"id": "9d5b557c-1cb5-4eee-8aea-ca32462411c4", "value": "Approved - with watching brief condition"}</skos:prefLabel>
  </skos:Concept>
  <skos:Concept rdf:about="http://localhost:8000/c4f2c84f-ac38-430f-80a7-548beeee0430">
    <skos:prefLabel xml:lang="en">{"id": "15d87618-66b3-4ac8-8d72-9d081958a780", "value": "Approved - subject to evaluation"}</skos:prefLabel>
    <skos:inScheme rdf:resource="http://localhost:8000/68b60e70-35e5-489e-b6cc-236d4accbc9a"/>
    <dcterms:identifier xml:lang="en">{"id": "7416d447-51a5-4746-9ceb-8a3b828b52b7", "value": "http://localhost:8000/c4f2c84f-ac38-430f-80a7-548beeee0430"}</dcterms:identifier>
  </skos:Concept>
</rdf:RDF>
