<?xml version="1.0" encoding="utf-8"?>
<rdf:RDF
  xmlns:skos="http://www.w3.org/2004/02/skos/core#"
  xmlns:dcterms="http://purl.org/dc/terms/"
  xmlns:rdf="http://www.w3.org/1999/02/22-rdf-syntax-ns#"
>
  <skos:Concept rdf:about="http://localhost:8000/01119de7-985e-4723-99e3-82082f09baf1">
    <skos:prefLabel xml:lang="en">{"id": "d54804e8-04d4-4edc-a09e-08e829937db4", "value": "International impact"}</skos:prefLabel>
    <dcterms:identifier xml:lang="en">{"id": "195e48c3-dfc4-40fc-8f52-2e9ccc24191a", "value": "http://www.archesproject.org/01119de7-985e-4723-99e3-82082f09baf1"}</dcterms:identifier>
    <skos:inScheme>
      <skos:ConceptScheme rdf:about="http://localhost:8000/cd84a78a-a462-46a3-bb1d-1a1c1f1c8251">
        <skos:hasTopConcept rdf:resource="http://localhost:8000/7be7f51d-cd4a-44b4-9a1b-e2787286bc36"/>
        <skos:hasTopConcept rdf:resource="http://localhost:8000/b6cea8dd-c194-4677-b419-fcbc83983097"/>
        <skos:hasTopConcept rdf:resource="http://localhost:8000/01119de7-985e-4723-99e3-82082f09baf1"/>
        <skos:hasTopConcept rdf:resource="http://localhost:8000/99af4762-e00d-4cb5-9fe3-018ccf38e29d"/>
        <skos:hasTopConcept rdf:resource="http://localhost:8000/51727de7-cb9e-485e-a440-45dc12806e34"/>
        <dcterms:title xml:lang="en">{"id": "ce236bd8-e7d1-44cf-9ea4-d9c25ac93d26", "value": "Project Impact"}</dcterms:title>
        <dcterms:identifier xml:lang="en">{"id": "e9f00117-fc9c-4003-83aa-de89b9e19d0b", "value": "http://www.archesproject.org/cd84a78a-a462-46a3-bb1d-1a1c1f1c8251"}</dcterms:identifier>
      </skos:ConceptScheme>
    </skos:inScheme>
  </skos:Concept>
  <skos:Concept rdf:about="http://localhost:8000/7be7f51d-cd4a-44b4-9a1b-e2787286bc36">
    <dcterms:identifier xml:lang="en">{"id": "5df37cc4-0352-4cbb-a6e1-02af4c12d21e", "value": "http://www.archesproject.org/7be7f51d-cd4a-44b4-9a1b-e2787286bc36"}</dcterms:identifier>
    <skos:prefLabel xml:lang="en">{"id": "6f1e02e1-4767-4c7a-b878-c5c45e4630e0", "value": "Negligible impact"}</skos:prefLabel>
    <skos:inScheme rdf:resource="http://localhost:8000/cd84a78a-a462-46a3-bb1d-1a1c1f1c8251"/>
  </skos:Concept>
  <skos:Concept rdf:about="http://localhost:8000/b6cea8dd-c194-4677-b419-fcbc83983097">
    <dcterms:identifier xml:lang="en">{"id": "d6503dbe-ea5d-424c-8fac-5c74d064bc3d", "value": "http://www.archesproject.org/b6cea8dd-c194-4677-b419-fcbc83983097"}</dcterms:identifier>
    <skos:prefLabel xml:lang="en">{"id": "e2c8a3b8-85fa-4547-88b7-825bc21e0f1c", "value": "Local impact"}</skos:prefLabel>
    <skos:inScheme rdf:resource="http://localhost:8000/cd84a78a-a462-46a3-bb1d-1a1c1f1c8251"/>
  </skos:Concept>
  <skos:Concept rdf:about="http://localhost:8000/51727de7-cb9e-485e-a440-45dc12806e34">
    <skos:prefLabel xml:lang="en">{"id": "ceccd0a4-2429-4386-bdbf-43fdb6958cea", "value": "National impact"}</skos:prefLabel>
    <skos:inScheme rdf:resource="http://localhost:8000/cd84a78a-a462-46a3-bb1d-1a1c1f1c8251"/>
    <dcterms:identifier xml:lang="en">{"id": "f4f39f89-1e44-495e-a3d8-91710c529722", "value": "http://www.archesproject.org/51727de7-cb9e-485e-a440-45dc12806e34"}</dcterms:identifier>
  </skos:Concept>
  <skos:Concept rdf:about="http://localhost:8000/99af4762-e00d-4cb5-9fe3-018ccf38e29d">
    <dcterms:identifier xml:lang="en">{"id": "f38bf0b9-c0d0-43eb-8aa9-925502cf0745", "value": "http://www.archesproject.org/99af4762-e00d-4cb5-9fe3-018ccf38e29d"}</dcterms:identifier>
    <skos:prefLabel xml:lang="en">{"id": "c8cc2249-8a8e-411e-b2e4-55c57d2da04b", "value": "Regional impact"}</skos:prefLabel>
    <skos:inScheme rdf:resource="http://localhost:8000/cd84a78a-a462-46a3-bb1d-1a1c1f1c8251"/>
  </skos:Concept>
</rdf:RDF>
