<?xml version="1.0" encoding="utf-8"?>
<rdf:RDF
  xmlns:skos="http://www.w3.org/2004/02/skos/core#"
  xmlns:dcterms="http://purl.org/dc/terms/"
  xmlns:rdf="http://www.w3.org/1999/02/22-rdf-syntax-ns#"
>
  <skos:Concept rdf:about="http://localhost:8000/f10b6cf4-6ebb-4cfb-91b5-66a169a8f12b">
    <skos:prefLabel xml:lang="en">{"id": "a8e6f38b-f418-4772-bcff-b898287f1b1a", "value": "Informed decision-making"}</skos:prefLabel>
    <dcterms:identifier xml:lang="en">{"id": "37e26a06-2606-4343-8765-ec6b3b6f7432", "value": "http://www.archesproject.org/f10b6cf4-6ebb-4cfb-91b5-66a169a8f12b"}</dcterms:identifier>
    <skos:inScheme>
      <skos:ConceptScheme rdf:about="http://localhost:8000/ed863ce0-0b15-499b-81b7-d2de5cb46e42">
        <skos:hasTopConcept rdf:resource="http://localhost:8000/bddf9956-c110-4e59-a58f-ffcf3163e9a3"/>
        <skos:hasTopConcept rdf:resource="http://localhost:8000/9f155fc8-4d23-48df-9ed2-edb522988ccf"/>
        <skos:hasTopConcept rdf:resource="http://localhost:8000/79863936-e37b-4dae-8cd6-4bf81aa3e1c6"/>
        <dcterms:title xml:lang="en">{"id": "854bfca6-0805-4833-b874-fd9f505801b9", "value": "Project Objectives"}</dcterms:title>
        <skos:hasTopConcept rdf:resource="http://localhost:8000/4ece11d0-57c8-4e4c-9cc3-df71e4ff8b9c"/>
        <dcterms:identifier xml:lang="en">{"id": "bbf9290a-6388-415c-b74d-a0f7150a3133", "value": "http://www.archesproject.org/ed863ce0-0b15-499b-81b7-d2de5cb46e42"}</dcterms:identifier>
        <skos:hasTopConcept rdf:resource="http://localhost:8000/05c6f71e-fe79-47c9-9628-c610a3ba7163"/>
        <skos:hasTopConcept rdf:resource="http://localhost:8000/f10b6cf4-6ebb-4cfb-91b5-66a169a8f12b"/>
      </skos:ConceptScheme>
    </skos:inScheme>
  </skos:Concept>
  <skos:Concept rdf:about="http://localhost:8000/9f155fc8-4d23-48df-9ed2-edb522988ccf">
    <skos:prefLabel xml:lang="en">{"id": "fc3b95c6-c8c9-43bd-9653-568e6c6b2bc0", "value": "Advance Understanding"}</skos:prefLabel>
    <skos:inScheme rdf:resource="http://localhost:8000/ed863ce0-0b15-499b-81b7-d2de5cb46e42"/>
    <dcterms:identifier xml:lang="en">{"id": "792cbfbb-4067-4496-80df-b78731cae048", "value": "http://www.archesproject.org/9f155fc8-4d23-48df-9ed2-edb522988ccf"}</dcterms:identifier>
  </skos:Concept>
  <skos:Concept rdf:about="http://localhost:8000/bddf9956-c110-4e59-a58f-ffcf3163e9a3">
    <skos:inScheme rdf:resource="http://localhost:8000/ed863ce0-0b15-499b-81b7-d2de5cb46e42"/>
    <dcterms:identifier xml:lang="en">{"id": "f909af0b-fa77-400c-af94-0092be0a24fa", "value": "http://www.archesproject.org/bddf9956-c110-4e59-a58f-ffcf3163e9a3"}</dcterms:identifier>
    <skos:prefLabel xml:lang="en">{"id": "e690e37f-deb6-4ac8-bc77-7c7ab84a067e", "value": "Place-shaping"}</skos:prefLabel>
  </skos:Concept>
  <skos:Concept rdf:about="http://localhost:8000/4ece11d0-57c8-4e4c-9cc3-df71e4ff8b9c">
    <skos:inScheme rdf:resource="http://localhost:8000/ed863ce0-0b15-499b-81b7-d2de5cb46e42"/>
    <skos:prefLabel xml:lang="en">{"id": "47e62200-a407-4123-b8d7-52b0e076d403", "value": "Community Engagement"}</skos:prefLabel>
    <dcterms:identifier xml:lang="en">{"id": "882aaaab-181a-4780-92ae-b79a3f1e26fa", "value": "http://www.archesproject.org/4ece11d0-57c8-4e4c-9cc3-df71e4ff8b9c"}</dcterms:identifier>
  </skos:Concept>
  <skos:Concept rdf:about="http://localhost:8000/05c6f71e-fe79-47c9-9628-c610a3ba7163">
    <dcterms:identifier xml:lang="en">{"id": "e65f72df-a995-475d-8399-1247b2bcce98", "value": "http://www.archesproject.org/05c6f71e-fe79-47c9-9628-c610a3ba7163"}</dcterms:identifier>
    <skos:inScheme rdf:resource="http://localhost:8000/ed863ce0-0b15-499b-81b7-d2de5cb46e42"/>
    <skos:prefLabel xml:lang="en">{"id": "df41a340-1027-4a30-b50a-d1ba4c07a34c", "value": "Preservation of archaeological remains"}</skos:prefLabel>
  </skos:Concept>
  <skos:Concept rdf:about="http://localhost:8000/79863936-e37b-4dae-8cd6-4bf81aa3e1c6">
    <skos:prefLabel xml:lang="en">{"id": "0ba07c4c-236a-4482-9cb1-aab2038d1b44", "value": "Non-Project"}</skos:prefLabel>
    <dcterms:identifier xml:lang="en">{"id": "ed85294e-6132-436b-b19d-e2f61b350dc8", "value": "http://www.archesproject.org/79863936-e37b-4dae-8cd6-4bf81aa3e1c6"}</dcterms:identifier>
    <skos:inScheme rdf:resource="http://localhost:8000/ed863ce0-0b15-499b-81b7-d2de5cb46e42"/>
  </skos:Concept>
</rdf:RDF>
