<?xml version="1.0" encoding="utf-8"?>
<rdf:RDF
  xmlns:skos="http://www.w3.org/2004/02/skos/core#"
  xmlns:dcterms="http://purl.org/dc/terms/"
  xmlns:rdf="http://www.w3.org/1999/02/22-rdf-syntax-ns#"
>
  <skos:Concept rdf:about="http://localhost:8000/26509bbd-3a3c-4421-9983-dffb62bb9486">
    <skos:scopeNote xml:lang="en">{"id": "e9b04db4-9cc2-4908-8663-7fd22447a7df", "value": "Use for a craft powered by a steam engine that uses three expansion stages of progressively lower pressure, to extract further energy from the steam."}</skos:scopeNote>
    <dcterms:identifier xml:lang="en">{"id": "02eaa16c-84b7-48ce-8f9b-6a6969ef86d1", "value": "http://localhost:8000/26509bbd-3a3c-4421-9983-dffb62bb9486"}</dcterms:identifier>
    <skos:prefLabel xml:lang="en">{"id": "b78703f1-a6de-4de7-94e9-dbbefc14a1a1", "value": "Triple Expansion Engine"}</skos:prefLabel>
    <skos:inScheme>
      <skos:ConceptScheme rdf:about="http://localhost:8000/34660e3e-f9c2-487e-b360-e534089cdd0a">
        <skos:hasTopConcept rdf:resource="http://localhost:8000/0978ff2f-3719-44b4-afc7-574224d9aaae"/>
        <skos:hasTopConcept rdf:resource="http://localhost:8000/2cdd3620-a90e-4e8a-94f7-f299c5a9efea"/>
        <skos:hasTopConcept rdf:resource="http://localhost:8000/091f3448-f67c-4ba1-aa92-2b4ce7e77e48"/>
        <skos:hasTopConcept rdf:resource="http://localhost:8000/a4c6fc54-279f-48e1-bfa8-3f23ad0b53d2"/>
        <dcterms:identifier xml:lang="en">{"id": "19618c04-a989-41b0-a176-c77b05e426ca", "value": "http://localhost:8000/34660e3e-f9c2-487e-b360-e534089cdd0a"}</dcterms:identifier>
        <skos:hasTopConcept rdf:resource="http://localhost:8000/06d1972c-0b71-42b8-a488-643751520311"/>
        <dcterms:description xml:lang="en">{"id": "b0d305ed-6347-4582-b237-29fe1a0b739c", "value": "Used to record the prime mover of an air or watercraft."}</dcterms:description>
        <dcterms:title xml:lang="en">{"id": "1f81d926-14ff-4ae8-9473-e07ad53d3f63", "value": "Propulsion"}</dcterms:title>
        <skos:hasTopConcept rdf:resource="http://localhost:8000/119ef7c1-fd1e-4d14-95e6-1b5a0b23f26f"/>
        <skos:hasTopConcept rdf:resource="http://localhost:8000/eb1c4a93-21ad-415d-a1a6-536af611f8e8"/>
      </skos:ConceptScheme>
    </skos:inScheme>
  </skos:Concept>
  <skos:Concept rdf:about="http://localhost:8000/eb1c4a93-21ad-415d-a1a6-536af611f8e8">
    <skos:prefLabel xml:lang="en">{"id": "4782114b-a8e2-4b98-80c4-ffd2d7d5c94b", "value": "Paddle"}</skos:prefLabel>
    <skos:scopeNote xml:lang="en">{"id": "8f29a37d-afd5-4865-8c97-359bfa2c1244", "value": "Use for a man-powered watercraft propelled by a paddle, such as logboats and canoes."}</skos:scopeNote>
    <skos:inScheme rdf:resource="http://localhost:8000/34660e3e-f9c2-487e-b360-e534089cdd0a"/>
    <dcterms:identifier xml:lang="en">{"id": "a3b66263-129e-424d-81a1-c7df1c5aafef", "value": "http://localhost:8000/eb1c4a93-21ad-415d-a1a6-536af611f8e8"}</dcterms:identifier>
  </skos:Concept>
  <skos:Concept rdf:about="http://localhost:8000/49b98c9d-1cb0-4f7d-9e48-f0b7adb93b1c">
    <skos:scopeNote xml:lang="en">{"id": "564a332a-b400-4946-b3f3-75055297ed8a", "value": "Use where the motive power behind the turbine is unknown. Use  DIesel Turbine Engine or Steam Turbine Engine where appropriate"}</skos:scopeNote>
    <skos:prefLabel xml:lang="en">{"id": "5d8f3d32-bdb9-484f-b452-4c5592adfd2d", "value": "Turbine Engine"}</skos:prefLabel>
    <dcterms:identifier xml:lang="en">{"id": "ad58dbf1-8cf4-4829-aa7d-c2a77a9fd6ba", "value": "http://localhost:8000/49b98c9d-1cb0-4f7d-9e48-f0b7adb93b1c"}</dcterms:identifier>
    <skos:inScheme rdf:resource="http://localhost:8000/34660e3e-f9c2-487e-b360-e534089cdd0a"/>
  </skos:Concept>
  <skos:Concept rdf:about="http://localhost:8000/62d3ff46-642a-4b61-8ba1-4c5ed3847835">
    <skos:prefLabel xml:lang="en">{"id": "17a282f0-ba94-42bb-a27a-7cd2f49df5a5", "value": "Steam Turbine Engine"}</skos:prefLabel>
    <dcterms:identifier xml:lang="en">{"id": "55e3e26b-4870-413c-9754-462f1d19332d", "value": "http://localhost:8000/62d3ff46-642a-4b61-8ba1-4c5ed3847835"}</dcterms:identifier>
    <skos:scopeNote xml:lang="en">{"id": "895bb13b-3671-4a69-a4f0-3d6bda57b879", "value": "An engine that extracts thermal energy from pressurized steam, and converts it into rotary motion."}</skos:scopeNote>
    <skos:inScheme rdf:resource="http://localhost:8000/34660e3e-f9c2-487e-b360-e534089cdd0a"/>
  </skos:Concept>
  <skos:Concept rdf:about="http://localhost:8000/06d1972c-0b71-42b8-a488-643751520311">
    <skos:inScheme rdf:resource="http://localhost:8000/34660e3e-f9c2-487e-b360-e534089cdd0a"/>
    <skos:narrower>
      <skos:Concept rdf:about="http://localhost:8000/8d2f4dfe-aaa8-4e78-b516-f82e9605b134">
        <skos:narrower rdf:resource="http://localhost:8000/685d36eb-0a49-4da6-ab90-d6698ad4a177"/>
        <skos:scopeNote xml:lang="en">{"id": "507290c1-518b-4739-8153-49423a0a739d", "value": "Use for craft powered by an engine which provides propulsion by expelling reaction mass, such as jet and rocket engines."}</skos:scopeNote>
        <dcterms:identifier xml:lang="en">{"id": "b51ccd5f-6329-4036-a565-4de877e736d5", "value": "http://localhost:8000/8d2f4dfe-aaa8-4e78-b516-f82e9605b134"}</dcterms:identifier>
        <skos:inScheme rdf:resource="http://localhost:8000/34660e3e-f9c2-487e-b360-e534089cdd0a"/>
        <skos:narrower rdf:resource="http://localhost:8000/c4fb71e8-77c4-4d9a-851c-e63b5924f164"/>
        <skos:prefLabel xml:lang="en">{"id": "3226d66a-6031-4bc9-837a-3f8e4bcac83d", "value": "Reaction Engine"}</skos:prefLabel>
      </skos:Concept>
    </skos:narrower>
    <skos:narrower>
      <skos:Concept rdf:about="http://localhost:8000/20816e45-3581-426b-a537-a2d699b45503">
        <skos:inScheme rdf:resource="http://localhost:8000/34660e3e-f9c2-487e-b360-e534089cdd0a"/>
        <skos:prefLabel xml:lang="en">{"id": "f47c5423-7597-4218-8b6f-a4d2ce1aa1fa", "value": "External Combustion Engine"}</skos:prefLabel>
        <skos:scopeNote xml:lang="en">{"id": "8c842bcb-96e1-42e7-af68-637443cf795a", "value": "A heat engine where an (internal) working fluid is heated by combustion of an external source, through the engine wall or a heat exchanger."}</skos:scopeNote>
        <skos:narrower rdf:resource="http://localhost:8000/6abedf4f-52e6-4ec3-a3eb-a61386ba01dc"/>
        <dcterms:identifier xml:lang="en">{"id": "3a297101-daf9-4a70-ab60-de9d6018bd1c", "value": "http://localhost:8000/20816e45-3581-426b-a537-a2d699b45503"}</dcterms:identifier>
      </skos:Concept>
    </skos:narrower>
    <skos:narrower rdf:resource="http://localhost:8000/49b98c9d-1cb0-4f7d-9e48-f0b7adb93b1c"/>
    <skos:prefLabel xml:lang="en">{"id": "5ebc9678-645d-41e7-93e8-1b5134ab270c", "value": "Engine"}</skos:prefLabel>
    <skos:narrower>
      <skos:Concept rdf:about="http://localhost:8000/6981d9fb-433c-489e-b0d5-3de3bae279de">
        <dcterms:identifier xml:lang="en">{"id": "59e58c94-8259-4578-b4e6-c101a9747f85", "value": "http://localhost:8000/6981d9fb-433c-489e-b0d5-3de3bae279de"}</dcterms:identifier>
        <skos:narrower rdf:resource="http://localhost:8000/8d5d0071-63f1-4701-9cac-153bd847d98a"/>
        <skos:inScheme rdf:resource="http://localhost:8000/34660e3e-f9c2-487e-b360-e534089cdd0a"/>
        <skos:prefLabel xml:lang="en">{"id": "e25b6f81-5648-448f-b11a-cbd7906096a6", "value": "Internal Combustion Engine"}</skos:prefLabel>
        <skos:narrower rdf:resource="http://localhost:8000/97a1ad9c-afce-498e-a63c-6b89dc8842bd"/>
      </skos:Concept>
    </skos:narrower>
    <dcterms:identifier xml:lang="en">{"id": "d7588ba9-6324-4751-ae2f-d786ab9280ed", "value": "http://localhost:8000/06d1972c-0b71-42b8-a488-643751520311"}</dcterms:identifier>
    <skos:scopeNote xml:lang="en">{"id": "9dbff741-6f02-43bf-8d09-7685d499682a", "value": "Use for a craft powered by an engine. Use also for cases where the precise engine type is not known."}</skos:scopeNote>
  </skos:Concept>
  <skos:Concept rdf:about="http://localhost:8000/97a1ad9c-afce-498e-a63c-6b89dc8842bd">
    <skos:scopeNote xml:lang="en">{"id": "dafc99ab-469a-4691-9311-9f90f1ceff21", "value": "Internal combustion engine powered by diesel fuel."}</skos:scopeNote>
    <skos:inScheme rdf:resource="http://localhost:8000/34660e3e-f9c2-487e-b360-e534089cdd0a"/>
    <dcterms:identifier xml:lang="en">{"id": "211648dc-d8bf-420d-8231-9726ff3ac0b4", "value": "http://localhost:8000/97a1ad9c-afce-498e-a63c-6b89dc8842bd"}</dcterms:identifier>
    <skos:prefLabel xml:lang="en">{"id": "ec94098c-11b7-4407-a41a-40aa9d71783f", "value": "Diesel Engine"}</skos:prefLabel>
    <skos:narrower>
      <skos:Concept rdf:about="http://localhost:8000/ee544ce6-2080-4814-835f-c96ea517d0c9">
        <dcterms:identifier xml:lang="en">{"id": "97be5121-fa50-483f-83af-b4b640f6a45f", "value": "http://localhost:8000/ee544ce6-2080-4814-835f-c96ea517d0c9"}</dcterms:identifier>
        <skos:scopeNote xml:lang="en">{"id": "260257dc-e2c8-40d9-8299-3ac36d716f93", "value": "An internal combustion turbine engine powered by diesel, in use during WWII, for example."}</skos:scopeNote>
        <skos:inScheme rdf:resource="http://localhost:8000/34660e3e-f9c2-487e-b360-e534089cdd0a"/>
        <skos:prefLabel xml:lang="en">{"id": "80e108ad-524c-4814-98d8-4749bf72ca1e", "value": "Diesel Turbine Engine"}</skos:prefLabel>
      </skos:Concept>
    </skos:narrower>
  </skos:Concept>
  <skos:Concept rdf:about="http://localhost:8000/6abedf4f-52e6-4ec3-a3eb-a61386ba01dc">
    <skos:scopeNote xml:lang="en">{"id": "c3792370-0b7d-4fcf-a6ed-38d3d982b6de", "value": "Use for a craft powered by a steam engine. Use also for a vessel employing a steam engine as its principle source of motive power."}</skos:scopeNote>
    <skos:prefLabel xml:lang="en">{"id": "4ad44d07-51d0-4950-9bcb-86246860c8c0", "value": "Steam Engine"}</skos:prefLabel>
    <skos:narrower rdf:resource="http://localhost:8000/62d3ff46-642a-4b61-8ba1-4c5ed3847835"/>
    <skos:narrower>
      <skos:Concept rdf:about="http://localhost:8000/e99be05a-5e94-4539-9bf9-674478c14a67">
        <skos:prefLabel xml:lang="en">{"id": "bf9493ef-21e1-4f41-9037-241f85a78fb5", "value": "Compound Engine"}</skos:prefLabel>
        <dcterms:identifier xml:lang="en">{"id": "ddccc492-9fe7-4856-bc72-1f12ee60a5ac", "value": "http://localhost:8000/e99be05a-5e94-4539-9bf9-674478c14a67"}</dcterms:identifier>
        <skos:scopeNote xml:lang="en">{"id": "69869a7b-03c1-4d81-978a-203d88a7eb57", "value": "Use for a craft where a type of steam engine where the steam is first expanded in a high-pressure cylinder, then having given up heat and losing pressure, it exhausts directly into one or more larger volume low-pressure cylinders."}</skos:scopeNote>
        <skos:inScheme rdf:resource="http://localhost:8000/34660e3e-f9c2-487e-b360-e534089cdd0a"/>
      </skos:Concept>
    </skos:narrower>
    <skos:altLabel xml:lang="en">{"id": "a9b3dbff-d805-46c6-bb8f-67145ceb6d6a", "value": "Steam"}</skos:altLabel>
    <skos:narrower rdf:resource="http://localhost:8000/26509bbd-3a3c-4421-9983-dffb62bb9486"/>
    <dcterms:identifier xml:lang="en">{"id": "c3bbb648-1111-40bc-aa1a-4a93c3397298", "value": "http://localhost:8000/6abedf4f-52e6-4ec3-a3eb-a61386ba01dc"}</dcterms:identifier>
    <skos:inScheme rdf:resource="http://localhost:8000/34660e3e-f9c2-487e-b360-e534089cdd0a"/>
  </skos:Concept>
  <skos:Concept rdf:about="http://localhost:8000/0978ff2f-3719-44b4-afc7-574224d9aaae">
    <skos:scopeNote xml:lang="en">{"id": "c988bf37-3429-4ce2-9575-4089dc847baa", "value": "Use for craft built with no engines or masts and designed to be towed by another craft."}</skos:scopeNote>
    <skos:inScheme rdf:resource="http://localhost:8000/34660e3e-f9c2-487e-b360-e534089cdd0a"/>
    <skos:prefLabel xml:lang="en">{"id": "307b5ed0-7a80-4396-80ff-49d7d5aa97b3", "value": "Towed"}</skos:prefLabel>
    <dcterms:identifier xml:lang="en">{"id": "01130476-7f66-47cb-aa63-dc9a80de6146", "value": "http://localhost:8000/0978ff2f-3719-44b4-afc7-574224d9aaae"}</dcterms:identifier>
  </skos:Concept>
  <skos:Concept rdf:about="http://localhost:8000/119ef7c1-fd1e-4d14-95e6-1b5a0b23f26f">
    <skos:scopeNote xml:lang="en">{"id": "bb872ab2-9f03-4063-b57b-f1868b85a62d", "value": "Use for craft, such as logboats and punts, powered by pushing a pole against the riverbed in inland waters."}</skos:scopeNote>
    <skos:prefLabel xml:lang="en">{"id": "aa51139a-850b-4877-99dd-c5b92bd623ef", "value": "Pole"}</skos:prefLabel>
    <dcterms:identifier xml:lang="en">{"id": "46f74916-d2a4-4d69-8149-a8871eb64ab0", "value": "http://localhost:8000/119ef7c1-fd1e-4d14-95e6-1b5a0b23f26f"}</dcterms:identifier>
    <skos:inScheme rdf:resource="http://localhost:8000/34660e3e-f9c2-487e-b360-e534089cdd0a"/>
  </skos:Concept>
  <skos:Concept rdf:about="http://localhost:8000/685d36eb-0a49-4da6-ab90-d6698ad4a177">
    <skos:prefLabel xml:lang="en">{"id": "304a348a-b926-4515-9fe9-1bd0c2070590", "value": "Rocket Engine"}</skos:prefLabel>
    <dcterms:identifier xml:lang="en">{"id": "bdf36f9d-f37b-4d3f-92ba-4739d68ccf65", "value": "http://localhost:8000/685d36eb-0a49-4da6-ab90-d6698ad4a177"}</dcterms:identifier>
    <skos:scopeNote xml:lang="en">{"id": "e090d26a-8060-41c1-89c5-021c5708d38d", "value": "Use for a craft powered by a rocket engine which uses stored rocket propellant mass for forming its high-speed propulsive jet  eg. Flying bombs"}</skos:scopeNote>
    <skos:inScheme rdf:resource="http://localhost:8000/34660e3e-f9c2-487e-b360-e534089cdd0a"/>
  </skos:Concept>
  <skos:Concept rdf:about="http://localhost:8000/8d5d0071-63f1-4701-9cac-153bd847d98a">
    <skos:scopeNote xml:lang="en">{"id": "58bf7a71-725e-4c1d-8676-94a93fa38367", "value": "Use for a craft powered by an internal combustion engine powered by petrol fuel."}</skos:scopeNote>
    <dcterms:identifier xml:lang="en">{"id": "aa0cd3c5-336c-4542-be48-dbba97769c0c", "value": "http://localhost:8000/8d5d0071-63f1-4701-9cac-153bd847d98a"}</dcterms:identifier>
    <skos:prefLabel xml:lang="en">{"id": "3f22a963-a8bd-4777-8e28-b69a18997079", "value": "Petrol Engine"}</skos:prefLabel>
    <skos:altLabel xml:lang="en">{"id": "fad71f5d-8d13-4964-93ef-e989d45b0861", "value": "Gasoline Engine"}</skos:altLabel>
    <skos:inScheme rdf:resource="http://localhost:8000/34660e3e-f9c2-487e-b360-e534089cdd0a"/>
  </skos:Concept>
  <skos:Concept rdf:about="http://localhost:8000/a4c6fc54-279f-48e1-bfa8-3f23ad0b53d2">
    <skos:inScheme rdf:resource="http://localhost:8000/34660e3e-f9c2-487e-b360-e534089cdd0a"/>
    <skos:scopeNote xml:lang="en">{"id": "e189ca12-8c3a-4e10-8848-3c86701d0757", "value": "Use for smaller forms of mechanical propulsion, such as diesel, electric and outboard motors."}</skos:scopeNote>
    <skos:prefLabel xml:lang="en">{"id": "ebcb40ff-b8a6-4a0f-adaf-bf19554e6fb0", "value": "Motor"}</skos:prefLabel>
    <dcterms:identifier xml:lang="en">{"id": "b243e72c-5187-490b-9a64-6db14e6958cb", "value": "http://localhost:8000/a4c6fc54-279f-48e1-bfa8-3f23ad0b53d2"}</dcterms:identifier>
  </skos:Concept>
  <skos:Concept rdf:about="http://localhost:8000/c4fb71e8-77c4-4d9a-851c-e63b5924f164">
    <skos:prefLabel xml:lang="en">{"id": "2f26438c-5b2d-4d6b-8b2f-d3511ec9095c", "value": "Jet Engine"}</skos:prefLabel>
    <dcterms:identifier xml:lang="en">{"id": "aa064d69-ed14-4dee-8845-aa5ea153ecfc", "value": "http://localhost:8000/c4fb71e8-77c4-4d9a-851c-e63b5924f164"}</dcterms:identifier>
    <skos:scopeNote xml:lang="en">{"id": "5784923b-c2fe-401d-848f-ca141e90c558", "value": "Use for an aircraft propelled by a jet engine, which provides forward thrust by pulling in air, heating and compressing it, then expelling it along with exhaust gases."}</skos:scopeNote>
    <skos:inScheme rdf:resource="http://localhost:8000/34660e3e-f9c2-487e-b360-e534089cdd0a"/>
  </skos:Concept>
  <skos:Concept rdf:about="http://localhost:8000/2cdd3620-a90e-4e8a-94f7-f299c5a9efea">
    <skos:prefLabel xml:lang="en">{"id": "d7cd1054-2974-4711-af20-c8415f423e35", "value": "Oar"}</skos:prefLabel>
    <skos:inScheme rdf:resource="http://localhost:8000/34660e3e-f9c2-487e-b360-e534089cdd0a"/>
    <skos:scopeNote xml:lang="en">{"id": "bfe4c6a5-2179-4088-aa7c-501fd5cbea72", "value": "Use for a man-powered watercraft operated by wooden oars."}</skos:scopeNote>
    <dcterms:identifier xml:lang="en">{"id": "f4d58cc0-9245-4011-8bff-2a68682c890b", "value": "http://localhost:8000/2cdd3620-a90e-4e8a-94f7-f299c5a9efea"}</dcterms:identifier>
  </skos:Concept>
  <skos:Concept rdf:about="http://localhost:8000/091f3448-f67c-4ba1-aa92-2b4ce7e77e48">
    <skos:scopeNote xml:lang="en">{"id": "9db7eea8-d65d-4ec1-b558-825559ff85cd", "value": "Use for a watercraft powered by wind caught in an assemblage of cloth sails and masts."}</skos:scopeNote>
    <skos:inScheme rdf:resource="http://localhost:8000/34660e3e-f9c2-487e-b360-e534089cdd0a"/>
    <skos:prefLabel xml:lang="en">{"id": "ddfa0cb1-99ee-4c5e-8a2c-33b54f10ed4a", "value": "Sail"}</skos:prefLabel>
    <dcterms:identifier xml:lang="en">{"id": "be3373dc-904f-460c-85dd-dbd11a8d329c", "value": "http://localhost:8000/091f3448-f67c-4ba1-aa92-2b4ce7e77e48"}</dcterms:identifier>
  </skos:Concept>
</rdf:RDF>
