<?xml version="1.0" encoding="utf-8"?>
<rdf:RDF
  xmlns:skos="http://www.w3.org/2004/02/skos/core#"
  xmlns:dcterms="http://purl.org/dc/terms/"
  xmlns:rdf="http://www.w3.org/1999/02/22-rdf-syntax-ns#"
  xmlns:arches="http://localhost:8000/"
>
  <skos:ConceptScheme rdf:about="http://localhost:8000/b82932ba-37d1-4f22-8077-3bdebea12cf4">
    <skos:hasTopConcept>
      <skos:Concept rdf:about="http://localhost:8000/3f18c9b6-1a06-443c-9f8a-d7ce8550415d">
        <skos:scopeNote xml:lang="en">{"id": "726b15ce-1ae9-45c8-80a5-64d17823e97f", "value": "Listed Grade I - national importance"}</skos:scopeNote>
        <arches:sortorder xml:lang="en">{"id": "b0962ad6-a643-4811-b7b5-ffe606cfae28", "value": "1"}</arches:sortorder>
        <skos:inScheme rdf:resource="http://localhost:8000/b82932ba-37d1-4f22-8077-3bdebea12cf4"/>
        <dcterms:identifier xml:lang="en">{"id": "77b192cb-e301-49c9-8462-5706ca20813e", "value": "http://www.archesproject.org/3f18c9b6-1a06-443c-9f8a-d7ce8550415d"}</dcterms:identifier>
        <skos:prefLabel xml:lang="en">{"id": "51c4de65-3dda-4532-a15c-cb8f62bfa463", "value": "Grade I"}</skos:prefLabel>
      </skos:Concept>
    </skos:hasTopConcept>
    <skos:hasTopConcept>
      <skos:Concept rdf:about="http://localhost:8000/6b377080-3a45-4404-9c35-7fd63c0a424e">
        <skos:prefLabel xml:lang="en">{"id": "f2a941a1-1828-4e01-9587-307dac71c1e7", "value": "Grade III"}</skos:prefLabel>
        <dcterms:identifier xml:lang="en">{"id": "19042262-2d89-4325-a64f-30fe616fad3e", "value": "http://www.archesproject.org/6b377080-3a45-4404-9c35-7fd63c0a424e"}</dcterms:identifier>
        <skos:scopeNote xml:lang="en">{"id": "1c1e0a69-70fb-42f3-bc52-78628ef91151", "value": "Former grade pending relisting. Approximately equivalent to Locally Listed."}</skos:scopeNote>
        <skos:inScheme rdf:resource="http://localhost:8000/b82932ba-37d1-4f22-8077-3bdebea12cf4"/>
      </skos:Concept>
    </skos:hasTopConcept>
    <skos:hasTopConcept>
      <skos:Concept rdf:about="http://localhost:8000/a3c88145-d3a6-4f76-8fb9-d78156fde630">
        <skos:prefLabel xml:lang="en">{"id": "e3358ea7-07b0-4def-9971-da45451afe67", "value": "Grade A"}</skos:prefLabel>
        <skos:inScheme rdf:resource="http://localhost:8000/b82932ba-37d1-4f22-8077-3bdebea12cf4"/>
        <dcterms:identifier xml:lang="en">{"id": "ffff15e4-8c97-40e5-8530-7157ad6b6e3e", "value": "http://www.archesproject.org/a3c88145-d3a6-4f76-8fb9-d78156fde630"}</dcterms:identifier>
        <skos:scopeNote xml:lang="en">{"id": "198cf6e2-85bc-466f-b71c-b4af98490239", "value": "Former grade pending relisting. Approximately equivalent to Grade I."}</skos:scopeNote>
      </skos:Concept>
    </skos:hasTopConcept>
    <skos:hasTopConcept>
      <skos:Concept rdf:about="http://localhost:8000/0ad5eaba-b124-415e-bf9d-16f0eafda918">
        <skos:inScheme rdf:resource="http://localhost:8000/b82932ba-37d1-4f22-8077-3bdebea12cf4"/>
        <dcterms:identifier xml:lang="en">{"id": "d3d8e300-e987-4744-9781-3bc055a15e83", "value": "http://www.archesproject.org/0ad5eaba-b124-415e-bf9d-16f0eafda918"}</dcterms:identifier>
        <skos:prefLabel xml:lang="en">{"id": "3bb39c89-5043-4740-a33c-abf8ab0d4f0a", "value": "Not Listed"}</skos:prefLabel>
      </skos:Concept>
    </skos:hasTopConcept>
    <skos:hasTopConcept>
      <skos:Concept rdf:about="http://localhost:8000/74ca8c7b-b0a7-475e-8617-314999120ff1">
        <skos:inScheme rdf:resource="http://localhost:8000/b82932ba-37d1-4f22-8077-3bdebea12cf4"/>
        <dcterms:identifier xml:lang="en">{"id": "d427b254-8902-4b53-a815-53890cf3bb85", "value": "http://www.archesproject.org/74ca8c7b-b0a7-475e-8617-314999120ff1"}</dcterms:identifier>
        <skos:prefLabel xml:lang="en">{"id": "22b4d8b8-55f0-4c01-8a3c-e77b8a59b3d2", "value": "Grade II"}</skos:prefLabel>
        <arches:sortorder xml:lang="en">{"id": "d5fb2c76-b4f5-4115-a21e-6a31c403dd3d", "value": "3"}</arches:sortorder>
        <skos:scopeNote xml:lang="en">{"id": "e1645b20-a51a-44df-b69f-afa77b4ae8b9", "value": "Listed Grade II - local importance"}</skos:scopeNote>
      </skos:Concept>
    </skos:hasTopConcept>
    <skos:hasTopConcept>
      <skos:Concept rdf:about="http://localhost:8000/84b306e0-2a04-4f2b-ac2e-bba1e0ac739e">
        <skos:scopeNote xml:lang="en">{"id": "76a0620f-3f2d-499d-9351-07df827f0db7", "value": "A building or site deemed to be importance locally. Local listing status is a planning consideration."}</skos:scopeNote>
        <skos:inScheme rdf:resource="http://localhost:8000/b82932ba-37d1-4f22-8077-3bdebea12cf4"/>
        <skos:prefLabel xml:lang="en">{"id": "8339ba94-98f1-4285-85d4-adb9d8baf060", "value": "Locally Listed"}</skos:prefLabel>
        <dcterms:identifier xml:lang="en">{"id": "e9a42de1-bcd1-48a4-a9a9-15bce09b1061", "value": "http://localhost:8000/84b306e0-2a04-4f2b-ac2e-bba1e0ac739e"}</dcterms:identifier>
      </skos:Concept>
    </skos:hasTopConcept>
    <dcterms:identifier xml:lang="en">{"id": "ed2c5db4-5667-419c-8aa3-190bc4866bca", "value": "http://www.archesproject.org/b82932ba-37d1-4f22-8077-3bdebea12cf4"}</dcterms:identifier>
    <skos:hasTopConcept>
      <skos:Concept rdf:about="http://localhost:8000/a502a690-3f86-47f4-9383-9de787b7f39c">
        <skos:inScheme rdf:resource="http://localhost:8000/b82932ba-37d1-4f22-8077-3bdebea12cf4"/>
        <skos:prefLabel xml:lang="en">{"id": "6dde5bf0-8f7a-45e8-9731-8b2549ad455b", "value": "Not Given"}</skos:prefLabel>
        <dcterms:identifier xml:lang="en">{"id": "6918f48c-3343-4894-96fa-4054d87f6fa8", "value": "http://www.archesproject.org/a502a690-3f86-47f4-9383-9de787b7f39c"}</dcterms:identifier>
      </skos:Concept>
    </skos:hasTopConcept>
    <skos:hasTopConcept>
      <skos:Concept rdf:about="http://localhost:8000/2dba87da-fc3c-4af7-b7d2-4ebbdd90c0cf">
        <skos:scopeNote xml:lang="en">{"id": "5fa17d89-1b90-4d2f-90ce-0d51d9e33650", "value": "Former grade pending relisting. Approximately equivalent to Grade II*."}</skos:scopeNote>
        <dcterms:identifier xml:lang="en">{"id": "6d42d2c1-39cb-482a-9860-4331b58a99b8", "value": "http://www.archesproject.org/2dba87da-fc3c-4af7-b7d2-4ebbdd90c0cf"}</dcterms:identifier>
        <skos:inScheme rdf:resource="http://localhost:8000/b82932ba-37d1-4f22-8077-3bdebea12cf4"/>
        <skos:prefLabel xml:lang="en">{"id": "795add69-bc13-4301-85b1-3e4167a0278f", "value": "Grade B"}</skos:prefLabel>
      </skos:Concept>
    </skos:hasTopConcept>
    <skos:hasTopConcept>
      <skos:Concept rdf:about="http://localhost:8000/dd8cc868-1730-41bd-8a52-43127a0ea938">
        <skos:inScheme rdf:resource="http://localhost:8000/b82932ba-37d1-4f22-8077-3bdebea12cf4"/>
        <skos:prefLabel xml:lang="en">{"id": "15504869-5b7e-4302-a6a1-f2cbafa1d1d3", "value": "Delisted"}</skos:prefLabel>
        <dcterms:identifier xml:lang="en">{"id": "7868d696-afbc-4161-8848-0160d451896e", "value": "http://www.archesproject.org/dd8cc868-1730-41bd-8a52-43127a0ea938"}</dcterms:identifier>
      </skos:Concept>
    </skos:hasTopConcept>
    <skos:hasTopConcept>
      <skos:Concept rdf:about="http://localhost:8000/f4b1fa81-9676-49ad-9e1c-1a10d3404b7f">
        <skos:scopeNote xml:lang="en">{"id": "62551ce3-f498-44eb-b3ca-a30ea4d0968b", "value": "Listed Grade II* - regional importance"}</skos:scopeNote>
        <dcterms:identifier xml:lang="en">{"id": "fe09ee41-d2c4-468a-b645-c064b72df93a", "value": "http://www.archesproject.org/f4b1fa81-9676-49ad-9e1c-1a10d3404b7f"}</dcterms:identifier>
        <skos:inScheme rdf:resource="http://localhost:8000/b82932ba-37d1-4f22-8077-3bdebea12cf4"/>
        <arches:sortorder xml:lang="en-us">{"id": "d0089cb3-2e3d-4f27-8d92-5a512382df64", "value": "2"}</arches:sortorder>
        <skos:prefLabel xml:lang="en">{"id": "b5ad6ffd-01c2-481f-a570-5441742302ab", "value": "Grade II*"}</skos:prefLabel>
      </skos:Concept>
    </skos:hasTopConcept>
    <skos:hasTopConcept>
      <skos:Concept rdf:about="http://localhost:8000/c4f8e7af-3aa3-4762-bd44-962730233d75">
        <skos:inScheme rdf:resource="http://localhost:8000/b82932ba-37d1-4f22-8077-3bdebea12cf4"/>
        <skos:scopeNote xml:lang="en">{"id": "65b2cc10-174d-4dac-906c-f602dcbbc805", "value": "Former grade pending relisting. Approximately equivalent to Grade II."}</skos:scopeNote>
        <skos:prefLabel xml:lang="en">{"id": "49c4c64f-9245-4eca-86a6-31bb92052284", "value": "Grade C"}</skos:prefLabel>
        <dcterms:identifier xml:lang="en">{"id": "ce406551-91d0-4898-9a99-d5f9284418e7", "value": "http://www.archesproject.org/c4f8e7af-3aa3-4762-bd44-962730233d75"}</dcterms:identifier>
      </skos:Concept>
    </skos:hasTopConcept>
    <dcterms:title xml:lang="en">{"id": "fad4dda2-9dce-44e2-bcf6-e7aa3620396e", "value": "Protection Grade"}</dcterms:title>
  </skos:ConceptScheme>
</rdf:RDF>
