<?xml version="1.0" encoding="utf-8"?>
<rdf:RDF
  xmlns:skos="http://www.w3.org/2004/02/skos/core#"
  xmlns:dcterms="http://purl.org/dc/terms/"
  xmlns:rdf="http://www.w3.org/1999/02/22-rdf-syntax-ns#"
>
  <skos:Concept rdf:about="http://localhost:8000/42093e87-7a73-4c4c-8a04-b6680a7fd540">
    <skos:inScheme>
      <skos:ConceptScheme rdf:about="http://localhost:8000/c0254d4d-3948-4614-af80-4ee065deadbe">
        <dcterms:identifier xml:lang="en">{"id": "f02d3da3-e9fa-45a0-9308-8f94b3098452", "value": "http://www.archesproject.org/c0254d4d-3948-4614-af80-4ee065deadbe"}</dcterms:identifier>
        <skos:hasTopConcept rdf:resource="http://localhost:8000/244531f3-7182-4e6c-bdeb-f7030e9aa7cf"/>
        <dcterms:title xml:lang="en">{"id": "9c6be866-2f9a-42c0-a954-f9d7167cfd82", "value": "Protection Type"}</dcterms:title>
        <skos:hasTopConcept rdf:resource="http://localhost:8000/e26bc963-a6b0-4488-9a53-ced23bdeab9e"/>
      </skos:ConceptScheme>
    </skos:inScheme>
    <skos:prefLabel xml:lang="en">{"id": "c53b1cfc-0322-49a2-94de-ef261c6cb71e", "value": "Protected Wreck"}</skos:prefLabel>
    <dcterms:identifier xml:lang="en">{"id": "e6bcbcb8-9ed9-4b9f-acc7-b44191d28b06", "value": "http://www.archesproject.org/42093e87-7a73-4c4c-8a04-b6680a7fd540"}</dcterms:identifier>
  </skos:Concept>
  <skos:Concept rdf:about="http://localhost:8000/e26bc963-a6b0-4488-9a53-ced23bdeab9e">
    <skos:narrower>
      <skos:Concept rdf:about="http://localhost:8000/6c66590a-3dd0-479b-9dbc-f497e4449f33">
        <skos:prefLabel xml:lang="en">{"id": "39d603da-0ba0-4f61-a508-c79231a3ceea", "value": "Protected Place"}</skos:prefLabel>
        <skos:inScheme rdf:resource="http://localhost:8000/c0254d4d-3948-4614-af80-4ee065deadbe"/>
        <dcterms:identifier xml:lang="en">{"id": "6ecf1277-f9cc-4dc7-a06b-5a210230c87b", "value": "http://www.archesproject.org/6c66590a-3dd0-479b-9dbc-f497e4449f33"}</dcterms:identifier>
      </skos:Concept>
    </skos:narrower>
    <skos:prefLabel xml:lang="en">{"id": "5105fefb-fdb3-4d19-8ad5-51b563fd51e5", "value": "Statutory Protection Type"}</skos:prefLabel>
    <skos:narrower>
      <skos:Concept rdf:about="http://localhost:8000/1b3630ed-b9a8-439d-b47e-d30eef773f08">
        <skos:inScheme rdf:resource="http://localhost:8000/c0254d4d-3948-4614-af80-4ee065deadbe"/>
        <dcterms:identifier xml:lang="en">{"id": "48f49480-97c4-4e6c-9b3f-cda660e7b7c2", "value": "http://www.archesproject.org/1b3630ed-b9a8-439d-b47e-d30eef773f08"}</dcterms:identifier>
        <skos:prefLabel xml:lang="en">{"id": "fd19a2aa-7de0-4237-a7d0-99200590e3da", "value": "Listed Building"}</skos:prefLabel>
      </skos:Concept>
    </skos:narrower>
    <skos:narrower rdf:resource="http://localhost:8000/42093e87-7a73-4c4c-8a04-b6680a7fd540"/>
    <skos:narrower>
      <skos:Concept rdf:about="http://localhost:8000/64993396-3862-48c0-b134-e14e2badea07">
        <dcterms:identifier xml:lang="en">{"id": "a5a074c9-28f0-4c67-8c8f-8320773b50c6", "value": "http://www.archesproject.org/64993396-3862-48c0-b134-e14e2badea07"}</dcterms:identifier>
        <skos:prefLabel xml:lang="en">{"id": "0bdb6c0f-c797-4ba1-b864-8e5ef855c186", "value": "Conservation Area"}</skos:prefLabel>
        <skos:inScheme rdf:resource="http://localhost:8000/c0254d4d-3948-4614-af80-4ee065deadbe"/>
      </skos:Concept>
    </skos:narrower>
    <dcterms:identifier xml:lang="en">{"id": "7160da72-560d-45ad-ac9c-661fd41ac74f", "value": "http://www.archesproject.org/e26bc963-a6b0-4488-9a53-ced23bdeab9e"}</dcterms:identifier>
    <skos:narrower>
      <skos:Concept rdf:about="http://localhost:8000/cca435a0-cd03-475f-990c-dac5554b37f6">
        <skos:prefLabel xml:lang="en">{"id": "9d4d00cf-77ca-40b8-a83f-5159bc6e689d", "value": "Scheduled Monument"}</skos:prefLabel>
        <skos:altLabel xml:lang="el">{"id": "da2d5d6d-5efb-4189-a2e0-f07120ca547d", "value": "SAM"}</skos:altLabel>
        <skos:altLabel xml:lang="en">{"id": "ae5a5b37-27f9-4b10-a6bc-28f61c767a9f", "value": "Scheduled Ancient Monument"}</skos:altLabel>
        <skos:inScheme rdf:resource="http://localhost:8000/c0254d4d-3948-4614-af80-4ee065deadbe"/>
        <dcterms:identifier xml:lang="en">{"id": "24f2607c-4725-4a82-bc83-6c0b1aa34650", "value": "http://www.archesproject.org/cca435a0-cd03-475f-990c-dac5554b37f6"}</dcterms:identifier>
      </skos:Concept>
    </skos:narrower>
    <skos:inScheme rdf:resource="http://localhost:8000/c0254d4d-3948-4614-af80-4ee065deadbe"/>
    <skos:narrower>
      <skos:Concept rdf:about="http://localhost:8000/7acd5a40-2daf-454d-a1fb-8c937d9cb4ba">
        <skos:prefLabel xml:lang="el">{"id": "3a65efd0-acff-4f8b-ab5e-a509d7facc72", "value": "Registered Park and Garden"}</skos:prefLabel>
        <dcterms:identifier xml:lang="en">{"id": "42de496f-6827-4bb5-b583-e4939189d940", "value": "http://www.archesproject.org/7acd5a40-2daf-454d-a1fb-8c937d9cb4ba"}</dcterms:identifier>
        <skos:inScheme rdf:resource="http://localhost:8000/c0254d4d-3948-4614-af80-4ee065deadbe"/>
      </skos:Concept>
    </skos:narrower>
  </skos:Concept>
  <skos:Concept rdf:about="http://localhost:8000/244531f3-7182-4e6c-bdeb-f7030e9aa7cf">
    <skos:narrower>
      <skos:Concept rdf:about="http://localhost:8000/19354615-673d-463e-bd0e-b23007f5970b">
        <dcterms:identifier xml:lang="en">{"id": "a462c664-993b-47f7-8d85-6e78834ace74", "value": "http://localhost:8000/19354615-673d-463e-bd0e-b23007f5970b"}</dcterms:identifier>
        <skos:inScheme rdf:resource="http://localhost:8000/c0254d4d-3948-4614-af80-4ee065deadbe"/>
        <skos:prefLabel xml:lang="en">{"id": "a9ef4ad1-2ed6-4204-9140-1c008c01c016", "value": "Archaeological Priority Area"}</skos:prefLabel>
      </skos:Concept>
    </skos:narrower>
    <skos:inScheme rdf:resource="http://localhost:8000/c0254d4d-3948-4614-af80-4ee065deadbe"/>
    <skos:narrower>
      <skos:Concept rdf:about="http://localhost:8000/59773c10-1e18-41bd-be96-0a581eedd2ed">
        <dcterms:identifier xml:lang="en">{"id": "fe6272e9-95e5-44a6-b242-ef93bc0091d5", "value": "http://www.archesproject.org/59773c10-1e18-41bd-be96-0a581eedd2ed"}</dcterms:identifier>
        <skos:prefLabel xml:lang="en">{"id": "f0765686-ea15-47a9-ac0f-60e55fba7c07", "value": "Registered Battlefield"}</skos:prefLabel>
        <skos:inScheme rdf:resource="http://localhost:8000/c0254d4d-3948-4614-af80-4ee065deadbe"/>
      </skos:Concept>
    </skos:narrower>
    <dcterms:identifier xml:lang="en">{"id": "4d9c6ccb-4e16-47cf-9bba-2f65ada8fd2e", "value": "http://www.archesproject.org/244531f3-7182-4e6c-bdeb-f7030e9aa7cf"}</dcterms:identifier>
    <skos:narrower>
      <skos:Concept rdf:about="http://localhost:8000/a3805044-3127-453a-9555-df7cf85a3808">
        <dcterms:identifier xml:lang="en">{"id": "2a154cfe-b99d-4af2-a970-67f91cdeed4e", "value": "http://www.archesproject.org/a3805044-3127-453a-9555-df7cf85a3808"}</dcterms:identifier>
        <skos:inScheme rdf:resource="http://localhost:8000/c0254d4d-3948-4614-af80-4ee065deadbe"/>
        <skos:prefLabel xml:lang="en">{"id": "f7eb7c65-178b-4c7d-a9e2-77f7de06d497", "value": "Locally Listed Building"}</skos:prefLabel>
      </skos:Concept>
    </skos:narrower>
    <skos:prefLabel xml:lang="en">{"id": "516a8535-7881-4479-a363-19760f7ec87e", "value": "Non-Statutory Protection Type"}</skos:prefLabel>
  </skos:Concept>
</rdf:RDF>
