<?xml version="1.0" encoding="utf-8"?>
<rdf:RDF
  xmlns:skos="http://www.w3.org/2004/02/skos/core#"
  xmlns:dcterms="http://purl.org/dc/terms/"
  xmlns:rdf="http://www.w3.org/1999/02/22-rdf-syntax-ns#"
>
  <skos:Concept rdf:about="http://localhost:8000/b5b210b9-a7a8-472c-9d58-ad4d5e68c558">
    <skos:prefLabel xml:lang="en">{"id": "b3de71b2-0701-4cc0-b65c-5dd20d864fe9", "value": "IntCal98"}</skos:prefLabel>
    <skos:inScheme>
      <skos:ConceptScheme rdf:about="http://localhost:8000/6dc20981-5501-4449-bbd8-67ee9f344530">
        <skos:hasTopConcept rdf:resource="http://localhost:8000/cc3e64da-5faf-4aba-929c-71cac591e887"/>
        <skos:hasTopConcept rdf:resource="http://localhost:8000/97c82aa8-2726-4b66-978c-8987c34e8004"/>
        <dcterms:identifier xml:lang="en">{"id": "548e2119-3be4-400b-b2ca-3c84ba2e74ed", "value": "http://localhost:8000/6dc20981-5501-4449-bbd8-67ee9f344530"}</dcterms:identifier>
        <dcterms:title xml:lang="en">{"id": "fe5810de-1c6c-497d-8b41-e813327d23f6", "value": "Radiocarbon Calibration Curve Type"}</dcterms:title>
      </skos:ConceptScheme>
    </skos:inScheme>
    <dcterms:identifier xml:lang="en">{"id": "da8cf24f-3a49-4ed8-a0e8-b36f5aaa36fe", "value": "http://localhost:8000/b5b210b9-a7a8-472c-9d58-ad4d5e68c558"}</dcterms:identifier>
  </skos:Concept>
  <skos:Concept rdf:about="http://localhost:8000/a523cb36-a81a-4869-bb48-5633ea83a8a9">
    <skos:inScheme rdf:resource="http://localhost:8000/6dc20981-5501-4449-bbd8-67ee9f344530"/>
    <skos:prefLabel xml:lang="en">{"id": "3a9de15c-4248-40c7-ac81-f839d76bf6e1", "value": "Bomb13SH12"}</skos:prefLabel>
    <dcterms:identifier xml:lang="en">{"id": "e3766751-965f-4b3a-a2b8-253356b6f2e7", "value": "http://localhost:8000/a523cb36-a81a-4869-bb48-5633ea83a8a9"}</dcterms:identifier>
    <skos:scopeNote xml:lang="en">{"id": "3a9018a7-05d5-47a8-a9a5-b7a0edaf9cb9", "value": "Southern hemisphere (not in mean summer intertropical convergence zone); note this is prepended with the last 300 years of SHCal13"}</skos:scopeNote>
  </skos:Concept>
  <skos:Concept rdf:about="http://localhost:8000/416e88e2-a279-4c84-93a4-1c18d617bdb2">
    <skos:scopeNote xml:lang="en">{"id": "c3a62a84-0f1e-47fe-b94b-5f46ac60ee8f", "value": "Modelled ocean average"}</skos:scopeNote>
    <skos:prefLabel xml:lang="en">{"id": "2c127210-2ae9-4fd7-8cbc-0aa426e1c044", "value": "Marine04"}</skos:prefLabel>
    <dcterms:identifier xml:lang="en">{"id": "7dcfa115-c763-4e2f-a49c-f20a6ae0d111", "value": "http://localhost:8000/416e88e2-a279-4c84-93a4-1c18d617bdb2"}</dcterms:identifier>
    <skos:inScheme rdf:resource="http://localhost:8000/6dc20981-5501-4449-bbd8-67ee9f344530"/>
  </skos:Concept>
  <skos:Concept rdf:about="http://localhost:8000/afd535d2-72f3-40a4-8ab5-7496ee281ba2">
    <dcterms:identifier xml:lang="en">{"id": "43c05298-945c-40a6-ab2b-2429406033cd", "value": "http://localhost:8000/afd535d2-72f3-40a4-8ab5-7496ee281ba2"}</dcterms:identifier>
    <skos:prefLabel xml:lang="en">{"id": "b096ee05-3ec6-4ac1-b086-70f9b803ec40", "value": "Marine13"}</skos:prefLabel>
    <skos:inScheme rdf:resource="http://localhost:8000/6dc20981-5501-4449-bbd8-67ee9f344530"/>
    <skos:scopeNote xml:lang="en">{"id": "3bee28d4-8fde-477f-a00e-4cc481333d79", "value": "Modelled ocean average"}</skos:scopeNote>
  </skos:Concept>
  <skos:Concept rdf:about="http://localhost:8000/cbdeb5da-ed37-4a06-95d8-c0b41d3ff15e">
    <skos:prefLabel xml:lang="en">{"id": "2674772d-402e-4dd9-a684-af8a21a430ea", "value": "IntCal13"}</skos:prefLabel>
    <skos:inScheme rdf:resource="http://localhost:8000/6dc20981-5501-4449-bbd8-67ee9f344530"/>
    <dcterms:identifier xml:lang="en">{"id": "a5aa2aeb-661d-4b79-9cd7-5d31a20a3a52", "value": "http://localhost:8000/cbdeb5da-ed37-4a06-95d8-c0b41d3ff15e"}</dcterms:identifier>
    <skos:scopeNote xml:lang="en">{"id": "7f6657cb-15bc-441e-8095-64fc1ce666f5", "value": "Northern Hemisphere"}</skos:scopeNote>
  </skos:Concept>
  <skos:Concept rdf:about="http://localhost:8000/cc3e64da-5faf-4aba-929c-71cac591e887">
    <skos:inScheme rdf:resource="http://localhost:8000/6dc20981-5501-4449-bbd8-67ee9f344530"/>
    <skos:narrower rdf:resource="http://localhost:8000/afd535d2-72f3-40a4-8ab5-7496ee281ba2"/>
    <dcterms:identifier xml:lang="en">{"id": "dd969838-8536-45f6-ad96-d2b072a25a4c", "value": "http://localhost:8000/cc3e64da-5faf-4aba-929c-71cac591e887"}</dcterms:identifier>
    <skos:narrower>
      <skos:Concept rdf:about="http://localhost:8000/1d36229a-214a-4cd0-bb78-6167633f0353">
        <skos:prefLabel xml:lang="en">{"id": "1c136971-11d8-4301-af62-2976beccc9d4", "value": "Marine98"}</skos:prefLabel>
        <skos:inScheme rdf:resource="http://localhost:8000/6dc20981-5501-4449-bbd8-67ee9f344530"/>
        <dcterms:identifier xml:lang="en">{"id": "13bfa32b-ad6a-4eab-aa2e-d2dcf8332f93", "value": "http://localhost:8000/1d36229a-214a-4cd0-bb78-6167633f0353"}</dcterms:identifier>
      </skos:Concept>
    </skos:narrower>
    <skos:narrower rdf:resource="http://localhost:8000/416e88e2-a279-4c84-93a4-1c18d617bdb2"/>
    <skos:narrower>
      <skos:Concept rdf:about="http://localhost:8000/c1904280-f9d6-4449-974e-7442941709b7">
        <dcterms:identifier xml:lang="en">{"id": "bc66409c-a539-450d-a3c7-fc8b62213f8e", "value": "http://localhost:8000/c1904280-f9d6-4449-974e-7442941709b7"}</dcterms:identifier>
        <skos:prefLabel xml:lang="en">{"id": "3a38c652-4f59-4be1-9f7a-e8d58b2e5ece", "value": "Marine09"}</skos:prefLabel>
        <skos:inScheme rdf:resource="http://localhost:8000/6dc20981-5501-4449-bbd8-67ee9f344530"/>
        <skos:scopeNote xml:lang="en">{"id": "01c975b0-c47d-419f-a0a9-92c0160ef692", "value": "Modelled ocean average"}</skos:scopeNote>
      </skos:Concept>
    </skos:narrower>
    <skos:prefLabel xml:lang="en-us">{"id": "ab0daf1a-2253-41c8-b72e-80568c0a9268", "value": "Marine Curves"}</skos:prefLabel>
  </skos:Concept>
  <skos:Concept rdf:about="http://localhost:8000/d693edb3-1a10-406e-80ab-0a214d5e5169">
    <skos:prefLabel xml:lang="en">{"id": "eb944fa4-35e3-4e97-89b3-76fac770b6f6", "value": "Bomb13NH3"}</skos:prefLabel>
    <skos:inScheme rdf:resource="http://localhost:8000/6dc20981-5501-4449-bbd8-67ee9f344530"/>
    <skos:scopeNote xml:lang="en">{"id": "3ef4dae2-36a8-4610-b0dc-61446d38a193", "value": "Northern hemisphere mean summer intertropical convergence zone; note this is prepended with the last 300 years of IntCal13"}</skos:scopeNote>
    <dcterms:identifier xml:lang="en">{"id": "8ffc84b5-15b6-4b3d-83ed-7478e3855df2", "value": "http://localhost:8000/d693edb3-1a10-406e-80ab-0a214d5e5169"}</dcterms:identifier>
  </skos:Concept>
  <skos:Concept rdf:about="http://localhost:8000/dbda8408-e22a-4867-8067-1cfcb504f72a">
    <skos:inScheme rdf:resource="http://localhost:8000/6dc20981-5501-4449-bbd8-67ee9f344530"/>
    <skos:prefLabel xml:lang="en">{"id": "4e97a418-af51-4695-8bf2-54da5fb28342", "value": "Bomb04SH"}</skos:prefLabel>
    <skos:scopeNote xml:lang="en">{"id": "644c68f9-59c1-41e4-a3fc-4c2b93e91885", "value": "Southern hemisphere; note this is prepended with the last 300 years of SHCal04"}</skos:scopeNote>
    <dcterms:identifier xml:lang="en">{"id": "aebc7ede-a8a0-4a9e-9585-1638686f3a16", "value": "http://localhost:8000/dbda8408-e22a-4867-8067-1cfcb504f72a"}</dcterms:identifier>
  </skos:Concept>
  <skos:Concept rdf:about="http://localhost:8000/bec7c83d-26f6-4b13-86f2-d8eaeae0556f">
    <dcterms:identifier xml:lang="en">{"id": "af5ab879-8da4-4967-aa94-efccd6820e4a", "value": "http://localhost:8000/bec7c83d-26f6-4b13-86f2-d8eaeae0556f"}</dcterms:identifier>
    <skos:scopeNote xml:lang="en">{"id": "431cf222-5b9f-4762-b1a3-854ea2be5d49", "value": "Northern Hemisphere"}</skos:scopeNote>
    <skos:prefLabel xml:lang="en">{"id": "833fffe8-af27-49de-82a7-140dbff50e4d", "value": "IntCal04"}</skos:prefLabel>
    <skos:inScheme rdf:resource="http://localhost:8000/6dc20981-5501-4449-bbd8-67ee9f344530"/>
  </skos:Concept>
  <skos:Concept rdf:about="http://localhost:8000/97c82aa8-2726-4b66-978c-8987c34e8004">
    <skos:inScheme rdf:resource="http://localhost:8000/6dc20981-5501-4449-bbd8-67ee9f344530"/>
    <skos:narrower>
      <skos:Concept rdf:about="http://localhost:8000/10c3c14f-f58e-4d70-b62c-06b9d4dfcec3">
        <skos:narrower rdf:resource="http://localhost:8000/1acdd170-6b1a-4a40-88d3-51fb75f9d62a"/>
        <skos:narrower rdf:resource="http://localhost:8000/a523cb36-a81a-4869-bb48-5633ea83a8a9"/>
        <dcterms:identifier xml:lang="en">{"id": "c159f992-60e6-4875-b3d1-303244aec398", "value": "http://localhost:8000/10c3c14f-f58e-4d70-b62c-06b9d4dfcec3"}</dcterms:identifier>
        <skos:narrower rdf:resource="http://localhost:8000/5e1c45d4-3490-44a7-abf0-94cbd15e43d4"/>
        <skos:narrower rdf:resource="http://localhost:8000/bc2ba4fb-908b-4de8-bc14-2ccae704f5f1"/>
        <skos:narrower rdf:resource="http://localhost:8000/dbda8408-e22a-4867-8067-1cfcb504f72a"/>
        <skos:narrower rdf:resource="http://localhost:8000/d693edb3-1a10-406e-80ab-0a214d5e5169"/>
        <skos:prefLabel xml:lang="en">{"id": "43efd759-cea8-497e-9e4f-11e5c0c0e68f", "value": "Bomb series"}</skos:prefLabel>
        <skos:inScheme rdf:resource="http://localhost:8000/6dc20981-5501-4449-bbd8-67ee9f344530"/>
        <skos:narrower rdf:resource="http://localhost:8000/cc283cd6-c269-45bc-90e9-d39285778c30"/>
        <skos:narrower rdf:resource="http://localhost:8000/16eacf99-71ad-47ba-b860-503912ce4526"/>
        <skos:narrower rdf:resource="http://localhost:8000/90e5068f-3450-41e4-a494-e623c34ce5a7"/>
      </skos:Concept>
    </skos:narrower>
    <skos:prefLabel xml:lang="en">{"id": "abd0fe0f-c460-45f0-b0ab-4d39bfb30fdf", "value": "Atmospheric Curves"}</skos:prefLabel>
    <skos:narrower>
      <skos:Concept rdf:about="http://localhost:8000/31655bc9-749f-4e3b-9ffa-d6468ea23c86">
        <skos:inScheme rdf:resource="http://localhost:8000/6dc20981-5501-4449-bbd8-67ee9f344530"/>
        <skos:scopeNote xml:lang="en">{"id": "3f6108f2-589d-4210-9e93-627a33ef3240", "value": "Bomb series based on growth season"}</skos:scopeNote>
        <dcterms:identifier xml:lang="en">{"id": "1433bd4b-8f30-4e42-97f5-044a7b72894f", "value": "http://localhost:8000/31655bc9-749f-4e3b-9ffa-d6468ea23c86"}</dcterms:identifier>
        <skos:prefLabel xml:lang="en">{"id": "98040f6d-d306-4f29-894c-088fe70a7362", "value": "Kueppers04"}</skos:prefLabel>
      </skos:Concept>
    </skos:narrower>
    <dcterms:identifier xml:lang="en">{"id": "7e28e82e-8c1d-4e8a-9f5f-5881bf256a30", "value": "http://localhost:8000/97c82aa8-2726-4b66-978c-8987c34e8004"}</dcterms:identifier>
    <skos:narrower>
      <skos:Concept rdf:about="http://localhost:8000/d60d5d8d-af51-43c7-bce3-93ced9ab317c">
        <skos:inScheme rdf:resource="http://localhost:8000/6dc20981-5501-4449-bbd8-67ee9f344530"/>
        <skos:narrower rdf:resource="http://localhost:8000/b5b210b9-a7a8-472c-9d58-ad4d5e68c558"/>
        <skos:prefLabel xml:lang="en">{"id": "726f213d-861f-43d7-b8f4-fd860cf9487d", "value": "IntCal series"}</skos:prefLabel>
        <dcterms:identifier xml:lang="en">{"id": "e92b29de-17ac-441a-98ee-8d8ac3e51cf9", "value": "http://localhost:8000/d60d5d8d-af51-43c7-bce3-93ced9ab317c"}</dcterms:identifier>
        <skos:narrower rdf:resource="http://localhost:8000/cbdeb5da-ed37-4a06-95d8-c0b41d3ff15e"/>
        <skos:narrower rdf:resource="http://localhost:8000/475100e2-bb5e-4afe-9a62-26e04c84eaab"/>
        <skos:narrower rdf:resource="http://localhost:8000/bec7c83d-26f6-4b13-86f2-d8eaeae0556f"/>
        <skos:narrower rdf:resource="http://localhost:8000/bac8c2ff-1152-4c7e-b477-19fee3e41270"/>
      </skos:Concept>
    </skos:narrower>
  </skos:Concept>
  <skos:Concept rdf:about="http://localhost:8000/16eacf99-71ad-47ba-b860-503912ce4526">
    <skos:scopeNote xml:lang="en">{"id": "c38f429f-3e7f-4619-9fc9-c7d46568ee4f", "value": "North of 40\u00a1N; note this is prepended with the last 300 years of IntCal04"}</skos:scopeNote>
    <skos:inScheme rdf:resource="http://localhost:8000/6dc20981-5501-4449-bbd8-67ee9f344530"/>
    <dcterms:identifier xml:lang="en">{"id": "c608de86-86e7-481b-b22d-1960a3fa3da5", "value": "http://localhost:8000/16eacf99-71ad-47ba-b860-503912ce4526"}</dcterms:identifier>
    <skos:prefLabel xml:lang="en">{"id": "0e848d73-4331-4f43-8716-785a900c7e2c", "value": "Bomb04NH1"}</skos:prefLabel>
  </skos:Concept>
  <skos:Concept rdf:about="http://localhost:8000/bac8c2ff-1152-4c7e-b477-19fee3e41270">
    <dcterms:identifier xml:lang="en">{"id": "44ef5696-e7b8-41f5-a400-f0179f8c3e95", "value": "http://localhost:8000/bac8c2ff-1152-4c7e-b477-19fee3e41270"}</dcterms:identifier>
    <skos:inScheme rdf:resource="http://localhost:8000/6dc20981-5501-4449-bbd8-67ee9f344530"/>
    <skos:prefLabel xml:lang="en">{"id": "21c51592-ae0a-48f6-95ff-9b9abe5b8327", "value": "IntCal09"}</skos:prefLabel>
    <skos:scopeNote xml:lang="en">{"id": "e34ef551-8fd2-4e06-bb07-393e2b59e09e", "value": "Northern Hemisphere"}</skos:scopeNote>
  </skos:Concept>
  <skos:Concept rdf:about="http://localhost:8000/90e5068f-3450-41e4-a494-e623c34ce5a7">
    <skos:inScheme rdf:resource="http://localhost:8000/6dc20981-5501-4449-bbd8-67ee9f344530"/>
    <dcterms:identifier xml:lang="en">{"id": "f9891313-45ed-4001-b664-8696b232c0d8", "value": "http://localhost:8000/90e5068f-3450-41e4-a494-e623c34ce5a7"}</dcterms:identifier>
    <skos:prefLabel xml:lang="en">{"id": "3685905a-422f-413c-a291-80e8d0dc58ff", "value": "Bomb04NH2"}</skos:prefLabel>
    <skos:scopeNote xml:lang="en">{"id": "0ce63537-5e2b-4ea8-bb8f-f2fe62e3ca34", "value": "Between 40\u00a1N and mean summer intertropical convergence zone; note this is prepended with the last 300 years of IntCal04"}</skos:scopeNote>
  </skos:Concept>
  <skos:Concept rdf:about="http://localhost:8000/cc283cd6-c269-45bc-90e9-d39285778c30">
    <dcterms:identifier xml:lang="en">{"id": "b68a83c1-d9fe-4df5-8136-b6024e2d0d37", "value": "http://localhost:8000/cc283cd6-c269-45bc-90e9-d39285778c30"}</dcterms:identifier>
    <skos:prefLabel xml:lang="en">{"id": "c557fa2a-b6c3-4f0c-bceb-3cafbd62deb2", "value": "Bomb13NH2"}</skos:prefLabel>
    <skos:inScheme rdf:resource="http://localhost:8000/6dc20981-5501-4449-bbd8-67ee9f344530"/>
    <skos:scopeNote xml:lang="en">{"id": "b91ad7cf-87af-423d-8cf7-2711101d21af", "value": "Between 40\u00a1N and mean summer intertropical convergence zone; note this is prepended with the last 300 years of IntCal13"}</skos:scopeNote>
  </skos:Concept>
  <skos:Concept rdf:about="http://localhost:8000/475100e2-bb5e-4afe-9a62-26e04c84eaab">
    <skos:inScheme rdf:resource="http://localhost:8000/6dc20981-5501-4449-bbd8-67ee9f344530"/>
    <skos:scopeNote xml:lang="en">{"id": "476b528e-faa0-454b-a2f5-6ed2f598229b", "value": "Southern Hemisphere"}</skos:scopeNote>
    <skos:prefLabel xml:lang="en">{"id": "71778d5f-eb88-4adb-a3fd-5069a1749097", "value": "SHCal13"}</skos:prefLabel>
    <dcterms:identifier xml:lang="en">{"id": "f903421f-5561-4e5f-94a6-94018e36a054", "value": "http://localhost:8000/475100e2-bb5e-4afe-9a62-26e04c84eaab"}</dcterms:identifier>
  </skos:Concept>
  <skos:Concept rdf:about="http://localhost:8000/1acdd170-6b1a-4a40-88d3-51fb75f9d62a">
    <skos:scopeNote xml:lang="en">{"id": "80d53420-1ff5-45f0-8f63-78909b868183", "value": "Southern hemisphere mean summer intertropical convergence zone; note this is prepended with the last 300 years of SHCal13"}</skos:scopeNote>
    <dcterms:identifier xml:lang="en">{"id": "6d46df81-ad73-4573-a28d-17ec66bff4d2", "value": "http://localhost:8000/1acdd170-6b1a-4a40-88d3-51fb75f9d62a"}</dcterms:identifier>
    <skos:inScheme rdf:resource="http://localhost:8000/6dc20981-5501-4449-bbd8-67ee9f344530"/>
    <skos:prefLabel xml:lang="en">{"id": "3c7e42f3-5dab-45f1-aca2-670742862034", "value": "Bomb13SH3"}</skos:prefLabel>
  </skos:Concept>
  <skos:Concept rdf:about="http://localhost:8000/bc2ba4fb-908b-4de8-bc14-2ccae704f5f1">
    <dcterms:identifier xml:lang="en">{"id": "a556171d-bf89-4e3b-8c7b-e9183ba303ee", "value": "http://localhost:8000/bc2ba4fb-908b-4de8-bc14-2ccae704f5f1"}</dcterms:identifier>
    <skos:inScheme rdf:resource="http://localhost:8000/6dc20981-5501-4449-bbd8-67ee9f344530"/>
    <skos:prefLabel xml:lang="en">{"id": "a0e4fcf6-0dc0-4d2b-9ad6-a60aeb9a0088", "value": "Bomb04NH3"}</skos:prefLabel>
    <skos:scopeNote xml:lang="en">{"id": "4dc2e515-cc0c-44e2-badb-fdbf6407caa8", "value": "Northern hemisphere mean summer intertropical convergence zone; note this is prepended with the last 300 years of IntCal04"}</skos:scopeNote>
  </skos:Concept>
  <skos:Concept rdf:about="http://localhost:8000/5e1c45d4-3490-44a7-abf0-94cbd15e43d4">
    <skos:inScheme rdf:resource="http://localhost:8000/6dc20981-5501-4449-bbd8-67ee9f344530"/>
    <dcterms:identifier xml:lang="en">{"id": "ee929875-cfab-45f7-b927-b848fa8dcd30", "value": "http://localhost:8000/5e1c45d4-3490-44a7-abf0-94cbd15e43d4"}</dcterms:identifier>
    <skos:prefLabel xml:lang="en">{"id": "d3c0afa2-5736-45a8-b9e7-f8ddb7050d05", "value": "Bomb13NH1"}</skos:prefLabel>
    <skos:scopeNote xml:lang="en">{"id": "9877119c-5107-4374-bac3-e22e1fb13a11", "value": "North of 40\u00a1N; note this is prepended with the last 300 years of IntCal13"}</skos:scopeNote>
  </skos:Concept>
</rdf:RDF>
