<?xml version="1.0" encoding="utf-8"?>
<rdf:RDF
  xmlns:skos="http://www.w3.org/2004/02/skos/core#"
  xmlns:dcterms="http://purl.org/dc/terms/"
  xmlns:rdf="http://www.w3.org/1999/02/22-rdf-syntax-ns#"
>
  <skos:ConceptScheme rdf:about="http://localhost:8000/c75017d2-03b5-45d0-9fd6-0468d6e70cd0">
    <skos:hasTopConcept>
      <skos:Concept rdf:about="http://localhost:8000/bc178f81-622a-447d-ac6a-f13dd6945cfd">
        <dcterms:identifier xml:lang="en">{"id": "25ac2a81-c924-4791-a139-c282d19505c0", "value": "http://localhost:8000/bc178f81-622a-447d-ac6a-f13dd6945cfd"}</dcterms:identifier>
        <skos:prefLabel xml:lang="en">{"id": "53a8be8b-156d-443d-b514-3af8bf582f72", "value": "Backlog - Full/Published"}</skos:prefLabel>
        <skos:inScheme rdf:resource="http://localhost:8000/c75017d2-03b5-45d0-9fd6-0468d6e70cd0"/>
      </skos:Concept>
    </skos:hasTopConcept>
    <dcterms:identifier xml:lang="en">{"id": "b81b3265-f73e-412e-b760-a4f1538aeff0", "value": "http://localhost:8000/c75017d2-03b5-45d0-9fd6-0468d6e70cd0"}</dcterms:identifier>
    <skos:hasTopConcept>
      <skos:Concept rdf:about="http://localhost:8000/78c8ead0-5510-430c-a4ce-68053110507d">
        <skos:prefLabel xml:lang="en">{"id": "5831a0d3-f024-4a76-ad6d-f70e08721b30", "value": "Backlog - Skeleton"}</skos:prefLabel>
        <dcterms:identifier xml:lang="en">{"id": "f9ad5df3-3c7a-4084-a426-218be5382865", "value": "http://localhost:8000/78c8ead0-5510-430c-a4ce-68053110507d"}</dcterms:identifier>
        <skos:inScheme rdf:resource="http://localhost:8000/c75017d2-03b5-45d0-9fd6-0468d6e70cd0"/>
      </skos:Concept>
    </skos:hasTopConcept>
    <skos:hasTopConcept>
      <skos:Concept rdf:about="http://localhost:8000/fc803721-d067-4942-8d22-796016e5cde6">
        <skos:inScheme rdf:resource="http://localhost:8000/c75017d2-03b5-45d0-9fd6-0468d6e70cd0"/>
        <skos:prefLabel xml:lang="en">{"id": "8653e5b1-a09e-4189-9928-bf17601fe715", "value": "Active - Full/Published"}</skos:prefLabel>
        <dcterms:identifier xml:lang="en">{"id": "2d87ef3c-9523-4c35-a050-1810dd702b5d", "value": "http://localhost:8000/fc803721-d067-4942-8d22-796016e5cde6"}</dcterms:identifier>
      </skos:Concept>
    </skos:hasTopConcept>
    <dcterms:title xml:lang="en">{"id": "4a35b87d-29fe-4432-ad9f-3c7805acf180", "value": "Record Status"}</dcterms:title>
  </skos:ConceptScheme>
</rdf:RDF>
