<?xml version="1.0" encoding="utf-8"?>
<rdf:RDF
  xmlns:skos="http://www.w3.org/2004/02/skos/core#"
  xmlns:dcterms="http://purl.org/dc/terms/"
  xmlns:rdf="http://www.w3.org/1999/02/22-rdf-syntax-ns#"
>
  <skos:Concept rdf:about="http://localhost:8000/1b50dc8f-a1ff-4d9e-960f-75b451246baa">
    <skos:prefLabel xml:lang="en">{"id": "ecf19964-58a0-49a1-a31a-76262d807130", "value": "Creation"}</skos:prefLabel>
    <dcterms:identifier xml:lang="en">{"id": "f75e20a6-91ca-4f0d-9fbe-3f7f32fab416", "value": "http://localhost:8000/1b50dc8f-a1ff-4d9e-960f-75b451246baa"}</dcterms:identifier>
    <skos:inScheme>
      <skos:ConceptScheme rdf:about="http://localhost:8000/d43d1a5f-e44c-44ba-843a-4dc250c86a8a">
        <dcterms:identifier xml:lang="en">{"id": "e93d20be-d076-444c-975f-d638c7fd834e", "value": "http://localhost:8000/d43d1a5f-e44c-44ba-843a-4dc250c86a8a"}</dcterms:identifier>
        <dcterms:title xml:lang="en">{"id": "115865ac-53d3-4245-a99c-d0eb65a82988", "value": "Record Action Type"}</dcterms:title>
        <skos:hasTopConcept rdf:resource="http://localhost:8000/1b50dc8f-a1ff-4d9e-960f-75b451246baa"/>
        <skos:hasTopConcept rdf:resource="http://localhost:8000/23c91944-dced-44c3-b99e-7cf776ff1efc"/>
        <skos:hasTopConcept rdf:resource="http://localhost:8000/2085c060-e641-42cc-8c0b-7e505457d3c4"/>
      </skos:ConceptScheme>
    </skos:inScheme>
  </skos:Concept>
  <skos:Concept rdf:about="http://localhost:8000/2085c060-e641-42cc-8c0b-7e505457d3c4">
    <skos:inScheme rdf:resource="http://localhost:8000/d43d1a5f-e44c-44ba-843a-4dc250c86a8a"/>
    <dcterms:identifier xml:lang="en">{"id": "d6deaac4-26de-4d2d-9018-d0bbbe6bedcc", "value": "http://localhost:8000/2085c060-e641-42cc-8c0b-7e505457d3c4"}</dcterms:identifier>
    <skos:prefLabel xml:lang="en">{"id": "dc33ee6d-e7e4-4095-a31f-05e381195aee", "value": "Update"}</skos:prefLabel>
  </skos:Concept>
  <skos:Concept rdf:about="http://localhost:8000/23c91944-dced-44c3-b99e-7cf776ff1efc">
    <skos:inScheme rdf:resource="http://localhost:8000/d43d1a5f-e44c-44ba-843a-4dc250c86a8a"/>
    <skos:prefLabel xml:lang="en">{"id": "819f37ba-70b4-45a1-8281-be9d0f1e6c74", "value": "Deletion"}</skos:prefLabel>
    <dcterms:identifier xml:lang="en">{"id": "8e1143a2-aed6-4ece-94d6-d2b4a8f8a095", "value": "http://localhost:8000/23c91944-dced-44c3-b99e-7cf776ff1efc"}</dcterms:identifier>
  </skos:Concept>
</rdf:RDF>
