<?xml version="1.0" encoding="utf-8"?>
<rdf:RDF
  xmlns:skos="http://www.w3.org/2004/02/skos/core#"
  xmlns:dcterms="http://purl.org/dc/terms/"
  xmlns:rdf="http://www.w3.org/1999/02/22-rdf-syntax-ns#"
>
  <skos:Concept rdf:about="http://localhost:8000/03bf7d19-aa14-480d-aabf-ae17adfb6a05">
    <skos:inScheme>
      <skos:ConceptScheme rdf:about="http://localhost:8000/0a9c2801-53e7-465a-9b50-d196f58f540d">
        <skos:hasTopConcept rdf:resource="http://localhost:8000/645c268e-5b26-4cba-b252-f39ceaa66525"/>
        <dcterms:title xml:lang="en">{"id": "7a7dfebe-e8c9-452e-9b51-b31ab33735ef", "value": "Relationship Type"}</dcterms:title>
        <dcterms:identifier xml:lang="en">{"id": "9d7e8956-d907-4073-acd0-e88bc8a491fa", "value": "http://localhost:8000/0a9c2801-53e7-465a-9b50-d196f58f540d"}</dcterms:identifier>
        <skos:hasTopConcept rdf:resource="http://localhost:8000/03bf7d19-aa14-480d-aabf-ae17adfb6a05"/>
        <skos:hasTopConcept rdf:resource="http://localhost:8000/f33ccf7e-6107-4eb7-96b1-fe231401e746"/>
      </skos:ConceptScheme>
    </skos:inScheme>
    <skos:prefLabel xml:lang="en">{"id": "b5fede1b-eec2-48d2-a9c0-d5826f7769ea", "value": "Is referred to by"}</skos:prefLabel>
    <skos:altLabel xml:lang="en">{"id": "a11f58e3-a180-4da1-a758-f3b6fe570255", "value": "REF"}</skos:altLabel>
    <dcterms:identifier xml:lang="en">{"id": "5c6174c0-92d1-4f4c-85fb-7b25ba24391b", "value": "http://localhost:8000/03bf7d19-aa14-480d-aabf-ae17adfb6a05"}</dcterms:identifier>
  </skos:Concept>
  <skos:Concept rdf:about="http://localhost:8000/f33ccf7e-6107-4eb7-96b1-fe231401e746">
    <skos:prefLabel xml:lang="en">{"id": "abb5cae5-f2b9-4fbb-bbbc-f64083094014", "value": "Identified as"}</skos:prefLabel>
    <skos:inScheme rdf:resource="http://localhost:8000/0a9c2801-53e7-465a-9b50-d196f58f540d"/>
    <dcterms:identifier xml:lang="en">{"id": "c4dbf65b-4c20-46fa-88da-812bfee29725", "value": "http://localhost:8000/f33ccf7e-6107-4eb7-96b1-fe231401e746"}</dcterms:identifier>
  </skos:Concept>
  <skos:Concept rdf:about="http://localhost:8000/645c268e-5b26-4cba-b252-f39ceaa66525">
    <skos:inScheme rdf:resource="http://localhost:8000/0a9c2801-53e7-465a-9b50-d196f58f540d"/>
    <skos:altLabel xml:lang="en">{"id": "e378e306-1fbb-41b4-9a29-f4ee9f9d0b4a", "value": "GAS"}</skos:altLabel>
    <dcterms:identifier xml:lang="en">{"id": "e5653df7-963e-4943-906a-8641701c69b2", "value": "http://localhost:8000/645c268e-5b26-4cba-b252-f39ceaa66525"}</dcterms:identifier>
    <skos:prefLabel xml:lang="en">{"id": "a3d09202-655f-452d-b2e1-25664033d971", "value": "General association"}</skos:prefLabel>
  </skos:Concept>
</rdf:RDF>
