<?xml version="1.0" encoding="utf-8"?>
<rdf:RDF
  xmlns:skos="http://www.w3.org/2004/02/skos/core#"
  xmlns:dcterms="http://purl.org/dc/terms/"
  xmlns:rdf="http://www.w3.org/1999/02/22-rdf-syntax-ns#"
>
  <skos:Concept rdf:about="http://localhost:8000/368d43d0-3c4d-4df2-b1cb-f1587b02e6a2">
    <skos:inScheme>
      <skos:ConceptScheme rdf:about="http://localhost:8000/1f57cc90-5315-4d5f-9678-c967349ff35e">
        <skos:hasTopConcept rdf:resource="http://localhost:8000/368d43d0-3c4d-4df2-b1cb-f1587b02e6a2"/>
        <skos:hasTopConcept rdf:resource="http://localhost:8000/67f375c1-6133-4e29-896e-902e85e4bf5e"/>
        <skos:hasTopConcept rdf:resource="http://localhost:8000/725c931e-90ff-4906-a195-74c6f32ec80b"/>
        <skos:hasTopConcept rdf:resource="http://localhost:8000/77b563db-2f11-418d-ac59-c4d359872ff8"/>
        <skos:hasTopConcept rdf:resource="http://localhost:8000/4050ab31-6a68-443c-a9e5-19b1ed454337"/>
        <skos:hasTopConcept rdf:resource="http://localhost:8000/db5eb02b-f4b6-4e72-bbe8-f7cdf3018672"/>
        <dcterms:title xml:lang="en">{"id": "b0d053a3-5332-4de1-9108-296b9848a3f8", "value": "Resource Model Types"}</dcterms:title>
        <skos:hasTopConcept rdf:resource="http://localhost:8000/31e8c5e2-8a94-4766-8242-34f2493f7dd2"/>
        <skos:hasTopConcept rdf:resource="http://localhost:8000/96e72f45-0747-480c-8f2d-0d4f208a24c5"/>
        <skos:hasTopConcept rdf:resource="http://localhost:8000/c8720f33-102a-48e1-9a25-6e737327fa95"/>
        <skos:hasTopConcept rdf:resource="http://localhost:8000/72f83e73-3c1b-4eee-824d-e68886c44268"/>
        <skos:hasTopConcept rdf:resource="http://localhost:8000/86960d9d-0333-496a-968d-e7fc34579cf4"/>
        <dcterms:identifier xml:lang="en">{"id": "15646f6f-36f7-427a-a88c-94a64487669f", "value": "http://localhost:8000/1f57cc90-5315-4d5f-9678-c967349ff35e"}</dcterms:identifier>
        <skos:hasTopConcept rdf:resource="http://localhost:8000/ef5770f7-017b-42e8-aa5d-be2be5118eac"/>
        <skos:hasTopConcept rdf:resource="http://localhost:8000/a8ccf096-4ef3-4a67-b1b6-dafe46a5e85f"/>
        <skos:hasTopConcept rdf:resource="http://localhost:8000/eae5b3aa-4e3a-4010-aac4-4fcf19d1187c"/>
        <skos:hasTopConcept rdf:resource="http://localhost:8000/97607023-b3a9-4a2b-8ea7-89aae955c56b"/>
        <skos:hasTopConcept rdf:resource="http://localhost:8000/bc58e677-c779-451d-9cb4-7d95110ba279"/>
      </skos:ConceptScheme>
    </skos:inScheme>
    <skos:prefLabel xml:lang="en">{"id": "43a9df96-0233-4fb3-b3af-c904f20dec6d", "value": "Person"}</skos:prefLabel>
    <dcterms:identifier xml:lang="en">{"id": "5cd1d962-3046-490e-b706-31da6612c386", "value": "http://localhost:8000/368d43d0-3c4d-4df2-b1cb-f1587b02e6a2"}</dcterms:identifier>
  </skos:Concept>
  <skos:Concept rdf:about="http://localhost:8000/ef5770f7-017b-42e8-aa5d-be2be5118eac">
    <skos:prefLabel xml:lang="en">{"id": "be46eab1-2c04-4582-b26e-3436bcf66be0", "value": "Consultation"}</skos:prefLabel>
    <skos:inScheme rdf:resource="http://localhost:8000/1f57cc90-5315-4d5f-9678-c967349ff35e"/>
    <dcterms:identifier xml:lang="en">{"id": "64a910ed-d725-441d-8c89-0a3e0de7bffe", "value": "http://localhost:8000/ef5770f7-017b-42e8-aa5d-be2be5118eac"}</dcterms:identifier>
  </skos:Concept>
  <skos:Concept rdf:about="http://localhost:8000/eae5b3aa-4e3a-4010-aac4-4fcf19d1187c">
    <skos:prefLabel xml:lang="en">{"id": "6526f7ec-e6f2-41a8-b143-c93ba1cf6b3b", "value": "Period"}</skos:prefLabel>
    <skos:inScheme rdf:resource="http://localhost:8000/1f57cc90-5315-4d5f-9678-c967349ff35e"/>
    <dcterms:identifier xml:lang="en">{"id": "b3bc234e-7614-4aef-b381-5abe8d203b64", "value": "http://localhost:8000/eae5b3aa-4e3a-4010-aac4-4fcf19d1187c"}</dcterms:identifier>
  </skos:Concept>
  <skos:Concept rdf:about="http://localhost:8000/86960d9d-0333-496a-968d-e7fc34579cf4">
    <skos:prefLabel xml:lang="en">{"id": "6492f888-d891-4afc-b4d0-d254681ece49", "value": "Maritime Craft"}</skos:prefLabel>
    <skos:inScheme rdf:resource="http://localhost:8000/1f57cc90-5315-4d5f-9678-c967349ff35e"/>
    <dcterms:identifier xml:lang="en">{"id": "9c101bef-2d04-4c3e-8d35-44f8f27aa000", "value": "http://localhost:8000/86960d9d-0333-496a-968d-e7fc34579cf4"}</dcterms:identifier>
  </skos:Concept>
  <skos:Concept rdf:about="http://localhost:8000/96e72f45-0747-480c-8f2d-0d4f208a24c5">
    <skos:inScheme rdf:resource="http://localhost:8000/1f57cc90-5315-4d5f-9678-c967349ff35e"/>
    <dcterms:identifier xml:lang="en">{"id": "5bf94ad7-c13b-42a5-b1f1-c1a4e94bbd86", "value": "http://localhost:8000/96e72f45-0747-480c-8f2d-0d4f208a24c5"}</dcterms:identifier>
    <skos:prefLabel xml:lang="en">{"id": "cddc150c-6dd5-47d0-b663-a8cdbc6efc36", "value": "Bibliographic Source"}</skos:prefLabel>
  </skos:Concept>
  <skos:Concept rdf:about="http://localhost:8000/77b563db-2f11-418d-ac59-c4d359872ff8">
    <skos:prefLabel xml:lang="en">{"id": "d2b4b5fe-75b4-4f14-9912-20ff2e47b2de", "value": "Application Area"}</skos:prefLabel>
    <skos:inScheme rdf:resource="http://localhost:8000/1f57cc90-5315-4d5f-9678-c967349ff35e"/>
    <dcterms:identifier xml:lang="en">{"id": "f88fd6e0-c4dd-4579-8df6-c81455e37e08", "value": "http://localhost:8000/77b563db-2f11-418d-ac59-c4d359872ff8"}</dcterms:identifier>
  </skos:Concept>
  <skos:Concept rdf:about="http://localhost:8000/72f83e73-3c1b-4eee-824d-e68886c44268">
    <dcterms:identifier xml:lang="en">{"id": "7e6fcd88-987b-4c41-9e6c-59683b835412", "value": "http://localhost:8000/72f83e73-3c1b-4eee-824d-e68886c44268"}</dcterms:identifier>
    <skos:inScheme rdf:resource="http://localhost:8000/1f57cc90-5315-4d5f-9678-c967349ff35e"/>
    <skos:prefLabel xml:lang="en">{"id": "cba95052-f37c-428d-8d36-898baf3655b3", "value": "Organization"}</skos:prefLabel>
  </skos:Concept>
  <skos:Concept rdf:about="http://localhost:8000/c8720f33-102a-48e1-9a25-6e737327fa95">
    <dcterms:identifier xml:lang="en">{"id": "307b00bc-f641-4789-9422-720937117695", "value": "http://localhost:8000/c8720f33-102a-48e1-9a25-6e737327fa95"}</dcterms:identifier>
    <skos:prefLabel xml:lang="en">{"id": "de1e268c-2051-4af4-8b12-8793526408be", "value": "Digital Object"}</skos:prefLabel>
    <skos:inScheme rdf:resource="http://localhost:8000/1f57cc90-5315-4d5f-9678-c967349ff35e"/>
  </skos:Concept>
  <skos:Concept rdf:about="http://localhost:8000/67f375c1-6133-4e29-896e-902e85e4bf5e">
    <dcterms:identifier xml:lang="en">{"id": "623169f5-8544-4abf-810f-c9dad2b6068b", "value": "http://localhost:8000/67f375c1-6133-4e29-896e-902e85e4bf5e"}</dcterms:identifier>
    <skos:prefLabel xml:lang="en">{"id": "308e984e-5c8d-474c-826a-c20f81070743", "value": "Activity"}</skos:prefLabel>
    <skos:inScheme rdf:resource="http://localhost:8000/1f57cc90-5315-4d5f-9678-c967349ff35e"/>
  </skos:Concept>
  <skos:Concept rdf:about="http://localhost:8000/4050ab31-6a68-443c-a9e5-19b1ed454337">
    <skos:prefLabel xml:lang="en">{"id": "e1845e42-238d-4d78-a729-637a0c59cc4d", "value": "Artefact"}</skos:prefLabel>
    <skos:inScheme rdf:resource="http://localhost:8000/1f57cc90-5315-4d5f-9678-c967349ff35e"/>
    <dcterms:identifier xml:lang="en">{"id": "39625c79-8d73-46e7-89d1-9951c82d87b2", "value": "http://localhost:8000/4050ab31-6a68-443c-a9e5-19b1ed454337"}</dcterms:identifier>
  </skos:Concept>
  <skos:Concept rdf:about="http://localhost:8000/97607023-b3a9-4a2b-8ea7-89aae955c56b">
    <skos:inScheme rdf:resource="http://localhost:8000/1f57cc90-5315-4d5f-9678-c967349ff35e"/>
    <skos:prefLabel xml:lang="en">{"id": "74e4d520-94fb-4189-83c5-7fc41c81224b", "value": "Heritage Story"}</skos:prefLabel>
    <dcterms:identifier xml:lang="en">{"id": "b2694824-ce09-4f53-809d-326d86bf95f8", "value": "http://localhost:8000/97607023-b3a9-4a2b-8ea7-89aae955c56b"}</dcterms:identifier>
  </skos:Concept>
  <skos:Concept rdf:about="http://localhost:8000/db5eb02b-f4b6-4e72-bbe8-f7cdf3018672">
    <skos:inScheme rdf:resource="http://localhost:8000/1f57cc90-5315-4d5f-9678-c967349ff35e"/>
    <dcterms:identifier xml:lang="en">{"id": "7a3683c3-f696-4ce0-95a4-a425af7db6c1", "value": "http://localhost:8000/db5eb02b-f4b6-4e72-bbe8-f7cdf3018672"}</dcterms:identifier>
    <skos:prefLabel xml:lang="en">{"id": "81492c82-8a7e-4537-8912-1f96728d1cea", "value": "Historic Landscape Characterization"}</skos:prefLabel>
  </skos:Concept>
  <skos:Concept rdf:about="http://localhost:8000/bc58e677-c779-451d-9cb4-7d95110ba279">
    <skos:prefLabel xml:lang="en">{"id": "1e3ce70c-d4a2-416f-83f3-4b2368b3974f", "value": "Archive Source"}</skos:prefLabel>
    <dcterms:identifier xml:lang="en">{"id": "88c3cbff-8539-4a0d-a879-8b87abe0f3bd", "value": "http://localhost:8000/bc58e677-c779-451d-9cb4-7d95110ba279"}</dcterms:identifier>
    <skos:inScheme rdf:resource="http://localhost:8000/1f57cc90-5315-4d5f-9678-c967349ff35e"/>
  </skos:Concept>
  <skos:Concept rdf:about="http://localhost:8000/a8ccf096-4ef3-4a67-b1b6-dafe46a5e85f">
    <skos:prefLabel xml:lang="en">{"id": "a1136034-32f9-4668-b93f-ab8d63b9343e", "value": "Heritage Area"}</skos:prefLabel>
    <skos:inScheme rdf:resource="http://localhost:8000/1f57cc90-5315-4d5f-9678-c967349ff35e"/>
    <dcterms:identifier xml:lang="en">{"id": "fe21ca67-81a9-4262-b69f-a3c7be6fddd7", "value": "http://localhost:8000/a8ccf096-4ef3-4a67-b1b6-dafe46a5e85f"}</dcterms:identifier>
  </skos:Concept>
  <skos:Concept rdf:about="http://localhost:8000/725c931e-90ff-4906-a195-74c6f32ec80b">
    <skos:prefLabel xml:lang="en">{"id": "1800d6af-43f9-4986-a456-dfddd6275590", "value": "Historic Aircraft"}</skos:prefLabel>
    <dcterms:identifier xml:lang="en">{"id": "8ad1862e-1007-46b8-988c-4af9047803c9", "value": "http://localhost:8000/725c931e-90ff-4906-a195-74c6f32ec80b"}</dcterms:identifier>
    <skos:inScheme rdf:resource="http://localhost:8000/1f57cc90-5315-4d5f-9678-c967349ff35e"/>
  </skos:Concept>
  <skos:Concept rdf:about="http://localhost:8000/31e8c5e2-8a94-4766-8242-34f2493f7dd2">
    <dcterms:identifier xml:lang="en">{"id": "373c679d-c080-4797-bd7e-c51465938d40", "value": "http://localhost:8000/31e8c5e2-8a94-4766-8242-34f2493f7dd2"}</dcterms:identifier>
    <skos:inScheme rdf:resource="http://localhost:8000/1f57cc90-5315-4d5f-9678-c967349ff35e"/>
    <skos:prefLabel xml:lang="en">{"id": "f1f134ab-f05a-4861-af29-858d71cb02ab", "value": "Heritage Asset"}</skos:prefLabel>
  </skos:Concept>
</rdf:RDF>
