<?xml version="1.0" encoding="utf-8"?>
<rdf:RDF
  xmlns:skos="http://www.w3.org/2004/02/skos/core#"
  xmlns:dcterms="http://purl.org/dc/terms/"
  xmlns:rdf="http://www.w3.org/1999/02/22-rdf-syntax-ns#"
>
  <skos:Concept rdf:about="http://localhost:8000/bbc896d3-5919-48eb-ae55-2b8b7e3f367a">
    <dcterms:identifier xml:lang="en">{"id": "49317309-4855-454f-a70e-e0f9a9f9b07f", "value": "http://localhost:8000/bbc896d3-5919-48eb-ae55-2b8b7e3f367a"}</dcterms:identifier>
    <skos:prefLabel xml:lang="en">{"id": "35c26450-b763-4e13-9642-b0dbf232bfdb", "value": "High"}</skos:prefLabel>
    <skos:inScheme>
      <skos:ConceptScheme rdf:about="http://localhost:8000/bd05d49c-cc85-4ea7-8b2e-b7d2cd47f7f8">
        <skos:hasTopConcept rdf:resource="http://localhost:8000/98cae5e0-6675-426e-a104-dd92dd6349f8"/>
        <dcterms:identifier xml:lang="en">{"id": "5bb15422-f5f8-4e2a-995d-0b4428b7b037", "value": "http://localhost:8000/bd05d49c-cc85-4ea7-8b2e-b7d2cd47f7f8"}</dcterms:identifier>
        <skos:hasTopConcept rdf:resource="http://localhost:8000/f648c5bd-34e1-430d-a49c-bd351a6cace5"/>
        <skos:hasTopConcept rdf:resource="http://localhost:8000/bbc896d3-5919-48eb-ae55-2b8b7e3f367a"/>
        <skos:hasTopConcept rdf:resource="http://localhost:8000/9b61f81a-081e-4f81-8ded-3a71975d2f9b"/>
        <skos:hasTopConcept rdf:resource="http://localhost:8000/f395a71c-a21c-4d38-bb27-17a6a62d1b25"/>
        <dcterms:title xml:lang="en">{"id": "9c517220-c0c9-4397-9810-d0407ff3b432", "value": "Risk to Site"}</dcterms:title>
      </skos:ConceptScheme>
    </skos:inScheme>
  </skos:Concept>
  <skos:Concept rdf:about="http://localhost:8000/98cae5e0-6675-426e-a104-dd92dd6349f8">
    <dcterms:identifier xml:lang="en">{"id": "91e61a24-824d-4545-a579-000c015839a2", "value": "http://localhost:8000/98cae5e0-6675-426e-a104-dd92dd6349f8"}</dcterms:identifier>
    <skos:inScheme rdf:resource="http://localhost:8000/bd05d49c-cc85-4ea7-8b2e-b7d2cd47f7f8"/>
    <skos:prefLabel xml:lang="en">{"id": "ee01b38c-36d0-42b7-aba3-88685d5105b5", "value": "Very High"}</skos:prefLabel>
  </skos:Concept>
  <skos:Concept rdf:about="http://localhost:8000/f648c5bd-34e1-430d-a49c-bd351a6cace5">
    <skos:inScheme rdf:resource="http://localhost:8000/bd05d49c-cc85-4ea7-8b2e-b7d2cd47f7f8"/>
    <dcterms:identifier xml:lang="en">{"id": "c0810bf7-bcc2-4c7c-ad64-68519838e79f", "value": "http://localhost:8000/f648c5bd-34e1-430d-a49c-bd351a6cace5"}</dcterms:identifier>
    <skos:prefLabel xml:lang="en">{"id": "c10df5e8-a12d-41a6-9288-7ca05ea14854", "value": "Medium"}</skos:prefLabel>
  </skos:Concept>
  <skos:Concept rdf:about="http://localhost:8000/9b61f81a-081e-4f81-8ded-3a71975d2f9b">
    <dcterms:identifier xml:lang="en">{"id": "08780316-bb59-4097-b67e-4b3a56fc0a67", "value": "http://localhost:8000/9b61f81a-081e-4f81-8ded-3a71975d2f9b"}</dcterms:identifier>
    <skos:prefLabel xml:lang="en">{"id": "df11018c-55bd-4838-9da9-a9175b6bbcab", "value": "Immediate"}</skos:prefLabel>
    <skos:inScheme rdf:resource="http://localhost:8000/bd05d49c-cc85-4ea7-8b2e-b7d2cd47f7f8"/>
  </skos:Concept>
  <skos:Concept rdf:about="http://localhost:8000/f395a71c-a21c-4d38-bb27-17a6a62d1b25">
    <skos:inScheme rdf:resource="http://localhost:8000/bd05d49c-cc85-4ea7-8b2e-b7d2cd47f7f8"/>
    <skos:prefLabel xml:lang="en">{"id": "8bbc9591-d4fd-4a9b-80c0-d5b87dfae420", "value": "Low"}</skos:prefLabel>
    <dcterms:identifier xml:lang="en">{"id": "2cc1df5e-731d-4164-8ba5-1a4116e8feb3", "value": "http://localhost:8000/f395a71c-a21c-4d38-bb27-17a6a62d1b25"}</dcterms:identifier>
  </skos:Concept>
</rdf:RDF>
