<?xml version="1.0" encoding="utf-8"?>
<rdf:RDF
  xmlns:skos="http://www.w3.org/2004/02/skos/core#"
  xmlns:rdf="http://www.w3.org/1999/02/22-rdf-syntax-ns#"
  xmlns:dcterms="http://purl.org/dc/terms/"
>
  <skos:Concept rdf:about="http://localhost:8000/35fe2e5d-5b55-4801-8f76-5ed06b598802">
    <skos:inScheme>
      <skos:ConceptScheme rdf:about="http://localhost:8000/a6bb9d1a-a318-4b6b-bc2d-20450996f96a">
        <skos:hasTopConcept rdf:resource="http://localhost:8000/eb0db728-c13e-4198-ac11-c13831b25687"/>
        <skos:hasTopConcept rdf:resource="http://localhost:8000/fc317036-4ec2-4106-a7c6-3dc06f9c7851"/>
        <skos:hasTopConcept rdf:resource="http://localhost:8000/abebae40-e606-407a-9c57-f251da2b2c5a"/>
        <skos:hasTopConcept rdf:resource="http://localhost:8000/b4f7e4b0-f9da-40e5-8673-788517fb44a3"/>
        <skos:hasTopConcept rdf:resource="http://localhost:8000/496206ca-001d-4beb-bb07-6519ee0c037f"/>
        <skos:hasTopConcept rdf:resource="http://localhost:8000/9665bf64-67b9-4f1c-a654-1d1dc4e2f46f"/>
        <skos:hasTopConcept rdf:resource="http://localhost:8000/3153f35e-7b01-4aa7-8248-483b13c3e304"/>
        <skos:hasTopConcept rdf:resource="http://localhost:8000/85fbff7e-268f-4403-ab70-a68e484644e5"/>
        <skos:hasTopConcept rdf:resource="http://localhost:8000/aba711ee-c5c8-46ea-8ac7-26ae0853b22c"/>
        <skos:hasTopConcept rdf:resource="http://localhost:8000/84040d81-3952-4848-9b6a-3f171a65e461"/>
        <skos:hasTopConcept rdf:resource="http://localhost:8000/4067d705-1c3a-4d41-99ce-87e2af30976b"/>
        <skos:hasTopConcept rdf:resource="http://localhost:8000/b3c08fd5-827e-4973-83ce-806a49058145"/>
        <skos:hasTopConcept rdf:resource="http://localhost:8000/22369b05-5a17-4fd2-a371-631336b71d92"/>
        <skos:hasTopConcept rdf:resource="http://localhost:8000/af05f662-76d8-4c60-a239-85dec79b70e5"/>
        <skos:hasTopConcept rdf:resource="http://localhost:8000/89e09433-488c-4b39-9bdd-2cfe4cf0bfb3"/>
        <skos:hasTopConcept rdf:resource="http://localhost:8000/8d4e5326-7ba3-4ac5-a1df-6982c06b9f5c"/>
        <skos:hasTopConcept rdf:resource="http://localhost:8000/cead1353-d532-48d2-8b54-5befe6f1ee5d"/>
        <skos:hasTopConcept rdf:resource="http://localhost:8000/3e055cf3-846d-4dc8-b4cc-c064de92a576"/>
        <skos:hasTopConcept rdf:resource="http://localhost:8000/44851cc6-180d-4d67-9fec-883253dd5146"/>
        <skos:hasTopConcept rdf:resource="http://localhost:8000/57918eeb-e345-48a5-9d5c-595614d77beb"/>
        <skos:hasTopConcept rdf:resource="http://localhost:8000/03114e10-8433-4a13-8aab-6bafbbf218a2"/>
        <skos:hasTopConcept rdf:resource="http://localhost:8000/4fa3c1aa-fc4f-498e-b23c-5795512fe07d"/>
        <skos:hasTopConcept rdf:resource="http://localhost:8000/cc0584c4-92ef-4baa-a7b8-78428ebf77f8"/>
        <skos:hasTopConcept rdf:resource="http://localhost:8000/1885ba0c-d97e-4cee-b703-570c30aba955"/>
        <skos:hasTopConcept rdf:resource="http://localhost:8000/13039aeb-b019-44b2-af97-7161f54a4141"/>
        <skos:hasTopConcept rdf:resource="http://localhost:8000/30a497ea-7761-4c83-9355-1d1b3a2ba702"/>
        <skos:hasTopConcept rdf:resource="http://localhost:8000/81469b37-17cb-42f6-8916-6a9073dedb10"/>
        <skos:hasTopConcept rdf:resource="http://localhost:8000/ff215f29-56c6-4080-af87-6cb7b2be6951"/>
        <skos:hasTopConcept rdf:resource="http://localhost:8000/78ee1b0e-9ffd-41df-abe0-fb1bb8ee0e54"/>
        <skos:hasTopConcept rdf:resource="http://localhost:8000/adcd09e3-5ab2-451a-b5a3-b52a8ae9de52"/>
        <skos:hasTopConcept rdf:resource="http://localhost:8000/0a7a94e9-8418-410a-9211-0be0977ef2c1"/>
        <skos:hasTopConcept rdf:resource="http://localhost:8000/c7869bc4-08cc-48c1-968a-0125493555e2"/>
        <skos:hasTopConcept rdf:resource="http://localhost:8000/fe37130b-0d05-4855-99eb-0fe9f0c03a08"/>
        <skos:hasTopConcept rdf:resource="http://localhost:8000/d86748b2-25b8-4859-b07c-d37812bb6eab"/>
        <skos:hasTopConcept rdf:resource="http://localhost:8000/5e9c7379-a044-405a-a5bc-3010929264e2"/>
        <skos:hasTopConcept rdf:resource="http://localhost:8000/ae39c55d-2862-45e6-9baa-2b96b69bd831"/>
        <skos:hasTopConcept rdf:resource="http://localhost:8000/80816e70-ef91-4f07-ba8f-08284df9e8a1"/>
        <skos:hasTopConcept rdf:resource="http://localhost:8000/57c5845a-c434-48d1-ac57-957601b1d977"/>
        <skos:hasTopConcept rdf:resource="http://localhost:8000/6a0bbfa0-fd56-4eb1-a21d-8f860fe900c3"/>
        <skos:hasTopConcept rdf:resource="http://localhost:8000/ab27f0b0-0aa4-49ae-aa3d-a89125f8c10f"/>
        <skos:hasTopConcept rdf:resource="http://localhost:8000/0ffa23e7-acf1-451d-a8fe-1267f2cbeadf"/>
        <skos:hasTopConcept rdf:resource="http://localhost:8000/050c1c9e-8c6c-405a-a5b9-3e708389a9a0"/>
        <skos:hasTopConcept rdf:resource="http://localhost:8000/05191a16-47fb-410e-8a30-6b67ca94f82d"/>
        <skos:hasTopConcept rdf:resource="http://localhost:8000/b407b5e5-7e2e-420c-9717-7f22df0d6ace"/>
        <dcterms:title xml:lang="en">{"id": "c36e2f1a-6b7f-4c5c-8098-4c3b55fe73dc", "value": "Role Type"}</dcterms:title>
        <skos:hasTopConcept rdf:resource="http://localhost:8000/1b9eb06e-438d-4660-be3b-03849754a343"/>
        <skos:hasTopConcept rdf:resource="http://localhost:8000/05441678-622d-4ce1-a269-49a30a535451"/>
        <skos:hasTopConcept rdf:resource="http://localhost:8000/a175734c-0a2d-47df-853a-32cad93f8d17"/>
        <skos:hasTopConcept rdf:resource="http://localhost:8000/8aaddb68-04b8-442b-8522-547d1a6f3da7"/>
        <skos:hasTopConcept rdf:resource="http://localhost:8000/25c3a535-88ac-4357-ab12-7eae872c1df2"/>
        <skos:hasTopConcept rdf:resource="http://localhost:8000/698f659b-3650-45e4-96ac-9d74a672abc9"/>
        <skos:hasTopConcept rdf:resource="http://localhost:8000/0ae4bfb1-a234-487d-90b9-9fba945a908b"/>
        <skos:hasTopConcept rdf:resource="http://localhost:8000/2cb84676-f44c-4014-a563-932f5ec9e803"/>
        <skos:hasTopConcept rdf:resource="http://localhost:8000/61a22eb0-8358-4c6b-b743-e5160dd72e11"/>
        <skos:hasTopConcept rdf:resource="http://localhost:8000/2e20d407-aff1-4388-a9ed-801880833fe0"/>
        <skos:hasTopConcept rdf:resource="http://localhost:8000/201d4f86-d227-4fe0-902a-896d67b859d8"/>
        <skos:hasTopConcept rdf:resource="http://localhost:8000/f2196d5e-eedd-4a9d-86a4-e503f6d76f98"/>
        <skos:hasTopConcept rdf:resource="http://localhost:8000/13725ba9-9d0d-4d15-a70c-8bb6465ee6b5"/>
        <skos:hasTopConcept rdf:resource="http://localhost:8000/7d6feee2-f976-4739-b023-7fc8dce9d1ef"/>
        <skos:hasTopConcept rdf:resource="http://localhost:8000/7fbcab95-f967-4ee7-8ed7-7076d94ebebe"/>
        <skos:hasTopConcept rdf:resource="http://localhost:8000/7f788f2f-b7e1-4eb6-9be4-1a3607cad59a"/>
        <skos:hasTopConcept rdf:resource="http://localhost:8000/75f82d18-de48-42a4-8307-805c281f061f"/>
        <skos:hasTopConcept rdf:resource="http://localhost:8000/794ae3de-737c-4741-9026-24cffc216d13"/>
        <skos:hasTopConcept rdf:resource="http://localhost:8000/33cd4e89-730e-4f66-acd7-6dbf5eaf0425"/>
        <dcterms:identifier xml:lang="en">{"id": "21181630-27d8-44d0-842a-e6c63ede6fd6", "value": "http://www.archesproject.org/a6bb9d1a-a318-4b6b-bc2d-20450996f96a"}</dcterms:identifier>
        <skos:hasTopConcept rdf:resource="http://localhost:8000/11f88573-1758-4d0f-98f4-6b5081a0ee3b"/>
        <skos:hasTopConcept rdf:resource="http://localhost:8000/72852e50-b147-4ce2-bd5f-08205536442e"/>
        <skos:hasTopConcept rdf:resource="http://localhost:8000/7c8b5a70-f5b6-430e-957c-f813c7994b23"/>
        <skos:hasTopConcept rdf:resource="http://localhost:8000/7f5b07fe-c381-41a6-a787-5f245d304fb0"/>
        <skos:hasTopConcept rdf:resource="http://localhost:8000/cc236801-7efb-4bd7-abc3-0a31d9e083f8"/>
        <skos:hasTopConcept rdf:resource="http://localhost:8000/7c3f7e50-3fcb-4822-8dbb-55dbd826504f"/>
        <skos:hasTopConcept rdf:resource="http://localhost:8000/4bdd0d52-1140-485e-8edc-d3a65740c2bf"/>
        <skos:hasTopConcept rdf:resource="http://localhost:8000/25e9152c-0079-4c06-a17f-d88de7f5278a"/>
        <skos:hasTopConcept rdf:resource="http://localhost:8000/89cca74d-504b-47b4-99a5-3fb8912f4a2c"/>
        <skos:hasTopConcept rdf:resource="http://localhost:8000/adaaa755-606d-4e4e-8bed-669873331845"/>
        <skos:hasTopConcept rdf:resource="http://localhost:8000/b18927cc-bbe5-4b8e-8e68-8b8de83ec740"/>
        <skos:hasTopConcept rdf:resource="http://localhost:8000/f04ac2aa-0d09-43bb-a975-4e4c2ddded12"/>
        <skos:hasTopConcept rdf:resource="http://localhost:8000/0d1d58e2-4b1d-4bc8-a264-9186f6b40709"/>
        <skos:hasTopConcept rdf:resource="http://localhost:8000/b5f372d6-8daa-45f7-bc63-e22a7098e0b6"/>
        <skos:hasTopConcept rdf:resource="http://localhost:8000/35fe2e5d-5b55-4801-8f76-5ed06b598802"/>
        <skos:hasTopConcept rdf:resource="http://localhost:8000/f44e5919-bc31-4a8e-b3b8-add559028f82"/>
        <skos:hasTopConcept rdf:resource="http://localhost:8000/ce01ce24-cb19-4388-b182-447ba7880f48"/>
        <skos:hasTopConcept rdf:resource="http://localhost:8000/90ca1444-2ce4-4f38-b9b4-98e70c64444a"/>
        <skos:hasTopConcept rdf:resource="http://localhost:8000/bffcd100-1252-4cbc-9400-084f68131746"/>
      </skos:ConceptScheme>
    </skos:inScheme>
    <dcterms:identifier xml:lang="en">{"id": "a1fe9ee7-669e-4846-a0d0-cd74b014d74c", "value": "http://www.archesproject.org/35fe2e5d-5b55-4801-8f76-5ed06b598802"}</dcterms:identifier>
    <skos:prefLabel xml:lang="en">{"id": "6d43b7a2-ea7c-4ffe-a688-d2032386d6da", "value": "Compiler"}</skos:prefLabel>
  </skos:Concept>
  <skos:Concept rdf:about="http://localhost:8000/22369b05-5a17-4fd2-a371-631336b71d92">
    <skos:inScheme rdf:resource="http://localhost:8000/a6bb9d1a-a318-4b6b-bc2d-20450996f96a"/>
    <skos:prefLabel xml:lang="en">{"id": "918e7b72-cc10-4a00-865b-83edb0798273", "value": "Programmer"}</skos:prefLabel>
  </skos:Concept>
  <skos:Concept rdf:about="http://localhost:8000/b407b5e5-7e2e-420c-9717-7f22df0d6ace">
    <skos:inScheme rdf:resource="http://localhost:8000/a6bb9d1a-a318-4b6b-bc2d-20450996f96a"/>
    <skos:prefLabel xml:lang="en">{"id": "daa85d8e-64af-44cc-9535-61497c1cbffa", "value": "Designer"}</skos:prefLabel>
    <dcterms:identifier xml:lang="en">{"id": "04aedb4a-e59a-40fc-a4f2-d76d64227100", "value": "http://www.archesproject.org/b407b5e5-7e2e-420c-9717-7f22df0d6ace"}</dcterms:identifier>
  </skos:Concept>
  <skos:Concept rdf:about="http://localhost:8000/84040d81-3952-4848-9b6a-3f171a65e461">
    <skos:inScheme rdf:resource="http://localhost:8000/a6bb9d1a-a318-4b6b-bc2d-20450996f96a"/>
    <dcterms:identifier xml:lang="en">{"id": "3c2dddc1-7d98-4727-8f3c-869f960524b3", "value": "http://www.archesproject.org/84040d81-3952-4848-9b6a-3f171a65e461"}</dcterms:identifier>
    <skos:prefLabel xml:lang="en">{"id": "306f95db-4733-4f06-bfae-7c84d1068fef", "value": "Collector"}</skos:prefLabel>
  </skos:Concept>
  <skos:Concept rdf:about="http://localhost:8000/cc236801-7efb-4bd7-abc3-0a31d9e083f8">
    <skos:prefLabel xml:lang="en">{"id": "0d5f1ee2-2910-46d9-858f-4040f113a79c", "value": "Patron"}</skos:prefLabel>
    <dcterms:identifier xml:lang="en">{"id": "d48e341a-d564-4189-9200-2fd9a1c90269", "value": "http://www.archesproject.org/cc236801-7efb-4bd7-abc3-0a31d9e083f8"}</dcterms:identifier>
    <skos:inScheme rdf:resource="http://localhost:8000/a6bb9d1a-a318-4b6b-bc2d-20450996f96a"/>
  </skos:Concept>
  <skos:Concept rdf:about="http://localhost:8000/794ae3de-737c-4741-9026-24cffc216d13">
    <skos:inScheme rdf:resource="http://localhost:8000/a6bb9d1a-a318-4b6b-bc2d-20450996f96a"/>
    <skos:prefLabel xml:lang="en">{"id": "60e589c3-53d2-49be-8dd1-2f3002af47d8", "value": "Marine Aggregate Producer"}</skos:prefLabel>
    <dcterms:identifier xml:lang="en">{"id": "600f7b74-f940-443c-9d5d-0bcb14354c45", "value": "http://www.archesproject.org/794ae3de-737c-4741-9026-24cffc216d13"}</dcterms:identifier>
  </skos:Concept>
  <skos:Concept rdf:about="http://localhost:8000/0d1d58e2-4b1d-4bc8-a264-9186f6b40709">
    <skos:prefLabel xml:lang="en">{"id": "50a525cf-acd5-49cc-9123-4247f6418145", "value": "Casework Officer"}</skos:prefLabel>
    <skos:inScheme rdf:resource="http://localhost:8000/a6bb9d1a-a318-4b6b-bc2d-20450996f96a"/>
    <dcterms:identifier xml:lang="en">{"id": "7be8ac18-a6fd-45b3-b248-9a044b4f20b3", "value": "http://localhost:8000/0d1d58e2-4b1d-4bc8-a264-9186f6b40709"}</dcterms:identifier>
  </skos:Concept>
  <skos:Concept rdf:about="http://localhost:8000/72852e50-b147-4ce2-bd5f-08205536442e">
    <skos:inScheme rdf:resource="http://localhost:8000/a6bb9d1a-a318-4b6b-bc2d-20450996f96a"/>
    <skos:prefLabel xml:lang="en">{"id": "e6b4d6bd-be27-4046-ae8c-ab1dba679647", "value": "Authorizer"}</skos:prefLabel>
  </skos:Concept>
  <skos:Concept rdf:about="http://localhost:8000/7f5b07fe-c381-41a6-a787-5f245d304fb0">
    <skos:prefLabel xml:lang="en">{"id": "d00e6c07-63fd-4ec9-94b0-e5b4d47d4f1c", "value": "Photographer"}</skos:prefLabel>
    <skos:inScheme rdf:resource="http://localhost:8000/a6bb9d1a-a318-4b6b-bc2d-20450996f96a"/>
    <dcterms:identifier xml:lang="en">{"id": "856f3108-e919-4147-8d19-6c4c2bd820fa", "value": "http://www.archesproject.org/7f5b07fe-c381-41a6-a787-5f245d304fb0"}</dcterms:identifier>
  </skos:Concept>
  <skos:Concept rdf:about="http://localhost:8000/ce01ce24-cb19-4388-b182-447ba7880f48">
    <skos:prefLabel xml:lang="en">{"id": "b7a88c28-509c-498d-b661-b5b38c4f914b", "value": "Person of Historic Interest"}</skos:prefLabel>
    <skos:inScheme rdf:resource="http://localhost:8000/a6bb9d1a-a318-4b6b-bc2d-20450996f96a"/>
    <dcterms:identifier xml:lang="en">{"id": "6d768468-43b9-4ba6-8921-b949fecfed3a", "value": "http://www.archesproject.org/ce01ce24-cb19-4388-b182-447ba7880f48"}</dcterms:identifier>
  </skos:Concept>
  <skos:Concept rdf:about="http://localhost:8000/8d4e5326-7ba3-4ac5-a1df-6982c06b9f5c">
    <dcterms:identifier xml:lang="en">{"id": "62bce87a-4891-46ce-ba0f-816c3debfd08", "value": "http://www.archesproject.org/8d4e5326-7ba3-4ac5-a1df-6982c06b9f5c"}</dcterms:identifier>
    <skos:prefLabel xml:lang="en">{"id": "615bd8ef-a763-4110-b3f6-adc31939d843", "value": "Landscape Gardener"}</skos:prefLabel>
    <skos:inScheme rdf:resource="http://localhost:8000/a6bb9d1a-a318-4b6b-bc2d-20450996f96a"/>
  </skos:Concept>
  <skos:Concept rdf:about="http://localhost:8000/30a497ea-7761-4c83-9355-1d1b3a2ba702">
    <skos:prefLabel xml:lang="en">{"id": "9d4cd90f-6794-48f4-a9b5-f57399a93ccb", "value": "Aircraft Crew"}</skos:prefLabel>
    <skos:altLabel xml:lang="en">{"id": "84f81e3c-ed1e-4e06-b431-8a549cb77fb1", "value": "AIC"}</skos:altLabel>
    <dcterms:identifier xml:lang="en">{"id": "8c1df7ec-1252-401a-857e-1ea28113b36a", "value": "http://www.archesproject.org/30a497ea-7761-4c83-9355-1d1b3a2ba702"}</dcterms:identifier>
    <skos:inScheme rdf:resource="http://localhost:8000/a6bb9d1a-a318-4b6b-bc2d-20450996f96a"/>
  </skos:Concept>
  <skos:Concept rdf:about="http://localhost:8000/81469b37-17cb-42f6-8916-6a9073dedb10">
    <skos:prefLabel xml:lang="en">{"id": "1a047c3b-e377-4617-9ebd-67e02b37dd49", "value": "Aerial Surveyor"}</skos:prefLabel>
    <dcterms:identifier xml:lang="en">{"id": "29eb58f1-e3f2-4c60-a68f-9aa32482b54e", "value": "http://www.archesproject.org/81469b37-17cb-42f6-8916-6a9073dedb10"}</dcterms:identifier>
    <skos:inScheme rdf:resource="http://localhost:8000/a6bb9d1a-a318-4b6b-bc2d-20450996f96a"/>
    <skos:altLabel xml:lang="en">{"id": "95ceedd1-0fe0-45ab-8f8b-7b88200e3c12", "value": "AER"}</skos:altLabel>
  </skos:Concept>
  <skos:Concept rdf:about="http://localhost:8000/5e9c7379-a044-405a-a5bc-3010929264e2">
    <skos:inScheme rdf:resource="http://localhost:8000/a6bb9d1a-a318-4b6b-bc2d-20450996f96a"/>
    <skos:prefLabel xml:lang="en">{"id": "40067134-729c-4bdd-9e56-fc2db6dbf551", "value": "Printer"}</skos:prefLabel>
    <dcterms:identifier xml:lang="en">{"id": "e7fbd8e4-a5ca-4ebc-a628-20822bd3a309", "value": "http://www.archesproject.org/5e9c7379-a044-405a-a5bc-3010929264e2"}</dcterms:identifier>
  </skos:Concept>
  <skos:Concept rdf:about="http://localhost:8000/d86748b2-25b8-4859-b07c-d37812bb6eab">
    <skos:inScheme rdf:resource="http://localhost:8000/a6bb9d1a-a318-4b6b-bc2d-20450996f96a"/>
    <skos:prefLabel xml:lang="en">{"id": "eb25f44a-d061-41c5-9224-61199bc67461", "value": "Chairperson"}</skos:prefLabel>
  </skos:Concept>
  <skos:Concept rdf:about="http://localhost:8000/4fa3c1aa-fc4f-498e-b23c-5795512fe07d">
    <dcterms:identifier xml:lang="en">{"id": "3453ab39-976c-4a96-9376-381d6f2d32e3", "value": "http://www.archesproject.org/4fa3c1aa-fc4f-498e-b23c-5795512fe07d"}</dcterms:identifier>
    <skos:prefLabel xml:lang="en">{"id": "c8c2355d-aede-4208-952b-18ddbb8e58c9", "value": "Auspices"}</skos:prefLabel>
    <skos:altLabel xml:lang="en">{"id": "2920268f-9cdb-4992-b36b-ecf5bc33bf52", "value": "AUS"}</skos:altLabel>
    <skos:inScheme rdf:resource="http://localhost:8000/a6bb9d1a-a318-4b6b-bc2d-20450996f96a"/>
  </skos:Concept>
  <skos:Concept rdf:about="http://localhost:8000/33cd4e89-730e-4f66-acd7-6dbf5eaf0425">
    <skos:inScheme rdf:resource="http://localhost:8000/a6bb9d1a-a318-4b6b-bc2d-20450996f96a"/>
    <skos:prefLabel xml:lang="en">{"id": "ddbf586d-1970-46bd-ad19-c865eae3bddc", "value": "Supervisor"}</skos:prefLabel>
  </skos:Concept>
  <skos:Concept rdf:about="http://localhost:8000/f04ac2aa-0d09-43bb-a975-4e4c2ddded12">
    <skos:prefLabel xml:lang="en">{"id": "1541abf7-3a3c-40d2-a729-08fcd2fb2633", "value": "Curator"}</skos:prefLabel>
    <dcterms:identifier xml:lang="en">{"id": "468a9b1d-d041-4324-82a9-e51955861a0f", "value": "http://www.archesproject.org/f04ac2aa-0d09-43bb-a975-4e4c2ddded12"}</dcterms:identifier>
    <skos:inScheme rdf:resource="http://localhost:8000/a6bb9d1a-a318-4b6b-bc2d-20450996f96a"/>
  </skos:Concept>
  <skos:Concept rdf:about="http://localhost:8000/4067d705-1c3a-4d41-99ce-87e2af30976b">
    <skos:altLabel xml:lang="en">{"id": "b2fb1a69-cff4-476a-b8e2-708bf9b0bb77", "value": "ANN"}</skos:altLabel>
    <skos:inScheme rdf:resource="http://localhost:8000/a6bb9d1a-a318-4b6b-bc2d-20450996f96a"/>
    <skos:prefLabel xml:lang="en">{"id": "2447df49-2279-46d7-9a64-b080633f0391", "value": "Annotator"}</skos:prefLabel>
    <dcterms:identifier xml:lang="en">{"id": "aafe5461-5af5-43bf-a424-bb91944e291e", "value": "http://www.archesproject.org/4067d705-1c3a-4d41-99ce-87e2af30976b"}</dcterms:identifier>
  </skos:Concept>
  <skos:Concept rdf:about="http://localhost:8000/ff215f29-56c6-4080-af87-6cb7b2be6951">
    <skos:prefLabel xml:lang="en">{"id": "e0c04ab8-b6ff-4a73-bf49-3e3a703e1539", "value": "Site Inspector"}</skos:prefLabel>
    <skos:inScheme rdf:resource="http://localhost:8000/a6bb9d1a-a318-4b6b-bc2d-20450996f96a"/>
    <dcterms:identifier xml:lang="en">{"id": "ef5f229f-5790-448b-b9ed-0a0eca83c628", "value": "http://www.archesproject.org/ff215f29-56c6-4080-af87-6cb7b2be6951"}</dcterms:identifier>
  </skos:Concept>
  <skos:Concept rdf:about="http://localhost:8000/adaaa755-606d-4e4e-8bed-669873331845">
    <skos:inScheme rdf:resource="http://localhost:8000/a6bb9d1a-a318-4b6b-bc2d-20450996f96a"/>
    <skos:prefLabel xml:lang="en">{"id": "c75c194b-78ab-45d6-a977-1ec975af1df3", "value": "Craftsperson"}</skos:prefLabel>
    <dcterms:identifier xml:lang="en">{"id": "18cedc89-f6ed-4dc4-99be-2d762455b0d1", "value": "http://www.archesproject.org/adaaa755-606d-4e4e-8bed-669873331845"}</dcterms:identifier>
  </skos:Concept>
  <skos:Concept rdf:about="http://localhost:8000/4bdd0d52-1140-485e-8edc-d3a65740c2bf">
    <skos:prefLabel xml:lang="en">{"id": "359acf9b-81d5-45b6-a7dc-e2481e4234b5", "value": "Builder"}</skos:prefLabel>
    <skos:altLabel xml:lang="en">{"id": "4f82df7d-80d9-43f4-9f89-7f21106a95f2", "value": "BLD"}</skos:altLabel>
    <dcterms:identifier xml:lang="en">{"id": "cb62ff77-c68f-4082-b458-7c080f9c6714", "value": "http://www.archesproject.org/4bdd0d52-1140-485e-8edc-d3a65740c2bf"}</dcterms:identifier>
    <skos:inScheme rdf:resource="http://localhost:8000/a6bb9d1a-a318-4b6b-bc2d-20450996f96a"/>
  </skos:Concept>
  <skos:Concept rdf:about="http://localhost:8000/25e9152c-0079-4c06-a17f-d88de7f5278a">
    <skos:prefLabel xml:lang="en">{"id": "0a32a247-2b40-4f89-a24e-ce9b88bac793", "value": "Employee"}</skos:prefLabel>
    <dcterms:identifier xml:lang="en">{"id": "d80b27a5-730a-4de9-8257-2c2f7a64e963", "value": "http://www.archesproject.org/25e9152c-0079-4c06-a17f-d88de7f5278a"}</dcterms:identifier>
    <skos:inScheme rdf:resource="http://localhost:8000/a6bb9d1a-a318-4b6b-bc2d-20450996f96a"/>
  </skos:Concept>
  <skos:Concept rdf:about="http://localhost:8000/cc0584c4-92ef-4baa-a7b8-78428ebf77f8">
    <dcterms:identifier xml:lang="en">{"id": "9b82c009-cdb0-4f22-9bc7-39bbf0c15e31", "value": "http://localhost:8000/cc0584c4-92ef-4baa-a7b8-78428ebf77f8"}</dcterms:identifier>
    <skos:inScheme rdf:resource="http://localhost:8000/a6bb9d1a-a318-4b6b-bc2d-20450996f96a"/>
    <skos:prefLabel xml:lang="en">{"id": "31a0f492-2c6d-4c1b-8bfa-74da97fa14fc", "value": "Planning Officer"}</skos:prefLabel>
  </skos:Concept>
  <skos:Concept rdf:about="http://localhost:8000/11f88573-1758-4d0f-98f4-6b5081a0ee3b">
    <skos:inScheme rdf:resource="http://localhost:8000/a6bb9d1a-a318-4b6b-bc2d-20450996f96a"/>
    <dcterms:identifier xml:lang="en">{"id": "4ba40908-a886-4a5e-8dfb-dc2b258da6a6", "value": "http://www.archesproject.org/11f88573-1758-4d0f-98f4-6b5081a0ee3b"}</dcterms:identifier>
    <skos:prefLabel xml:lang="en">{"id": "143d7eb8-d353-4d75-83ad-c39431fd8f6e", "value": "Funding Body/FInancier"}</skos:prefLabel>
  </skos:Concept>
  <skos:Concept rdf:about="http://localhost:8000/aba711ee-c5c8-46ea-8ac7-26ae0853b22c">
    <skos:prefLabel xml:lang="en">{"id": "2dfbd199-469a-42d9-98ae-ca9354ae21c1", "value": "Field Walker"}</skos:prefLabel>
    <skos:inScheme rdf:resource="http://localhost:8000/a6bb9d1a-a318-4b6b-bc2d-20450996f96a"/>
    <dcterms:identifier xml:lang="en">{"id": "91d0fa07-3ade-4dcf-a200-56885fa7da06", "value": "http://www.archesproject.org/aba711ee-c5c8-46ea-8ac7-26ae0853b22c"}</dcterms:identifier>
  </skos:Concept>
  <skos:Concept rdf:about="http://localhost:8000/1885ba0c-d97e-4cee-b703-570c30aba955">
    <dcterms:identifier xml:lang="en">{"id": "6dc2a59e-6b4e-41a1-9210-58b5cf87da17", "value": "http://www.archesproject.org/1885ba0c-d97e-4cee-b703-570c30aba955"}</dcterms:identifier>
    <skos:prefLabel xml:lang="en">{"id": "51fcc84d-1af7-40aa-a7a8-8730d6bc0d55", "value": "Preservation Management"}</skos:prefLabel>
    <skos:inScheme rdf:resource="http://localhost:8000/a6bb9d1a-a318-4b6b-bc2d-20450996f96a"/>
  </skos:Concept>
  <skos:Concept rdf:about="http://localhost:8000/eb0db728-c13e-4198-ac11-c13831b25687">
    <skos:prefLabel xml:lang="en">{"id": "6244f189-df32-42ca-925e-ef938280b29e", "value": "Engineer"}</skos:prefLabel>
    <dcterms:identifier xml:lang="en">{"id": "00ee90da-837c-4c57-ba5f-cbb9dfc2187e", "value": "http://www.archesproject.org/eb0db728-c13e-4198-ac11-c13831b25687"}</dcterms:identifier>
    <skos:inScheme rdf:resource="http://localhost:8000/a6bb9d1a-a318-4b6b-bc2d-20450996f96a"/>
  </skos:Concept>
  <skos:Concept rdf:about="http://localhost:8000/05441678-622d-4ce1-a269-49a30a535451">
    <skos:prefLabel xml:lang="en">{"id": "db67e808-ada0-4dc0-b64e-5c7799900360", "value": "Customer"}</skos:prefLabel>
    <skos:inScheme rdf:resource="http://localhost:8000/a6bb9d1a-a318-4b6b-bc2d-20450996f96a"/>
    <dcterms:identifier xml:lang="en">{"id": "d8d2502c-868a-4e67-a1d5-c3cb150905f0", "value": "http://www.archesproject.org/05441678-622d-4ce1-a269-49a30a535451"}</dcterms:identifier>
  </skos:Concept>
  <skos:Concept rdf:about="http://localhost:8000/85fbff7e-268f-4403-ab70-a68e484644e5">
    <dcterms:identifier xml:lang="en">{"id": "a97569e3-03e6-4b16-8c25-d55da428603b", "value": "http://www.archesproject.org/85fbff7e-268f-4403-ab70-a68e484644e5"}</dcterms:identifier>
    <skos:prefLabel xml:lang="en">{"id": "ce07f348-d14f-4be1-a6f8-be2dec383fd8", "value": "Publisher"}</skos:prefLabel>
    <skos:inScheme rdf:resource="http://localhost:8000/a6bb9d1a-a318-4b6b-bc2d-20450996f96a"/>
  </skos:Concept>
  <skos:Concept rdf:about="http://localhost:8000/698f659b-3650-45e4-96ac-9d74a672abc9">
    <dcterms:identifier xml:lang="en">{"id": "ae0d4189-2f79-4532-a443-77dfa486b514", "value": "http://www.archesproject.org/698f659b-3650-45e4-96ac-9d74a672abc9"}</dcterms:identifier>
    <skos:prefLabel xml:lang="en">{"id": "1a10e042-d273-451f-9872-f0a5c19e5ee9", "value": "Translator"}</skos:prefLabel>
    <skos:inScheme rdf:resource="http://localhost:8000/a6bb9d1a-a318-4b6b-bc2d-20450996f96a"/>
  </skos:Concept>
  <skos:Concept rdf:about="http://localhost:8000/ae39c55d-2862-45e6-9baa-2b96b69bd831">
    <skos:inScheme rdf:resource="http://localhost:8000/a6bb9d1a-a318-4b6b-bc2d-20450996f96a"/>
    <dcterms:identifier xml:lang="en">{"id": "a888f3ce-a0d2-4f8b-8158-e64cdae6c0ab", "value": "http://www.archesproject.org/ae39c55d-2862-45e6-9baa-2b96b69bd831"}</dcterms:identifier>
    <skos:prefLabel xml:lang="en">{"id": "f9a2893b-655e-48fa-af3c-8d09d37c9ec2", "value": "Correspondent"}</skos:prefLabel>
  </skos:Concept>
  <skos:Concept rdf:about="http://localhost:8000/adcd09e3-5ab2-451a-b5a3-b52a8ae9de52">
    <dcterms:identifier xml:lang="en">{"id": "c3a1c8f2-c0ed-43c7-b318-5a60abbfbfa9", "value": "http://www.archesproject.org/adcd09e3-5ab2-451a-b5a3-b52a8ae9de52"}</dcterms:identifier>
    <skos:inScheme rdf:resource="http://localhost:8000/a6bb9d1a-a318-4b6b-bc2d-20450996f96a"/>
    <skos:prefLabel xml:lang="en">{"id": "e7cb5beb-240b-4d91-a7e6-9b640cf642eb", "value": "Researcher"}</skos:prefLabel>
  </skos:Concept>
  <skos:Concept rdf:about="http://localhost:8000/05191a16-47fb-410e-8a30-6b67ca94f82d">
    <skos:inScheme rdf:resource="http://localhost:8000/a6bb9d1a-a318-4b6b-bc2d-20450996f96a"/>
    <dcterms:identifier xml:lang="en">{"id": "3700b6de-2f94-4898-ae6e-3a3d0ee86b3b", "value": "http://www.archesproject.org/05191a16-47fb-410e-8a30-6b67ca94f82d"}</dcterms:identifier>
    <skos:prefLabel xml:lang="en">{"id": "5f676939-94cc-4c9e-b26b-d89967ce6b75", "value": "Director of Fieldwork"}</skos:prefLabel>
  </skos:Concept>
  <skos:Concept rdf:about="http://localhost:8000/ab27f0b0-0aa4-49ae-aa3d-a89125f8c10f">
    <skos:prefLabel xml:lang="en">{"id": "9c116ab4-0c1e-4fce-9c82-dfb856ac2e80", "value": "Interior Designer"}</skos:prefLabel>
    <dcterms:identifier xml:lang="en">{"id": "96129005-3d0d-452d-b146-d192581a1b96", "value": "http://www.archesproject.org/ab27f0b0-0aa4-49ae-aa3d-a89125f8c10f"}</dcterms:identifier>
    <skos:inScheme rdf:resource="http://localhost:8000/a6bb9d1a-a318-4b6b-bc2d-20450996f96a"/>
  </skos:Concept>
  <skos:Concept rdf:about="http://localhost:8000/6a0bbfa0-fd56-4eb1-a21d-8f860fe900c3">
    <dcterms:identifier xml:lang="en">{"id": "13b661b7-b1a0-40f7-b500-71137c8850b7", "value": "http://www.archesproject.org/6a0bbfa0-fd56-4eb1-a21d-8f860fe900c3"}</dcterms:identifier>
    <skos:prefLabel xml:lang="en">{"id": "b977853f-6381-4f69-89cc-e988106e9145", "value": "Diver"}</skos:prefLabel>
    <skos:inScheme rdf:resource="http://localhost:8000/a6bb9d1a-a318-4b6b-bc2d-20450996f96a"/>
  </skos:Concept>
  <skos:Concept rdf:about="http://localhost:8000/fe37130b-0d05-4855-99eb-0fe9f0c03a08">
    <skos:altLabel xml:lang="en">{"id": "de90c42c-066d-4121-a531-972e4b8d5d25", "value": "Air Photograph Interpreter"}</skos:altLabel>
    <skos:prefLabel xml:lang="en">{"id": "06bf9b3b-c7c4-466d-8f5c-40e507de0cb5", "value": "Aerial Photograph Interpreter"}</skos:prefLabel>
    <dcterms:identifier xml:lang="en">{"id": "c193a0d2-8bee-4b1e-808a-96301a0cd2f0", "value": "http://www.archesproject.org/fe37130b-0d05-4855-99eb-0fe9f0c03a08"}</dcterms:identifier>
    <skos:inScheme rdf:resource="http://localhost:8000/a6bb9d1a-a318-4b6b-bc2d-20450996f96a"/>
    <skos:altLabel xml:lang="en">{"id": "f7b49d1e-aa39-4a9e-a0fc-aab99472cea3", "value": "API"}</skos:altLabel>
  </skos:Concept>
  <skos:Concept rdf:about="http://localhost:8000/201d4f86-d227-4fe0-902a-896d67b859d8">
    <dcterms:identifier xml:lang="en">{"id": "ad7cdddf-acee-45e1-babb-b4bbf3c19234", "value": "http://www.archesproject.org/201d4f86-d227-4fe0-902a-896d67b859d8"}</dcterms:identifier>
    <skos:prefLabel xml:lang="en">{"id": "10a16ddc-6fcf-4b6f-8d70-6f3ce218ff38", "value": "Engraver"}</skos:prefLabel>
    <skos:inScheme rdf:resource="http://localhost:8000/a6bb9d1a-a318-4b6b-bc2d-20450996f96a"/>
  </skos:Concept>
  <skos:Concept rdf:about="http://localhost:8000/7fbcab95-f967-4ee7-8ed7-7076d94ebebe">
    <skos:prefLabel xml:lang="en">{"id": "6a08646f-a2d8-45f7-b2f5-bafa2200e1f8", "value": "Project Manager"}</skos:prefLabel>
    <skos:inScheme rdf:resource="http://localhost:8000/a6bb9d1a-a318-4b6b-bc2d-20450996f96a"/>
    <dcterms:identifier xml:lang="en">{"id": "2a30a6c8-92ea-4cf3-ba1a-3b3b32eec452", "value": "http://www.archesproject.org/7fbcab95-f967-4ee7-8ed7-7076d94ebebe"}</dcterms:identifier>
  </skos:Concept>
  <skos:Concept rdf:about="http://localhost:8000/89e09433-488c-4b39-9bdd-2cfe4cf0bfb3">
    <skos:inScheme rdf:resource="http://localhost:8000/a6bb9d1a-a318-4b6b-bc2d-20450996f96a"/>
    <skos:prefLabel xml:lang="en">{"id": "b9e65d90-d479-405a-91a5-d50a6bf8d909", "value": "Recorder"}</skos:prefLabel>
    <dcterms:identifier xml:lang="en">{"id": "5c5e19c5-f519-4d08-bb27-5d706c703f3f", "value": "http://www.archesproject.org/89e09433-488c-4b39-9bdd-2cfe4cf0bfb3"}</dcterms:identifier>
  </skos:Concept>
  <skos:Concept rdf:about="http://localhost:8000/1b9eb06e-438d-4660-be3b-03849754a343">
    <skos:prefLabel xml:lang="en">{"id": "d592efb4-a6bc-48a3-82f6-4b4b75f6f2b9", "value": "Creator of Archive"}</skos:prefLabel>
    <dcterms:identifier xml:lang="en">{"id": "06baea14-dc73-4eb0-ba96-cda0d9c80785", "value": "http://www.archesproject.org/1b9eb06e-438d-4660-be3b-03849754a343"}</dcterms:identifier>
    <skos:inScheme rdf:resource="http://localhost:8000/a6bb9d1a-a318-4b6b-bc2d-20450996f96a"/>
  </skos:Concept>
  <skos:Concept rdf:about="http://localhost:8000/7d6feee2-f976-4739-b023-7fc8dce9d1ef">
    <skos:inScheme rdf:resource="http://localhost:8000/a6bb9d1a-a318-4b6b-bc2d-20450996f96a"/>
    <dcterms:identifier xml:lang="en">{"id": "b614bb90-7c36-4705-a362-828c5dc1db40", "value": "http://www.archesproject.org/7d6feee2-f976-4739-b023-7fc8dce9d1ef"}</dcterms:identifier>
    <skos:prefLabel xml:lang="en">{"id": "38397528-2de1-40a8-ab21-19a98bcdc3f1", "value": "Sculptor"}</skos:prefLabel>
  </skos:Concept>
  <skos:Concept rdf:about="http://localhost:8000/9665bf64-67b9-4f1c-a654-1d1dc4e2f46f">
    <skos:prefLabel xml:lang="en">{"id": "8ad2ca80-238f-4b6d-b6d4-1040298bd2b0", "value": "Editor"}</skos:prefLabel>
    <dcterms:identifier xml:lang="en">{"id": "202168af-ecde-47a3-b46f-80de479d4005", "value": "http://www.archesproject.org/9665bf64-67b9-4f1c-a654-1d1dc4e2f46f"}</dcterms:identifier>
    <skos:inScheme rdf:resource="http://localhost:8000/a6bb9d1a-a318-4b6b-bc2d-20450996f96a"/>
  </skos:Concept>
  <skos:Concept rdf:about="http://localhost:8000/3153f35e-7b01-4aa7-8248-483b13c3e304">
    <skos:inScheme rdf:resource="http://localhost:8000/a6bb9d1a-a318-4b6b-bc2d-20450996f96a"/>
    <dcterms:identifier xml:lang="en">{"id": "0c38f893-36c4-4da2-b9ae-65f92fcdd7e4", "value": "http://www.archesproject.org/3153f35e-7b01-4aa7-8248-483b13c3e304"}</dcterms:identifier>
    <skos:prefLabel xml:lang="en">{"id": "3ccb1f26-64a0-4a77-a61b-42b5a98678c0", "value": "Finder"}</skos:prefLabel>
  </skos:Concept>
  <skos:Concept rdf:about="http://localhost:8000/b4f7e4b0-f9da-40e5-8673-788517fb44a3">
    <skos:altLabel xml:lang="en">{"id": "48fb01a2-f2bc-4a2a-83d3-5630af2d8265", "value": "ARC"}</skos:altLabel>
    <skos:prefLabel xml:lang="en">{"id": "92c713e8-7057-4175-beab-53b37152f956", "value": "Architect"}</skos:prefLabel>
    <skos:inScheme rdf:resource="http://localhost:8000/a6bb9d1a-a318-4b6b-bc2d-20450996f96a"/>
    <dcterms:identifier xml:lang="en">{"id": "b8990e61-ad72-4641-8b7a-3f0ae464b8fe", "value": "http://www.archesproject.org/b4f7e4b0-f9da-40e5-8673-788517fb44a3"}</dcterms:identifier>
  </skos:Concept>
  <skos:Concept rdf:about="http://localhost:8000/7f788f2f-b7e1-4eb6-9be4-1a3607cad59a">
    <skos:inScheme rdf:resource="http://localhost:8000/a6bb9d1a-a318-4b6b-bc2d-20450996f96a"/>
    <dcterms:identifier xml:lang="en">{"id": "02d5c1ad-6554-47b2-9e31-fd36e7647b67", "value": "http://www.archesproject.org/7f788f2f-b7e1-4eb6-9be4-1a3607cad59a"}</dcterms:identifier>
    <skos:prefLabel xml:lang="en">{"id": "2aab4259-2381-4987-907a-fa461dfc0adc", "value": "Author"}</skos:prefLabel>
    <skos:altLabel xml:lang="en">{"id": "f839134a-2207-4d51-bb6f-4e285af2388b", "value": "AUT"}</skos:altLabel>
  </skos:Concept>
  <skos:Concept rdf:about="http://localhost:8000/bffcd100-1252-4cbc-9400-084f68131746">
    <skos:inScheme rdf:resource="http://localhost:8000/a6bb9d1a-a318-4b6b-bc2d-20450996f96a"/>
    <skos:prefLabel xml:lang="en">{"id": "17bb17da-d181-44f1-aa07-b1b2b29556f2", "value": "Surveyor"}</skos:prefLabel>
    <dcterms:identifier xml:lang="en">{"id": "747a6fd3-f01d-4d9a-b888-b54d08360a49", "value": "http://www.archesproject.org/bffcd100-1252-4cbc-9400-084f68131746"}</dcterms:identifier>
  </skos:Concept>
  <skos:Concept rdf:about="http://localhost:8000/7c8b5a70-f5b6-430e-957c-f813c7994b23">
    <dcterms:identifier xml:lang="en">{"id": "b7afced0-6811-40c5-81b1-7f803942d2fe", "value": "http://www.archesproject.org/7c8b5a70-f5b6-430e-957c-f813c7994b23"}</dcterms:identifier>
    <skos:inScheme rdf:resource="http://localhost:8000/a6bb9d1a-a318-4b6b-bc2d-20450996f96a"/>
    <skos:prefLabel xml:lang="en">{"id": "52bfc0cc-8958-429e-b0c5-8928a4b3ea5d", "value": "Copyright Owner"}</skos:prefLabel>
  </skos:Concept>
  <skos:Concept rdf:about="http://localhost:8000/78ee1b0e-9ffd-41df-abe0-fb1bb8ee0e54">
    <skos:altLabel xml:lang="en">{"id": "429e229a-f05e-4a89-b966-8cef28754407", "value": "CAT"}</skos:altLabel>
    <skos:inScheme rdf:resource="http://localhost:8000/a6bb9d1a-a318-4b6b-bc2d-20450996f96a"/>
    <skos:prefLabel xml:lang="en">{"id": "d08c54f2-49f6-4e41-ac55-5a76e88349fc", "value": "Cataloguer/Indexer"}</skos:prefLabel>
    <dcterms:identifier xml:lang="en">{"id": "7e7172cf-18af-40cb-b96c-cec187a75d5b", "value": "http://www.archesproject.org/78ee1b0e-9ffd-41df-abe0-fb1bb8ee0e54"}</dcterms:identifier>
  </skos:Concept>
  <skos:Concept rdf:about="http://localhost:8000/a175734c-0a2d-47df-853a-32cad93f8d17">
    <skos:prefLabel xml:lang="en">{"id": "8872bac9-470f-4eab-91bf-4f04e3f9acad", "value": "Photographic Printer"}</skos:prefLabel>
    <skos:inScheme rdf:resource="http://localhost:8000/a6bb9d1a-a318-4b6b-bc2d-20450996f96a"/>
    <dcterms:identifier xml:lang="en">{"id": "00b549af-fbc9-453a-a30b-5090211998ef", "value": "http://www.archesproject.org/a175734c-0a2d-47df-853a-32cad93f8d17"}</dcterms:identifier>
  </skos:Concept>
  <skos:Concept rdf:about="http://localhost:8000/af05f662-76d8-4c60-a239-85dec79b70e5">
    <skos:prefLabel xml:lang="en">{"id": "b905829c-18f4-47ff-8707-a7207e1adb35", "value": "Geophysical Surveyor"}</skos:prefLabel>
    <skos:inScheme rdf:resource="http://localhost:8000/a6bb9d1a-a318-4b6b-bc2d-20450996f96a"/>
  </skos:Concept>
  <skos:Concept rdf:about="http://localhost:8000/b3c08fd5-827e-4973-83ce-806a49058145">
    <skos:inScheme rdf:resource="http://localhost:8000/a6bb9d1a-a318-4b6b-bc2d-20450996f96a"/>
    <skos:prefLabel xml:lang="en">{"id": "cd0cf81b-07db-43ac-b69f-eb65d3275142", "value": "Manufacturer"}</skos:prefLabel>
    <dcterms:identifier xml:lang="en">{"id": "23c2aa97-e349-4273-8f61-563cdd01819f", "value": "http://www.archesproject.org/b3c08fd5-827e-4973-83ce-806a49058145"}</dcterms:identifier>
  </skos:Concept>
  <skos:Concept rdf:about="http://localhost:8000/25c3a535-88ac-4357-ab12-7eae872c1df2">
    <dcterms:identifier xml:lang="en">{"id": "9f5d4b1e-3549-4e5a-9413-896c893f10f0", "value": "http://www.archesproject.org/25c3a535-88ac-4357-ab12-7eae872c1df2"}</dcterms:identifier>
    <skos:inScheme rdf:resource="http://localhost:8000/a6bb9d1a-a318-4b6b-bc2d-20450996f96a"/>
    <skos:prefLabel xml:lang="en">{"id": "95538e79-015c-4fce-8563-0625ab4e4835", "value": "Antiquarian"}</skos:prefLabel>
    <skos:altLabel xml:lang="en">{"id": "b4113b28-fafc-4a76-ae18-2d5e76d96cb9", "value": "ANT"}</skos:altLabel>
  </skos:Concept>
  <skos:Concept rdf:about="http://localhost:8000/cead1353-d532-48d2-8b54-5befe6f1ee5d">
    <skos:inScheme rdf:resource="http://localhost:8000/a6bb9d1a-a318-4b6b-bc2d-20450996f96a"/>
    <skos:prefLabel xml:lang="en">{"id": "4f642ecb-9b82-4981-898b-c02872c5034f", "value": "Cartographer"}</skos:prefLabel>
  </skos:Concept>
  <skos:Concept rdf:about="http://localhost:8000/f2196d5e-eedd-4a9d-86a4-e503f6d76f98">
    <dcterms:identifier xml:lang="en">{"id": "ed59c40a-1651-4156-95c2-8eb7106f09ec", "value": "http://www.archesproject.org/f2196d5e-eedd-4a9d-86a4-e503f6d76f98"}</dcterms:identifier>
    <skos:inScheme rdf:resource="http://localhost:8000/a6bb9d1a-a318-4b6b-bc2d-20450996f96a"/>
    <skos:prefLabel xml:lang="en">{"id": "7656f2b6-8aff-4e53-9d30-b9563bb86a42", "value": "Stonemason"}</skos:prefLabel>
  </skos:Concept>
  <skos:Concept rdf:about="http://localhost:8000/2cb84676-f44c-4014-a563-932f5ec9e803">
    <skos:inScheme rdf:resource="http://localhost:8000/a6bb9d1a-a318-4b6b-bc2d-20450996f96a"/>
    <dcterms:identifier xml:lang="en">{"id": "84dac0ce-5155-4ba0-80d9-12892b66ae90", "value": "http://www.archesproject.org/2cb84676-f44c-4014-a563-932f5ec9e803"}</dcterms:identifier>
    <skos:prefLabel xml:lang="en">{"id": "a5934865-97b5-46f7-8646-3e1e40582b6f", "value": "Finds Holder"}</skos:prefLabel>
  </skos:Concept>
  <skos:Concept rdf:about="http://localhost:8000/8aaddb68-04b8-442b-8522-547d1a6f3da7">
    <skos:inScheme rdf:resource="http://localhost:8000/a6bb9d1a-a318-4b6b-bc2d-20450996f96a"/>
    <skos:prefLabel xml:lang="en">{"id": "34c962d6-91e4-40cc-a75f-08e5b5572586", "value": "Salvager"}</skos:prefLabel>
    <dcterms:identifier xml:lang="en">{"id": "02b23ced-35ed-44b4-a3c5-36537570eafd", "value": "http://www.archesproject.org/8aaddb68-04b8-442b-8522-547d1a6f3da7"}</dcterms:identifier>
  </skos:Concept>
  <skos:Concept rdf:about="http://localhost:8000/13725ba9-9d0d-4d15-a70c-8bb6465ee6b5">
    <dcterms:identifier xml:lang="en">{"id": "7e4fa1d2-0d46-43de-a233-582966746305", "value": "http://www.archesproject.org/13725ba9-9d0d-4d15-a70c-8bb6465ee6b5"}</dcterms:identifier>
    <skos:inScheme rdf:resource="http://localhost:8000/a6bb9d1a-a318-4b6b-bc2d-20450996f96a"/>
    <skos:prefLabel xml:lang="en">{"id": "5222ec26-e41d-4265-bcee-414a9c0d5e96", "value": "Creator of Digital Copy"}</skos:prefLabel>
  </skos:Concept>
  <skos:Concept rdf:about="http://localhost:8000/c7869bc4-08cc-48c1-968a-0125493555e2">
    <skos:inScheme rdf:resource="http://localhost:8000/a6bb9d1a-a318-4b6b-bc2d-20450996f96a"/>
    <skos:prefLabel xml:lang="en">{"id": "8b5e8dd9-2a7a-4003-a374-929d14fb45fd", "value": "Draftsman"}</skos:prefLabel>
    <dcterms:identifier xml:lang="en">{"id": "93251e6a-d85c-4eeb-bc79-6f5b27b60a4b", "value": "http://www.archesproject.org/c7869bc4-08cc-48c1-968a-0125493555e2"}</dcterms:identifier>
  </skos:Concept>
  <skos:Concept rdf:about="http://localhost:8000/7c3f7e50-3fcb-4822-8dbb-55dbd826504f">
    <skos:inScheme rdf:resource="http://localhost:8000/a6bb9d1a-a318-4b6b-bc2d-20450996f96a"/>
    <dcterms:identifier xml:lang="en">{"id": "6afaeaa5-0b4a-4d83-8aa0-bbe1c310148a", "value": "http://localhost:8000/7c3f7e50-3fcb-4822-8dbb-55dbd826504f"}</dcterms:identifier>
    <skos:prefLabel xml:lang="en">{"id": "a69c21b4-34e2-4781-b6c8-5c539e6fe14a", "value": "Agent"}</skos:prefLabel>
  </skos:Concept>
  <skos:Concept rdf:about="http://localhost:8000/abebae40-e606-407a-9c57-f251da2b2c5a">
    <dcterms:identifier xml:lang="en">{"id": "fc1e33aa-3a40-4d71-8acd-70e113ab1b8a", "value": "http://www.archesproject.org/abebae40-e606-407a-9c57-f251da2b2c5a"}</dcterms:identifier>
    <skos:inScheme rdf:resource="http://localhost:8000/a6bb9d1a-a318-4b6b-bc2d-20450996f96a"/>
    <skos:prefLabel xml:lang="en">{"id": "5ef1c85d-13e5-4995-93ce-1fbc3d62f7cf", "value": "Reviser"}</skos:prefLabel>
  </skos:Concept>
  <skos:Concept rdf:about="http://localhost:8000/57c5845a-c434-48d1-ac57-957601b1d977">
    <skos:inScheme rdf:resource="http://localhost:8000/a6bb9d1a-a318-4b6b-bc2d-20450996f96a"/>
    <skos:prefLabel xml:lang="en">{"id": "338cb2b0-490f-4aee-8cec-0205433495e9", "value": "Darkroom Printer"}</skos:prefLabel>
    <dcterms:identifier xml:lang="en">{"id": "b9a6fa4d-2670-4a51-bbb3-7d11805aacb1", "value": "http://www.archesproject.org/57c5845a-c434-48d1-ac57-957601b1d977"}</dcterms:identifier>
  </skos:Concept>
  <skos:Concept rdf:about="http://localhost:8000/03114e10-8433-4a13-8aab-6bafbbf218a2">
    <dcterms:identifier xml:lang="en">{"id": "b39cbcb3-4c3e-4548-bdf4-fcda770cf598", "value": "http://www.archesproject.org/03114e10-8433-4a13-8aab-6bafbbf218a2"}</dcterms:identifier>
    <skos:inScheme rdf:resource="http://localhost:8000/a6bb9d1a-a318-4b6b-bc2d-20450996f96a"/>
    <skos:prefLabel xml:lang="en">{"id": "ea179f13-36d6-4875-8bb3-5f092edd695d", "value": "Donor"}</skos:prefLabel>
  </skos:Concept>
  <skos:Concept rdf:about="http://localhost:8000/0a7a94e9-8418-410a-9211-0be0977ef2c1">
    <skos:inScheme rdf:resource="http://localhost:8000/a6bb9d1a-a318-4b6b-bc2d-20450996f96a"/>
    <dcterms:identifier xml:lang="en">{"id": "ee708303-99bd-4d33-a0ba-dbeb56a5e15a", "value": "http://www.archesproject.org/0a7a94e9-8418-410a-9211-0be0977ef2c1"}</dcterms:identifier>
    <skos:prefLabel xml:lang="en">{"id": "534be06e-8f14-4ae1-bd3e-616e9e7c7a22", "value": "Artist"}</skos:prefLabel>
    <skos:altLabel xml:lang="en">{"id": "a91e3559-fd19-4bc8-bade-9908ff1d3829", "value": "ART"}</skos:altLabel>
  </skos:Concept>
  <skos:Concept rdf:about="http://localhost:8000/f44e5919-bc31-4a8e-b3b8-add559028f82">
    <dcterms:identifier xml:lang="en">{"id": "91f898ef-3093-4b23-9866-b7836b71bae6", "value": "http://www.archesproject.org/f44e5919-bc31-4a8e-b3b8-add559028f82"}</dcterms:identifier>
    <skos:inScheme rdf:resource="http://localhost:8000/a6bb9d1a-a318-4b6b-bc2d-20450996f96a"/>
    <skos:prefLabel xml:lang="en">{"id": "51050582-b4d5-4ab0-ac4c-54970c3ed713", "value": "Illustrator"}</skos:prefLabel>
  </skos:Concept>
  <skos:Concept rdf:about="http://localhost:8000/3e055cf3-846d-4dc8-b4cc-c064de92a576">
    <skos:inScheme rdf:resource="http://localhost:8000/a6bb9d1a-a318-4b6b-bc2d-20450996f96a"/>
    <skos:prefLabel xml:lang="en">{"id": "9e0c591c-8689-4ae1-bc0a-8d0ca02d8270", "value": "Developer"}</skos:prefLabel>
  </skos:Concept>
  <skos:Concept rdf:about="http://localhost:8000/89cca74d-504b-47b4-99a5-3fb8912f4a2c">
    <skos:inScheme rdf:resource="http://localhost:8000/a6bb9d1a-a318-4b6b-bc2d-20450996f96a"/>
    <dcterms:identifier xml:lang="en">{"id": "efa60c6f-519c-48a5-9ed8-f3895efe6cf2", "value": "http://www.archesproject.org/89cca74d-504b-47b4-99a5-3fb8912f4a2c"}</dcterms:identifier>
    <skos:prefLabel xml:lang="en">{"id": "ee3430bb-2770-4fcf-b81c-05fdfcdbb168", "value": "Stained Glass Worker"}</skos:prefLabel>
  </skos:Concept>
  <skos:Concept rdf:about="http://localhost:8000/0ffa23e7-acf1-451d-a8fe-1267f2cbeadf">
    <skos:inScheme rdf:resource="http://localhost:8000/a6bb9d1a-a318-4b6b-bc2d-20450996f96a"/>
    <skos:altLabel xml:lang="en">{"id": "9934c3d8-0131-447a-a38c-3a03fe677813", "value": "ARI"}</skos:altLabel>
    <dcterms:identifier xml:lang="en">{"id": "7946fbf9-e9a5-42c5-b2f2-62cb1f7bab60", "value": "http://www.archesproject.org/0ffa23e7-acf1-451d-a8fe-1267f2cbeadf"}</dcterms:identifier>
    <skos:prefLabel xml:lang="en">{"id": "e1bb29b8-3a86-4dec-a04e-323eebc9981d", "value": "Architectural Field Investigator"}</skos:prefLabel>
  </skos:Concept>
  <skos:Concept rdf:about="http://localhost:8000/496206ca-001d-4beb-bb07-6519ee0c037f">
    <skos:inScheme rdf:resource="http://localhost:8000/a6bb9d1a-a318-4b6b-bc2d-20450996f96a"/>
    <dcterms:identifier xml:lang="en">{"id": "9d7b36db-7eb6-488e-9a3c-0971f7b12ed4", "value": "http://www.archesproject.org/496206ca-001d-4beb-bb07-6519ee0c037f"}</dcterms:identifier>
    <skos:altLabel xml:lang="en">{"id": "ca09aa2f-c9c2-4a70-a657-57a88e56ee63", "value": "AFI"}</skos:altLabel>
    <skos:prefLabel xml:lang="en">{"id": "58efc6e4-840b-43e5-b91f-0cf087833e75", "value": "Archaeological FIeld Investigator"}</skos:prefLabel>
  </skos:Concept>
  <skos:Concept rdf:about="http://localhost:8000/80816e70-ef91-4f07-ba8f-08284df9e8a1">
    <skos:inScheme rdf:resource="http://localhost:8000/a6bb9d1a-a318-4b6b-bc2d-20450996f96a"/>
    <skos:prefLabel xml:lang="en">{"id": "75d41027-ec80-436f-9a1d-7f59af316305", "value": "Master Mariner"}</skos:prefLabel>
    <dcterms:identifier xml:lang="en">{"id": "f9199168-ce3c-4c72-8950-9420b66726f4", "value": "http://www.archesproject.org/80816e70-ef91-4f07-ba8f-08284df9e8a1"}</dcterms:identifier>
  </skos:Concept>
  <skos:Concept rdf:about="http://localhost:8000/90ca1444-2ce4-4f38-b9b4-98e70c64444a">
    <dcterms:identifier xml:lang="en">{"id": "3262ba5f-04f1-4d42-9c4c-4c60e5425b96", "value": "http://www.archesproject.org/90ca1444-2ce4-4f38-b9b4-98e70c64444a"}</dcterms:identifier>
    <skos:prefLabel xml:lang="en">{"id": "17bfcc28-6fee-4a7c-a0f5-7bebe2d4cd06", "value": "Owner"}</skos:prefLabel>
    <skos:inScheme rdf:resource="http://localhost:8000/a6bb9d1a-a318-4b6b-bc2d-20450996f96a"/>
  </skos:Concept>
  <skos:Concept rdf:about="http://localhost:8000/44851cc6-180d-4d67-9fec-883253dd5146">
    <skos:prefLabel xml:lang="en">{"id": "1e17e638-0159-446f-9777-e3516624ba8c", "value": "Painter"}</skos:prefLabel>
    <skos:inScheme rdf:resource="http://localhost:8000/a6bb9d1a-a318-4b6b-bc2d-20450996f96a"/>
    <dcterms:identifier xml:lang="en">{"id": "c88da447-4050-4d2d-a290-4064dc250afd", "value": "http://www.archesproject.org/44851cc6-180d-4d67-9fec-883253dd5146"}</dcterms:identifier>
  </skos:Concept>
  <skos:Concept rdf:about="http://localhost:8000/13039aeb-b019-44b2-af97-7161f54a4141">
    <skos:prefLabel xml:lang="en">{"id": "1a17029a-aef4-449b-a3c5-608b9cfd4d08", "value": "Client"}</skos:prefLabel>
    <dcterms:identifier xml:lang="en">{"id": "c275db0e-0fba-4706-97fe-84b6fca9e105", "value": "http://www.archesproject.org/13039aeb-b019-44b2-af97-7161f54a4141"}</dcterms:identifier>
    <skos:inScheme rdf:resource="http://localhost:8000/a6bb9d1a-a318-4b6b-bc2d-20450996f96a"/>
  </skos:Concept>
  <skos:Concept rdf:about="http://localhost:8000/b5f372d6-8daa-45f7-bc63-e22a7098e0b6">
    <skos:altLabel xml:lang="en">{"id": "4f37b325-bb47-4aca-adea-4c18acd62315", "value": "CAP"}</skos:altLabel>
    <skos:scopeNote xml:lang="en">{"id": "81348a38-79d2-4131-b639-b367418a4168", "value": "The Captain of a vessel or aircraft"}</skos:scopeNote>
    <skos:prefLabel xml:lang="en">{"id": "26fbc26c-8235-42e2-a099-923352a32a28", "value": "Captain"}</skos:prefLabel>
    <dcterms:identifier xml:lang="en">{"id": "136a11fc-68f1-4438-9726-a819f579e084", "value": "http://www.archesproject.org/b5f372d6-8daa-45f7-bc63-e22a7098e0b6"}</dcterms:identifier>
    <skos:inScheme rdf:resource="http://localhost:8000/a6bb9d1a-a318-4b6b-bc2d-20450996f96a"/>
  </skos:Concept>
  <skos:Concept rdf:about="http://localhost:8000/2e20d407-aff1-4388-a9ed-801880833fe0">
    <skos:inScheme rdf:resource="http://localhost:8000/a6bb9d1a-a318-4b6b-bc2d-20450996f96a"/>
    <skos:prefLabel xml:lang="en">{"id": "db5c7cea-0a99-4c57-8e47-5c53a74a51bd", "value": "Heritage Protection Advisor"}</skos:prefLabel>
    <dcterms:identifier xml:lang="en">{"id": "27052303-7637-4eaa-92f6-85e9cb996cb8", "value": "http://www.archesproject.org/2e20d407-aff1-4388-a9ed-801880833fe0"}</dcterms:identifier>
  </skos:Concept>
  <skos:Concept rdf:about="http://localhost:8000/fc317036-4ec2-4106-a7c6-3dc06f9c7851">
    <skos:inScheme rdf:resource="http://localhost:8000/a6bb9d1a-a318-4b6b-bc2d-20450996f96a"/>
    <dcterms:identifier xml:lang="en">{"id": "49deb443-2e2d-46d7-a31b-82a9e4ef47c2", "value": "http://localhost:8000/fc317036-4ec2-4106-a7c6-3dc06f9c7851"}</dcterms:identifier>
    <skos:prefLabel xml:lang="en">{"id": "865e63c7-1ba8-4dd5-9fa5-a90fc4faa718", "value": "Contributor"}</skos:prefLabel>
  </skos:Concept>
  <skos:Concept rdf:about="http://localhost:8000/75f82d18-de48-42a4-8307-805c281f061f">
    <skos:prefLabel xml:lang="en">{"id": "f6cc0b65-54e5-4841-a877-8fe6d2559848", "value": "Submitter of Archive"}</skos:prefLabel>
    <dcterms:identifier xml:lang="en">{"id": "6eee6f94-607a-4002-bc72-c2b4d96c8e44", "value": "http://www.archesproject.org/75f82d18-de48-42a4-8307-805c281f061f"}</dcterms:identifier>
    <skos:inScheme rdf:resource="http://localhost:8000/a6bb9d1a-a318-4b6b-bc2d-20450996f96a"/>
  </skos:Concept>
  <skos:Concept rdf:about="http://localhost:8000/050c1c9e-8c6c-405a-a5b9-3e708389a9a0">
    <skos:prefLabel xml:lang="en">{"id": "36fd7761-acb4-43cf-b2e2-1eacd2d5b6eb", "value": "Holder of Original Archive"}</skos:prefLabel>
    <dcterms:identifier xml:lang="en">{"id": "5eeec5f2-d180-4b44-86e7-296d5097ff2c", "value": "http://www.archesproject.org/050c1c9e-8c6c-405a-a5b9-3e708389a9a0"}</dcterms:identifier>
    <skos:inScheme rdf:resource="http://localhost:8000/a6bb9d1a-a318-4b6b-bc2d-20450996f96a"/>
  </skos:Concept>
  <skos:Concept rdf:about="http://localhost:8000/0ae4bfb1-a234-487d-90b9-9fba945a908b">
    <dcterms:identifier xml:lang="en">{"id": "b58965e6-a529-489c-8970-19833c0a5073", "value": "http://www.archesproject.org/0ae4bfb1-a234-487d-90b9-9fba945a908b"}</dcterms:identifier>
    <skos:prefLabel xml:lang="en">{"id": "81699e44-b133-45a0-9e37-14dbc24d2f0a", "value": "Sponsor"}</skos:prefLabel>
    <skos:inScheme rdf:resource="http://localhost:8000/a6bb9d1a-a318-4b6b-bc2d-20450996f96a"/>
  </skos:Concept>
  <skos:Concept rdf:about="http://localhost:8000/61a22eb0-8358-4c6b-b743-e5160dd72e11">
    <dcterms:identifier xml:lang="en">{"id": "fe9931ea-123d-4576-9adf-8ee7dba77373", "value": "http://www.archesproject.org/61a22eb0-8358-4c6b-b743-e5160dd72e11"}</dcterms:identifier>
    <skos:prefLabel xml:lang="en">{"id": "fc0f5902-ec10-48ad-a445-15cf14e67acb", "value": "Archive Holder"}</skos:prefLabel>
    <skos:inScheme rdf:resource="http://localhost:8000/a6bb9d1a-a318-4b6b-bc2d-20450996f96a"/>
  </skos:Concept>
  <skos:Concept rdf:about="http://localhost:8000/b18927cc-bbe5-4b8e-8e68-8b8de83ec740">
    <skos:prefLabel xml:lang="en">{"id": "b2489138-dcc5-4151-999e-977809179bb3", "value": "Applicant"}</skos:prefLabel>
    <dcterms:identifier xml:lang="en">{"id": "d821fc28-a26b-459b-9688-dccdd6fea9ee", "value": "http://localhost:8000/b18927cc-bbe5-4b8e-8e68-8b8de83ec740"}</dcterms:identifier>
    <skos:inScheme rdf:resource="http://localhost:8000/a6bb9d1a-a318-4b6b-bc2d-20450996f96a"/>
  </skos:Concept>
  <skos:Concept rdf:about="http://localhost:8000/57918eeb-e345-48a5-9d5c-595614d77beb">
    <dcterms:identifier xml:lang="en">{"id": "31195f13-9136-4bb1-96ed-86d05e4d59db", "value": "http://www.archesproject.org/57918eeb-e345-48a5-9d5c-595614d77beb"}</dcterms:identifier>
    <skos:prefLabel xml:lang="en">{"id": "cb8c9109-512f-4f67-9a90-b5fe2fe20c00", "value": "Excavator"}</skos:prefLabel>
    <skos:inScheme rdf:resource="http://localhost:8000/a6bb9d1a-a318-4b6b-bc2d-20450996f96a"/>
  </skos:Concept>
</rdf:RDF>
