<?xml version="1.0" encoding="utf-8"?>
<rdf:RDF
  xmlns:skos="http://www.w3.org/2004/02/skos/core#"
  xmlns:dcterms="http://purl.org/dc/terms/"
  xmlns:rdf="http://www.w3.org/1999/02/22-rdf-syntax-ns#"
>
  <skos:Concept rdf:about="http://localhost:8000/ffb125b1-7bc9-4bbb-8e33-57a38b8c7acd">
    <skos:prefLabel xml:lang="en">{"id": "e61b399d-1a9c-4e62-b70c-7491fd095cbe", "value": "Minor (0.05HA-0.5HA)"}</skos:prefLabel>
    <dcterms:identifier xml:lang="en">{"id": "fd46e1d5-bf0e-4356-8ef2-b5ed6f8d37ae", "value": "http://www.archesproject.org/ffb125b1-7bc9-4bbb-8e33-57a38b8c7acd"}</dcterms:identifier>
    <skos:inScheme>
      <skos:ConceptScheme rdf:about="http://localhost:8000/ceac414d-2624-4b6a-8d2a-9b69c64bf514">
        <skos:hasTopConcept rdf:resource="http://localhost:8000/b6fcb23b-b191-4d5e-b556-5dd4fd2e0337"/>
        <dcterms:identifier xml:lang="en">{"id": "bd09f8ae-89de-428f-8691-8139a93da952", "value": "http://www.archesproject.org/ceac414d-2624-4b6a-8d2a-9b69c64bf514"}</dcterms:identifier>
        <skos:hasTopConcept rdf:resource="http://localhost:8000/26545194-e839-44bb-80f5-44da1daf6191"/>
        <skos:hasTopConcept rdf:resource="http://localhost:8000/340c37a0-7f76-4d5a-a00a-4d3e02aea29b"/>
        <dcterms:title xml:lang="en">{"id": "61f85fb3-9415-425b-902f-4320b3e9dbc4", "value": "Scale of Development"}</dcterms:title>
        <skos:hasTopConcept rdf:resource="http://localhost:8000/9a7a0097-c935-4e83-9870-37c40559f850"/>
        <skos:hasTopConcept rdf:resource="http://localhost:8000/ffb125b1-7bc9-4bbb-8e33-57a38b8c7acd"/>
      </skos:ConceptScheme>
    </skos:inScheme>
  </skos:Concept>
  <skos:Concept rdf:about="http://localhost:8000/9a7a0097-c935-4e83-9870-37c40559f850">
    <skos:prefLabel xml:lang="en">{"id": "0403c7a7-e8e6-40f5-bac3-ce294e29dbfb", "value": "Very Minor/Household (&lt;0.05HA)"}</skos:prefLabel>
    <skos:inScheme rdf:resource="http://localhost:8000/ceac414d-2624-4b6a-8d2a-9b69c64bf514"/>
    <dcterms:identifier xml:lang="en">{"id": "9af2eb9f-b235-46a1-8fe4-1ec8894362a4", "value": "http://www.archesproject.org/9a7a0097-c935-4e83-9870-37c40559f850"}</dcterms:identifier>
  </skos:Concept>
  <skos:Concept rdf:about="http://localhost:8000/340c37a0-7f76-4d5a-a00a-4d3e02aea29b">
    <skos:prefLabel xml:lang="en">{"id": "ab566e22-b6e5-49e2-b57e-dea9e4215fd7", "value": "Major (0.5HA-2HA)"}</skos:prefLabel>
    <dcterms:identifier xml:lang="en">{"id": "6c604995-9c0a-4d1f-8b9d-47de41ef1bad", "value": "http://www.archesproject.org/340c37a0-7f76-4d5a-a00a-4d3e02aea29b"}</dcterms:identifier>
    <skos:inScheme rdf:resource="http://localhost:8000/ceac414d-2624-4b6a-8d2a-9b69c64bf514"/>
  </skos:Concept>
  <skos:Concept rdf:about="http://localhost:8000/b6fcb23b-b191-4d5e-b556-5dd4fd2e0337">
    <skos:prefLabel xml:lang="en">{"id": "1a88ca84-8636-4cb9-9325-e34e38e57135", "value": "Very Large Major (&gt;10HA)"}</skos:prefLabel>
    <skos:inScheme rdf:resource="http://localhost:8000/ceac414d-2624-4b6a-8d2a-9b69c64bf514"/>
    <dcterms:identifier xml:lang="en">{"id": "9f84b6b4-ccd8-495d-898f-4ef141f01575", "value": "http://www.archesproject.org/b6fcb23b-b191-4d5e-b556-5dd4fd2e0337"}</dcterms:identifier>
  </skos:Concept>
  <skos:Concept rdf:about="http://localhost:8000/26545194-e839-44bb-80f5-44da1daf6191">
    <skos:prefLabel xml:lang="en">{"id": "6e7ece59-7adf-4a1b-b139-c305f35928ac", "value": "Large Major (2HA-10HA)"}</skos:prefLabel>
    <dcterms:identifier xml:lang="en">{"id": "7d4a8fcf-a2ad-4294-b287-f6c64ac73877", "value": "http://www.archesproject.org/26545194-e839-44bb-80f5-44da1daf6191"}</dcterms:identifier>
    <skos:inScheme rdf:resource="http://localhost:8000/ceac414d-2624-4b6a-8d2a-9b69c64bf514"/>
  </skos:Concept>
</rdf:RDF>
