<?xml version="1.0" encoding="utf-8"?>
<rdf:RDF
  xmlns:skos="http://www.w3.org/2004/02/skos/core#"
  xmlns:dcterms="http://purl.org/dc/terms/"
  xmlns:rdf="http://www.w3.org/1999/02/22-rdf-syntax-ns#"
>
  <skos:Concept rdf:about="http://localhost:8000/60261556-988a-4531-9f80-891fc36dcd52">
    <skos:inScheme>
      <skos:ConceptScheme rdf:about="http://localhost:8000/15fb51a7-05f7-4b8e-bd97-7878f904611e">
        <skos:hasTopConcept rdf:resource="http://localhost:8000/91aa5853-4315-4eb3-b52b-c4bda21c2ca1"/>
        <dcterms:identifier xml:lang="en">{"id": "b881c380-d80e-41db-8f5b-2f315138759b", "value": "http://localhost:8000/15fb51a7-05f7-4b8e-bd97-7878f904611e"}</dcterms:identifier>
        <skos:hasTopConcept rdf:resource="http://localhost:8000/0237fb2f-15a7-4339-b743-4d3f51637a2a"/>
        <skos:hasTopConcept rdf:resource="http://localhost:8000/1d9b0e31-fd4a-416f-8c91-cd2fe30040d1"/>
        <skos:hasTopConcept rdf:resource="http://localhost:8000/60261556-988a-4531-9f80-891fc36dcd52"/>
        <skos:hasTopConcept rdf:resource="http://localhost:8000/61ea2f34-5cba-44da-91d1-3ec74ee4854d"/>
        <dcterms:title xml:lang="en">{"id": "fc81ed5c-4765-474e-8f90-48c287b4c97f", "value": "Shape Qualifier"}</dcterms:title>
        <skos:hasTopConcept rdf:resource="http://localhost:8000/cb6daecc-e918-4501-aa02-974c07a133a5"/>
        <skos:hasTopConcept rdf:resource="http://localhost:8000/b51437f6-f170-46de-90f8-e40700691ef6"/>
        <skos:hasTopConcept rdf:resource="http://localhost:8000/93c9b9df-f236-460a-aa4e-e10e45f15ec7"/>
        <skos:hasTopConcept rdf:resource="http://localhost:8000/e1bd0a99-efa7-4a03-9422-6790ef396470"/>
      </skos:ConceptScheme>
    </skos:inScheme>
    <dcterms:identifier xml:lang="en">{"id": "888402de-8e9c-474a-ae99-5bdcb5d15cbf", "value": "http://localhost:8000/60261556-988a-4531-9f80-891fc36dcd52"}</dcterms:identifier>
    <skos:prefLabel xml:lang="en">{"id": "adaae672-2477-4c78-b344-d0f4428213c1", "value": "Archaeological Event"}</skos:prefLabel>
    <skos:altLabel xml:lang="en">{"id": "a0ffbc01-9636-4ae9-8741-200384c346b2", "value": "AE"}</skos:altLabel>
  </skos:Concept>
  <skos:Concept rdf:about="http://localhost:8000/91aa5853-4315-4eb3-b52b-c4bda21c2ca1">
    <dcterms:identifier xml:lang="en">{"id": "969693d4-7906-4fc0-aefd-351bc7aa4761", "value": "http://localhost:8000/91aa5853-4315-4eb3-b52b-c4bda21c2ca1"}</dcterms:identifier>
    <skos:altLabel xml:lang="en">{"id": "28ef279b-a3b5-4f88-a306-e8f7e626975a", "value": "Centre/Point"}</skos:altLabel>
    <skos:altLabel xml:lang="en">{"id": "140a7520-48e4-46a0-93b9-ffe37f068451", "value": "FCE"}</skos:altLabel>
    <skos:prefLabel xml:lang="en">{"id": "a69227e9-15fc-4336-a0bb-fe85302708fd", "value": "Point"}</skos:prefLabel>
    <skos:inScheme rdf:resource="http://localhost:8000/15fb51a7-05f7-4b8e-bd97-7878f904611e"/>
    <skos:altLabel xml:lang="en">{"id": "d744bccb-b391-4469-860b-2515e71187d3", "value": "1"}</skos:altLabel>
  </skos:Concept>
  <skos:Concept rdf:about="http://localhost:8000/b51437f6-f170-46de-90f8-e40700691ef6">
    <skos:altLabel xml:lang="en">{"id": "b735145d-0975-4e83-a749-26b785265980", "value": "0"}</skos:altLabel>
    <skos:prefLabel xml:lang="en">{"id": "58475cb6-53fd-4151-8b88-b26c1df25e3d", "value": "Unknown"}</skos:prefLabel>
    <dcterms:identifier xml:lang="en">{"id": "33abe90b-ce36-40b0-89f3-005a88d04309", "value": "http://localhost:8000/b51437f6-f170-46de-90f8-e40700691ef6"}</dcterms:identifier>
    <skos:inScheme rdf:resource="http://localhost:8000/15fb51a7-05f7-4b8e-bd97-7878f904611e"/>
  </skos:Concept>
  <skos:Concept rdf:about="http://localhost:8000/e1bd0a99-efa7-4a03-9422-6790ef396470">
    <skos:altLabel xml:lang="en">{"id": "a7353719-cbff-4bf1-9de5-a154db75d576", "value": "NLO"}</skos:altLabel>
    <skos:inScheme rdf:resource="http://localhost:8000/15fb51a7-05f7-4b8e-bd97-7878f904611e"/>
    <skos:prefLabel xml:lang="en">{"id": "2c25ab89-f1f2-4e8e-ae03-fb2ce1e99e0e", "value": "Named Loc"}</skos:prefLabel>
    <dcterms:identifier xml:lang="en">{"id": "d135839f-5de1-497d-a764-96b4b2a24d17", "value": "http://localhost:8000/e1bd0a99-efa7-4a03-9422-6790ef396470"}</dcterms:identifier>
    <skos:altLabel xml:lang="en">{"id": "410419b3-cfdd-46c6-8e19-8dc080835756", "value": "4"}</skos:altLabel>
    <skos:altLabel xml:lang="en">{"id": "d1d3556e-1e96-4bac-a0ed-485f5d185641", "value": "Named Location"}</skos:altLabel>
  </skos:Concept>
  <skos:Concept rdf:about="http://localhost:8000/cb6daecc-e918-4501-aa02-974c07a133a5">
    <skos:altLabel xml:lang="en">{"id": "24ebc487-a5c0-4eff-bfbb-d1992bcf7a14", "value": "LO"}</skos:altLabel>
    <skos:prefLabel xml:lang="en">{"id": "90970f42-1850-47a9-ad32-e97fda301c04", "value": "Locality"}</skos:prefLabel>
    <skos:altLabel xml:lang="en">{"id": "5c24a76e-da74-493c-9742-04c0a2418548", "value": "5"}</skos:altLabel>
    <skos:inScheme rdf:resource="http://localhost:8000/15fb51a7-05f7-4b8e-bd97-7878f904611e"/>
    <dcterms:identifier xml:lang="en">{"id": "c62209c2-141e-46b7-8cf9-d2dea9e95692", "value": "http://localhost:8000/cb6daecc-e918-4501-aa02-974c07a133a5"}</dcterms:identifier>
  </skos:Concept>
  <skos:Concept rdf:about="http://localhost:8000/1d9b0e31-fd4a-416f-8c91-cd2fe30040d1">
    <skos:altLabel xml:lang="en">{"id": "d6d8d9f3-741c-4fbd-8b4d-90a1368ff501", "value": "Position Approximate"}</skos:altLabel>
    <dcterms:identifier xml:lang="en">{"id": "260e9285-975c-46f4-8d59-87266569f78c", "value": "http://localhost:8000/1d9b0e31-fd4a-416f-8c91-cd2fe30040d1"}</dcterms:identifier>
    <skos:altLabel xml:lang="en">{"id": "637f4f7f-3b4e-4a23-9cae-695f66f4325f", "value": "3"}</skos:altLabel>
    <skos:prefLabel xml:lang="en">{"id": "8ddfb12e-6198-49be-a980-ea20b57e38e5", "value": "Approx"}</skos:prefLabel>
    <skos:altLabel xml:lang="en">{"id": "f4c2db66-263b-4415-a848-28535ea4ae32", "value": "PA"}</skos:altLabel>
    <skos:inScheme rdf:resource="http://localhost:8000/15fb51a7-05f7-4b8e-bd97-7878f904611e"/>
  </skos:Concept>
  <skos:Concept rdf:about="http://localhost:8000/61ea2f34-5cba-44da-91d1-3ec74ee4854d">
    <skos:inScheme rdf:resource="http://localhost:8000/15fb51a7-05f7-4b8e-bd97-7878f904611e"/>
    <skos:altLabel xml:lang="en">{"id": "588a6111-bb97-4f20-a568-7c62a453ed3e", "value": "LIN"}</skos:altLabel>
    <skos:altLabel xml:lang="en">{"id": "3055f3ec-644a-4c47-adb4-2973d2cbf78d", "value": "2"}</skos:altLabel>
    <dcterms:identifier xml:lang="en">{"id": "55bb3cc9-2278-4d6c-913b-5a0497a11f6f", "value": "http://localhost:8000/61ea2f34-5cba-44da-91d1-3ec74ee4854d"}</dcterms:identifier>
    <skos:prefLabel xml:lang="en">{"id": "592c1d57-172b-446c-8552-d620d058960d", "value": "Linear"}</skos:prefLabel>
  </skos:Concept>
  <skos:Concept rdf:about="http://localhost:8000/93c9b9df-f236-460a-aa4e-e10e45f15ec7">
    <skos:inScheme rdf:resource="http://localhost:8000/15fb51a7-05f7-4b8e-bd97-7878f904611e"/>
    <skos:altLabel xml:lang="en">{"id": "1099873a-8394-48f5-871c-db855d247054", "value": "GCE"}</skos:altLabel>
    <skos:altLabel xml:lang="en">{"id": "9d7e5b5c-3257-4468-9522-bc5a1c18793d", "value": "6"}</skos:altLabel>
    <skos:prefLabel xml:lang="en">{"id": "f9405ebb-547a-4a92-9d71-be53db537f60", "value": "Area"}</skos:prefLabel>
    <dcterms:identifier xml:lang="en">{"id": "4d74cce1-2e5a-4557-99a8-d8c801d87eb3", "value": "http://localhost:8000/93c9b9df-f236-460a-aa4e-e10e45f15ec7"}</dcterms:identifier>
  </skos:Concept>
  <skos:Concept rdf:about="http://localhost:8000/0237fb2f-15a7-4339-b743-4d3f51637a2a">
    <skos:prefLabel xml:lang="en">{"id": "4089734f-39b5-4808-87fd-88790579b431", "value": "Dispersed Event"}</skos:prefLabel>
    <skos:inScheme rdf:resource="http://localhost:8000/15fb51a7-05f7-4b8e-bd97-7878f904611e"/>
    <dcterms:identifier xml:lang="en">{"id": "4e689af6-53d6-4d06-937d-beab3bf01f19", "value": "http://localhost:8000/0237fb2f-15a7-4339-b743-4d3f51637a2a"}</dcterms:identifier>
  </skos:Concept>
</rdf:RDF>
