<?xml version="1.0" encoding="utf-8"?>
<rdf:RDF
  xmlns:skos="http://www.w3.org/2004/02/skos/core#"
  xmlns:dcterms="http://purl.org/dc/terms/"
  xmlns:rdf="http://www.w3.org/1999/02/22-rdf-syntax-ns#"
>
  <skos:ConceptScheme rdf:about="http://localhost:8000/35860868-7251-4b10-be4d-3b3cecb53b3e">
    <dcterms:identifier xml:lang="en">{"id": "f9d07edc-9c05-44fc-ae23-7f1da27796d3", "value": "http://localhost:8000/35860868-7251-4b10-be4d-3b3cecb53b3e"}</dcterms:identifier>
    <skos:hasTopConcept>
      <skos:Concept rdf:about="http://localhost:8000/01a1668c-d83c-4e88-91a0-ab36d3e00462">
        <dcterms:identifier xml:lang="en">{"id": "8cd98f03-d9c0-4d42-9c68-90b67c6d6dcf", "value": "http://localhost:8000/01a1668c-d83c-4e88-91a0-ab36d3e00462"}</dcterms:identifier>
        <skos:inScheme rdf:resource="http://localhost:8000/35860868-7251-4b10-be4d-3b3cecb53b3e"/>
        <skos:prefLabel xml:lang="en">{"id": "ad8fc770-5e1a-4655-85ae-04d4e433f341", "value": "Degraded below-ground feature(s)"}</skos:prefLabel>
      </skos:Concept>
    </skos:hasTopConcept>
    <skos:hasTopConcept>
      <skos:Concept rdf:about="http://localhost:8000/f52027d4-75ed-40cb-93c1-47a4a3cc3481">
        <dcterms:identifier xml:lang="en">{"id": "d00ea1e4-0671-487f-b324-15d5d2e6e43e", "value": "http://localhost:8000/f52027d4-75ed-40cb-93c1-47a4a3cc3481"}</dcterms:identifier>
        <skos:prefLabel xml:lang="en">{"id": "fa03a163-6ad0-4c23-969f-db97364285fa", "value": "Structure(s) + above-ground feature(s)"}</skos:prefLabel>
        <skos:inScheme rdf:resource="http://localhost:8000/35860868-7251-4b10-be4d-3b3cecb53b3e"/>
      </skos:Concept>
    </skos:hasTopConcept>
    <dcterms:title xml:lang="en">{"id": "0889f1df-760e-486d-b032-18adc2223ea0", "value": "SHINE Vocabulary"}</dcterms:title>
    <skos:hasTopConcept>
      <skos:Concept rdf:about="http://localhost:8000/1778d47e-d0f4-417a-b5d8-3ff6a5029626">
        <skos:prefLabel xml:lang="en">{"id": "0a7439fc-01ef-4589-bc92-d863a2a0a48d", "value": "Structure(s)"}</skos:prefLabel>
        <dcterms:identifier xml:lang="en">{"id": "5278285a-6076-48b6-a8dd-000cab52cf1e", "value": "http://localhost:8000/1778d47e-d0f4-417a-b5d8-3ff6a5029626"}</dcterms:identifier>
        <skos:inScheme rdf:resource="http://localhost:8000/35860868-7251-4b10-be4d-3b3cecb53b3e"/>
      </skos:Concept>
    </skos:hasTopConcept>
    <skos:hasTopConcept>
      <skos:Concept rdf:about="http://localhost:8000/ce446873-272c-4829-8ace-6bb6c49d3972">
        <dcterms:identifier xml:lang="en">{"id": "d208986d-9a2a-4856-9eb6-55590b095b25", "value": "http://localhost:8000/ce446873-272c-4829-8ace-6bb6c49d3972"}</dcterms:identifier>
        <skos:prefLabel xml:lang="en">{"id": "f46af296-e552-4bd3-98f8-87f4a8a37c5e", "value": "Above + below-ground feature(s)"}</skos:prefLabel>
        <skos:inScheme rdf:resource="http://localhost:8000/35860868-7251-4b10-be4d-3b3cecb53b3e"/>
      </skos:Concept>
    </skos:hasTopConcept>
    <skos:hasTopConcept>
      <skos:Concept rdf:about="http://localhost:8000/949c387e-df6d-4014-bb70-4e941c54897a">
        <dcterms:identifier xml:lang="en">{"id": "5e11ea4c-797f-4a01-82a1-8133bae42244", "value": "http://localhost:8000/949c387e-df6d-4014-bb70-4e941c54897a"}</dcterms:identifier>
        <skos:prefLabel xml:lang="en">{"id": "d8f675d0-0f47-4987-b47a-86295b5130a4", "value": "Above-ground feature(s)"}</skos:prefLabel>
        <skos:inScheme rdf:resource="http://localhost:8000/35860868-7251-4b10-be4d-3b3cecb53b3e"/>
      </skos:Concept>
    </skos:hasTopConcept>
    <skos:hasTopConcept>
      <skos:Concept rdf:about="http://localhost:8000/8906b48e-7824-4d0a-b94b-a0e484c91da8">
        <skos:prefLabel xml:lang="en">{"id": "566406c6-276b-4bd1-81ed-53070852f92d", "value": "Structure(s) + below-ground feature(s)"}</skos:prefLabel>
        <skos:inScheme rdf:resource="http://localhost:8000/35860868-7251-4b10-be4d-3b3cecb53b3e"/>
        <dcterms:identifier xml:lang="en">{"id": "d16382c2-c9d1-4b62-9cf0-71cbc1042f3a", "value": "http://localhost:8000/8906b48e-7824-4d0a-b94b-a0e484c91da8"}</dcterms:identifier>
      </skos:Concept>
    </skos:hasTopConcept>
    <skos:hasTopConcept>
      <skos:Concept rdf:about="http://localhost:8000/4422319f-431e-4ada-b3e0-ed21496faaa4">
        <skos:inScheme rdf:resource="http://localhost:8000/35860868-7251-4b10-be4d-3b3cecb53b3e"/>
        <skos:prefLabel xml:lang="en">{"id": "7552e7dc-9641-4d8a-9676-127b88a7e279", "value": "Well-preserved below-ground feature(s)"}</skos:prefLabel>
        <dcterms:identifier xml:lang="en">{"id": "ad6acad8-b090-4a6f-b403-d5efe992fab1", "value": "http://localhost:8000/4422319f-431e-4ada-b3e0-ed21496faaa4"}</dcterms:identifier>
      </skos:Concept>
    </skos:hasTopConcept>
    <skos:hasTopConcept>
      <skos:Concept rdf:about="http://localhost:8000/6db466f2-4239-4d8a-b121-09ce0621caca">
        <skos:inScheme rdf:resource="http://localhost:8000/35860868-7251-4b10-be4d-3b3cecb53b3e"/>
        <skos:prefLabel xml:lang="en">{"id": "8285f525-cc8d-4479-8412-a8fd87cad3a1", "value": "Below-ground feature(s)"}</skos:prefLabel>
        <dcterms:identifier xml:lang="en">{"id": "9d4cbd6c-1229-4efb-bed7-a5e06c85382f", "value": "http://localhost:8000/6db466f2-4239-4d8a-b121-09ce0621caca"}</dcterms:identifier>
      </skos:Concept>
    </skos:hasTopConcept>
    <skos:hasTopConcept>
      <skos:Concept rdf:about="http://localhost:8000/073b7cf2-c2ce-4513-8caa-01df50f790d1">
        <skos:prefLabel xml:lang="en">{"id": "60b41071-1442-4ec6-8ee6-963e0f37ac7e", "value": "Structure(s) + above + below-ground feature(s)"}</skos:prefLabel>
        <skos:inScheme rdf:resource="http://localhost:8000/35860868-7251-4b10-be4d-3b3cecb53b3e"/>
        <dcterms:identifier xml:lang="en">{"id": "499f8f25-7061-4b15-a837-64f510b29801", "value": "http://localhost:8000/073b7cf2-c2ce-4513-8caa-01df50f790d1"}</dcterms:identifier>
      </skos:Concept>
    </skos:hasTopConcept>
  </skos:ConceptScheme>
</rdf:RDF>
