<?xml version="1.0" encoding="utf-8"?>
<rdf:RDF
  xmlns:skos="http://www.w3.org/2004/02/skos/core#"
  xmlns:rdf="http://www.w3.org/1999/02/22-rdf-syntax-ns#"
  xmlns:dcterms="http://purl.org/dc/terms/"
>
  <skos:Concept rdf:about="http://localhost:8000/d2f93184-7b12-4a81-a1b7-ab262b0c7a69">
    <skos:inScheme>
      <skos:ConceptScheme rdf:about="http://localhost:8000/c32fe132-c53f-4d80-9e28-933f43b60f78">
        <skos:hasTopConcept rdf:resource="http://localhost:8000/d2f93184-7b12-4a81-a1b7-ab262b0c7a69"/>
        <skos:hasTopConcept rdf:resource="http://localhost:8000/2a90c1e7-eef2-47af-936b-f0a1343d8f80"/>
        <skos:hasTopConcept rdf:resource="http://localhost:8000/9de06a35-07cb-4fe2-bb59-6d98535b1e79"/>
        <skos:hasTopConcept rdf:resource="http://localhost:8000/0818819e-969b-4bff-b080-e6dca47cbbb8"/>
        <dcterms:title xml:lang="en">{"id": "5ae41cca-8af9-4eee-9420-9fc8fd839162", "value": "Site Survey Condition"}</dcterms:title>
        <skos:hasTopConcept rdf:resource="http://localhost:8000/398325fb-059f-43a7-8421-056203421721"/>
        <skos:hasTopConcept rdf:resource="http://localhost:8000/43d41cea-fbaf-4fbb-8fae-ca50d661492c"/>
        <dcterms:identifier xml:lang="en">{"id": "fc575620-2a54-43eb-b2ea-97e98d331a96", "value": "http://localhost:8000/c32fe132-c53f-4d80-9e28-933f43b60f78"}</dcterms:identifier>
        <skos:hasTopConcept rdf:resource="http://localhost:8000/f1429852-9346-485e-a17d-be63d84598a8"/>
        <skos:hasTopConcept rdf:resource="http://localhost:8000/b4ab6088-d756-446f-a6fe-ccecbf58527f"/>
        <skos:hasTopConcept rdf:resource="http://localhost:8000/be06f884-9776-4ac5-a7e3-f642d91ca408"/>
      </skos:ConceptScheme>
    </skos:inScheme>
    <skos:prefLabel xml:lang="en">{"id": "cd64a297-2dc2-4e1b-a791-fcd6b6063283", "value": "B"}</skos:prefLabel>
    <dcterms:identifier xml:lang="en">{"id": "f7d1086f-8937-4862-bb0d-aee73c8d6b1d", "value": "http://localhost:8000/d2f93184-7b12-4a81-a1b7-ab262b0c7a69"}</dcterms:identifier>
  </skos:Concept>
  <skos:Concept rdf:about="http://localhost:8000/43d41cea-fbaf-4fbb-8fae-ca50d661492c">
    <skos:inScheme rdf:resource="http://localhost:8000/c32fe132-c53f-4d80-9e28-933f43b60f78"/>
    <dcterms:identifier xml:lang="en">{"id": "73aeef8a-e147-4fa7-81e2-56d5139cfe52", "value": "http://localhost:8000/43d41cea-fbaf-4fbb-8fae-ca50d661492c"}</dcterms:identifier>
    <skos:prefLabel xml:lang="en">{"id": "b0a5b9f3-54e3-4e64-8626-e7f8c5aa8b58", "value": "C"}</skos:prefLabel>
  </skos:Concept>
  <skos:Concept rdf:about="http://localhost:8000/398325fb-059f-43a7-8421-056203421721">
    <skos:inScheme rdf:resource="http://localhost:8000/c32fe132-c53f-4d80-9e28-933f43b60f78"/>
    <skos:prefLabel xml:lang="en">{"id": "926e700d-f236-407a-a828-1f37c1515f40", "value": "F"}</skos:prefLabel>
    <dcterms:identifier xml:lang="en">{"id": "5dd8b769-6c07-48d2-ab19-a4a4586cb4fc", "value": "http://localhost:8000/398325fb-059f-43a7-8421-056203421721"}</dcterms:identifier>
  </skos:Concept>
  <skos:Concept rdf:about="http://localhost:8000/9de06a35-07cb-4fe2-bb59-6d98535b1e79">
    <skos:inScheme rdf:resource="http://localhost:8000/c32fe132-c53f-4d80-9e28-933f43b60f78"/>
    <skos:prefLabel xml:lang="en">{"id": "c59a9a48-66eb-454b-b599-692611c3e660", "value": "D"}</skos:prefLabel>
    <dcterms:identifier xml:lang="en">{"id": "54e19f88-d013-4373-935e-93c2c662584a", "value": "http://localhost:8000/9de06a35-07cb-4fe2-bb59-6d98535b1e79"}</dcterms:identifier>
  </skos:Concept>
  <skos:Concept rdf:about="http://localhost:8000/f1429852-9346-485e-a17d-be63d84598a8">
    <skos:inScheme rdf:resource="http://localhost:8000/c32fe132-c53f-4d80-9e28-933f43b60f78"/>
    <skos:prefLabel xml:lang="en">{"id": "2fb6160a-c73f-4027-b097-6db97bef982a", "value": "H"}</skos:prefLabel>
    <dcterms:identifier xml:lang="en">{"id": "c592aeab-c930-4505-ae09-8bbcad27b59f", "value": "http://localhost:8000/f1429852-9346-485e-a17d-be63d84598a8"}</dcterms:identifier>
  </skos:Concept>
  <skos:Concept rdf:about="http://localhost:8000/2a90c1e7-eef2-47af-936b-f0a1343d8f80">
    <skos:inScheme rdf:resource="http://localhost:8000/c32fe132-c53f-4d80-9e28-933f43b60f78"/>
    <dcterms:identifier xml:lang="en">{"id": "ecfef47f-8bc2-48d3-9461-13c3c5389063", "value": "http://localhost:8000/2a90c1e7-eef2-47af-936b-f0a1343d8f80"}</dcterms:identifier>
    <skos:altLabel xml:lang="en">{"id": "c22dca65-c3f4-4a49-8972-a9275ce79980", "value": "A\\"}</skos:altLabel>
    <skos:prefLabel xml:lang="en">{"id": "ecc8eb2f-bb89-4ee8-86b1-b187b549004d", "value": "A"}</skos:prefLabel>
  </skos:Concept>
  <skos:Concept rdf:about="http://localhost:8000/b4ab6088-d756-446f-a6fe-ccecbf58527f">
    <skos:prefLabel xml:lang="en">{"id": "7d45e955-b8b8-461b-9888-9bc24e717b87", "value": "E"}</skos:prefLabel>
    <dcterms:identifier xml:lang="en">{"id": "610132df-0d72-4d0e-b21a-0ed4de7855e8", "value": "http://localhost:8000/b4ab6088-d756-446f-a6fe-ccecbf58527f"}</dcterms:identifier>
    <skos:inScheme rdf:resource="http://localhost:8000/c32fe132-c53f-4d80-9e28-933f43b60f78"/>
  </skos:Concept>
  <skos:Concept rdf:about="http://localhost:8000/0818819e-969b-4bff-b080-e6dca47cbbb8">
    <skos:inScheme rdf:resource="http://localhost:8000/c32fe132-c53f-4d80-9e28-933f43b60f78"/>
    <dcterms:identifier xml:lang="en">{"id": "769d3517-1754-4128-82d4-9c14922c1758", "value": "http://localhost:8000/0818819e-969b-4bff-b080-e6dca47cbbb8"}</dcterms:identifier>
    <skos:prefLabel xml:lang="en">{"id": "615047ad-2dbe-4d18-a5d1-77514b4fc236", "value": "J"}</skos:prefLabel>
  </skos:Concept>
  <skos:Concept rdf:about="http://localhost:8000/be06f884-9776-4ac5-a7e3-f642d91ca408">
    <skos:prefLabel xml:lang="en">{"id": "5f5110cc-d17a-4294-8e3e-e9cbe7c8497a", "value": "G"}</skos:prefLabel>
    <dcterms:identifier xml:lang="en">{"id": "b0e573f9-c2bb-44e1-94cb-33b6a530141d", "value": "http://localhost:8000/be06f884-9776-4ac5-a7e3-f642d91ca408"}</dcterms:identifier>
    <skos:inScheme rdf:resource="http://localhost:8000/c32fe132-c53f-4d80-9e28-933f43b60f78"/>
  </skos:Concept>
</rdf:RDF>
