<?xml version="1.0" encoding="utf-8"?>
<rdf:RDF
  xmlns:skos="http://www.w3.org/2004/02/skos/core#"
  xmlns:dcterms="http://purl.org/dc/terms/"
  xmlns:rdf="http://www.w3.org/1999/02/22-rdf-syntax-ns#"
>
  <skos:Concept rdf:about="http://localhost:8000/0409f050-6aec-4c52-a4eb-0c017533d5fa">
    <dcterms:identifier xml:lang="en">{"id": "348ea08f-1d75-43ae-91ca-a7f2f2ea854a", "value": "http://www.archesproject.org/0409f050-6aec-4c52-a4eb-0c017533d5fa"}</dcterms:identifier>
    <skos:prefLabel xml:lang="en">{"id": "7139ea8e-7bb4-448a-8984-54101374fe1f", "value": "Demolition Contractor"}</skos:prefLabel>
    <skos:inScheme>
      <skos:ConceptScheme rdf:about="http://localhost:8000/be0d121e-a784-4b00-875b-3ac24c68b82d">
        <skos:hasTopConcept rdf:resource="http://localhost:8000/2da3f9ad-cdea-40d2-b3ec-dbc0a59d8403"/>
        <skos:hasTopConcept rdf:resource="http://localhost:8000/c66842eb-2bc0-4c6a-b177-82bd61e2729a"/>
        <skos:hasTopConcept rdf:resource="http://localhost:8000/9e5ac413-ec99-4e82-9969-b90ac0e895fc"/>
        <skos:hasTopConcept rdf:resource="http://localhost:8000/0409f050-6aec-4c52-a4eb-0c017533d5fa"/>
        <skos:hasTopConcept rdf:resource="http://localhost:8000/31be646a-9f4f-4b23-be23-53c965096f5b"/>
        <skos:hasTopConcept rdf:resource="http://localhost:8000/fd84f7f8-046e-4e7d-ae94-410231044ba8"/>
        <skos:hasTopConcept rdf:resource="http://localhost:8000/9540b10d-ed97-400a-948c-67412623c0c9"/>
        <skos:hasTopConcept rdf:resource="http://localhost:8000/e15dd453-494f-4078-b987-ef3e592abae7"/>
        <dcterms:title xml:lang="en">{"id": "4215acfc-855b-4df4-b59e-3ca95b7a38e8", "value": "SIte Visit Attendees"}</dcterms:title>
        <skos:hasTopConcept rdf:resource="http://localhost:8000/853128e1-f5cd-4552-bd13-bbcb767207f1"/>
        <dcterms:identifier xml:lang="en">{"id": "7629bc09-567f-43f7-8af0-05c4177caa4e", "value": "http://www.archesproject.org/be0d121e-a784-4b00-875b-3ac24c68b82d"}</dcterms:identifier>
        <skos:hasTopConcept rdf:resource="http://localhost:8000/e5a077eb-91eb-4fda-a68d-2bdbbb324828"/>
        <skos:hasTopConcept rdf:resource="http://localhost:8000/6df3c7cb-1629-4543-8545-1133b78aaa02"/>
        <skos:hasTopConcept rdf:resource="http://localhost:8000/e0a7517e-a05d-4b39-a47a-210074761473"/>
        <skos:hasTopConcept rdf:resource="http://localhost:8000/fba90786-3f54-40e9-856b-00b708fa8c4c"/>
      </skos:ConceptScheme>
    </skos:inScheme>
  </skos:Concept>
  <skos:Concept rdf:about="http://localhost:8000/31be646a-9f4f-4b23-be23-53c965096f5b">
    <skos:inScheme rdf:resource="http://localhost:8000/be0d121e-a784-4b00-875b-3ac24c68b82d"/>
    <skos:prefLabel xml:lang="en">{"id": "a5bd1a44-261d-45a9-b84e-31e7a4850e25", "value": "Borough Conservation Officer"}</skos:prefLabel>
    <dcterms:identifier xml:lang="en">{"id": "7559479a-1358-44bf-acae-4c2cf2423876", "value": "http://www.archesproject.org/31be646a-9f4f-4b23-be23-53c965096f5b"}</dcterms:identifier>
  </skos:Concept>
  <skos:Concept rdf:about="http://localhost:8000/6df3c7cb-1629-4543-8545-1133b78aaa02">
    <skos:prefLabel xml:lang="en">{"id": "0dd94d26-f53f-46e2-9821-b9c42e21bd39", "value": "Historic England GLAAS Advisor"}</skos:prefLabel>
    <dcterms:identifier xml:lang="en">{"id": "2c8c34fc-63bf-4c73-83c8-7567470f4793", "value": "http://www.archesproject.org/6df3c7cb-1629-4543-8545-1133b78aaa02"}</dcterms:identifier>
    <skos:inScheme rdf:resource="http://localhost:8000/be0d121e-a784-4b00-875b-3ac24c68b82d"/>
  </skos:Concept>
  <skos:Concept rdf:about="http://localhost:8000/fd84f7f8-046e-4e7d-ae94-410231044ba8">
    <skos:inScheme rdf:resource="http://localhost:8000/be0d121e-a784-4b00-875b-3ac24c68b82d"/>
    <dcterms:identifier xml:lang="en">{"id": "0d8d1642-58c0-45af-960a-048fd7288eb4", "value": "http://www.archesproject.org/fd84f7f8-046e-4e7d-ae94-410231044ba8"}</dcterms:identifier>
    <skos:prefLabel xml:lang="en">{"id": "7545bb0c-6936-49f2-8635-0dd211ff310c", "value": "Other"}</skos:prefLabel>
  </skos:Concept>
  <skos:Concept rdf:about="http://localhost:8000/9e5ac413-ec99-4e82-9969-b90ac0e895fc">
    <skos:prefLabel xml:lang="en">{"id": "2f2408c2-9545-491b-b48f-f54e13f7e8df", "value": "Applicant"}</skos:prefLabel>
    <dcterms:identifier xml:lang="en">{"id": "19a47df6-3e9b-4c78-8f34-8b86d8754021", "value": "http://www.archesproject.org/9e5ac413-ec99-4e82-9969-b90ac0e895fc"}</dcterms:identifier>
    <skos:inScheme rdf:resource="http://localhost:8000/be0d121e-a784-4b00-875b-3ac24c68b82d"/>
  </skos:Concept>
  <skos:Concept rdf:about="http://localhost:8000/e15dd453-494f-4078-b987-ef3e592abae7">
    <skos:prefLabel xml:lang="en">{"id": "4efa6c43-beb9-4829-bbfd-8254e1ddcec8", "value": "Historic England Buildings Inspector"}</skos:prefLabel>
    <skos:inScheme rdf:resource="http://localhost:8000/be0d121e-a784-4b00-875b-3ac24c68b82d"/>
    <dcterms:identifier xml:lang="en">{"id": "4af90544-6c72-4d53-8a71-9422f751af8c", "value": "http://www.archesproject.org/e15dd453-494f-4078-b987-ef3e592abae7"}</dcterms:identifier>
  </skos:Concept>
  <skos:Concept rdf:about="http://localhost:8000/9540b10d-ed97-400a-948c-67412623c0c9">
    <dcterms:identifier xml:lang="en">{"id": "bc380bc3-9b51-440b-b7ea-c3a02f3cd444", "value": "http://www.archesproject.org/9540b10d-ed97-400a-948c-67412623c0c9"}</dcterms:identifier>
    <skos:inScheme rdf:resource="http://localhost:8000/be0d121e-a784-4b00-875b-3ac24c68b82d"/>
    <skos:prefLabel xml:lang="en">{"id": "9fc370f9-a1f2-46b4-8adb-a923918cc6f4", "value": "Archaeological Contractor"}</skos:prefLabel>
  </skos:Concept>
  <skos:Concept rdf:about="http://localhost:8000/853128e1-f5cd-4552-bd13-bbcb767207f1">
    <skos:inScheme rdf:resource="http://localhost:8000/be0d121e-a784-4b00-875b-3ac24c68b82d"/>
    <dcterms:identifier xml:lang="en">{"id": "4d808870-7ccf-4682-af8e-52b61fb826af", "value": "http://www.archesproject.org/853128e1-f5cd-4552-bd13-bbcb767207f1"}</dcterms:identifier>
    <skos:prefLabel xml:lang="en">{"id": "b0977161-44ad-4870-838d-6f3b4f30e0c6", "value": "Archaeological Consultant"}</skos:prefLabel>
  </skos:Concept>
  <skos:Concept rdf:about="http://localhost:8000/2da3f9ad-cdea-40d2-b3ec-dbc0a59d8403">
    <dcterms:identifier xml:lang="en">{"id": "63fbbacb-3b51-43cf-a9bf-90d9b02f0a92", "value": "http://www.archesproject.org/2da3f9ad-cdea-40d2-b3ec-dbc0a59d8403"}</dcterms:identifier>
    <skos:inScheme rdf:resource="http://localhost:8000/be0d121e-a784-4b00-875b-3ac24c68b82d"/>
    <skos:prefLabel xml:lang="en">{"id": "22eb35ff-da1a-4015-92a9-9e33cf196a6a", "value": "Borough Enforcement Officer"}</skos:prefLabel>
  </skos:Concept>
  <skos:Concept rdf:about="http://localhost:8000/c66842eb-2bc0-4c6a-b177-82bd61e2729a">
    <skos:prefLabel xml:lang="en">{"id": "02c6e7b6-6db7-4632-97da-79e6137a1425", "value": "Historic England Science Advisor"}</skos:prefLabel>
    <skos:inScheme rdf:resource="http://localhost:8000/be0d121e-a784-4b00-875b-3ac24c68b82d"/>
    <dcterms:identifier xml:lang="en">{"id": "6a7d50d9-2439-433e-8bc6-c14d71c9873c", "value": "http://www.archesproject.org/c66842eb-2bc0-4c6a-b177-82bd61e2729a"}</dcterms:identifier>
  </skos:Concept>
  <skos:Concept rdf:about="http://localhost:8000/e0a7517e-a05d-4b39-a47a-210074761473">
    <skos:inScheme rdf:resource="http://localhost:8000/be0d121e-a784-4b00-875b-3ac24c68b82d"/>
    <skos:prefLabel xml:lang="en">{"id": "9dc580c1-b106-4198-afcd-34634db8e906", "value": "HIstoric England Inspector of Ancient Monuments"}</skos:prefLabel>
    <dcterms:identifier xml:lang="en">{"id": "100f4476-6307-41d3-9306-f064584b5f81", "value": "http://www.archesproject.org/e0a7517e-a05d-4b39-a47a-210074761473"}</dcterms:identifier>
  </skos:Concept>
  <skos:Concept rdf:about="http://localhost:8000/fba90786-3f54-40e9-856b-00b708fa8c4c">
    <skos:inScheme rdf:resource="http://localhost:8000/be0d121e-a784-4b00-875b-3ac24c68b82d"/>
    <dcterms:identifier xml:lang="en">{"id": "8e94c689-efb7-4ebd-991f-f200ff8c5342", "value": "http://www.archesproject.org/fba90786-3f54-40e9-856b-00b708fa8c4c"}</dcterms:identifier>
    <skos:prefLabel xml:lang="en">{"id": "26943a6f-d825-448d-b1a1-407c0eb6efb0", "value": "Borough Case Officer"}</skos:prefLabel>
  </skos:Concept>
  <skos:Concept rdf:about="http://localhost:8000/e5a077eb-91eb-4fda-a68d-2bdbbb324828">
    <skos:inScheme rdf:resource="http://localhost:8000/be0d121e-a784-4b00-875b-3ac24c68b82d"/>
    <skos:prefLabel xml:lang="en">{"id": "fdf3772e-dcda-4ca1-9248-5ab41a36168b", "value": "Construction Contractor"}</skos:prefLabel>
    <dcterms:identifier xml:lang="en">{"id": "5061d77c-9d05-4b93-92b3-0ab52a7dbd14", "value": "http://www.archesproject.org/e5a077eb-91eb-4fda-a68d-2bdbbb324828"}</dcterms:identifier>
  </skos:Concept>
</rdf:RDF>
