<?xml version="1.0" encoding="utf-8"?>
<rdf:RDF
  xmlns:skos="http://www.w3.org/2004/02/skos/core#"
  xmlns:dcterms="http://purl.org/dc/terms/"
  xmlns:rdf="http://www.w3.org/1999/02/22-rdf-syntax-ns#"
>
  <skos:ConceptScheme rdf:about="http://localhost:8000/5944395f-f998-4f7c-b211-09f252b1a799">
    <dcterms:identifier xml:lang="en">{"id": "02247e8b-f91b-49d8-919f-335d1a2dace9", "value": "http://localhost:8000/5944395f-f998-4f7c-b211-09f252b1a799"}</dcterms:identifier>
    <skos:hasTopConcept>
      <skos:Concept rdf:about="http://localhost:8000/8678ed2f-27fc-4f12-a5e8-a1c97bdee48f">
        <skos:inScheme rdf:resource="http://localhost:8000/5944395f-f998-4f7c-b211-09f252b1a799"/>
        <skos:scopeNote xml:lang="en">{"id": "f62711ee-51ed-4c59-aa9f-485219f6e389", "value": "A secondary title associated with a bibliographic reference."}</skos:scopeNote>
        <dcterms:identifier xml:lang="en">{"id": "8f1df2a3-060a-4d3a-a3b0-e066c85b86da", "value": "http://localhost:8000/8678ed2f-27fc-4f12-a5e8-a1c97bdee48f"}</dcterms:identifier>
        <skos:prefLabel xml:lang="en">{"id": "c109d688-2ff4-45c5-873c-1a2ebc93d4fa", "value": "Subtitle"}</skos:prefLabel>
      </skos:Concept>
    </skos:hasTopConcept>
    <dcterms:title xml:lang="en">{"id": "34ed6e73-8cfb-4653-9459-d158d8e6a7e6", "value": "Source Title Type"}</dcterms:title>
    <skos:hasTopConcept>
      <skos:Concept rdf:about="http://localhost:8000/1e9d346e-b339-4a13-93f1-1ca71415db2b">
        <dcterms:identifier xml:lang="en">{"id": "16e556d6-c7c7-4a84-9e06-7a770addc47a", "value": "http://localhost:8000/1e9d346e-b339-4a13-93f1-1ca71415db2b"}</dcterms:identifier>
        <skos:prefLabel xml:lang="en">{"id": "500a41d4-e52b-4448-9c08-fe9f0de7d8da", "value": "Title"}</skos:prefLabel>
        <skos:inScheme rdf:resource="http://localhost:8000/5944395f-f998-4f7c-b211-09f252b1a799"/>
        <skos:scopeNote xml:lang="en">{"id": "f86c8086-63fd-438b-9543-ceeee95dda3a", "value": "The main title of a bibliographic resource."}</skos:scopeNote>
      </skos:Concept>
    </skos:hasTopConcept>
    <skos:hasTopConcept>
      <skos:Concept rdf:about="http://localhost:8000/e0b26bf4-27e2-4f1a-a5f0-4034a5b06f4a">
        <skos:scopeNote xml:lang="en">{"id": "b5c6957c-5c39-449c-bf9e-5a7e5f5fa9a0", "value": "Another title for a bibliographic source which differs from the recognized official title"}</skos:scopeNote>
        <dcterms:identifier xml:lang="en">{"id": "ca17620a-5583-4c62-9bbe-bdefb12c1f9e", "value": "http://localhost:8000/e0b26bf4-27e2-4f1a-a5f0-4034a5b06f4a"}</dcterms:identifier>
        <skos:inScheme rdf:resource="http://localhost:8000/5944395f-f998-4f7c-b211-09f252b1a799"/>
        <skos:prefLabel xml:lang="en">{"id": "737e2e2e-d0dd-459b-9e83-5bc1bad7cd48", "value": "Alternative Title"}</skos:prefLabel>
      </skos:Concept>
    </skos:hasTopConcept>
  </skos:ConceptScheme>
</rdf:RDF>
