<?xml version="1.0" encoding="utf-8"?>
<rdf:RDF
  xmlns:skos="http://www.w3.org/2004/02/skos/core#"
  xmlns:rdf="http://www.w3.org/1999/02/22-rdf-syntax-ns#"
  xmlns:dcterms="http://purl.org/dc/terms/"
>
  <skos:Concept rdf:about="http://localhost:8000/b8cb0f59-7ad1-445b-bcff-4b57e81af387">
    <skos:scopeNote xml:lang="en">{"id": "6156c704-7d6d-4ff0-9a62-fa717ff3d392", "value": "Mon_Precision type to aid migration"}</skos:scopeNote>
    <dcterms:identifier xml:lang="en">{"id": "ac9c66cf-f0c3-45ca-ba02-792ee77f7f40", "value": "http://localhost:8000/b8cb0f59-7ad1-445b-bcff-4b57e81af387"}</dcterms:identifier>
    <skos:prefLabel xml:lang="en">{"id": "b2e36702-c16c-4c6e-b495-a98b76c55d09", "value": "0"}</skos:prefLabel>
    <skos:inScheme>
      <skos:ConceptScheme rdf:about="http://localhost:8000/d2f84237-0694-45fe-ae1b-00be883b36ee">
        <skos:hasTopConcept rdf:resource="http://localhost:8000/d16601ba-4f17-4d4b-bee2-1413ebe0e96f"/>
        <skos:hasTopConcept rdf:resource="http://localhost:8000/2dc7fb27-8a8b-4502-a08c-81244dbe291a"/>
        <skos:hasTopConcept rdf:resource="http://localhost:8000/22fe0738-f49d-4a6d-b63e-01bc2f0816ee"/>
        <dcterms:identifier xml:lang="en">{"id": "d98e735d-1ef7-4e11-9d26-758627cd67e2", "value": "http://localhost:8000/d2f84237-0694-45fe-ae1b-00be883b36ee"}</dcterms:identifier>
        <skos:hasTopConcept rdf:resource="http://localhost:8000/55f9c578-3ca0-4b5c-a1d5-d3340d686af3"/>
        <skos:hasTopConcept rdf:resource="http://localhost:8000/9ed87fac-a5ec-4b13-8e70-78e8a17067b2"/>
        <dcterms:title xml:lang="en">{"id": "e020de49-209f-41d0-a614-59f1fe577cdb", "value": "Spatial Accuracy Qualifiers"}</dcterms:title>
        <skos:hasTopConcept rdf:resource="http://localhost:8000/b8cb0f59-7ad1-445b-bcff-4b57e81af387"/>
        <skos:hasTopConcept rdf:resource="http://localhost:8000/ddfdcd87-398e-4b9c-9462-6013e5cdd339"/>
        <skos:hasTopConcept rdf:resource="http://localhost:8000/17fbf407-6bbc-40f5-8bf7-a247de80d56d"/>
        <skos:hasTopConcept rdf:resource="http://localhost:8000/7372df8a-76fa-43c3-a385-a7543a80b034"/>
        <skos:hasTopConcept rdf:resource="http://localhost:8000/1cf061da-ea35-4871-82ec-eec45d21cf6e"/>
        <skos:hasTopConcept rdf:resource="http://localhost:8000/e04efeb0-d6e3-4058-a5f0-6cff9d55d35d"/>
      </skos:ConceptScheme>
    </skos:inScheme>
  </skos:Concept>
  <skos:Concept rdf:about="http://localhost:8000/2dc7fb27-8a8b-4502-a08c-81244dbe291a">
    <skos:inScheme rdf:resource="http://localhost:8000/d2f84237-0694-45fe-ae1b-00be883b36ee"/>
    <skos:scopeNote xml:lang="en">{"id": "be2b748d-ca7f-4828-bca3-847b9c86f7ec", "value": "Mon_Precision type to aid migration"}</skos:scopeNote>
    <dcterms:identifier xml:lang="en">{"id": "4d02aa86-3650-47b2-9f4e-e8a2baeeb059", "value": "http://localhost:8000/2dc7fb27-8a8b-4502-a08c-81244dbe291a"}</dcterms:identifier>
    <skos:prefLabel xml:lang="en">{"id": "36247dfc-4eeb-4bc5-af38-3f7e79c1e0cc", "value": "100"}</skos:prefLabel>
  </skos:Concept>
  <skos:Concept rdf:about="http://localhost:8000/e04efeb0-d6e3-4058-a5f0-6cff9d55d35d">
    <skos:scopeNote xml:lang="en">{"id": "c3b0f7a0-4b6c-44fb-bbf2-1b4fae590dbc", "value": "Mon_Precision type to aid migration"}</skos:scopeNote>
    <skos:inScheme rdf:resource="http://localhost:8000/d2f84237-0694-45fe-ae1b-00be883b36ee"/>
    <skos:prefLabel xml:lang="en">{"id": "72541290-1c0b-45ec-ad21-ede36fdb17b7", "value": "1"}</skos:prefLabel>
    <dcterms:identifier xml:lang="en">{"id": "7fc856eb-a931-4bc3-8df8-7ea5aba2f36b", "value": "http://localhost:8000/e04efeb0-d6e3-4058-a5f0-6cff9d55d35d"}</dcterms:identifier>
  </skos:Concept>
  <skos:Concept rdf:about="http://localhost:8000/55f9c578-3ca0-4b5c-a1d5-d3340d686af3">
    <skos:inScheme rdf:resource="http://localhost:8000/d2f84237-0694-45fe-ae1b-00be883b36ee"/>
    <skos:prefLabel xml:lang="en">{"id": "3417feb4-2348-46aa-804d-8dc86a9c06cf", "value": "Within 10 metres"}</skos:prefLabel>
    <dcterms:identifier xml:lang="en">{"id": "1c76b12b-0329-4c9b-bbab-e52103a14094", "value": "http://localhost:8000/55f9c578-3ca0-4b5c-a1d5-d3340d686af3"}</dcterms:identifier>
  </skos:Concept>
  <skos:Concept rdf:about="http://localhost:8000/1cf061da-ea35-4871-82ec-eec45d21cf6e">
    <skos:inScheme rdf:resource="http://localhost:8000/d2f84237-0694-45fe-ae1b-00be883b36ee"/>
    <skos:prefLabel xml:lang="en">{"id": "78c1773c-cda2-4a98-acab-f4720aa22065", "value": "Within 1 metre"}</skos:prefLabel>
    <dcterms:identifier xml:lang="en">{"id": "7085dc72-899b-4095-a86c-9910472d8be1", "value": "http://localhost:8000/1cf061da-ea35-4871-82ec-eec45d21cf6e"}</dcterms:identifier>
  </skos:Concept>
  <skos:Concept rdf:about="http://localhost:8000/d16601ba-4f17-4d4b-bee2-1413ebe0e96f">
    <skos:inScheme rdf:resource="http://localhost:8000/d2f84237-0694-45fe-ae1b-00be883b36ee"/>
    <dcterms:identifier xml:lang="en">{"id": "e8165901-53c9-41cd-9349-73e1aecb554b", "value": "http://localhost:8000/d16601ba-4f17-4d4b-bee2-1413ebe0e96f"}</dcterms:identifier>
    <skos:prefLabel xml:lang="en">{"id": "90c9117f-2951-4196-99de-c77b4b8b06a8", "value": "Within 1000 metres"}</skos:prefLabel>
  </skos:Concept>
  <skos:Concept rdf:about="http://localhost:8000/ddfdcd87-398e-4b9c-9462-6013e5cdd339">
    <skos:prefLabel xml:lang="en">{"id": "ed219b43-9a0c-443d-a930-83b367660398", "value": "0.1"}</skos:prefLabel>
    <dcterms:identifier xml:lang="en">{"id": "2d5982ce-70e3-413c-a981-75944496542d", "value": "http://localhost:8000/ddfdcd87-398e-4b9c-9462-6013e5cdd339"}</dcterms:identifier>
    <skos:scopeNote xml:lang="en">{"id": "a9e8e414-8209-4c47-9893-6a1b828c27bf", "value": "Mon_Precision type to aid migration"}</skos:scopeNote>
    <skos:inScheme rdf:resource="http://localhost:8000/d2f84237-0694-45fe-ae1b-00be883b36ee"/>
  </skos:Concept>
  <skos:Concept rdf:about="http://localhost:8000/22fe0738-f49d-4a6d-b63e-01bc2f0816ee">
    <skos:inScheme rdf:resource="http://localhost:8000/d2f84237-0694-45fe-ae1b-00be883b36ee"/>
    <dcterms:identifier xml:lang="en">{"id": "1b199a4f-ccea-49ac-8dd8-6900d6ce6049", "value": "http://localhost:8000/22fe0738-f49d-4a6d-b63e-01bc2f0816ee"}</dcterms:identifier>
    <skos:scopeNote xml:lang="en">{"id": "2a8e1b10-116d-4164-961e-b78223675dca", "value": "Mon_Precision type to aid migration"}</skos:scopeNote>
    <skos:prefLabel xml:lang="en">{"id": "368022b4-1051-4bd2-9ff5-450018efda37", "value": "10000"}</skos:prefLabel>
  </skos:Concept>
  <skos:Concept rdf:about="http://localhost:8000/9ed87fac-a5ec-4b13-8e70-78e8a17067b2">
    <skos:inScheme rdf:resource="http://localhost:8000/d2f84237-0694-45fe-ae1b-00be883b36ee"/>
    <skos:prefLabel xml:lang="en">{"id": "fb1dc34a-ba26-4d48-9e14-e426b4ef1c53", "value": "Within 100 metres"}</skos:prefLabel>
    <dcterms:identifier xml:lang="en">{"id": "1cdc6663-8da0-445c-b8d4-601abb4375a4", "value": "http://localhost:8000/9ed87fac-a5ec-4b13-8e70-78e8a17067b2"}</dcterms:identifier>
  </skos:Concept>
  <skos:Concept rdf:about="http://localhost:8000/17fbf407-6bbc-40f5-8bf7-a247de80d56d">
    <skos:scopeNote xml:lang="en">{"id": "096d557a-a275-4fc4-88b1-706e2f6484da", "value": "Mon_Precision type to aid migration"}</skos:scopeNote>
    <dcterms:identifier xml:lang="en">{"id": "0dfe0a60-0625-4758-8df3-73f74b3de550", "value": "http://localhost:8000/17fbf407-6bbc-40f5-8bf7-a247de80d56d"}</dcterms:identifier>
    <skos:inScheme rdf:resource="http://localhost:8000/d2f84237-0694-45fe-ae1b-00be883b36ee"/>
    <skos:prefLabel xml:lang="en">{"id": "29f59418-8a51-4014-b83b-1622e7b0d616", "value": "1000"}</skos:prefLabel>
  </skos:Concept>
  <skos:Concept rdf:about="http://localhost:8000/7372df8a-76fa-43c3-a385-a7543a80b034">
    <skos:scopeNote xml:lang="en">{"id": "b1389795-d1fe-4536-8d28-8cafe4be12c0", "value": "Mon_Precision type to aid migration"}</skos:scopeNote>
    <skos:prefLabel xml:lang="en">{"id": "92a5b665-33b1-4073-8db6-cc49e2afa88e", "value": "10"}</skos:prefLabel>
    <skos:inScheme rdf:resource="http://localhost:8000/d2f84237-0694-45fe-ae1b-00be883b36ee"/>
    <dcterms:identifier xml:lang="en">{"id": "04402896-d09e-4905-aee8-4924d09d4129", "value": "http://localhost:8000/7372df8a-76fa-43c3-a385-a7543a80b034"}</dcterms:identifier>
  </skos:Concept>
</rdf:RDF>
