<?xml version="1.0" encoding="utf-8"?>
<rdf:RDF
  xmlns:skos="http://www.w3.org/2004/02/skos/core#"
  xmlns:dcterms="http://purl.org/dc/terms/"
  xmlns:rdf="http://www.w3.org/1999/02/22-rdf-syntax-ns#"
>
  <skos:Concept rdf:about="http://localhost:8000/181e5dbb-6dde-420d-8868-e25a0b5dd682">
    <dcterms:identifier xml:lang="en">{"id": "40049f9a-9b99-47ca-b5e5-ee6b96bbe29d", "value": "http://localhost:8000/181e5dbb-6dde-420d-8868-e25a0b5dd682"}</dcterms:identifier>
    <skos:inScheme>
      <skos:ConceptScheme rdf:about="http://localhost:8000/5319758f-94d3-47fd-a385-e9a269f76470">
        <skos:hasTopConcept rdf:resource="http://localhost:8000/181e5dbb-6dde-420d-8868-e25a0b5dd682"/>
        <dcterms:identifier xml:lang="en">{"id": "fb600964-e1bd-43a1-8261-04d64d60ba34", "value": "http://localhost:8000/5319758f-94d3-47fd-a385-e9a269f76470"}</dcterms:identifier>
        <dcterms:title xml:lang="en">{"id": "45837c88-8bec-47ed-be5f-aab96985c5eb", "value": "Survey Access"}</dcterms:title>
        <skos:hasTopConcept rdf:resource="http://localhost:8000/ee804ff5-7763-4326-b2b4-108c06a1ae9c"/>
        <skos:hasTopConcept rdf:resource="http://localhost:8000/50e79dbe-43b2-47ce-b055-5ae80f417c24"/>
        <skos:hasTopConcept rdf:resource="http://localhost:8000/2cd57a03-8b7e-4094-be63-0c9b62c9a2b9"/>
      </skos:ConceptScheme>
    </skos:inScheme>
    <skos:prefLabel xml:lang="en">{"id": "fd9aff1a-8ffb-4259-9788-b6022af96dc2", "value": "Exterior Access Only"}</skos:prefLabel>
    <skos:scopeNote xml:lang="en">{"id": "13e390dc-dfbd-4339-846b-24a7616269c1", "value": "Access for survey or assessment limited to the exterior of existing buildings and structures."}</skos:scopeNote>
  </skos:Concept>
  <skos:Concept rdf:about="http://localhost:8000/ee804ff5-7763-4326-b2b4-108c06a1ae9c">
    <skos:scopeNote xml:lang="en">{"id": "8a0d03fa-ad63-4362-8439-2ffcdccef2e5", "value": "Access to the site was limited e.g. to the perimeter of a large complex."}</skos:scopeNote>
    <skos:inScheme rdf:resource="http://localhost:8000/5319758f-94d3-47fd-a385-e9a269f76470"/>
    <dcterms:identifier xml:lang="en">{"id": "2f4e5cd3-9943-4d07-94bb-24dbaff46e7e", "value": "http://localhost:8000/ee804ff5-7763-4326-b2b4-108c06a1ae9c"}</dcterms:identifier>
    <skos:prefLabel xml:lang="en">{"id": "a82c1d05-3673-4383-83d0-3d9fc719dc9b", "value": "Site Access Only"}</skos:prefLabel>
  </skos:Concept>
  <skos:Concept rdf:about="http://localhost:8000/50e79dbe-43b2-47ce-b055-5ae80f417c24">
    <skos:prefLabel xml:lang="en">{"id": "9e2f7661-b566-4edd-a1ed-07f7be943c31", "value": "Interior Access"}</skos:prefLabel>
    <dcterms:identifier xml:lang="en">{"id": "853f78fe-8146-4d5a-b8e4-160f229a5130", "value": "http://localhost:8000/50e79dbe-43b2-47ce-b055-5ae80f417c24"}</dcterms:identifier>
    <skos:scopeNote xml:lang="en">{"id": "47afe121-7027-4870-be48-06715b949d94", "value": "Full access to interior and exterior of buildings or structures."}</skos:scopeNote>
    <skos:inScheme rdf:resource="http://localhost:8000/5319758f-94d3-47fd-a385-e9a269f76470"/>
  </skos:Concept>
  <skos:Concept rdf:about="http://localhost:8000/2cd57a03-8b7e-4094-be63-0c9b62c9a2b9">
    <skos:inScheme rdf:resource="http://localhost:8000/5319758f-94d3-47fd-a385-e9a269f76470"/>
    <dcterms:identifier xml:lang="en">{"id": "f21cfb52-508f-4ebe-9179-a55493b34c5c", "value": "http://localhost:8000/2cd57a03-8b7e-4094-be63-0c9b62c9a2b9"}</dcterms:identifier>
    <skos:scopeNote xml:lang="en">{"id": "2591946c-669a-4c12-9d03-b62d7524b0bd", "value": "Access for survey was not available at the time of the survey visit."}</skos:scopeNote>
    <skos:prefLabel xml:lang="en">{"id": "1d3877f5-d529-48ea-99e4-d8b31f52e830", "value": "No Access"}</skos:prefLabel>
  </skos:Concept>
</rdf:RDF>
