<?xml version="1.0" encoding="utf-8"?>
<rdf:RDF
  xmlns:skos="http://www.w3.org/2004/02/skos/core#"
  xmlns:rdf="http://www.w3.org/1999/02/22-rdf-syntax-ns#"
  xmlns:dcterms="http://purl.org/dc/terms/"
>
  <skos:Concept rdf:about="http://localhost:8000/ee7d096a-db1e-4840-9954-1a614dcf1971">
    <skos:prefLabel xml:lang="en">{"id": "7b017fe5-f3bc-41ca-84d3-c0cf35bfc644", "value": "Clinker"}</skos:prefLabel>
    <skos:inScheme>
      <skos:ConceptScheme rdf:about="http://localhost:8000/d567a7ee-401f-4828-8c24-c5a11e7496b2">
        <dcterms:identifier xml:lang="en">{"id": "b2e760dd-19e3-4631-8895-2dcc6dc10439", "value": "http://www.archesproject.org/d567a7ee-401f-4828-8c24-c5a11e7496b2"}</dcterms:identifier>
        <skos:hasTopConcept rdf:resource="http://localhost:8000/2cd4d7c4-79b3-4f15-8837-67505125c8f7"/>
        <skos:hasTopConcept rdf:resource="http://localhost:8000/8a949565-83b4-4b1d-8317-369e0dc403eb"/>
        <skos:hasTopConcept rdf:resource="http://localhost:8000/90cc0d63-75b5-46fe-8d03-621a54be9781"/>
        <skos:hasTopConcept rdf:resource="http://localhost:8000/0ca7b339-8e90-48f2-99bd-6fab39ad654b"/>
        <dcterms:title xml:lang="en">{"id": "3b78626a-5a68-4b6b-9742-43a4741d97d9", "value": "Techniques"}</dcterms:title>
      </skos:ConceptScheme>
    </skos:inScheme>
  </skos:Concept>
  <skos:Concept rdf:about="http://localhost:8000/14d57588-5c8d-4e6e-9f7c-2c5429b12696">
    <skos:inScheme rdf:resource="http://localhost:8000/d567a7ee-401f-4828-8c24-c5a11e7496b2"/>
    <skos:prefLabel xml:lang="en">{"id": "97afbc4d-7f5a-42a3-9d7c-835f68e01852", "value": "Reverse Clinker"}</skos:prefLabel>
  </skos:Concept>
  <skos:Concept rdf:about="http://localhost:8000/8fdf111d-f58c-4ae2-adfb-f61875d22489">
    <skos:narrower>
      <skos:Concept rdf:about="http://localhost:8000/344dc964-a662-4e06-9316-cc1120ab2597">
        <skos:inScheme rdf:resource="http://localhost:8000/d567a7ee-401f-4828-8c24-c5a11e7496b2"/>
        <skos:prefLabel xml:lang="en">{"id": "adc657f6-ed1e-4d2f-9b17-bd3263451cdb", "value": "Lost wax"}</skos:prefLabel>
        <dcterms:identifier xml:lang="en">{"id": "328b3483-d916-46dc-a54e-5692be577a4b", "value": "http://www.archesproject.org/344dc964-a662-4e06-9316-cc1120ab2597"}</dcterms:identifier>
      </skos:Concept>
    </skos:narrower>
    <dcterms:identifier xml:lang="en">{"id": "c5e8e5f0-2e56-4205-8a66-00f979ab1b93", "value": "http://www.archesproject.org/8fdf111d-f58c-4ae2-adfb-f61875d22489"}</dcterms:identifier>
    <skos:inScheme rdf:resource="http://localhost:8000/d567a7ee-401f-4828-8c24-c5a11e7496b2"/>
    <skos:prefLabel xml:lang="en">{"id": "efde26d0-2b16-4f58-b375-615bc1b00bbd", "value": "Casting"}</skos:prefLabel>
  </skos:Concept>
  <skos:Concept rdf:about="http://localhost:8000/90cc0d63-75b5-46fe-8d03-621a54be9781">
    <skos:narrower>
      <skos:Concept rdf:about="http://localhost:8000/e02483fe-9294-4e5f-b655-2aeefc91c9c9">
        <skos:inScheme rdf:resource="http://localhost:8000/d567a7ee-401f-4828-8c24-c5a11e7496b2"/>
        <skos:prefLabel xml:lang="en">{"id": "019aa570-06d8-495b-81ef-c4bf4c0d1b92", "value": "Prefabricated"}</skos:prefLabel>
      </skos:Concept>
    </skos:narrower>
    <skos:narrower>
      <skos:Concept rdf:about="http://localhost:8000/2a2f7e91-b2ce-4ec2-97a3-8c328b2cb5d8">
        <skos:inScheme rdf:resource="http://localhost:8000/d567a7ee-401f-4828-8c24-c5a11e7496b2"/>
        <skos:prefLabel xml:lang="en">{"id": "cf96c84c-d79e-49de-9196-50a075c78b33", "value": "Bark boat"}</skos:prefLabel>
      </skos:Concept>
    </skos:narrower>
    <skos:narrower>
      <skos:Concept rdf:about="http://localhost:8000/6e30f6ac-6054-4a6e-b9e9-5a6e9b539169">
        <skos:narrower rdf:resource="http://localhost:8000/491a3a4d-b185-44b9-a2f6-e0196881a262"/>
        <skos:narrower rdf:resource="http://localhost:8000/1e6b5c85-89e7-4e20-8e29-0b172e9c8385"/>
        <skos:narrower rdf:resource="http://localhost:8000/ee7d096a-db1e-4840-9954-1a614dcf1971"/>
        <skos:inScheme rdf:resource="http://localhost:8000/d567a7ee-401f-4828-8c24-c5a11e7496b2"/>
        <skos:prefLabel xml:lang="en">{"id": "bf5abecb-0779-4052-a913-1402e334cb9e", "value": "Shell First"}</skos:prefLabel>
        <skos:narrower rdf:resource="http://localhost:8000/14d57588-5c8d-4e6e-9f7c-2c5429b12696"/>
      </skos:Concept>
    </skos:narrower>
    <skos:prefLabel xml:lang="en">{"id": "886b11ad-48de-4ccc-ab4c-e4c3ba8dd29c", "value": "Shipbuilding Techniques"}</skos:prefLabel>
    <skos:narrower>
      <skos:Concept rdf:about="http://localhost:8000/9a83cb1e-b385-4c98-b49e-9989de3124b3">
        <skos:inScheme rdf:resource="http://localhost:8000/d567a7ee-401f-4828-8c24-c5a11e7496b2"/>
        <skos:prefLabel xml:lang="en">{"id": "729257c9-7807-4285-be18-cae085d9cd56", "value": "Frame First"}</skos:prefLabel>
      </skos:Concept>
    </skos:narrower>
    <skos:narrower>
      <skos:Concept rdf:about="http://localhost:8000/618bb20c-d3dd-4c50-8110-6c8a126a35eb">
        <skos:inScheme rdf:resource="http://localhost:8000/d567a7ee-401f-4828-8c24-c5a11e7496b2"/>
        <skos:prefLabel xml:lang="en">{"id": "93249060-4577-42a0-86e6-e02fb1a2ea00", "value": "Dugout"}</skos:prefLabel>
      </skos:Concept>
    </skos:narrower>
    <skos:narrower>
      <skos:Concept rdf:about="http://localhost:8000/a532cd58-d5dc-4897-9e81-0563f072bdf7">
        <skos:prefLabel xml:lang="en">{"id": "4cc4c6e9-4e1c-4139-b26e-3ae1489d29e2", "value": "Raft"}</skos:prefLabel>
        <skos:inScheme rdf:resource="http://localhost:8000/d567a7ee-401f-4828-8c24-c5a11e7496b2"/>
      </skos:Concept>
    </skos:narrower>
    <skos:inScheme rdf:resource="http://localhost:8000/d567a7ee-401f-4828-8c24-c5a11e7496b2"/>
    <skos:narrower>
      <skos:Concept rdf:about="http://localhost:8000/09af7ea7-4059-4fdc-81f3-de2004f7ecbe">
        <skos:prefLabel xml:lang="en">{"id": "8903ab79-637f-4ff4-9dbb-1e1cc2570e7b", "value": "Skin boat"}</skos:prefLabel>
        <skos:inScheme rdf:resource="http://localhost:8000/d567a7ee-401f-4828-8c24-c5a11e7496b2"/>
      </skos:Concept>
    </skos:narrower>
  </skos:Concept>
  <skos:Concept rdf:about="http://localhost:8000/1c3dfa72-5947-4a1b-9dfd-b7f1317bfa3f">
    <dcterms:identifier xml:lang="en">{"id": "6c39d4ef-68c6-4a21-b4ff-d3a7d659f321", "value": "http://www.archesproject.org/1c3dfa72-5947-4a1b-9dfd-b7f1317bfa3f"}</dcterms:identifier>
    <skos:inScheme rdf:resource="http://localhost:8000/d567a7ee-401f-4828-8c24-c5a11e7496b2"/>
    <skos:prefLabel xml:lang="en">{"id": "10ee6142-a678-4759-8fa5-4cdbe2b16d66", "value": "Timber framing"}</skos:prefLabel>
  </skos:Concept>
  <skos:Concept rdf:about="http://localhost:8000/24bbb521-1361-40d1-8c61-10779323a0b1">
    <skos:inScheme rdf:resource="http://localhost:8000/d567a7ee-401f-4828-8c24-c5a11e7496b2"/>
    <dcterms:identifier xml:lang="en">{"id": "af2c58d7-1314-4000-83e6-bfc55785ed3f", "value": "http://www.archesproject.org/24bbb521-1361-40d1-8c61-10779323a0b1"}</dcterms:identifier>
    <skos:prefLabel xml:lang="en">{"id": "0ac9d565-7987-4535-9598-26fa2a1ac36b", "value": "Chance find"}</skos:prefLabel>
  </skos:Concept>
  <skos:Concept rdf:about="http://localhost:8000/7b752e22-eb71-4e88-a21c-48774a4d352f">
    <skos:narrower>
      <skos:Concept rdf:about="http://localhost:8000/46734933-da4e-4de7-86d3-b0852b9b5315">
        <skos:inScheme rdf:resource="http://localhost:8000/d567a7ee-401f-4828-8c24-c5a11e7496b2"/>
        <dcterms:identifier xml:lang="en">{"id": "a365e151-1637-474e-98e4-8c15bcf540cf", "value": "http://www.archesproject.org/46734933-da4e-4de7-86d3-b0852b9b5315"}</dcterms:identifier>
        <skos:prefLabel xml:lang="en">{"id": "d90b2a54-7475-4e05-ab07-80f9490f16aa", "value": "Hand excavation"}</skos:prefLabel>
      </skos:Concept>
    </skos:narrower>
    <skos:narrower>
      <skos:Concept rdf:about="http://localhost:8000/fcc39e94-1041-4230-bd7f-91633ba239ee">
        <skos:prefLabel xml:lang="en">{"id": "4fbcd8af-4d3c-4a44-a817-f9fe6ff62c55", "value": "Mechanical excavation"}</skos:prefLabel>
        <skos:inScheme rdf:resource="http://localhost:8000/d567a7ee-401f-4828-8c24-c5a11e7496b2"/>
        <dcterms:identifier xml:lang="en">{"id": "1490ac23-a3e0-4b27-a70d-36ebfb607c11", "value": "http://www.archesproject.org/fcc39e94-1041-4230-bd7f-91633ba239ee"}</dcterms:identifier>
      </skos:Concept>
    </skos:narrower>
    <skos:prefLabel xml:lang="en">{"id": "108d5230-3d36-4451-823a-168d3c41db2a", "value": "Excavation"}</skos:prefLabel>
    <dcterms:identifier xml:lang="en">{"id": "98fa5e10-de9f-4649-875d-6e27df213438", "value": "http://www.archesproject.org/7b752e22-eb71-4e88-a21c-48774a4d352f"}</dcterms:identifier>
    <skos:inScheme rdf:resource="http://localhost:8000/d567a7ee-401f-4828-8c24-c5a11e7496b2"/>
  </skos:Concept>
  <skos:Concept rdf:about="http://localhost:8000/88084352-2bbf-4e7e-8cd9-aed26c184716">
    <skos:prefLabel xml:lang="en">{"id": "522f1fdb-51e7-446a-a599-a6a4ff048552", "value": "Steel framing"}</skos:prefLabel>
    <dcterms:identifier xml:lang="en">{"id": "1116a077-5bb3-49e9-8bc7-11b263cb9d11", "value": "http://www.archesproject.org/88084352-2bbf-4e7e-8cd9-aed26c184716"}</dcterms:identifier>
    <skos:inScheme rdf:resource="http://localhost:8000/d567a7ee-401f-4828-8c24-c5a11e7496b2"/>
  </skos:Concept>
  <skos:Concept rdf:about="http://localhost:8000/8a949565-83b4-4b1d-8317-369e0dc403eb">
    <skos:prefLabel xml:lang="en">{"id": "00d10be9-6c15-475c-b90a-eac63e0089ab", "value": "Manufacturing techniques"}</skos:prefLabel>
    <skos:inScheme rdf:resource="http://localhost:8000/d567a7ee-401f-4828-8c24-c5a11e7496b2"/>
    <skos:narrower rdf:resource="http://localhost:8000/8fdf111d-f58c-4ae2-adfb-f61875d22489"/>
    <skos:narrower>
      <skos:Concept rdf:about="http://localhost:8000/da81af3e-cdcb-491e-8b17-9f0f868d9778">
        <skos:prefLabel xml:lang="en">{"id": "ce688dae-a48b-43ed-95ba-6868f1382c4a", "value": "Forging"}</skos:prefLabel>
        <skos:inScheme rdf:resource="http://localhost:8000/d567a7ee-401f-4828-8c24-c5a11e7496b2"/>
        <dcterms:identifier xml:lang="en">{"id": "59365268-0709-40f2-9e69-1b6778689c62", "value": "http://www.archesproject.org/da81af3e-cdcb-491e-8b17-9f0f868d9778"}</dcterms:identifier>
      </skos:Concept>
    </skos:narrower>
    <skos:narrower>
      <skos:Concept rdf:about="http://localhost:8000/330d0ecc-b5ec-49af-b72e-7a183a806a0c">
        <skos:narrower rdf:resource="http://localhost:8000/deb2f062-04fb-4efe-9cbe-dfc0f7d7225d"/>
        <dcterms:identifier xml:lang="en">{"id": "6d0aa99c-69e1-42fe-808b-fe766e62d0a3", "value": "http://www.archesproject.org/330d0ecc-b5ec-49af-b72e-7a183a806a0c"}</dcterms:identifier>
        <skos:inScheme rdf:resource="http://localhost:8000/d567a7ee-401f-4828-8c24-c5a11e7496b2"/>
        <skos:prefLabel xml:lang="en">{"id": "d2970e4c-091d-4284-8884-48232f8819a9", "value": "Painting"}</skos:prefLabel>
      </skos:Concept>
    </skos:narrower>
    <dcterms:identifier xml:lang="en">{"id": "2e963db9-a4ae-467f-9a2d-5d238ae4f001", "value": "http://www.archesproject.org/8a949565-83b4-4b1d-8317-369e0dc403eb"}</dcterms:identifier>
  </skos:Concept>
  <skos:Concept rdf:about="http://localhost:8000/0ca7b339-8e90-48f2-99bd-6fab39ad654b">
    <skos:prefLabel xml:lang="en">{"id": "ddb53fd4-f75f-4efc-87ee-df814e3a86fe", "value": "Construction Techniques"}</skos:prefLabel>
    <skos:narrower rdf:resource="http://localhost:8000/88084352-2bbf-4e7e-8cd9-aed26c184716"/>
    <skos:narrower>
      <skos:Concept rdf:about="http://localhost:8000/79d36239-f898-4b29-9127-19d6b0c23670">
        <skos:narrower rdf:resource="http://localhost:8000/dd3008d2-4bc6-4b8c-b1b3-ae5337788366"/>
        <skos:prefLabel xml:lang="en">{"id": "a05714b3-17ef-4dc4-9ea7-a2e93fc4b3b0", "value": "Concrete"}</skos:prefLabel>
        <dcterms:identifier xml:lang="en">{"id": "fc0bb947-b537-4e8e-bca4-097243045fc6", "value": "http://www.archesproject.org/79d36239-f898-4b29-9127-19d6b0c23670"}</dcterms:identifier>
        <skos:inScheme rdf:resource="http://localhost:8000/d567a7ee-401f-4828-8c24-c5a11e7496b2"/>
        <skos:narrower rdf:resource="http://localhost:8000/e7d9f874-b44c-4fb1-8cfb-8ffe25e1d9a1"/>
      </skos:Concept>
    </skos:narrower>
    <dcterms:identifier xml:lang="en">{"id": "a739c853-a192-400a-8f7d-53788479a7f8", "value": "http://www.archesproject.org/0ca7b339-8e90-48f2-99bd-6fab39ad654b"}</dcterms:identifier>
    <skos:narrower>
      <skos:Concept rdf:about="http://localhost:8000/571de9d5-09ee-45a9-bfa0-f3b233c4eb19">
        <skos:prefLabel xml:lang="en">{"id": "b76086ee-8807-46b3-ae96-4ba1a5b505ae", "value": "Brickwork"}</skos:prefLabel>
        <dcterms:identifier xml:lang="en">{"id": "c596527c-b6ee-49ab-8e30-cee8ec21e4ef", "value": "http://www.archesproject.org/571de9d5-09ee-45a9-bfa0-f3b233c4eb19"}</dcterms:identifier>
        <skos:inScheme rdf:resource="http://localhost:8000/d567a7ee-401f-4828-8c24-c5a11e7496b2"/>
      </skos:Concept>
    </skos:narrower>
    <skos:inScheme rdf:resource="http://localhost:8000/d567a7ee-401f-4828-8c24-c5a11e7496b2"/>
    <skos:narrower rdf:resource="http://localhost:8000/1c3dfa72-5947-4a1b-9dfd-b7f1317bfa3f"/>
  </skos:Concept>
  <skos:Concept rdf:about="http://localhost:8000/e7d9f874-b44c-4fb1-8cfb-8ffe25e1d9a1">
    <skos:inScheme rdf:resource="http://localhost:8000/d567a7ee-401f-4828-8c24-c5a11e7496b2"/>
    <skos:prefLabel xml:lang="en">{"id": "6954712a-b9a5-4763-a6ec-bb88f4b24a2d", "value": "Prestressed concrete"}</skos:prefLabel>
    <dcterms:identifier xml:lang="en">{"id": "f4ccfe7c-b911-449d-894b-249e06ec6ad8", "value": "http://www.archesproject.org/e7d9f874-b44c-4fb1-8cfb-8ffe25e1d9a1"}</dcterms:identifier>
  </skos:Concept>
  <skos:Concept rdf:about="http://localhost:8000/2cd4d7c4-79b3-4f15-8837-67505125c8f7">
    <skos:inScheme rdf:resource="http://localhost:8000/d567a7ee-401f-4828-8c24-c5a11e7496b2"/>
    <skos:prefLabel xml:lang="en">{"id": "6fc90181-566c-4580-832c-07bcdc13283e", "value": "Recovery techniques"}</skos:prefLabel>
    <skos:narrower rdf:resource="http://localhost:8000/24bbb521-1361-40d1-8c61-10779323a0b1"/>
    <skos:narrower rdf:resource="http://localhost:8000/7b752e22-eb71-4e88-a21c-48774a4d352f"/>
    <dcterms:identifier xml:lang="en">{"id": "db129280-7271-43cf-a5ac-118e4b1fb4af", "value": "http://www.archesproject.org/2cd4d7c4-79b3-4f15-8837-67505125c8f7"}</dcterms:identifier>
  </skos:Concept>
  <skos:Concept rdf:about="http://localhost:8000/dd3008d2-4bc6-4b8c-b1b3-ae5337788366">
    <skos:inScheme rdf:resource="http://localhost:8000/d567a7ee-401f-4828-8c24-c5a11e7496b2"/>
    <skos:prefLabel xml:lang="en">{"id": "6e9375fd-b21a-49cd-972a-c411e1c9f2a2", "value": "Reinforced concrete"}</skos:prefLabel>
    <dcterms:identifier xml:lang="en">{"id": "51cc8245-b036-4975-a75d-5b5b66f581ec", "value": "http://www.archesproject.org/dd3008d2-4bc6-4b8c-b1b3-ae5337788366"}</dcterms:identifier>
  </skos:Concept>
  <skos:Concept rdf:about="http://localhost:8000/491a3a4d-b185-44b9-a2f6-e0196881a262">
    <skos:inScheme rdf:resource="http://localhost:8000/d567a7ee-401f-4828-8c24-c5a11e7496b2"/>
    <skos:prefLabel xml:lang="en">{"id": "95bb1dd8-acf1-4bd1-8b6b-1137df16ada5", "value": "Sewn and Lashed-plank"}</skos:prefLabel>
  </skos:Concept>
  <skos:Concept rdf:about="http://localhost:8000/deb2f062-04fb-4efe-9cbe-dfc0f7d7225d">
    <skos:inScheme rdf:resource="http://localhost:8000/d567a7ee-401f-4828-8c24-c5a11e7496b2"/>
    <dcterms:identifier xml:lang="en">{"id": "aaab67c4-5c10-4760-ac5f-682885d84d1e", "value": "http://www.archesproject.org/deb2f062-04fb-4efe-9cbe-dfc0f7d7225d"}</dcterms:identifier>
    <skos:prefLabel xml:lang="en">{"id": "35c680d5-5355-4285-81fe-056591dea4c5", "value": "Watercolour"}</skos:prefLabel>
  </skos:Concept>
  <skos:Concept rdf:about="http://localhost:8000/1e6b5c85-89e7-4e20-8e29-0b172e9c8385">
    <skos:prefLabel xml:lang="en">{"id": "f4e20d53-de1e-4fc5-bd85-3b565b91bb49", "value": "Mortise and Tenon Joint"}</skos:prefLabel>
    <skos:inScheme rdf:resource="http://localhost:8000/d567a7ee-401f-4828-8c24-c5a11e7496b2"/>
  </skos:Concept>
</rdf:RDF>
