<?xml version="1.0" encoding="utf-8"?>
<rdf:RDF
  xmlns:skos="http://www.w3.org/2004/02/skos/core#"
  xmlns:dcterms="http://purl.org/dc/terms/"
  xmlns:rdf="http://www.w3.org/1999/02/22-rdf-syntax-ns#"
>
  <skos:Concept rdf:about="http://localhost:8000/cfa21886-f848-4e18-9290-653444ac6fa0">
    <skos:prefLabel xml:lang="en">{"id": "5371eccc-8a9f-4ecd-862f-58e76a623778", "value": "Final"}</skos:prefLabel>
    <skos:inScheme>
      <skos:ConceptScheme rdf:about="http://localhost:8000/a418a695-a967-4d42-9206-f8950b232531">
        <dcterms:title xml:lang="en">{"id": "e9c539f3-a608-4a82-aee7-95a5fe7722d4", "value": "Voyage and Flight Types"}</dcterms:title>
        <skos:hasTopConcept rdf:resource="http://localhost:8000/d16e7a88-6fbb-4aa3-ae70-dd5e0574c74b"/>
        <dcterms:identifier xml:lang="en">{"id": "0966ceaf-3eec-4943-899c-2f640512cd77", "value": "http://localhost:8000/a418a695-a967-4d42-9206-f8950b232531"}</dcterms:identifier>
        <dcterms:description xml:lang="en">{"id": "c157d8fa-a609-437d-991e-88e705529129", "value": "Used to record the type of voyage or flight undertaken by a maritime craft or historic aircraft."}</dcterms:description>
        <skos:hasTopConcept rdf:resource="http://localhost:8000/3063dc9e-d51c-455e-8332-40d9eb7e3fa8"/>
        <skos:hasTopConcept rdf:resource="http://localhost:8000/cfa21886-f848-4e18-9290-653444ac6fa0"/>
        <skos:hasTopConcept rdf:resource="http://localhost:8000/ca4c1e4e-a80e-4e36-b8d4-593172afcbd0"/>
      </skos:ConceptScheme>
    </skos:inScheme>
    <dcterms:identifier xml:lang="en">{"id": "1cf4326a-a917-4a53-8f61-89954242c8ce", "value": "http://localhost:8000/cfa21886-f848-4e18-9290-653444ac6fa0"}</dcterms:identifier>
  </skos:Concept>
  <skos:Concept rdf:about="http://localhost:8000/ab09e2b2-0826-462f-bff1-1ec4a18abd62">
    <dcterms:identifier xml:lang="en">{"id": "949a144b-c606-418b-ac6f-f452b6de0fc2", "value": "http://localhost:8000/ab09e2b2-0826-462f-bff1-1ec4a18abd62"}</dcterms:identifier>
    <skos:inScheme rdf:resource="http://localhost:8000/a418a695-a967-4d42-9206-f8950b232531"/>
    <skos:prefLabel xml:lang="en">{"id": "d0821c04-2b8c-4db9-886c-1a6fa8414ebb", "value": "Triangular trade"}</skos:prefLabel>
  </skos:Concept>
  <skos:Concept rdf:about="http://localhost:8000/760f71b7-e4be-481d-87db-0c0b9d11b72a">
    <skos:inScheme rdf:resource="http://localhost:8000/a418a695-a967-4d42-9206-f8950b232531"/>
    <skos:prefLabel xml:lang="en">{"id": "2d0d2e5f-7253-4c04-998f-f5e3bc4d0a92", "value": "Tramping"}</skos:prefLabel>
    <dcterms:identifier xml:lang="en">{"id": "529f27b7-c75e-485e-a2be-2353e0ee984f", "value": "http://localhost:8000/760f71b7-e4be-481d-87db-0c0b9d11b72a"}</dcterms:identifier>
  </skos:Concept>
  <skos:Concept rdf:about="http://localhost:8000/d16e7a88-6fbb-4aa3-ae70-dd5e0574c74b">
    <skos:prefLabel xml:lang="en">{"id": "0abd5bed-67ea-4916-881e-3745533dacc1", "value": "Maiden"}</skos:prefLabel>
    <dcterms:identifier xml:lang="en">{"id": "fe2e9e6f-e4c0-4879-b9a9-5da2b479a38c", "value": "http://localhost:8000/d16e7a88-6fbb-4aa3-ae70-dd5e0574c74b"}</dcterms:identifier>
    <skos:inScheme rdf:resource="http://localhost:8000/a418a695-a967-4d42-9206-f8950b232531"/>
  </skos:Concept>
  <skos:Concept rdf:about="http://localhost:8000/eb61060f-f010-4eb9-9822-b2edc906ce6e">
    <dcterms:identifier xml:lang="en">{"id": "734e1e84-6525-4794-b446-5fb4c9d6b2f1", "value": "http://localhost:8000/eb61060f-f010-4eb9-9822-b2edc906ce6e"}</dcterms:identifier>
    <skos:prefLabel xml:lang="en">{"id": "24abdd08-2f1e-41f2-b579-08357757b2f1", "value": "Privateering"}</skos:prefLabel>
    <skos:inScheme rdf:resource="http://localhost:8000/a418a695-a967-4d42-9206-f8950b232531"/>
  </skos:Concept>
  <skos:Concept rdf:about="http://localhost:8000/54a37a25-616c-4a81-b629-d93ab71a973d">
    <skos:prefLabel xml:lang="en">{"id": "06f1176b-e4c1-47ce-a4c2-19e4b6e34d26", "value": "Exercises"}</skos:prefLabel>
    <dcterms:identifier xml:lang="en">{"id": "c3c1a266-add6-4173-ac6f-1923c2d26b3a", "value": "http://localhost:8000/54a37a25-616c-4a81-b629-d93ab71a973d"}</dcterms:identifier>
    <skos:inScheme rdf:resource="http://localhost:8000/a418a695-a967-4d42-9206-f8950b232531"/>
  </skos:Concept>
  <skos:Concept rdf:about="http://localhost:8000/3063dc9e-d51c-455e-8332-40d9eb7e3fa8">
    <skos:narrower>
      <skos:Concept rdf:about="http://localhost:8000/95e1da47-1a30-4d69-a64e-63362d36c1e7">
        <skos:inScheme rdf:resource="http://localhost:8000/a418a695-a967-4d42-9206-f8950b232531"/>
        <skos:prefLabel xml:lang="en">{"id": "43decc05-2a6d-48a7-9d51-4aaee908797a", "value": "Battle formation"}</skos:prefLabel>
        <dcterms:identifier xml:lang="en">{"id": "878b92db-f979-4780-a7b0-434db200abfe", "value": "http://localhost:8000/95e1da47-1a30-4d69-a64e-63362d36c1e7"}</dcterms:identifier>
      </skos:Concept>
    </skos:narrower>
    <skos:narrower>
      <skos:Concept rdf:about="http://localhost:8000/4276c549-4613-4273-9457-90b04bd0f5ab">
        <skos:prefLabel xml:lang="en">{"id": "fbff3540-54c1-4f01-8e53-2ceadeaaa06c", "value": "Invasion"}</skos:prefLabel>
        <skos:inScheme rdf:resource="http://localhost:8000/a418a695-a967-4d42-9206-f8950b232531"/>
        <dcterms:identifier xml:lang="en">{"id": "5934c6a1-2ba1-4e01-966c-f7629f693b76", "value": "http://localhost:8000/4276c549-4613-4273-9457-90b04bd0f5ab"}</dcterms:identifier>
      </skos:Concept>
    </skos:narrower>
    <skos:prefLabel xml:lang="en">{"id": "8fc207f8-3a38-4f17-b204-e8599c9ba586", "value": "Military"}</skos:prefLabel>
    <skos:narrower rdf:resource="http://localhost:8000/eb61060f-f010-4eb9-9822-b2edc906ce6e"/>
    <skos:narrower rdf:resource="http://localhost:8000/54a37a25-616c-4a81-b629-d93ab71a973d"/>
    <skos:narrower>
      <skos:Concept rdf:about="http://localhost:8000/47c1a5de-de54-4f45-b482-f91647d2d69d">
        <skos:prefLabel xml:lang="en">{"id": "d5ae3646-0913-4d9b-a9de-df19d11a2178", "value": "War Transport"}</skos:prefLabel>
        <dcterms:identifier xml:lang="en">{"id": "d8e6808f-2673-4f30-8a16-85aac87d0885", "value": "http://localhost:8000/47c1a5de-de54-4f45-b482-f91647d2d69d"}</dcterms:identifier>
        <skos:inScheme rdf:resource="http://localhost:8000/a418a695-a967-4d42-9206-f8950b232531"/>
      </skos:Concept>
    </skos:narrower>
    <skos:narrower>
      <skos:Concept rdf:about="http://localhost:8000/61b56c5f-0d9e-4e93-b046-31750fa490e9">
        <skos:inScheme rdf:resource="http://localhost:8000/a418a695-a967-4d42-9206-f8950b232531"/>
        <skos:prefLabel xml:lang="en">{"id": "6e2f87e5-63e3-4483-900d-311f21e4ce55", "value": "Blockade"}</skos:prefLabel>
        <dcterms:identifier xml:lang="en">{"id": "d399636e-c97e-4ba9-b535-bc62972c7851", "value": "http://localhost:8000/61b56c5f-0d9e-4e93-b046-31750fa490e9"}</dcterms:identifier>
      </skos:Concept>
    </skos:narrower>
    <skos:narrower>
      <skos:Concept rdf:about="http://localhost:8000/0b1e65db-6625-4fb3-bcda-8b960393175b">
        <dcterms:identifier xml:lang="en">{"id": "07a365e8-913d-4774-9b61-1c64c7f8db11", "value": "http://localhost:8000/0b1e65db-6625-4fb3-bcda-8b960393175b"}</dcterms:identifier>
        <skos:inScheme rdf:resource="http://localhost:8000/a418a695-a967-4d42-9206-f8950b232531"/>
        <skos:prefLabel xml:lang="en">{"id": "17e749c9-7300-43af-b234-51775c8a54e0", "value": "Patrol"}</skos:prefLabel>
      </skos:Concept>
    </skos:narrower>
    <skos:inScheme rdf:resource="http://localhost:8000/a418a695-a967-4d42-9206-f8950b232531"/>
    <skos:narrower>
      <skos:Concept rdf:about="http://localhost:8000/3bc18c87-5bb1-4cab-a104-41f6e5662d6c">
        <dcterms:identifier xml:lang="en">{"id": "3c44b92d-09f3-48e0-94b3-4aa43af159fa", "value": "http://localhost:8000/3bc18c87-5bb1-4cab-a104-41f6e5662d6c"}</dcterms:identifier>
        <skos:prefLabel xml:lang="en">{"id": "6e902873-6faa-4147-b62e-e2832dceb027", "value": "Convoy"}</skos:prefLabel>
        <skos:inScheme rdf:resource="http://localhost:8000/a418a695-a967-4d42-9206-f8950b232531"/>
      </skos:Concept>
    </skos:narrower>
    <dcterms:identifier xml:lang="en">{"id": "a591dde4-c8d6-4802-bb98-083a58658235", "value": "http://localhost:8000/3063dc9e-d51c-455e-8332-40d9eb7e3fa8"}</dcterms:identifier>
  </skos:Concept>
  <skos:Concept rdf:about="http://localhost:8000/8d1e9064-85d1-486a-8479-4aa7dd4de4b3">
    <skos:prefLabel xml:lang="en">{"id": "b90208eb-31a9-4561-b5a3-fcc8da3c5f89", "value": "Coasting"}</skos:prefLabel>
    <dcterms:identifier xml:lang="en">{"id": "93085698-b786-40b9-b481-8e1311f0df8c", "value": "http://localhost:8000/8d1e9064-85d1-486a-8479-4aa7dd4de4b3"}</dcterms:identifier>
    <skos:inScheme rdf:resource="http://localhost:8000/a418a695-a967-4d42-9206-f8950b232531"/>
  </skos:Concept>
  <skos:Concept rdf:about="http://localhost:8000/3c29cc5f-0a45-4095-8ac1-88dbc43b66c8">
    <skos:inScheme rdf:resource="http://localhost:8000/a418a695-a967-4d42-9206-f8950b232531"/>
    <dcterms:identifier xml:lang="en">{"id": "5421d7b6-16f4-4efc-881b-c6ef214b6f9c", "value": "http://localhost:8000/3c29cc5f-0a45-4095-8ac1-88dbc43b66c8"}</dcterms:identifier>
    <skos:prefLabel xml:lang="en">{"id": "3d23bb48-d7bc-4350-ba86-8b4b129c8c4b", "value": "For orders"}</skos:prefLabel>
  </skos:Concept>
  <skos:Concept rdf:about="http://localhost:8000/7195de29-321f-4dd4-9889-3c77d68e6b8d">
    <dcterms:identifier xml:lang="en">{"id": "52a3945e-d2b3-40c9-bf09-17306fba86df", "value": "http://localhost:8000/7195de29-321f-4dd4-9889-3c77d68e6b8d"}</dcterms:identifier>
    <skos:inScheme rdf:resource="http://localhost:8000/a418a695-a967-4d42-9206-f8950b232531"/>
    <skos:prefLabel xml:lang="en">{"id": "20639261-7cf0-4f7e-8acc-279ecb231837", "value": "Cruise"}</skos:prefLabel>
  </skos:Concept>
  <skos:Concept rdf:about="http://localhost:8000/eb35c177-ab6f-4748-a3b2-cf9f05ef3056">
    <skos:prefLabel xml:lang="en">{"id": "f85523ac-ce32-4746-a6f8-106c16177269", "value": "Regular trader"}</skos:prefLabel>
    <skos:inScheme rdf:resource="http://localhost:8000/a418a695-a967-4d42-9206-f8950b232531"/>
    <dcterms:identifier xml:lang="en">{"id": "b391b3f3-9541-480a-b73b-c5a55a38b724", "value": "http://localhost:8000/eb35c177-ab6f-4748-a3b2-cf9f05ef3056"}</dcterms:identifier>
  </skos:Concept>
  <skos:Concept rdf:about="http://localhost:8000/80154dd8-922a-416e-8b6a-a508ef03cea9">
    <skos:prefLabel xml:lang="en">{"id": "7ed4132d-a270-41b2-aca1-73c704486947", "value": "Scheduled Service"}</skos:prefLabel>
    <dcterms:identifier xml:lang="en">{"id": "e656b69c-acab-4149-87aa-7abb636f58bf", "value": "http://localhost:8000/80154dd8-922a-416e-8b6a-a508ef03cea9"}</dcterms:identifier>
    <skos:inScheme rdf:resource="http://localhost:8000/a418a695-a967-4d42-9206-f8950b232531"/>
  </skos:Concept>
  <skos:Concept rdf:about="http://localhost:8000/ca4c1e4e-a80e-4e36-b8d4-593172afcbd0">
    <skos:narrower rdf:resource="http://localhost:8000/7195de29-321f-4dd4-9889-3c77d68e6b8d"/>
    <skos:prefLabel xml:lang="en">{"id": "496c19a0-cc96-46e1-aaf0-a4dfece36cc3", "value": "Commercial"}</skos:prefLabel>
    <skos:narrower rdf:resource="http://localhost:8000/80154dd8-922a-416e-8b6a-a508ef03cea9"/>
    <dcterms:identifier xml:lang="en">{"id": "871127bc-4aa6-4779-9aca-461671925e81", "value": "http://localhost:8000/ca4c1e4e-a80e-4e36-b8d4-593172afcbd0"}</dcterms:identifier>
    <skos:narrower rdf:resource="http://localhost:8000/760f71b7-e4be-481d-87db-0c0b9d11b72a"/>
    <skos:narrower rdf:resource="http://localhost:8000/ab09e2b2-0826-462f-bff1-1ec4a18abd62"/>
    <skos:narrower rdf:resource="http://localhost:8000/8d1e9064-85d1-486a-8479-4aa7dd4de4b3"/>
    <skos:narrower rdf:resource="http://localhost:8000/eb35c177-ab6f-4748-a3b2-cf9f05ef3056"/>
    <skos:narrower rdf:resource="http://localhost:8000/3c29cc5f-0a45-4095-8ac1-88dbc43b66c8"/>
    <skos:inScheme rdf:resource="http://localhost:8000/a418a695-a967-4d42-9206-f8950b232531"/>
  </skos:Concept>
</rdf:RDF>
