{
    "Date Qualifier Type": {
        "39a33725-9b43-47b0-9997-daa99ab29d26": "At some time",
        "586a2776-7f4a-4be9-9219-3a9896c7f965": "Between",
        "ece5f508-b292-480f-b727-36251846bd4f": "Occasionally",
        "0493601e-3491-40a7-a651-6fd8d9dbdce5": "On",
        "01b88eda-4eed-4f6d-910a-48810acf92b5": "Once between",
        "b51853b9-08ad-4d73-b932-ff6c68f4ba18": "Post",
        "d2ba282f-8dc3-4a4f-8b97-5c24cb2b9a68": "Pre",
        "a6dfc54c-a130-4ab9-ab29-ec659f8158a9": "Throughout"
    },
    "Metatypes": {
        "b9ffd5fa-c512-44a6-b1c2-87fd1e3cd519": "Activity Type",
        "f3b206ff-9cb0-4819-b9c6-17d14e4b4749": "Actor Type",
        "6bdffb5e-9f5b-44f7-a3a6-11cf81219fd8": "Address Part Type",
        "67b76fd1-4906-4055-b493-711c93fc0996": "Address Status Type",
        "20aa84bf-c35a-43c2-9b23-68b6f9eac5c9": "Aircraft Type",
        "4a3ba5e2-bb8b-4180-afb6-9b710f4e122f": "Application Type",
        "35999571-5ac9-4bca-abc6-db5ba2588253": "Area Type",
        "dfd57433-f8e3-4bbd-905b-885ebea87455": "Artefact Type",
        "953238ab-fefc-42e9-9b20-0b4441df2b41": "Asset Type",
        "d3b75e3a-638e-490e-8d1b-bbb5c504ce94": "Association Type",
        "9501a49f-024d-49b3-819e-43aba87db901": "Audience Type",
        "46f076c8-fd6a-4141-b74e-6c26be3725fa": "Audit Outcome Type",
        "59471da5-0062-407f-874b-714305c2fc5a": "Authorization Type",
        "d3284599-47b3-47fe-8675-d5a61086df50": "Capture Scale Type",
        "f2054168-b8dc-416a-b6df-f5aff733c0c3": "Certainty Type",
        "62f3f620-ea25-46c8-9a7b-dbadf23aa874": "Classification Type",
        "956f9779-3524-448e-b2de-eabf2de95d51": "Communication Type",
        "003c935b-e8f0-4df7-aa76-a670e4a7a532": "Compilation Type",
        "ffcdfdf2-0222-473a-934d-58dc6a703cbf": "Condition Type",
        "44b1e6af-5c5a-4c68-9eb9-4eb43bdbe823": "Construction Phase Type",
        "33bc5cb8-8b69-4626-addb-5219adb5e467": "Consultation Type",
        "ce6cea2d-dd71-463f-8fd3-baa6c5c883a5": "Contact Point Type",
        "561dc137-3557-4e2f-986e-a8855cad74cf": "Copyright Type",
        "5a88136a-bf3a-4b48-a830-a7f42000dd24": "Currency Type",
        "59a0c936-3f60-44f9-9e37-67b6ed0f4fa4": "Date Qualifier Type",
        "84283ac9-c985-4e94-966e-b4bd78c658c3": "Dating Method Type",
        "6fbe3775-e51d-4f90-af53-5695dd204c9a": "Description Type",
        "c1201c83-09ad-415f-bb29-9b32c2fcf795": "Development Type",
        "823d2c4f-39ad-47d4-89b4-726ef167534b": "Dimension Type",
        "1cc6f0e9-432f-4177-bae1-16cab5afd3ac": "Evidence Type",
        "dbc18bc0-ec10-4623-b866-52ece47d9780": "Feature Shape Type",
        "29883a1e-2323-467d-9c2f-e54ec09e2817": "File Format Type",
        "f1a24b1f-7a72-4718-b54d-604644cc9e99": "Geology Type",
        "bb33f953-2a12-44ed-9fe7-4cd5023104cc": "Historic Period Type",
        "9d51623c-3994-4074-9ed9-2abf04330ae6": "Information Object Part Type",
        "48b0ffe8-d72c-4152-9e00-24910d60202d": "Information Object Type",
        "d079f49f-13ed-480c-87bb-e5c77ee901e2": "Land Use Type",
        "d5366899-09ec-4db1-8a49-a32b7e4784e3": "Language Type",
        "c9f3250e-55bc-4ebb-b0cc-573d6de94884": "Maritime Craft Type",
        "d03ff048-0234-49c0-919b-c0c2376d7cb0": "Material Type",
        "495ecc6a-a265-434b-8708-d6b76bd9a30e": "Measurement Unit",
        "f7237328-5909-4c74-9109-a7de145a7088": "Mitigation Type",
        "a0e096e2-f5ae-4579-950d-3040714713b4": "Name Type",
        "04a4c4d5-5a5e-4018-93aa-65abaa53fb53": "Name Use Type",
        "e3d9c240-026a-4c1b-8a8e-0ec72541d32a": "Nationality Type",
        "38d853c9-da1f-4186-9733-adfa70d84195": "Organization Type",
        "1d5c7465-7225-4bca-b1df-045a86e286b2": "Ownership Type",
        "ff8c387b-3e3d-4f72-a6f4-fa0526f5349a": "Planning Outcome type",
        "4fa77fc1-252a-4930-a756-71dca73aaf31": "Production Method Type",
        "496b4a50-3325-4704-b1c5-57542dc62011": "Production Technique Type",
        "337514d3-a8a8-46c1-a89a-aea83e582a8d": "Protection Grade",
        "8687011e-9dfa-463e-89e2-79bfdbbe7dda": "Protection Type",
        "7346be23-bff6-42dc-91d0-7c5182aa0031": "Reference Number Type",
        "3dcc94f2-fe86-4286-b87f-047f13c8355a": "Resource Model Type",
        "b81d4b16-0633-4d7a-b4b2-5c2d3e2e782e": "Role Type",
        "65ef7ae0-6a6b-4fac-9324-41dd8e712880": "SHINE Form Type",
        "c6dd5482-6687-44ae-bb54-7d49e084664a": "SHINE Significance Type",
        "e6cf2f57-55f1-4598-ab1a-1f0c4285b9b2": "Spatial Accuracy Qualifier Type",
        "06643704-f7af-4e89-a959-a4021a1b3298": "Standard Deviation Type",
        "c9bc15cc-46fe-4d34-a530-a228854845c8": "Status Type",
        "7a518871-4949-4e57-908e-eb17751a404a": "Sub-Soil Type",
        "7fbf88a6-7e23-47e4-8739-f494d7ff8084": "Subject Type",
        "f69a6133-7583-40a9-8da8-f76d3a9de6db": "Update Type",
        "ae5d0ae4-4db5-4674-9af5-0e35801449b3": "Validation Type"
    },
    "Description Type": {
        "a3918aa3-5c82-486b-9480-3dd092fa87fa": "Abstract",
        "f5bbf49b-eb8b-40df-8031-8e3788cb7c7d": "Caption",
        "39a21ebf-7dd6-4a7f-a211-9453202f60aa": "Full",
        "daa4cddc-8636-4842-b836-eb2e10aabe18": "Notes",
        "b29ec4bd-8cbf-4a00-9762-4f51ba013469": "Reference",
        "9b404dbe-ad61-44d1-b276-cbbd6ccd91d1": "Statutory",
        "35508b82-062a-469f-830a-6040c5e5eb8c": "Summary"
    },
    "Currency Type": {
        "c2051d53-40e7-4a2d-a4b4-02a31da37fd1": "Current",
        "e756530f-40af-4a88-a1d5-39b03c1b809a": "Former",
        "2e820298-0d7b-4810-9e46-e16f255b9631": "Historic"
    },
    "Name Type": {
        "c254ba9d-c7fa-4880-9adb-5d1cc2773995": "Activity Name",
        "dba129fb-39e1-4611-b035-c8f054847cbf": "Actor Name Part Type",
        "f5d7335d-b3da-42b3-bf0b-6d1469264a5c": "Administrative Area Name",
        "bb7e5255-0cdf-4b86-a0c5-d40cfa5ae363": "Alternative Name",
        "e987fb72-6fa6-43ab-8812-867c4813a2a2": "Application Area Name",
        "44e9801c-deee-4d6f-b737-657b356a2b89": "Archive Object Title",
        "b43da813-8fdf-4648-9a91-e8864e6b92d8": "Archive Source Name",
        "9a57c149-fd7c-4145-a2f3-35e4afdba209": "Artefact Name",
        "51796e90-9ef1-44ec-a967-81b077983768": "Bibliographic Source Name",
        "0cd76d41-21d5-47df-be1c-6ed597cea59f": "Birth Placename",
        "0f772da6-cebc-4f8c-9610-2174e6e8dd8c": "Consultation Name",
        "0a14ef3e-9dd1-4f62-a3a1-7fd762f591d4": "Death Placename",
        "653cb993-1d56-4ce1-879b-e6f7ccd693f1": "Designation Name",
        "8a96a261-cd79-48e2-9f12-74924c152b00": "Digital Object Name",
        "b29f0eeb-4eaf-4062-9b85-2fa5acab47b5": "Epithet",
        "d298cca6-e3c6-40ec-be19-72e2b7b1bf07": "Forename",
        "e5739feb-21d0-430a-968f-caadd8e4ccf7": "Full Name",
        "de8bf632-e451-4c93-a223-1f803a968f04": "Heritage Area Name",
        "8f985e91-6cd2-4d70-a03c-b49a50d09a3b": "Heritage Asset Name",
        "4f3359fe-8525-4ca8-8773-11d733804129": "Heritage Theme Name",
        "4e05f167-0e49-41d3-84ef-7f9b29fdb656": "Historic Aircraft Name",
        "bbb13710-f37b-4f84-989e-a4c0041791b6": "Historic Landscape Character Name",
        "7a230ae8-13a3-471e-a0d4-8cb6e47ecb9f": "Initials",
        "f1ec77ee-c2f2-4cad-a128-87c1537adb54": "Location Area Name",
        "af6d90fd-40a4-40e1-ad69-930b736145ac": "Maritime Craft Name",
        "dae93567-aaa7-432c-a2b6-51ac9c0dc237": "Organization Name",
        "e474f2ba-f203-467b-bcfe-3b2d22b5cfc8": "Parent Name",
        "dccd3273-52fb-49f1-b148-e7c1a535cb5b": "Period Name",
        "b6cce3bd-703d-48e4-98b0-92bee5d632ba": "Photograph Name",
        "279a8478-a5c0-4d99-a1aa-1f71cc6d3392": "Placename Type",
        "5b2f20ca-8d7f-4ac7-a1e4-55673dbde725": "Preferred Name",
        "c57fef44-32ca-4110-a16c-376502b174f9": "Publication Placename",
        "4e4e344a-8861-423b-8656-8c58749aaca6": "Repository Name",
        "c513dfd9-a447-48e0-ae58-8723804aec07": "Storage Area Name",
        "1f53fa48-2dfd-4d32-adff-9b26e134aae7": "Surname",
        "9fe2bf07-fb15-400f-a719-06fec8c20a69": "Title"
    },
    "Name Use Type": {
        "e9170ee3-3455-4ec3-b596-475c0969f3bf": "Alternative",
        "85c26c81-e356-4454-a2ba-67e7ad9b95cd": "For Correspondence",
        "ea504636-00ea-4a87-9416-20e7d9c81303": "Former",
        "22093d13-ca7b-4e7b-9927-33f8d626ea36": "Formerly identified as",
        "42cd842c-6f60-4a86-a3f0-15c41b1bda1e": "Latest",
        "c18a4041-622e-42a2-89ef-1755cffd0fd6": "Maiden",
        "03c12675-14fe-4c42-8003-4ea9e8505374": "Original",
        "2df285fa-9cf2-45e7-bc05-a67b7d7ddc2f": "Primary",
        "4da7d1c6-fab7-44a4-a758-954e0c5a47c8": "Pseudonym",
        "1375c169-f815-4745-9e90-4a726dfe8796": "Registered",
        "d14530a7-dfe0-44cd-9e30-10472863bd52": "Sobriquet",
        "78df4478-ee6c-46b7-8321-38e9767c12d1": "Statutory"
    },
    "FISH Event Types Thesaurus": {
        "58e1cbcd-81f4-49b0-9ba7-c53f20f59c61": "3D Seismic Survey",
        "3fbbfac5-f7db-4e39-a4a6-742962cec6bc": "Acoustic Ground Discriminating Radar",
        "b67969cd-5ce2-4ebd-98c6-eb7c33fb24f5": "Aerial Photograph Interpretation",
        "39e56488-9200-4284-a8b6-4fedae25b5ec": "Aerial Photography",
        "00966bcb-5665-4d8a-9ed2-9acbac95397c": "Aerial Reconnaissance",
        "187e4283-dd0b-4528-af32-302bfc885ee9": "Airborne Laser Scanning Survey",
        "00deb714-0c05-4a97-96ab-297690694b98": "Analytical Buildings Record (Level 3)",
        "7ac10852-35f9-4d29-b847-e21716e13f09": "Analytical Earthwork Survey",
        "3b978ebd-147b-4e1e-b517-15b76d5177f8": "Antiquarian Observation",
        "cb15a7ff-78ff-442f-a7c4-a81ae25ee864": "Archaeological Intervention",
        "4a0a56b2-9a3b-4448-a392-691a65cb9ddc": "Archaeomagnetic Sampling",
        "019c8118-2af8-45c3-9341-0a650bba75a8": "Architectural Survey",
        "f46aa7e5-a952-47a7-876a-4787c0080263": "Assessment And Analysis",
        "35539453-eb16-4ab8-ad0d-59896ca9bfd1": "Auger Survey",
        "93668b3d-4831-4ac4-87b7-624b91b9bc36": "Basic Building Survey (Level 1)",
        "65c34d75-4b36-4ffc-888e-1f9df9faa2f6": "Bathymetric Survey",
        "608b9832-800e-45aa-a8fd-493c521bf993": "Borehole Survey",
        "ca2d366f-bc43-4ab6-ba21-13cacca4bdef": "Bosing Survey",
        "0d6b04c9-2cb9-4f27-b36d-c6d622fa9df1": "Box Trenching",
        "ef8097da-cf1c-4def-be42-b410ffe04d9b": "Building Fabric Analysis",
        "b0ec250e-e413-4f50-911e-9af6d81e7950": "Building Survey",
        "efed407c-0d3d-46bc-b5de-bf02167226bc": "Buildings Appraisal",
        "fd05d2e8-00ba-4f7b-9f60-74f54224ac77": "Buildings Investigation (England)",
        "02d809e3-7cd8-48cf-ba8e-a2465d46acfc": "Buildings Investigation (Scotland)",
        "efe21f15-2d4b-468e-8b6c-062f1f899056": "Buildings Recording And Investigation",
        "98b2cc13-2201-42d0-85c5-bd8053580588": "Casual Observation",
        "ecf65609-f6f4-45e2-831d-791f6897969e": "Comprehensive Analytical Buildings Record",
        "bf6ae9f0-5406-45e8-8499-40093f4c79e8": "Comprehensive Building Survey (Level 4)",
        "cdffefd7-0504-41be-ae53-b1568e03a0de": "Condition Survey",
        "1b47e9cf-465d-4d23-a1a4-bc3afd887520": "Conservation Area Appraisal",
        "02ecac6d-6862-4695-b09e-a40cd2a0bba0": "Conventional Aerial Photography",
        "9365440a-a51c-408e-9018-9fe6b46f82cc": "Core Sampling",
        "f63fb1f3-6877-4fbd-b999-5ff1e74fd0ce": "Dendrochronological Survey",
        "7ebf712e-d039-4fea-98fd-28a87e48d292": "Descriptive Buildings Record (Level 2)",
        "476175d7-1735-4b46-8188-7c8d468c3d45": "Desk Based Assessment",
        "627b847f-1732-4025-bc12-c33a02ab678c": "Detailed Building Survey (Level 3)",
        "9954f246-4ef2-4014-bf58-50cd35cdedec": "Diver Inspection",
        "7cfd6013-fb21-4d92-805a-56cc020dfd42": "Documentary Research",
        "ba919d09-ebf5-444e-a86c-6ec61a8a4ce6": "Dowsing Survey",
        "ee5d7a94-00a2-4e53-89b9-7efd78d707dc": "Earth Resistance (Resistivity) Survey",
        "81a146de-881a-4046-bd03-83987b691ed1": "Electrical Resistivity Tomography",
        "c61cb1cf-a2ea-420e-8c4a-7c66799fd38c": "Electromagnetic Survey",
        "ac6441ca-1c26-479e-9ec8-7efc784a9ba8": "Enhanced Building Survey (Level 2)",
        "36861a5f-08cc-4a0d-ae69-d5c8fa9619c9": "Environmental Impact Assessment",
        "a4dbc8f3-bd7f-4e23-8989-430550108ce1": "Environmental Intervention",
        "eee1c4a0-1013-44af-9285-dd9a71eaa6f7": "Environmental Sampling",
        "250ae054-8928-44f4-8aec-1063b0634a73": "Evaluation",
        "9a383c95-b795-4d76-957a-39f84bcee49e": "Excavation",
        "4a409831-5712-40bc-a3b2-b3a327a31e27": "Field Observation (Monitoring)",
        "63a93537-1a03-4a6a-b96f-0d6ce54ea1f1": "Field Observation (Visual Assessment)",
        "2dbb3feb-24ac-42f2-a219-f7e08558b251": "Field Survey",
        "b19c89e7-a646-410a-9c4f-d82cccb0e8d7": "Field Visit",
        "a8b13da0-5074-41ea-83ca-31b4c3080bf0": "Fieldwalking Survey",
        "86c20874-dc49-4ae3-ab5d-0ba36cd9ee8f": "Geochemical Survey",
        "4398e240-a628-478d-ac6a-4f9b8a0aefc8": "Geomorphological Survey",
        "55261338-af09-41da-bb4f-eef2b790bc26": "Geophysical Survey",
        "52e5c265-6526-4b6e-8ce4-d4e9727ff1d1": "Geotechnical Survey",
        "87df541e-2af7-4f2a-8a75-1fc92d8924ae": "Geotechnical Test Pit",
        "853d504d-d80f-48d1-b820-c623bf843b1d": "Grab Sampling",
        "955a5efe-47df-41d7-9661-e8209442fd8f": "Graveyard Survey",
        "dba762b2-edcd-4889-9e53-fa0ce3b70806": "Gravity Core",
        "7dec4cf2-714b-47bb-bb55-93486d7839d8": "Ground Penetrating Radar Survey",
        "f1686ca6-cd99-4fd7-be30-7f1a278e56cb": "Hedgerow Survey",
        "f3975f0e-81a4-4438-a26f-7e453028c514": "Heritage Assessment",
        "dfdd455b-7214-4876-9a8f-3893b665c485": "Historic Area Assessment",
        "1358c4ed-e6e5-4c43-9677-834effbdb704": "Historic Landscape Characterisation",
        "a09ba5ac-a396-481c-8caa-60e4bf359e34": "Historic Seascape Characterisation",
        "ae088b97-739c-49e3-8607-4b155d3788dc": "Historic Urban Characterisation",
        "c5914268-2e62-4093-a7d1-7b23ff7a7b99": "Infrared Aerial Photography",
        "1d7c16d4-315c-4897-aa6f-fad9333b519c": "Infrared Line Scan Aerial Photography",
        "4639112b-2426-4c20-a588-7bfcac7b32e7": "Infrared Thermography Survey",
        "55f3330d-af4f-47fe-baf9-52c3eda0f06d": "Intrusive Event",
        "66e5b4c1-463d-4461-9104-f0291556de84": "Laser Scanning Survey",
        "00b9f09b-32ef-48be-aba0-ef7bc64ade56": "Lidar Survey",
        "44d5ca5c-6609-4b89-b424-a7d743dc3f01": "Magnetic Susceptibility Survey",
        "c885e3c6-2750-4491-ae5e-737674680399": "Magnetometry Survey",
        "123fcc60-ea0a-4c9f-a156-cb498ace7657": "Management Survey",
        "8a811057-92f4-4f31-a728-fc4fbad22f47": "Measured Survey",
        "ff8eb6de-2e03-4f05-927c-eb26f27a060c": "Metal Detecting Survey",
        "4c5e59c4-81a0-4234-92b2-ba690218f016": "Metal Detecting Use",
        "39ff879e-e251-44f4-a423-40448d2e2c11": "Microgravity Survey",
        "8cdef7f8-8259-4a7b-b1e2-84a0bba12341": "Monolith Sampling",
        "0022e372-2adf-448b-a005-072d7a94bb0e": "Multi Beam Echo Sounder Survey",
        "ceb416e0-d80d-4c38-9e5a-3a571a52f747": "Multi Spectral Aerial Photography",
        "d106af31-734c-4fad-9c52-88ded3a96cc1": "Non Archaeological Intervention",
        "5519b02c-cd87-4623-957d-a94433fc7105": "Non Intrusive Event",
        "2ea1e323-4455-489d-a8e7-433d7e4c750b": "Observation",
        "f5b6b9e0-9d27-4d62-84b3-329097396a91": "Open Area Excavation",
        "74bfb457-57d3-4cbb-8516-2c40950fc07f": "Phosphate Survey",
        "172a1fa9-94cc-4253-8016-5fa779e582b6": "Photogrammetric Survey",
        "e054c72b-cf73-4521-8a89-99f7135fcd01": "Photographic Recording",
        "f7891b36-b7ea-433e-80f1-1cd67cfb774a": "Photographic Survey",
        "2b8aa783-33e8-450f-953c-f60ad142b548": "Post Excavation Assessment",
        "07390eef-1253-4da7-9a89-8d9fa8946d8e": "Rectified Photographic Survey",
        "5794aabd-d4ac-4d20-96df-750c278acfdc": "Remote Operated Vehicle Survey",
        "fca73f29-87c5-4dd8-841c-785cb76e5eba": "Remote Sensing",
        "6dd97600-b207-4b82-ad7a-79feddee7bbc": "Rescue Excavation",
        "fa4d1f45-847d-47f7-8b0c-6623c65c8cf0": "Research Excavation",
        "531d4fbd-71ae-4a1c-9463-b7f0a402a74d": "Salvage Recording",
        "a4672fbe-d0fa-4c2b-ab01-771f5586cdf3": "Satellite Imaging",
        "d1ce9130-a103-448d-b1b3-bf2f006a3f26": "Seismic Survey",
        "48a9a4c0-ab69-4a53-98ce-80de457eb0c9": "Side Scan Sonar Survey",
        "a4e53e74-2c01-4c31-a57f-0fd40aed2cf3": "Single Beam Echo Sounder Survey",
        "9afaeeda-e11c-4832-bbee-94276a719fa3": "Sonar Survey",
        "f96d0d8a-049b-46cb-9cd2-e152f5ec3c05": "Strip Map And Sample",
        "4e96f416-da18-4549-a5f8-69531e4b358c": "Sub Bottom Profiling Survey",
        "34434db9-9e5c-4184-b317-d475760c0c27": "Survey",
        "8a7f02b3-b050-4f68-8a67-0ce895dcd7c8": "Systematic Fieldwalking Survey",
        "849394a9-8716-4c99-b155-a04d6c10a089": "Test Pit",
        "c204122d-872d-48c1-8a06-425c88f1fe5e": "Thematic Survey",
        "829af320-ca24-4fa1-9b6f-ad2e6bd79e55": "Timber Sampling",
        "22cfe487-ad47-45a1-addd-bb789edd12ff": "Topographic Survey",
        "d9101768-ecc1-4042-99d3-a9c99fd75ce4": "Trial Trench",
        "a39369bb-348b-40bf-921a-ac855e7aada2": "Underwater Evaluation",
        "16eccd00-9059-453d-aad2-5d0da0ae38d8": "Underwater Excavation",
        "0e213c74-a182-44bd-91ef-0b72e0e4eec9": "Underwater Survey",
        "3105be72-b2f2-49f3-b76e-44da00a47e2b": "Unsystematic Fieldwalking Survey",
        "ef193b23-5a27-49cc-8a61-458b5de48066": "Vibro Core",
        "0c91f104-f172-40b3-a5a8-20da4dcb5742": "Visual Buildings Record (Level 1)",
        "f42c5964-ba8e-4b17-aa74-b5c063ca2530": "Walkover Survey",
        "9300ec92-6461-49a7-afb6-22e442d9dc31": "Watching Brief",
        "aa8f3156-1ba2-4a60-8eba-c8bb8b793659": "X Ray Fluorescence Survey"
    },
    "Address Status Type": {
        "13e89271-23c4-4eb6-bd33-372f42b5086e": "Alternate",
        "6736ec15-b92d-4918-b96f-cf92b42db3bd": "Contemporary",
        "11f5e4bc-4f4d-4527-8b35-3c4652ade77f": "Former",
        "a3fb36fd-4cb6-4380-91e2-3589e2bd2daf": "Latest",
        "dc17abb2-6af4-4b7c-a849-ee52e089a41b": "Primary",
        "6c05f914-0df8-4c6c-9a64-c3e70b7704dc": "Statutory",
        "bced0a34-a8d6-43e6-88c2-f38c6af617c5": "Subsequent"
    },
    "Reference Number Type": {
        "8143c8e3-dc87-46fa-b672-d9a4a9b6303d": "Archive Object Reference",
        "a297378a-41af-48c5-9e75-2aac61b96677": "External reference",
        "59b0e616-3c31-424c-8c32-2bf82e49b086": "Planning reference",
        "1992741b-cc36-4613-b04e-943fa8c9d6fa": "System Reference Number"
    },
    "Historic England Archive Type Thesaurus": {
        "f9d4c4d3-745a-44ef-8f37-28ddad1c25bb": "Acetate Negative",
        "fa165459-c9b9-44fc-9684-9f5cfc0ff7a7": "Administrative Records",
        "53ee53bc-8537-4f3d-8f05-81d91691ddd8": "Air Photograph Transcription",
        "bb2f5d0b-a864-4bf8-88c0-28ea4351509b": "Album",
        "220d7434-d229-431a-8ee9-f5c2bf167ad0": "Albumen Print",
        "8c07f7a4-2bc8-4321-bbde-5b8e862faff3": "Annotated Map",
        "7bc92c08-cb62-43f2-963c-c5c1731240d2": "Antiquity Model",
        "c8058caf-8d33-4fcb-950f-dee0067359e9": "Archaeological Sketch Plan",
        "cacdfd1d-1ad2-419a-bb00-ba9bbc3db74f": "Archaeological Survey",
        "42003c66-c134-4419-afee-8fdd05e8861b": "Architectural Drawing",
        "aeb22062-59c9-4a2b-84f7-e701c3bb0769": "Architectural Plan",
        "be00c12c-1079-4297-a289-326ae4fb7643": "Architectural Survey",
        "e34953b1-fe5e-463a-ba8d-59635bfb867a": "Art Material",
        "f5f4a64b-7e73-40a7-a7d8-01b8147f46af": "Art Pad",
        "2955a513-c296-400f-9a72-63efbe999757": "Artefact Drawing",
        "22ca1922-4d0b-46ce-92d0-475c40a73e95": "Article",
        "40a84993-f6fc-46b2-b35f-cb5a5994e83c": "Audio Cassette/Tape",
        "9549af99-e55e-4e5d-af2e-1630f0b6ec61": "Autochrome (Dry)",
        "c68bcbf0-a034-4a45-b062-69fd5be0ed79": "Autochrome (Wet)",
        "932b9ddd-da58-43e9-95a1-5c3da0ab8e5d": "Axonometric Drawing",
        "d62013ae-977e-4869-a999-ff986686e427": "Book",
        "63f3b176-b2d9-488b-9f73-22ec316a7783": "Cadastral Map",
        "339b8360-ce68-40eb-b02b-b7adf0644a92": "Carbon Print",
        "9c710bbf-5f4b-4d78-99aa-b57717005f42": "Carbon Print Interneg",
        "90988fb3-594b-4301-bd57-189c08b3d7b8": "Card",
        "e05444f7-38a9-4f26-84ac-6f0ec9c822a2": "Card Index",
        "747393c6-daeb-4cbb-869e-f33b6a03416f": "Cartographic Material",
        "3027d437-a4af-4669-8a79-89a58801964c": "Catalogue",
        "beb649d3-5c76-4af8-ba8b-e6cbcac8c89a": "Chart",
        "bd1b23a2-22b5-48f2-b6d6-3b93de238d64": "Cibachrome Print",
        "42569835-ae00-451c-a9e6-32ac00f3cb94": "Colour Print",
        "2f557002-7e15-4fd0-bd9f-dd18ad09aaba": "Compilation",
        "05e4cf97-7f2b-4c78-9468-4b679fa208e5": "Computer Disk/Tape",
        "036698c2-4680-4aa0-99e9-c669e52e3b0d": "Computer Generated Plot",
        "8ca6ff6e-a7e3-4cb2-9a83-59b6f976f9ac": "Contact Print",
        "2c1ca4dd-a7c6-49ad-bb64-dc646f83659b": "Context Sheet",
        "6dc9b690-f952-458e-91c0-dced1618252f": "Contour Survey",
        "4347bb20-d400-4104-92e1-98b218123465": "Correspondence",
        "e9ab5f06-64ef-46df-80ae-448bb8556bff": "Cyanotype",
        "c5517cfc-dd94-4a18-b68f-317d7444893f": "Data",
        "237b3c91-c746-4338-bafe-a1f7dfcfdf2b": "Diapositive",
        "deba216c-c130-46f8-9577-6886e5625bf0": "Diary",
        "7bfdd86d-2e87-4f69-b42e-620cdccdce66": "Distribution Map",
        "a060f1d5-faef-4ba6-88be-3ca7f5591647": "Document",
        "8052c63b-c0c6-4369-b56e-90fd8dae4906": "Dry Plate Negative",
        "5969aed3-9ebe-422a-a37a-69075a537a7a": "Dye Transfer Print",
        "6481323f-d4ac-426a-88da-9898f5f1fb3c": "Elevation Drawing",
        "40579da9-20d2-4287-9f4f-ba4c0febc879": "Engraving",
        "db25e8a1-b860-4e52-8967-e40c50beff51": "Excavation Drawing",
        "486e0d6f-13e4-4d1b-99ac-4f26293e4e98": "Excavation Plan",
        "3838e892-8628-444f-ad9c-a095f8ee7419": "Extract",
        "15459f72-3a48-4853-9099-86e44689f50f": "File",
        "76687695-0679-479e-839d-c83152a748df": "Finds Index",
        "92befd3a-a1ac-49e1-8dca-ba083920caf6": "Finds Record Sheet",
        "3576244d-b360-467b-87e7-8ba865db5984": "Gazetteer",
        "1a011f38-ad39-4b2d-a4e1-c1c4b465d6e5": "Gelatine Print",
        "5d3b2f45-b151-4583-a1b0-bd314dd05b7f": "Genre",
        "8e09d4f8-0be0-43f4-9f04-68524c4f9705": "Geophysical Survey",
        "b3b42f41-2167-4497-835e-7be1de60d525": "Graph",
        "3255ca6b-fd77-4a96-9436-f371cb3e82f1": "Graphic Material",
        "5b347316-2321-4ec1-866a-9c4c08a4e78c": "Halftone",
        "0ff4ad6d-36a3-4e61-8979-f4e7634033ae": "Index",
        "b133611c-2559-4b79-b277-f480e2eed8a9": "Ink-Jet Print",
        "abaeac25-5bb0-45a9-9518-f28ef325aed6": "Isometric Drawing",
        "3e2b93f7-bb34-48fa-ab3e-36814457188a": "Journal",
        "20c53356-9aa4-45e9-8a62-3e2d5b967837": "Lantern Slide",
        "a1bc7521-9744-4cea-8117-d5e6764cffc5": "Lantern Slide (Dry)",
        "0c45eec1-2d4d-4b4a-b10f-dc5b8579fdae": "Lantern Slide (Wet)",
        "38ce9aff-c745-4306-ab0b-9b573c3701b7": "List",
        "45789712-2230-42b2-b96d-9f11b839fc90": "Location Plan",
        "697b1a09-f579-4bc7-b0d8-2357f176518d": "Manuscript",
        "2fdfed6c-2a54-457c-936c-10b101602bdf": "Map",
        "6c7866fa-0c89-4492-adab-9dc0c8d8e224": "Matrices",
        "8fec16d6-ab1e-47ce-82b3-a0b699e6b1dd": "Measured Architectural Plan",
        "fb614449-fe4d-41a8-bd22-8b51b904a1de": "Measured Survey",
        "03d0f20d-11f5-469a-98c3-1fca7721dea8": "Microfiche",
        "4428c4da-bf2d-43d2-8a49-96472ca4eebc": "Microfilm",
        "e61a2e78-4e84-433d-957a-4a7f32e409ef": "Miscellaneous Material",
        "31f74f0e-51af-431d-8d63-76dba5430ef9": "Monograph",
        "a8fc4b5c-e026-44a7-bb9f-ca748fd90264": "Multimedia",
        "ff90a4b4-34ba-4753-98d4-ed4ab076b07c": "Museum Records",
        "5d17edcc-61c9-43a3-97ed-8a7624e06ef4": "Music",
        "f79d8dcf-2c92-48d1-acb6-4e53bcaa2777": "NMP Morph Number Sheet",
        "b0effa19-1b99-4faf-9a07-f4d586383390": "Negative",
        "6af9671e-5f7c-4474-a428-5c732ac32ea6": "Nitrate Negative",
        "177b1097-342f-44ac-aace-9e0b573efcfc": "Notebook",
        "0ba9efb0-9b16-4e1b-82b4-2468676ccb1a": "Notes",
        "22bf27d5-4d1c-45f7-bb26-efe146b2037c": "Object",
        "95834f24-6a9d-4bbd-89d2-c19d1003e879": "Offprint",
        "1f3b6c08-f3f8-4005-bdb5-f27d814cd769": "Overlay",
        "ebda4f35-af38-49dc-9099-130df8165c48": "Painting",
        "901a823e-36f1-4387-b3d3-0bdf30c3c954": "Pamphlet",
        "a53f22ba-2460-4186-affc-83ebe1fd91d2": "Paper Negative",
        "fc93821a-0aa6-441e-b424-27c012059752": "Perspective Drawing",
        "3f913f2b-f8c2-4367-9ab9-de5ae232dfab": "Photocopy",
        "71c0eca8-4000-4b46-a6d2-fdf137661286": "Photograph Album",
        "a2296faf-a891-42e0-ac4e-ee1da5811fb3": "Photographic Material",
        "4313eb8f-e067-46ff-80a6-dcab7981d753": "Physical Characteristics",
        "ceb01db6-1698-4b43-b026-182c2d565064": "Platinum Print",
        "c13d3307-e268-4308-bf98-1f9ce63fb973": "Polaroid Print",
        "6fe75226-89b6-4547-913d-2fa0c664c334": "Polyester Negative",
        "356f8297-77c6-4c1d-bd89-6b37f0a1935f": "Positive",
        "8c110052-2b59-4804-8dc6-233e8e2104a5": "Postcard",
        "caa4a715-ed40-4f13-b5ab-fce7d63c2ef1": "Print (Art)",
        "bfa33aca-d681-416e-80c0-85d8d78a7459": "Print (Mechanical)",
        "8a2a862a-b815-43a1-9ece-4705b1c73594": "Print (Photographic)",
        "97493224-eef9-43b3-bf25-6e87945c8d0a": "Printing Out Paper Print",
        "c24bb79c-7f32-45e6-a4e7-bd4931c7dcde": "Profile",
        "3ba1a19d-ae64-4937-ad74-b7b05d3877b8": "Project Documentation",
        "43855690-d697-4b37-b7fd-7d81b0d9145e": "Projected And Video Material",
        "e34f02bf-0fab-4c10-a073-5b0020445a19": "Published Material",
        "9eb6aeb4-979c-4c4e-83a0-6c3b1d6b4278": "Reconstruction Drawing",
        "9fd92954-6090-4467-a856-08a2974e88b8": "Record Sheet",
        "09b489a4-972d-4495-8541-47cd5c520e13": "Report",
        "5f372a1b-6d1c-4177-995b-54d0cf53d25d": "Rubbing",
        "273b7fd8-9a5c-4129-a154-8bdcfaefb475": "SIlver Gelatine Print",
        "6dc187d3-82f4-4439-be26-4836a8256e85": "Sale Catalogue",
        "92b422e8-2c6d-4a73-91cc-8a2e4bd62d8f": "Salted Paper Print",
        "7f7b791a-30a0-4d6f-8b76-0bdf16a6d09c": "Scrap Book",
        "39bf8a54-5697-49e2-9450-6700c137f197": "Section",
        "c9440e2f-ba45-4e5a-a1fb-6060ad8a997e": "Serial",
        "c447f9ba-ce56-43ab-a4e0-e3f056af2cbf": "Site Recording Form",
        "787662f1-e3f5-46e7-bf62-1bfacfe1fc39": "Sketch",
        "561352e9-51db-403c-87bd-166129f41e7d": "Sketch Architectural Plan",
        "7b9d3402-16f1-44f2-bcae-18d4707caf31": "Sketch Map",
        "6825a5f5-da26-48b3-8571-2313dabacf61": "Slide (Photographic)",
        "6891ffb7-e072-4010-9bf8-4110c6dbe9fe": "Society Records",
        "5c05de73-1438-4c06-a297-6157496e8c85": "Sound Recording",
        "0c60ba15-9086-4a89-b481-9919c7f82ba3": "Survey",
        "5daf9a14-e299-408e-8bfb-18b6db8abf27": "Table",
        "02c450bf-592f-46e1-ad07-6467e9235f93": "Thesis",
        "9a96ed8b-db53-4d88-ac7a-b1f4ea44d86f": "Topographical Drawing",
        "78a71949-2257-4e02-b719-b6237977d750": "Transparency",
        "adb6c62a-580d-4905-9006-a38f4bbe3237": "Typescript",
        "d548cd09-22d4-4a9e-8b59-7ee23790b398": "Unpublished Text",
        "0bfdd158-6fc3-4b23-9d03-000316efde0d": "Unspecified Archive",
        "af9bdd53-22e9-465b-bea1-80877a797c0b": "Waxed Paper Negative",
        "df9b3e1f-ddfe-4a44-9cf8-2393c9d6f53b": "Wet Plate Negative"
    },
    "Administrative Area Name": {
        "7f39c2a2-6d7a-46c1-8b63-3614926bda59": "Barking and Dagenham",
        "4e538d8e-d354-4c15-bc09-0dbfc06f0879": "Barnet",
        "c7873047-b000-4b0e-86b7-9bda8bc53d9d": "Bexley",
        "b70b8b3f-e456-436d-8ce5-a8e9b26ae1e7": "Brent",
        "dae2139d-1ca7-41fb-82c9-aef523f19043": "Bromley",
        "68f00eb0-d979-4ac1-bccb-11a49b433c25": "Broxbourne",
        "5e74c915-e28d-4912-b2ef-746ca5d7b21d": "Camden",
        "becb3b4a-5922-4ae0-b0bc-1c0fd63b03cc": "City of London",
        "6c40ac09-20b8-4ef4-96b9-1392ffdfe422": "City of Westminster",
        "74e2eb43-49fc-41e9-8d61-388c01878573": "County/Unitary Authority",
        "54eeda40-6310-430d-b293-84b7792048ff": "Croydon",
        "b96dee9b-d268-4eae-bd21-0b0a67848e00": "District/borough",
        "1b7f90d1-3b38-40e7-93d4-d2843e51c27a": "Ealing",
        "139d862a-5750-4443-b1f3-8c385a48a311": "Elmbridge",
        "6bc4bd09-f293-40dc-becf-8a3228a36251": "Enfield",
        "76d33ee0-009f-4a79-80d4-2d153193d1b7": "Epping Forest",
        "2dd98fb4-5ba1-47fd-b766-6f122c14d4b9": "Epsom and Ewell",
        "1d7ea7f5-158f-4c5c-8fed-88155acf0497": "Essex",
        "57cae789-7057-4c99-982a-876204105408": "Greater London Authority",
        "dfba147a-b4f1-4dc8-9ea4-e2e3631125c0": "Greenwich",
        "36de100f-07c1-4679-8e37-6c15fa8f4b2e": "Hackney",
        "5d176fca-52d5-40c8-9697-3b0c23305211": "Hammersmith and Fulham",
        "b04dbbdd-89e8-4512-a62f-808099f4b61c": "Haringey",
        "13794d19-a1dd-417b-9ae9-c97bba5352b2": "Harrow",
        "c9ac0223-4a3b-492a-ac0d-cd9d914105bf": "Havering",
        "8be2c984-b948-4ded-ab35-3f80216fec28": "Hertfordshire",
        "053bc949-302f-4bb7-9738-45feb5dc1e9d": "Hillingdon",
        "241170b1-bf9e-40d6-8774-b30d5dd24e7f": "Hounslow",
        "d6f1bef5-abab-419c-9d45-5b39a94573f7": "Islington",
        "dbd4d13a-b4ef-4a4e-88c9-2fefd331ee1e": "Kensington and Chelsea",
        "8acee206-8c18-423f-9507-0f9e993d28b3": "Kent",
        "cee44ca3-f680-460c-8104-a50d85e17e71": "Kingston upon Thames",
        "e35c9517-5956-4c50-a5b8-b4c207754476": "Lambeth",
        "b1f48171-1a0c-499c-b788-6faa7d8a9321": "Lewisham",
        "752a2ad3-9d36-4b84-8b08-75e11b10f7bf": "London Borough",
        "67e8c33a-cc5c-42a6-8451-f566c76ac1a1": "Merton",
        "0f47e3f3-ec8c-44ba-8ea4-6c9f561239fb": "Middlesex",
        "ea2489b6-8cc9-4517-a383-73f5c9843275": "Newham",
        "64bbc1db-ba41-4a52-8764-95c92038ba58": "Out of Area",
        "a4c11f02-8ba6-4a3f-9d0f-77bb3dd0152d": "Redbridge",
        "6d2237a6-b782-408e-a142-0f7350b92454": "Reigate and Banstead",
        "9b6cfbfb-153f-452a-865a-2981f096a3ec": "Richmond upon Thames",
        "756dec28-88f5-4100-a731-268c16095c17": "River Thames",
        "a8a438ca-cc24-41bc-a7ef-eedf5d9b4806": "Slough",
        "40ed40dd-c71a-4f0c-bead-a6f8470ec41c": "Southwark",
        "133f9986-01e7-4ec6-8faa-17cf2165f86e": "Surrey",
        "88361184-1e81-4688-abbb-70a829d4df33": "Sutton",
        "2cbebfe6-e26e-4568-87a6-f251a88e8897": "Tandridge",
        "88fde4e4-1cfd-4c8a-88e8-fa5dea7a8001": "Three Rivers",
        "85ff0b32-ccb8-47b3-8f5e-ff3c772f15d5": "Thurrock",
        "47e275a2-33c4-4612-8b2a-07bcc0221291": "Tower Hamlets",
        "c9f5b85a-a71f-461c-9345-9fcc6cb2bdbf": "Waltham Forest",
        "6b13c9de-0d3e-4184-822d-0ffa6e0462ee": "Wandsworth"
    },
    "Languages": {
        "27643bdf-984f-42ea-bae8-b9e315d96a31": "Chinese",
        "b5f1ff2d-d667-4c4e-86a1-c17fa4b9447b": "English",
        "1eaca20a-0277-4118-974e-82f9136411dc": "French",
        "a10578b8-ab21-41cc-835e-3d41c1216d1c": "German",
        "04c7ae17-824c-4eb9-b73d-bbc31d1c3ea1": "Greek",
        "2521065c-8d4b-4e97-bc86-f263e62ffb7c": "Latin",
        "35e8413d-d6c1-4f5a-a99e-8aa830100df8": "Middle English",
        "22f7263c-7432-4b65-8c36-ea588876c860": "Modern English",
        "890d6f40-d240-4da1-afc5-1e85772438d7": "Old English",
        "afa1f475-3273-4110-88ef-fb6e77cdee80": "Old Norse",
        "c208a3d2-df1d-4514-a188-a7cba1239e9a": "Portuguese"
    },
    "Area Status Type": {
        "d8327844-9336-4928-8ba9-637448c6a6e5": "Adopted Wreck",
        "84985826-d4d4-47ee-9e76-bb9d9bb0aa8b": "Alternative Action Report",
        "792d3808-40e4-468a-9519-41acd93e50a9": "Archaeological Priority Area",
        "b5f7a958-6eb8-49ec-abf0-4d3d56bb1f39": "Archaeological Priority Area - Tier I",
        "f00e18f9-18fb-4067-9a03-5367387c6600": "Archaeological Priority Area - Tier II",
        "b0ead8fe-a2d1-413e-8e68-b8395954129a": "Archaeological Priority Area - Tier III",
        "1a3aec83-29ae-4920-add7-abd7c244eaca": "Area of Archaeological Importance",
        "604fd5de-20b4-40f8-82f5-3e60bd390571": "Area of Outstanding Natural Beauty",
        "a216129a-e657-4865-950b-f3835ec746d8": "Common Land",
        "6168d3df-03b3-4f61-8879-e69c3e91f503": "Conservation Area",
        "ecb90811-8e3c-4ab9-8587-864fd97ca50d": "Country Park",
        "6f54c7d1-40dc-4dc1-8646-5e7b9207fc53": "County Council Ownership",
        "06c9f0a5-1fb6-4057-948c-37c254532447": "Crown Estate",
        "7c256274-ff13-4ddb-b60c-d6d6adff0369": "Crown Land",
        "3ab4dc6e-c4ff-421a-95a6-fd702cb0e63b": "Cultural World Heritage Site",
        "47d9b99f-fdbe-4737-9dc3-9e09234f6ed1": "De-Designated Wreck",
        "f3590d5c-8847-49bc-8f7f-685e90ca7f97": "De-Registered Park or Garden",
        "db753f97-996f-4bf5-9f5f-55bd07a03d8a": "Delisted Building",
        "144aacb9-5206-47b1-a8f4-d200c5a902f2": "Descheduled Monument",
        "eccfb39f-e822-4571-85e0-4a6017a0bbaa": "Designated Wreck",
        "3622a404-2b5f-4042-8cd1-54cdb8080b96": "Duchy of Cornwall",
        "e26930e3-8e93-482e-915e-3063147fa645": "Ecclesiastical Use",
        "7fba2b6c-6c07-43b7-bff3-3adbf13e28ca": "Environmentally Sensitive Area",
        "2ece6d13-ac82-4ea1-bd7e-ca8dd879b781": "Guardianship Monument",
        "24df4011-f1e6-48cc-bff1-2fd2ce7bb1eb": "Heritage Coast",
        "f6012199-aab1-4393-99fb-0a939cb0f534": "Listed Building",
        "da5cb12e-01a0-4d1e-a761-d191c0e4e612": "Local Nature Reserve",
        "ab096588-6128-4b45-b7fd-b73bd4b99802": "Marine Archaeological Dive Trail",
        "3c6ce034-b8f6-4053-973f-941fda12ec21": "Military Maritime Grave",
        "906cf4d7-feab-492c-b00c-3e7a731ddc5d": "Military Remains Controlled Site",
        "e979ee58-7bc6-4014-b524-294c775922d7": "Military Remains Protected Place",
        "328ba4c6-e4bd-42d8-b865-5fe03cdd1f84": "Mixed World Heritage Site",
        "da200028-e353-47b8-97be-3c34261e384d": "National Forest",
        "beb85d7d-2a60-4a23-a13e-a344684624aa": "National Nature Reserve",
        "91a8721a-782e-4eb1-bab2-9619af8f2200": "National Park",
        "f00b6c10-9f2a-4460-8a86-7a3eb646bdc9": "National Trust",
        "d57a3d2c-ff3c-403c-9a13-5183e38366a3": "Natural World Heritage Site",
        "67e3fe92-b90d-46a6-ac23-b70daaafbe2e": "New Forest Heritage Area",
        "c547fe71-eebb-44ca-8260-b7ae1e034183": "Non-Designated Decisisions",
        "f100ab71-a86d-470a-918d-a6cc7fb4b220": "Other Government Department",
        "87c4fab9-7a58-423a-8e99-e8d29d4693ad": "Outstanding Conservation Area",
        "22400511-f989-4f3c-9ca2-be2abe5968cf": "Public Access",
        "8aa4364b-0824-474b-88f3-c6deaaa040c0": "Public Right of Way",
        "2ff0e8b3-af31-468e-a7cc-d167f8ccff20": "Registered Battlefield",
        "f3041854-0055-4a30-a7d8-e27908704d5d": "Registered Park or Garden",
        "bc4cdcf1-b166-49a7-904b-72220f3640cd": "SHINE - Selected Heritage Inventory for Natural England",
        "868ee15c-4683-45f1-91ea-688762547228": "Scheduled Monument",
        "d894274a-7636-41fd-9e63-4af3bb262f66": "Site of Special Scientific Interest",
        "75b8c907-c7f2-47d0-970f-bd544e91d31b": "World Heritage Site"
    },
    "Administrative Area Type": {
        "debea501-e060-4d1d-bdec-a25404bfba9d": "Borough",
        "ce7e79af-4d3f-4fb7-bbb2-caaee0f98261": "County",
        "b66856da-9c70-4a88-ad56-00e68dab16a4": "District",
        "bda38bb6-300c-4652-8208-8f5ff7818490": "Ecclesiastical",
        "fa50e8f4-a023-4c04-afe5-fe4e8e9633ee": "Locality",
        "b34f6d46-1f87-42cd-8c51-3d01f904ee05": "London Square",
        "ac7a9242-49cf-4152-aebf-ead489534502": "Non Parish Area",
        "c6844e5b-2f3a-455f-9dda-e6344eff2cd1": "Parish",
        "df49bd28-e0e3-4a6f-b081-1d4a78b5aa17": "Unitary Authority"
    },
    "Association Type": {
        "a3d09202-655f-452d-b2e1-25664033d971": "General association",
        "abb5cae5-f2b9-4fbb-bbbc-f64083094014": "Identified as",
        "b5fede1b-eec2-48d2-a9c0-d5826f7769ea": "Is referred to by"
    },
    "Authorization Type": {
        "194451c6-c361-4533-96d7-eca939814088": "Authorized",
        "8d653928-e41f-455f-89a0-d649d24feafe": "Awaiting Authorization",
        "1373b8e6-2607-4586-b8c0-8aa28d4aaf8c": "Not Authorized"
    },
    "Address Part Type": {
        "6b77c7ee-1b64-4a0d-a870-e554e59f2eb6": "Building Name",
        "f27c88b2-d8e3-46f7-b730-ceae86161447": "Building Number",
        "2d5e7f32-ee8d-4ae5-b660-3b7eeb9604eb": "Building Number Sub-Street",
        "98355a3e-6f84-45ae-9281-8aa7e20d47f5": "County Name",
        "3ccd7de2-49c9-44d1-99cd-47cc83fa583e": "Full Address Name",
        "8a37a140-0be2-44bc-aa64-74c1f3f3b372": "Locality",
        "34260e17-20ef-4cc4-b512-1ebcc6a55f1e": "Postcode",
        "2103d23d-2b68-4bfb-ad23-2689f060e357": "Street Name",
        "78b7f967-9831-42ea-b744-1737c5cb2ebc": "Sub-Street Name",
        "326b5f21-b744-41a1-a009-e60adb9de95c": "Town or City Name"
    },
    "Capture Scale": {
        "5cfdc599-978d-4685-bb0c-dff3ca650873": "1:10000",
        "f02dff97-62a7-419b-b607-a96b3952f381": "1:1056",
        "9c4c235b-ae05-49d9-bd17-05d5059435a6": "1:10560",
        "14597fae-831f-494d-aff1-be96461f7eba": "1:1250",
        "6e34e30e-9ef8-48fa-b986-4ee0c8fe5395": "1:2500",
        "a62df9fb-1919-4d01-90f5-5f57f520d27f": "1:25000",
        "9046bd8e-1c6e-467f-acd3-ee2db707e900": "1:2501",
        "5132cab3-09a3-4975-82a6-2d789a158035": "1:2640",
        "0aeee697-3d33-4c94-834a-52bd84dc8807": "1:500",
        "74c7e4d7-0c9d-4edc-8e64-81d6fc2bda9d": "1:528",
        "303fa636-9126-469f-b56c-c382a746dc95": "1:5280",
        "57d020d3-ff05-4c33-bab1-a7915d72b070": "Unknown"
    },
    "Coordinate System": {
        "ab82dabb-a966-406b-990e-db257a4aba01": "100 KM",
        "5cea99e4-8835-4721-a2b8-7bba45f55889": "ABSOLUTE",
        "ce402d37-c171-478e-aa2a-b38882b3231c": "LAT/LONG",
        "c93164a8-f2d7-437e-87cb-b28066506f70": "NGR",
        "02097a67-f5f2-46a5-9338-5cdfb1ed1f83": "OSGB36",
        "e2cbf75d-8d60-4467-b389-36e3c0bae3e4": "WGS84"
    },
    "Cross Reference Source": {
        "27e7896d-0c65-47a0-8fcd-93c9adda9410": "AIP Record Number",
        "9bdb6b98-011c-4a65-9b69-e398f8f5aa63": "Admiralty Chart",
        "bc037851-0d49-4876-b668-8efdb91fd6df": "Archsearch",
        "a378648e-abd5-447f-90e6-67d228f0bde4": "BAB number",
        "4d5ca7d3-a327-401a-b47c-a8c5867e9a96": "BMAPA/EH/HE Event Name",
        "4da4ed2a-280f-4c10-8d18-ddf6154ec75c": "BMAPA/EH/HE Find Number",
        "074057fd-416d-4a25-be79-176552dbac2f": "BMAPA/EH/HE Monument Number",
        "c0116545-cc54-402b-b1a4-a408aa26ccea": "British Marine Aggregate Producers Association (BMAPA)",
        "b0b5d72e-1263-46a6-ae72-0284c6a05d07": "British Museum Treasure Number",
        "7c249850-6a18-4600-a8da-f9952bb51213": "Canal & River Trust Heritage Record",
        "297a9caa-2b1d-4b95-a351-46f45b0337fc": "Collection Number",
        "414087d1-bb1e-491a-9e49-f900f7d96ccf": "Corpus Signorum Imperii Romani (CSIR)",
        "590fcaf7-8c5c-43c9-961f-71753e1f8a33": "DBRG (SURREY) NO.",
        "4e4528b7-50c8-45ab-be8b-32baa5d877cf": "Defence of Britain Database UID",
        "0ac906dc-ccdd-4df9-ac88-f6d11e576528": "Defence of Britain SMR Reference",
        "f666c25d-90a4-4b1d-bca6-465a7e4815ce": "Designation Number",
        "69538c61-a327-44b0-b35a-b6d005fed110": "Dewey",
        "ab268f1d-13e5-4257-bca7-26a7ce627ab4": "Droit Number",
        "bfb13004-2ae8-49b5-8e9e-bf434d45ab11": "EH Photo Library Number",
        "1e86de3e-f670-4c3a-9b8c-9c33504db5ac": "EH Property Number",
        "a92f85b8-86df-464a-b3b3-5e80174f0537": "EH Survey Report Number",
        "478272ff-e184-4b5f-8c34-578320939656": "Englands Rock Art (ERA ID)",
        "b21f7278-6b54-4540-97e4-42c5eb78c2c9": "English Rivers Palaeolithic Project",
        "7846c526-f31c-4874-a0d2-3d75e06b84ee": "FIPAD/EH Event Name",
        "82f958c4-7b3d-4dc8-a49e-fd85fbd03abf": "FIPAD/EH Find Number",
        "ac4756c5-7f7b-4648-821b-a440aeaafd27": "FIPAD/EH Monument Number",
        "ca0ad086-4627-4734-b3cd-63c5fc580dd5": "Fishing Industry Protocal for Archaeological Discoveries (FIPAD)",
        "9c9c6c8e-16a4-4f93-affa-4e8e746be81d": "GLHER Legacy UID",
        "4130ba17-ed76-424c-9ea3-e0223672df73": "Guardianship Number",
        "ba278a77-cfe3-4767-870d-c594e55a6ddf": "Hart Number",
        "142df8dc-657c-4485-98f0-113ce3bdcf38": "Heathcote Tumulus Number",
        "20604011-72e9-40dd-8d92-2c7d522fe4a7": "Heritage Image Partnership Number",
        "248b9332-5c55-4d97-9f61-b803e1aff989": "Historic England",
        "28e773e4-de89-410c-b314-cb5d44fe27a7": "Historic England Archive System",
        "19afd557-cc21-44b4-b1df-f32568181b2c": "Historic Environment Record Number",
        "8eb06feb-ea57-4f0e-bb13-1b5c6d625b55": "Hydrographic Office Number",
        "8a943204-84e8-452b-b1ad-a8406c00b469": "ISBN",
        "9ab14abb-0bfb-49aa-918e-2b6ae4929fe0": "ISSN",
        "50ad49b2-fde4-4fbd-8bef-b0e9cb3aba26": "LAG number (GLAAS Ref)",
        "5fabe56e-ab1f-4b80-9a5b-f4dcf35efc27": "LPA Planning Reference",
        "edb848cd-4661-4f76-b6f0-3538c2f9d1b3": "Libref",
        "c4d7f6a2-2382-4669-a003-b386558495ed": "Listed Building Application Number",
        "08d086c5-9db1-4c67-a267-c4c16e7e350c": "Listed Building List Entry Legacy UID",
        "3ca8418c-f6ae-4313-905d-f40398bdea12": "Listed Building List Entry Number",
        "f88290ec-616f-4301-83eb-b2f6f7e7648f": "Local Nature Reserve",
        "1fff52de-ffdb-406a-b919-e6356be1e461": "London Parks and Gardens Trust Site Reference",
        "fca88b41-92a8-4b68-9d07-7e720727a321": "MORPH2",
        "173f81de-b612-4961-ac25-9d10e906d233": "Marine Aggregate Licence Area",
        "d25a36e0-83ce-45ff-8d50-1a8feebc361a": "Marine Antiquities Scheme ID",
        "b972a3b8-66e7-421c-938e-06e9f6517efc": "Measured Drawings Number",
        "febc31d4-5396-481f-a73d-5058bbfe5deb": "Medieval Settlements Research Project No",
        "8f37ed1e-fc86-4547-8f4e-aa3f92879bb5": "Museum Accession Number",
        "b7026c8b-e407-4dec-9225-b82b7cbc87aa": "National Archaeological Record Number",
        "224ea66f-33bd-4c0c-a817-e7d4edd153d1": "National Buildings Record Index Number",
        "ae835da7-0575-4804-b1c9-b93c2b296014": "National Inventory of War Memorials",
        "804a489a-be93-463b-b1f6-4f473b644279": "National Monuments Record Number",
        "f3d98f42-c698-488d-87e8-7ea880e18a85": "National Record of the Historic Environment Number",
        "6c5e3943-f1ad-4f81-8c94-93d1912acfa5": "National Trust Project Reference Number",
        "477a3c15-9b0d-4e19-9462-ac58a088bd21": "Network Rail ELR Asset Number",
        "e9cd1214-8615-460f-8837-c055c8cd1967": "OASIS ID",
        "9987b04b-a837-4070-a9b9-d5531210bac4": "ORPAD/EH/HE Event Name",
        "c625b663-6b0c-4acc-8280-a0845d0afe58": "ORPAD/EH/HE Find Number",
        "b2ebf706-e6ab-4d2d-852c-8056430da053": "ORPAD/EH/HE Monument Number",
        "fbf2a841-069c-4f77-9e72-2fd379e25919": "Offshore Renewables Protocol for Archaeological Discoveries (ORPAD)",
        "3b42b9d1-9f9a-439b-a4fd-19a7962ed63f": "Original Photograph Number",
        "ebdd2bcd-fd56-4e69-bd4b-43a88635cb53": "Original archive object no.",
        "da05d80b-2406-453b-a21a-1faaf5a7965b": "PSA Negatives Collection",
        "514a6350-370a-4691-88a3-cea7df774303": "Photographic Job Number",
        "625db5b9-f747-4abf-9d76-25d03876466c": "Pulhamite Database",
        "ddee0721-c5e6-47b3-9a15-9749f4035948": "RCHME 35mm Series",
        "a553d5fd-ffba-4dc6-84e5-f21a8773313e": "RCHME AA Series (1996) (4 1/4 x 3 1/4)",
        "822fe834-003a-4561-ab8a-80b0f2307e84": "RCHME BB Series (1996) (6 1/2 x 4 3/4)",
        "3d66bc7b-0fa8-4f4b-8771-f9af33b4d516": "RCHME CC Series (1996) (8 1/2 x 6 1/2)",
        "e22d5981-b0d3-431f-a205-cd18750a89d3": "RCHME DD Series (1996) (10 x 8)",
        "9d2e21cf-8e16-4bb6-be75-b1d116b5beb4": "RCHME EE Series (1996) (15 x 12)",
        "a2aebdfe-42e9-4458-ba7b-64f69dd85f40": "RCHME FF Series 1996 (6.5x4.75) col tran",
        "2bc66f56-0d90-444e-826a-a26eddee422f": "RCHME Microfilm Index Number",
        "ef38c162-892f-421a-990c-2f00740cfe97": "RCHME P Series (Print numbering scheme)",
        "01ba15c9-373f-447c-89fe-b9c3abc31491": "RCHME Photograph Series",
        "e61bdf71-588f-40f0-bc71-6b48354cffef": "RCHME S Series (Slide numbering scheme)",
        "63519ba9-8f9e-4953-82ee-2344a0ab7709": "Register of Parks and Gardens Legacy Number",
        "a5aa4298-3b42-4cb3-b8e8-c5d9c6e3cb71": "Roman Inscriptions of Britain (RIB)",
        "52e944b1-d258-4b3d-8abb-35b96a9d997c": "Roman Road Number",
        "afaf19c7-bfdb-43d7-aec4-f2af3cdd2edf": "Scheduled Monument Legacy (County No.)",
        "7b99a04f-3cef-4b2b-b894-8034c872d752": "Scheduled Monument Legacy (National No.)",
        "5f6ba900-6f15-497f-a9c3-feb54741f656": "Site Code",
        "2194b4df-83fb-48cd-9b19-f9a9868e4c33": "Superfile number",
        "69023356-49d9-4cf8-84b8-9d61467f96de": "Threatened Buildings Number",
        "b4a13384-ea51-4701-b1c1-823f52280dae": "Unified Designation System UID",
        "af5c61cf-ca3f-4fe1-bb4d-61f19665ffda": "Urban Archaeology Database Number",
        "2065fe1f-d4e1-45b1-a849-ce0e09b7fff0": "Webpage"
    },
    "Shape Qualifier": {
        "8ddfb12e-6198-49be-a980-ea20b57e38e5": "Approx",
        "adaae672-2477-4c78-b344-d0f4428213c1": "Archaeological Event",
        "f9405ebb-547a-4a92-9d71-be53db537f60": "Area",
        "4089734f-39b5-4808-87fd-88790579b431": "Dispersed Event",
        "592c1d57-172b-446c-8552-d620d058960d": "Linear",
        "90970f42-1850-47a9-ad32-e97fda301c04": "Locality",
        "2c25ab89-f1f2-4e8e-ae03-fb2ce1e99e0e": "Named Loc",
        "a69227e9-15fc-4336-a0bb-fe85302708fd": "Point",
        "58475cb6-53fd-4151-8b88-b26c1df25e3d": "Unknown"
    },
    "Information Object Part Type": {
        "bdb339b0-0f97-43f7-859b-3a03f6e60ea1": "Source Figures",
        "5e878125-f49a-438e-9256-10d36a39d4a9": "Source Pages",
        "f8062103-0421-41ec-a1c6-2927ea4414dc": "Source Plates",
        "8df2a226-a46c-41e9-bf58-0c320e9af0b7": "Source Volume Number",
        "b1d81a58-ed6c-40e6-9be3-a4682a96f5ac": "Source Volume Part"
    },
    "Geology Type": {
        "e625270e-3903-4f9c-ac65-793f7c940cdc": "Aeolian Sand",
        "97e2f66c-9b11-41c1-9aed-b1f09ee5b680": "Aeolian Silty Drift",
        "21d5b8d5-41c5-4416-800f-ec117692ab3b": "Alluvium",
        "ea5158e6-dbc3-444b-a17b-e375dc0e2b79": "Basin Peat",
        "469e82a5-b698-4b4e-a325-9f0a3ce0c11f": "Blanket Peat",
        "8b38c535-a0e7-4bbb-8874-870661313e8e": "Boulder Clay",
        "8adbb54c-d9fe-4281-8270-bd119546ff77": "Breccia",
        "b7b32c04-4c51-4ff5-b458-839eaf2a2fd7": "Brickearth",
        "26105eaa-7300-4407-8828-34d1cae88107": "Carboniferous Limestone",
        "62b8738f-8377-463f-8e33-b6fbbb608d0d": "Carboniferous Shale",
        "10dd8d14-388b-4b44-aa73-91d02c1488ec": "Chalk",
        "bb2882d6-d418-46c9-a72c-707ca56d76d1": "Chalky Drift",
        "c082b36c-dca1-42b4-aa4c-92025f4192ff": "Clay",
        "eaa815b4-3808-4ebd-8096-2c948bac15b2": "Clay with flints",
        "6fd7d774-55ca-4731-8c9c-796a38cf4ed3": "Collovium",
        "f4374625-e178-4cae-9c50-4a2cf51620e7": "Coombe Deposit",
        "ac6e259f-7c0d-43bb-8ff2-62cbf44619e3": "Cretaceous Clay",
        "79f06959-b3d1-4434-8ae2-06d44ec9936d": "Cretaceous Loam",
        "dc6c2f76-bec5-4d00-9abb-6d6c1e763374": "Cretaceous Sand",
        "7e3ce2de-6efe-4b26-9fed-ed963d4a243d": "Drift",
        "0d6e8e69-c22e-43e6-8b72-2518b0d0444d": "Drift over chalk",
        "abcb1102-da72-43ae-b214-68613710c216": "Drift over clay",
        "442d25ce-25b2-4e6f-a065-d7f15aa0d119": "Dune Sand",
        "cbfeea7f-c9b3-43ec-98e0-fd8eb526d930": "Fen Peat",
        "bee59fc2-fa7e-4c4c-8fda-8a7816f0182f": "Flinty Silty Drift",
        "a0f1a5a0-8ac0-4480-aae2-216effcca235": "Glaciofluvial Drift",
        "cc3ab44a-680b-43c8-a66b-a14afea8323c": "Granite",
        "c1d69e3a-006c-4e4c-ad4a-30852d553e70": "Gravel",
        "4aede071-48d5-43be-9194-e5858ff9beae": "Gritstone",
        "a2172299-0348-46f7-9b24-f739deb26349": "Head Gravel",
        "f6abdb7e-8371-4d82-80bd-5d8c11d9eda2": "Igneous Rock",
        "eeabafff-76b3-4e0d-837c-0b1bed9a8ba1": "Ironstone",
        "a764d57b-00c5-4305-beb8-e2ddee91c475": "Jurassic Clay",
        "5d1833e4-43da-498d-b954-85a799e1930c": "Jurassic Limestone",
        "da4a4e0d-5620-412e-8f95-47027911ed2c": "Lacustrine Gravel",
        "7724ba74-b3ad-4a10-ac09-9385443d1f7c": "Lake Deposit",
        "52d3eea7-acc9-4d08-9fb4-1ca7ede9368a": "Lake Marl",
        "0e36a7f8-923e-49bc-9751-b23b79ccf109": "Limestone",
        "252c4e50-6487-480a-a74e-67a1653733ed": "Loam",
        "730d77e8-1eb8-4e90-adb1-0a708cb28c9e": "Marine Alluvium",
        "6decfc54-1281-4b32-9a23-f7f434c1ac77": "Marine Gravel",
        "1e12932e-6c25-4b35-96b4-0ff002e9bbd6": "Marine Shingle",
        "38f14885-a7ba-4326-aad8-f64084ac0f1c": "Marl",
        "b4ce682b-495a-472f-94b5-4262c73b0fd2": "Metamorphic Rock",
        "7ac048ba-aa32-4c80-854c-70c4f5359321": "Mudstone",
        "bda06c14-ac85-40b3-89ee-bdad959ce8ec": "Peat",
        "72fd3b55-2757-4e22-888e-e24f9c412370": "Pebble Beds",
        "63e78a4e-e0d7-4836-8da7-5742b2348935": "Plateau Drift",
        "5209121a-5e9e-4fae-9a39-a72bb034e50b": "Plateau Gravel",
        "c4432003-41b0-42d4-88a8-7dcfca10ae0e": "Raised Bog Peat",
        "7e0f390c-34e1-4b90-80bc-235a81720701": "River Alluvium",
        "227a2c3d-ae12-46de-abfa-a7b3a16f5232": "River Brick Earth",
        "ecd9ccf1-d95d-477d-a5c4-443bd3a7b575": "River Terrace Drift",
        "753b652f-b6b2-4f05-a2a2-0a2501067663": "River Terrace Gravel",
        "23f5a9b2-698d-4191-b359-231174fcc8c5": "Sand",
        "078d9212-f310-47c6-88fd-62e85f376681": "Sandstone",
        "3f3653ee-8cce-403a-a275-c1fa46e9bf45": "Sedimentary Rock",
        "c795e0ef-2b45-4598-8dad-8bd56251baa6": "Shale",
        "86f93b07-7f6a-4c73-a2a2-d005521e4f7c": "Silt",
        "7b7db15e-9b9c-44d6-b076-d987b4427693": "Siltstone",
        "c40e5296-69f3-4c40-b7bf-5fbd1ae0fbc8": "Slate",
        "48f4b48b-9a3a-407a-9a86-7b519aaf576b": "Tertiary Clay",
        "df066f54-6b46-41df-9835-8ee33b5af7a6": "Tertiary Sand",
        "bf999f72-983a-4b61-8433-6af80d838606": "Till",
        "4a1b0f00-d987-4a9f-a95b-f243cad3b46c": "Tufa"
    },
    "Land Use Classification": {
        "99d1f0b0-0406-487b-83fb-f7ba2f510d18": "Coastland",
        "00a3a8e9-f7dd-412c-b14f-4b4e585d3001": "Coastland 1 (Marine)",
        "b2bdcce5-90d9-4945-910d-7f768ffa08e6": "Coastland 2 (Inter-tidal)",
        "bd7fc5c5-c193-4af6-b0af-b1610b1278d9": "Coastland 3 (Above High Water)",
        "a26c8d70-d6b7-432d-9863-9fe7e8050a95": "Coastland 4 (Saltmarsh)",
        "c8820020-d6e2-48e9-bb2a-e4ab694971b4": "Coastland 5 (Cliff and Related Features)",
        "30bfcc47-6a3c-4757-a371-2f148be81c54": "Coastland 6 (Other)",
        "694de066-a393-470a-a318-046b7c03d045": "Cultivated Land",
        "7e77a238-3422-4719-b8af-ee09923d0a74": "Cultivated Land 1 (Minimal Cultivation)",
        "c9673240-291f-4a61-a8d5-bb35ebb50796": "Cultivated Land 2 (Operation to a depth < 0.25m)",
        "2e8433c3-77c8-4f3d-867a-8d84be538065": "Cultivated Land 3 (Operation to a depth > 0.25m)",
        "e8216385-16cc-4e22-aeb3-37345113dc38": "Cultivated Land 4 (Character undetermined)",
        "9dc1ce9c-eb49-4701-a53d-a83c12e3f098": "Grassland, Heathland",
        "a037faff-5d4a-4334-ba5f-bb4ca2834435": "Grassland, Heathland 1 (Heathland)",
        "4e4dd403-17aa-4ef5-b773-cfeaeea4c04f": "Grassland, Heathland 2 (Undisturbed Grassland)",
        "8d1becd0-7205-4354-a4a9-18513f95813c": "Grassland, Heathland 3 (Disturbed Grassland)",
        "0783995c-30ef-48c3-8098-b6c4f3802aa8": "Grassland, Heathland 4 (Regularly improved)",
        "2841e939-6e1e-430e-a9ba-6ef2d665aad2": "Grassland, Heathland 5 (Character undetermined)",
        "95f1e985-e650-4618-9f9b-a0832ff35098": "Grassland, Heathland 6 (Recreated Grassland)",
        "b25a5d22-de88-4817-8141-d44ea8ec7f5f": "Open Fresh Water",
        "57ef9118-6e21-42b3-8a24-a7ef6873e444": "Open Fresh Water 1 (Running water)",
        "12635a07-efe0-4020-ad39-5a82b520942e": "Open Fresh Water 2 (Standing water)",
        "450886ab-8dbe-494a-b33d-20457c3776ca": "Other",
        "01658021-a99e-44c5-b1d8-bfc3bbede26a": "Other 1 (Allotment)",
        "4bb10b72-4e58-4ece-9a74-671879152c9b": "Other 10 (Orchard)",
        "0e10244d-8625-4b20-aed8-34565e9daa06": "Other 11 (Thoroughfare)",
        "6f8ac744-8a33-4906-a72c-80b131e9708a": "Other 12 (Verge)",
        "00a2cf2d-098a-47c9-8c40-d64eedab3611": "Other 13 (Waste ground)",
        "d21f9bd2-ea29-4755-bf8f-1f6e1bb7ffff": "Other 14  (Recreational usage)",
        "61c8635c-4538-4571-97a5-d46999d69626": "Other 15 (Other)",
        "799085c4-eb6f-4ff4-aeed-d12dc2f61b8a": "Other 2 (In use as building)",
        "a53c839e-4f48-4652-adab-410d96ae0e01": "Other 3 (Built over)",
        "ebb5ff11-0ed9-4ee1-b87f-b4b8d00cd587": "Other 4 (Churchyard)",
        "aadb5e6e-a64e-43be-875a-f431ba503301": "Other 5 (Garden)",
        "974234fb-d3d8-4992-b56d-87e5255613ab": "Other 6 (Land boundary)",
        "9332d0c3-ccbf-432f-84d3-305882388705": "Other 7 (Mineral extraction)",
        "a87aec59-b59d-4c29-9def-9c69396609ac": "Other 8 (Dedicated to the display of a monument)",
        "8a190000-3ba5-4ecd-b297-ded5c1710cc6": "Other 9 (Natural formation: Cave, cliff etc..)",
        "c138d63a-2559-449e-939b-2f4787c0710e": "Unassigned",
        "c254b887-20bf-4f18-9b85-ec90537a10bd": "Wetlands",
        "95f94671-0167-482c-ae7d-977285a209f7": "Woodland",
        "23a74b8f-755a-4438-95bd-87888b7faaf5": "Woodland 1 (Deciduous native)",
        "694dbb61-a779-47f7-ab51-ac7d980aee1a": "Woodland 2 (Deciduous introduced)",
        "e4c4b321-dac6-4cb2-bc2c-d81ba24f9a51": "Woodland 3 (Mixed)",
        "adc89122-2613-46ba-b618-a72e6ad6d6c9": "Woodland 4 (Coniferous Plantation)",
        "77579c1f-27a5-4cbc-a81a-12e19133312a": "Woodland 5 (Undetermined)",
        "3e8f298e-55a5-461f-bb45-b08ad14a84b2": "Woodland 6 (Parkland)",
        "a0dce2fb-28c0-4bf4-87aa-0fc27ef1d003": "Woodland 7 (Scrub)",
        "0e0da1a9-976f-4866-abe1-9bddebc9f50c": "Woodland 8 (Other)"
    },
    "Ownership": {
        "82e54bc3-39df-443b-86a7-40cfc34d13aa": "Private",
        "f2e9e1b9-8493-4f43-9f49-b6c3ce8be8d9": "Public",
        "91c9d738-2306-4f87-8300-0facfa417f0e": "State"
    },
    "Record Status": {
        "8653e5b1-a09e-4189-9928-bf17601fe715": "Active - Full/Published",
        "53a8be8b-156d-443d-b514-3af8bf582f72": "Backlog - Full/Published",
        "5831a0d3-f024-4a76-ad6d-f70e08721b30": "Backlog - Skeleton"
    },
    "Resource Model Types": {
        "308e984e-5c8d-474c-826a-c20f81070743": "Activity",
        "d2b4b5fe-75b4-4f14-9912-20ff2e47b2de": "Application Area",
        "1e3ce70c-d4a2-416f-83f3-4b2368b3974f": "Archive Source",
        "e1845e42-238d-4d78-a729-637a0c59cc4d": "Artefact",
        "cddc150c-6dd5-47d0-b663-a8cdbc6efc36": "Bibliographic Source",
        "be46eab1-2c04-4582-b26e-3436bcf66be0": "Consultation",
        "de1e268c-2051-4af4-8b12-8793526408be": "Digital Object",
        "a1136034-32f9-4668-b93f-ab8d63b9343e": "Heritage Area",
        "f1f134ab-f05a-4861-af29-858d71cb02ab": "Heritage Asset",
        "74e4d520-94fb-4189-83c5-7fc41c81224b": "Heritage Story",
        "1800d6af-43f9-4986-a456-dfddd6275590": "Historic Aircraft",
        "81492c82-8a7e-4537-8912-1f96728d1cea": "Historic Landscape Characterization",
        "6492f888-d891-4afc-b4d0-d254681ece49": "Maritime Craft",
        "cba95052-f37c-428d-8d36-898baf3655b3": "Organization",
        "6526f7ec-e6f2-41a8-b143-c93ba1cf6b3b": "Period",
        "43a9df96-0233-4fb3-b3af-c904f20dec6d": "Person"
    },
    "Role Type": {
        "06bf9b3b-c7c4-466d-8f5c-40e507de0cb5": "Aerial Photograph Interpreter",
        "1a047c3b-e377-4617-9ebd-67e02b37dd49": "Aerial Surveyor",
        "a69c21b4-34e2-4781-b6c8-5c539e6fe14a": "Agent",
        "9d4cd90f-6794-48f4-a9b5-f57399a93ccb": "Aircraft Crew",
        "2447df49-2279-46d7-9a64-b080633f0391": "Annotator",
        "95538e79-015c-4fce-8563-0625ab4e4835": "Antiquarian",
        "b2489138-dcc5-4151-999e-977809179bb3": "Applicant",
        "58efc6e4-840b-43e5-b91f-0cf087833e75": "Archaeological FIeld Investigator",
        "92c713e8-7057-4175-beab-53b37152f956": "Architect",
        "e1bb29b8-3a86-4dec-a04e-323eebc9981d": "Architectural Field Investigator",
        "fc0f5902-ec10-48ad-a445-15cf14e67acb": "Archive Holder",
        "534be06e-8f14-4ae1-bd3e-616e9e7c7a22": "Artist",
        "c8c2355d-aede-4208-952b-18ddbb8e58c9": "Auspices",
        "2aab4259-2381-4987-907a-fa461dfc0adc": "Author",
        "e6b4d6bd-be27-4046-ae8c-ab1dba679647": "Authorizer",
        "359acf9b-81d5-45b6-a7dc-e2481e4234b5": "Builder",
        "26fbc26c-8235-42e2-a099-923352a32a28": "Captain",
        "4f642ecb-9b82-4981-898b-c02872c5034f": "Cartographer",
        "50a525cf-acd5-49cc-9123-4247f6418145": "Casework Officer",
        "d08c54f2-49f6-4e41-ac55-5a76e88349fc": "Cataloguer/Indexer",
        "eb25f44a-d061-41c5-9224-61199bc67461": "Chairperson",
        "1a17029a-aef4-449b-a3c5-608b9cfd4d08": "Client",
        "306f95db-4733-4f06-bfae-7c84d1068fef": "Collector",
        "6d43b7a2-ea7c-4ffe-a688-d2032386d6da": "Compiler",
        "865e63c7-1ba8-4dd5-9fa5-a90fc4faa718": "Contributor",
        "52bfc0cc-8958-429e-b0c5-8928a4b3ea5d": "Copyright Owner",
        "f9a2893b-655e-48fa-af3c-8d09d37c9ec2": "Correspondent",
        "c75c194b-78ab-45d6-a977-1ec975af1df3": "Craftsperson",
        "d592efb4-a6bc-48a3-82f6-4b4b75f6f2b9": "Creator of Archive",
        "5222ec26-e41d-4265-bcee-414a9c0d5e96": "Creator of Digital Copy",
        "1541abf7-3a3c-40d2-a729-08fcd2fb2633": "Curator",
        "db67e808-ada0-4dc0-b64e-5c7799900360": "Customer",
        "338cb2b0-490f-4aee-8cec-0205433495e9": "Darkroom Printer",
        "daa85d8e-64af-44cc-9535-61497c1cbffa": "Designer",
        "9e0c591c-8689-4ae1-bc0a-8d0ca02d8270": "Developer",
        "5f676939-94cc-4c9e-b26b-d89967ce6b75": "Director of Fieldwork",
        "b977853f-6381-4f69-89cc-e988106e9145": "Diver",
        "ea179f13-36d6-4875-8bb3-5f092edd695d": "Donor",
        "8b5e8dd9-2a7a-4003-a374-929d14fb45fd": "Draftsman",
        "8ad2ca80-238f-4b6d-b6d4-1040298bd2b0": "Editor",
        "0a32a247-2b40-4f89-a24e-ce9b88bac793": "Employee",
        "6244f189-df32-42ca-925e-ef938280b29e": "Engineer",
        "10a16ddc-6fcf-4b6f-8d70-6f3ce218ff38": "Engraver",
        "cb8c9109-512f-4f67-9a90-b5fe2fe20c00": "Excavator",
        "2dfbd199-469a-42d9-98ae-ca9354ae21c1": "Field Walker",
        "3ccb1f26-64a0-4a77-a61b-42b5a98678c0": "Finder",
        "a5934865-97b5-46f7-8646-3e1e40582b6f": "Finds Holder",
        "143d7eb8-d353-4d75-83ad-c39431fd8f6e": "Funding Body/FInancier",
        "b905829c-18f4-47ff-8707-a7207e1adb35": "Geophysical Surveyor",
        "db5c7cea-0a99-4c57-8e47-5c53a74a51bd": "Heritage Protection Advisor",
        "36fd7761-acb4-43cf-b2e2-1eacd2d5b6eb": "Holder of Original Archive",
        "51050582-b4d5-4ab0-ac4c-54970c3ed713": "Illustrator",
        "9c116ab4-0c1e-4fce-9c82-dfb856ac2e80": "Interior Designer",
        "615bd8ef-a763-4110-b3f6-adc31939d843": "Landscape Gardener",
        "cd0cf81b-07db-43ac-b69f-eb65d3275142": "Manufacturer",
        "60e589c3-53d2-49be-8dd1-2f3002af47d8": "Marine Aggregate Producer",
        "75d41027-ec80-436f-9a1d-7f59af316305": "Master Mariner",
        "17bfcc28-6fee-4a7c-a0f5-7bebe2d4cd06": "Owner",
        "1e17e638-0159-446f-9777-e3516624ba8c": "Painter",
        "0d5f1ee2-2910-46d9-858f-4040f113a79c": "Patron",
        "b7a88c28-509c-498d-b661-b5b38c4f914b": "Person of Historic Interest",
        "d00e6c07-63fd-4ec9-94b0-e5b4d47d4f1c": "Photographer",
        "8872bac9-470f-4eab-91bf-4f04e3f9acad": "Photographic Printer",
        "31a0f492-2c6d-4c1b-8bfa-74da97fa14fc": "Planning Officer",
        "51fcc84d-1af7-40aa-a7a8-8730d6bc0d55": "Preservation Management",
        "40067134-729c-4bdd-9e56-fc2db6dbf551": "Printer",
        "918e7b72-cc10-4a00-865b-83edb0798273": "Programmer",
        "6a08646f-a2d8-45f7-b2f5-bafa2200e1f8": "Project Manager",
        "ce07f348-d14f-4be1-a6f8-be2dec383fd8": "Publisher",
        "b9e65d90-d479-405a-91a5-d50a6bf8d909": "Recorder",
        "e7cb5beb-240b-4d91-a7e6-9b640cf642eb": "Researcher",
        "5ef1c85d-13e5-4995-93ce-1fbc3d62f7cf": "Reviser",
        "34c962d6-91e4-40cc-a75f-08e5b5572586": "Salvager",
        "38397528-2de1-40a8-ab21-19a98bcdc3f1": "Sculptor",
        "e0c04ab8-b6ff-4a73-bf49-3e3a703e1539": "Site Inspector",
        "81699e44-b133-45a0-9e37-14dbc24d2f0a": "Sponsor",
        "ee3430bb-2770-4fcf-b81c-05fdfcdbb168": "Stained Glass Worker",
        "7656f2b6-8aff-4e53-9d30-b9563bb86a42": "Stonemason",
        "f6cc0b65-54e5-4841-a877-8fe6d2559848": "Submitter of Archive",
        "ddbf586d-1970-46bd-ad19-c865eae3bddc": "Supervisor",
        "17bb17da-d181-44f1-aa07-b1b2b29556f2": "Surveyor",
        "1a10e042-d273-451f-9872-f0a5c19e5ee9": "Translator"
    },
    "SHINE Vocabulary": {
        "f46af296-e552-4bd3-98f8-87f4a8a37c5e": "Above + below-ground feature(s)",
        "d8f675d0-0f47-4987-b47a-86295b5130a4": "Above-ground feature(s)",
        "8285f525-cc8d-4479-8412-a8fd87cad3a1": "Below-ground feature(s)",
        "ad8fc770-5e1a-4655-85ae-04d4e433f341": "Degraded below-ground feature(s)",
        "0a7439fc-01ef-4589-bc92-d863a2a0a48d": "Structure(s)",
        "60b41071-1442-4ec6-8ee6-963e0f37ac7e": "Structure(s) + above + below-ground feature(s)",
        "fa03a163-6ad0-4c23-969f-db97364285fa": "Structure(s) + above-ground feature(s)",
        "566406c6-276b-4bd1-81ed-53070852f92d": "Structure(s) + below-ground feature(s)",
        "7552e7dc-9641-4d8a-9676-127b88a7e279": "Well-preserved below-ground feature(s)"
    },
    "SHINE - Significance": {
        "d2d9a694-f6b0-4a41-9331-25a1d77ee1da": "High",
        "3620365b-6294-4356-93c0-52f53a2e4a49": "Low",
        "bc85f924-4079-4ecc-9ebe-8bc7ba57abbf": "Medium"
    },
    "Spatial Accuracy Qualifiers": {
        "b2e36702-c16c-4c6e-b495-a98b76c55d09": "0",
        "ed219b43-9a0c-443d-a930-83b367660398": "0.1",
        "72541290-1c0b-45ec-ad21-ede36fdb17b7": "1",
        "92a5b665-33b1-4073-8db6-cc49e2afa88e": "10",
        "36247dfc-4eeb-4bc5-af38-3f7e79c1e0cc": "100",
        "29f59418-8a51-4014-b83b-1622e7b0d616": "1000",
        "368022b4-1051-4bd2-9ff5-450018efda37": "10000",
        "78c1773c-cda2-4a98-acab-f4720aa22065": "Within 1 metre",
        "3417feb4-2348-46aa-804d-8dc86a9c06cf": "Within 10 metres",
        "fb1dc34a-ba26-4d48-9e14-e426b4ef1c53": "Within 100 metres",
        "90c9117f-2951-4196-99de-c77b4b8b06a8": "Within 1000 metres"
    },
    "Record Action Type": {
        "ecf19964-58a0-49a1-a31a-76262d807130": "Creation",
        "819f37ba-70b4-45a1-8281-be9d0f1e6c74": "Deletion",
        "dc33ee6d-e7e4-4095-a31f-05e381195aee": "Update"
    },
    "Validation Type": {
        "76b11eee-ed2c-43ed-836f-2ac35f143d14": "Checked OK",
        "25bbe122-df25-4c68-92be-6bc2c122b3fa": "Delete?",
        "98288c60-5e6f-4adf-8e40-9ac99800cb07": "Needs Work",
        "6a38142a-c8fe-4922-9bc7-499acd91030c": "Needs splitting",
        "63455e24-5dac-436b-900b-b204e09ed6c0": "Possible Duplicate",
        "806b0b00-7a10-411e-a8fd-19cfe80c905d": "Revoked",
        "efa19405-f425-4d17-859e-3360497be46a": "Unchecked"
    },
    "Resource to Resource Relationship Types": {
        "ac41d9be-79db-4256-b368-2f4559cfbe55": "is related to"
    }
}