{
    "Currency Type": {
        "c2051d53-40e7-4a2d-a4b4-02a31da37fd1": "Current",
        "e756530f-40af-4a88-a1d5-39b03c1b809a": "Former",
        "2e820298-0d7b-4810-9e46-e16f255b9631": "Historic"
    },
    "Metatypes": {
        "b9ffd5fa-c512-44a6-b1c2-87fd1e3cd519": "Activity Type",
        "f3b206ff-9cb0-4819-b9c6-17d14e4b4749": "Actor Type",
        "6bdffb5e-9f5b-44f7-a3a6-11cf81219fd8": "Address Part Type",
        "67b76fd1-4906-4055-b493-711c93fc0996": "Address Status Type",
        "20aa84bf-c35a-43c2-9b23-68b6f9eac5c9": "Aircraft Type",
        "4a3ba5e2-bb8b-4180-afb6-9b710f4e122f": "Application Type",
        "35999571-5ac9-4bca-abc6-db5ba2588253": "Area Type",
        "dfd57433-f8e3-4bbd-905b-885ebea87455": "Artefact Type",
        "953238ab-fefc-42e9-9b20-0b4441df2b41": "Asset Type",
        "d3b75e3a-638e-490e-8d1b-bbb5c504ce94": "Association Type",
        "9501a49f-024d-49b3-819e-43aba87db901": "Audience Type",
        "46f076c8-fd6a-4141-b74e-6c26be3725fa": "Audit Outcome Type",
        "59471da5-0062-407f-874b-714305c2fc5a": "Authorization Type",
        "d3284599-47b3-47fe-8675-d5a61086df50": "Capture Scale Type",
        "f2054168-b8dc-416a-b6df-f5aff733c0c3": "Certainty Type",
        "62f3f620-ea25-46c8-9a7b-dbadf23aa874": "Classification Type",
        "956f9779-3524-448e-b2de-eabf2de95d51": "Communication Type",
        "003c935b-e8f0-4df7-aa76-a670e4a7a532": "Compilation Type",
        "ffcdfdf2-0222-473a-934d-58dc6a703cbf": "Condition Type",
        "44b1e6af-5c5a-4c68-9eb9-4eb43bdbe823": "Construction Phase Type",
        "33bc5cb8-8b69-4626-addb-5219adb5e467": "Consultation Type",
        "ce6cea2d-dd71-463f-8fd3-baa6c5c883a5": "Contact Point Type",
        "561dc137-3557-4e2f-986e-a8855cad74cf": "Copyright Type",
        "5a88136a-bf3a-4b48-a830-a7f42000dd24": "Currency Type",
        "59a0c936-3f60-44f9-9e37-67b6ed0f4fa4": "Date Qualifier Type",
        "84283ac9-c985-4e94-966e-b4bd78c658c3": "Dating Method Type",
        "6fbe3775-e51d-4f90-af53-5695dd204c9a": "Description Type",
        "c1201c83-09ad-415f-bb29-9b32c2fcf795": "Development Type",
        "823d2c4f-39ad-47d4-89b4-726ef167534b": "Dimension Type",
        "1cc6f0e9-432f-4177-bae1-16cab5afd3ac": "Evidence Type",
        "dbc18bc0-ec10-4623-b866-52ece47d9780": "Feature Shape Type",
        "29883a1e-2323-467d-9c2f-e54ec09e2817": "File Format Type",
        "f1a24b1f-7a72-4718-b54d-604644cc9e99": "Geology Type",
        "bb33f953-2a12-44ed-9fe7-4cd5023104cc": "Historic Period Type",
        "9d51623c-3994-4074-9ed9-2abf04330ae6": "Information Object Part Type",
        "48b0ffe8-d72c-4152-9e00-24910d60202d": "Information Object Type",
        "d079f49f-13ed-480c-87bb-e5c77ee901e2": "Land Use Type",
        "d5366899-09ec-4db1-8a49-a32b7e4784e3": "Language Type",
        "c9f3250e-55bc-4ebb-b0cc-573d6de94884": "Maritime Craft Type",
        "d03ff048-0234-49c0-919b-c0c2376d7cb0": "Material Type",
        "495ecc6a-a265-434b-8708-d6b76bd9a30e": "Measurement Unit",
        "f7237328-5909-4c74-9109-a7de145a7088": "Mitigation Type",
        "a0e096e2-f5ae-4579-950d-3040714713b4": "Name Type",
        "04a4c4d5-5a5e-4018-93aa-65abaa53fb53": "Name Use Type",
        "e3d9c240-026a-4c1b-8a8e-0ec72541d32a": "Nationality Type",
        "38d853c9-da1f-4186-9733-adfa70d84195": "Organization Type",
        "1d5c7465-7225-4bca-b1df-045a86e286b2": "Ownership Type",
        "ff8c387b-3e3d-4f72-a6f4-fa0526f5349a": "Planning Outcome type",
        "4fa77fc1-252a-4930-a756-71dca73aaf31": "Production Method Type",
        "496b4a50-3325-4704-b1c5-57542dc62011": "Production Technique Type",
        "337514d3-a8a8-46c1-a89a-aea83e582a8d": "Protection Grade",
        "8687011e-9dfa-463e-89e2-79bfdbbe7dda": "Protection Type",
        "7346be23-bff6-42dc-91d0-7c5182aa0031": "Reference Number Type",
        "3dcc94f2-fe86-4286-b87f-047f13c8355a": "Resource Model Type",
        "b81d4b16-0633-4d7a-b4b2-5c2d3e2e782e": "Role Type",
        "65ef7ae0-6a6b-4fac-9324-41dd8e712880": "SHINE Form Type",
        "c6dd5482-6687-44ae-bb54-7d49e084664a": "SHINE Significance Type",
        "e6cf2f57-55f1-4598-ab1a-1f0c4285b9b2": "Spatial Accuracy Qualifier Type",
        "06643704-f7af-4e89-a959-a4021a1b3298": "Standard Deviation Type",
        "c9bc15cc-46fe-4d34-a530-a228854845c8": "Status Type",
        "7a518871-4949-4e57-908e-eb17751a404a": "Sub-Soil Type",
        "7fbf88a6-7e23-47e4-8739-f494d7ff8084": "Subject Type",
        "f69a6133-7583-40a9-8da8-f76d3a9de6db": "Update Type",
        "ae5d0ae4-4db5-4674-9af5-0e35801449b3": "Validation Type"
    },
    "Name Type": {
        "c254ba9d-c7fa-4880-9adb-5d1cc2773995": "Activity Name",
        "dba129fb-39e1-4611-b035-c8f054847cbf": "Actor Name Part Type",
        "f5d7335d-b3da-42b3-bf0b-6d1469264a5c": "Administrative Area Name",
        "bb7e5255-0cdf-4b86-a0c5-d40cfa5ae363": "Alternative Name",
        "e987fb72-6fa6-43ab-8812-867c4813a2a2": "Application Area Name",
        "44e9801c-deee-4d6f-b737-657b356a2b89": "Archive Object Title",
        "b43da813-8fdf-4648-9a91-e8864e6b92d8": "Archive Source Name",
        "9a57c149-fd7c-4145-a2f3-35e4afdba209": "Artefact Name",
        "51796e90-9ef1-44ec-a967-81b077983768": "Bibliographic Source Name",
        "0cd76d41-21d5-47df-be1c-6ed597cea59f": "Birth Placename",
        "0f772da6-cebc-4f8c-9610-2174e6e8dd8c": "Consultation Name",
        "0a14ef3e-9dd1-4f62-a3a1-7fd762f591d4": "Death Placename",
        "653cb993-1d56-4ce1-879b-e6f7ccd693f1": "Designation Name",
        "8a96a261-cd79-48e2-9f12-74924c152b00": "Digital Object Name",
        "b29f0eeb-4eaf-4062-9b85-2fa5acab47b5": "Epithet",
        "d298cca6-e3c6-40ec-be19-72e2b7b1bf07": "Forename",
        "e5739feb-21d0-430a-968f-caadd8e4ccf7": "Full Name",
        "de8bf632-e451-4c93-a223-1f803a968f04": "Heritage Area Name",
        "8f985e91-6cd2-4d70-a03c-b49a50d09a3b": "Heritage Asset Name",
        "4f3359fe-8525-4ca8-8773-11d733804129": "Heritage Theme Name",
        "4e05f167-0e49-41d3-84ef-7f9b29fdb656": "Historic Aircraft Name",
        "bbb13710-f37b-4f84-989e-a4c0041791b6": "Historic Landscape Character Name",
        "7a230ae8-13a3-471e-a0d4-8cb6e47ecb9f": "Initials",
        "f1ec77ee-c2f2-4cad-a128-87c1537adb54": "Location Area Name",
        "af6d90fd-40a4-40e1-ad69-930b736145ac": "Maritime Craft Name",
        "dae93567-aaa7-432c-a2b6-51ac9c0dc237": "Organization Name",
        "e474f2ba-f203-467b-bcfe-3b2d22b5cfc8": "Parent Name",
        "dccd3273-52fb-49f1-b148-e7c1a535cb5b": "Period Name",
        "b6cce3bd-703d-48e4-98b0-92bee5d632ba": "Photograph Name",
        "279a8478-a5c0-4d99-a1aa-1f71cc6d3392": "Placename Type",
        "5b2f20ca-8d7f-4ac7-a1e4-55673dbde725": "Preferred Name",
        "c57fef44-32ca-4110-a16c-376502b174f9": "Publication Placename",
        "4e4e344a-8861-423b-8656-8c58749aaca6": "Repository Name",
        "c513dfd9-a447-48e0-ae58-8723804aec07": "Storage Area Name",
        "1f53fa48-2dfd-4d32-adff-9b26e134aae7": "Surname",
        "9fe2bf07-fb15-400f-a719-06fec8c20a69": "Title"
    },
    "Name Use Type": {
        "e9170ee3-3455-4ec3-b596-475c0969f3bf": "Alternative",
        "85c26c81-e356-4454-a2ba-67e7ad9b95cd": "For Correspondence",
        "ea504636-00ea-4a87-9416-20e7d9c81303": "Former",
        "22093d13-ca7b-4e7b-9927-33f8d626ea36": "Formerly identified as",
        "42cd842c-6f60-4a86-a3f0-15c41b1bda1e": "Latest",
        "c18a4041-622e-42a2-89ef-1755cffd0fd6": "Maiden",
        "03c12675-14fe-4c42-8003-4ea9e8505374": "Original",
        "2df285fa-9cf2-45e7-bc05-a67b7d7ddc2f": "Primary",
        "4da7d1c6-fab7-44a4-a758-954e0c5a47c8": "Pseudonym",
        "1375c169-f815-4745-9e90-4a726dfe8796": "Registered",
        "d14530a7-dfe0-44cd-9e30-10472863bd52": "Sobriquet",
        "78df4478-ee6c-46b7-8321-38e9767c12d1": "Statutory"
    },
    "Description Type": {
        "a3918aa3-5c82-486b-9480-3dd092fa87fa": "Abstract",
        "f5bbf49b-eb8b-40df-8031-8e3788cb7c7d": "Caption",
        "39a21ebf-7dd6-4a7f-a211-9453202f60aa": "Full",
        "daa4cddc-8636-4842-b836-eb2e10aabe18": "Notes",
        "b29ec4bd-8cbf-4a00-9762-4f51ba013469": "Reference",
        "9b404dbe-ad61-44d1-b276-cbbd6ccd91d1": "Statutory",
        "35508b82-062a-469f-830a-6040c5e5eb8c": "Summary"
    },
    "Role Type": {
        "06bf9b3b-c7c4-466d-8f5c-40e507de0cb5": "Aerial Photograph Interpreter",
        "1a047c3b-e377-4617-9ebd-67e02b37dd49": "Aerial Surveyor",
        "a69c21b4-34e2-4781-b6c8-5c539e6fe14a": "Agent",
        "9d4cd90f-6794-48f4-a9b5-f57399a93ccb": "Aircraft Crew",
        "2447df49-2279-46d7-9a64-b080633f0391": "Annotator",
        "95538e79-015c-4fce-8563-0625ab4e4835": "Antiquarian",
        "b2489138-dcc5-4151-999e-977809179bb3": "Applicant",
        "58efc6e4-840b-43e5-b91f-0cf087833e75": "Archaeological FIeld Investigator",
        "92c713e8-7057-4175-beab-53b37152f956": "Architect",
        "e1bb29b8-3a86-4dec-a04e-323eebc9981d": "Architectural Field Investigator",
        "fc0f5902-ec10-48ad-a445-15cf14e67acb": "Archive Holder",
        "534be06e-8f14-4ae1-bd3e-616e9e7c7a22": "Artist",
        "c8c2355d-aede-4208-952b-18ddbb8e58c9": "Auspices",
        "2aab4259-2381-4987-907a-fa461dfc0adc": "Author",
        "e6b4d6bd-be27-4046-ae8c-ab1dba679647": "Authorizer",
        "359acf9b-81d5-45b6-a7dc-e2481e4234b5": "Builder",
        "26fbc26c-8235-42e2-a099-923352a32a28": "Captain",
        "4f642ecb-9b82-4981-898b-c02872c5034f": "Cartographer",
        "50a525cf-acd5-49cc-9123-4247f6418145": "Casework Officer",
        "d08c54f2-49f6-4e41-ac55-5a76e88349fc": "Cataloguer/Indexer",
        "eb25f44a-d061-41c5-9224-61199bc67461": "Chairperson",
        "1a17029a-aef4-449b-a3c5-608b9cfd4d08": "Client",
        "306f95db-4733-4f06-bfae-7c84d1068fef": "Collector",
        "6d43b7a2-ea7c-4ffe-a688-d2032386d6da": "Compiler",
        "865e63c7-1ba8-4dd5-9fa5-a90fc4faa718": "Contributor",
        "52bfc0cc-8958-429e-b0c5-8928a4b3ea5d": "Copyright Owner",
        "f9a2893b-655e-48fa-af3c-8d09d37c9ec2": "Correspondent",
        "c75c194b-78ab-45d6-a977-1ec975af1df3": "Craftsperson",
        "d592efb4-a6bc-48a3-82f6-4b4b75f6f2b9": "Creator of Archive",
        "5222ec26-e41d-4265-bcee-414a9c0d5e96": "Creator of Digital Copy",
        "1541abf7-3a3c-40d2-a729-08fcd2fb2633": "Curator",
        "db67e808-ada0-4dc0-b64e-5c7799900360": "Customer",
        "338cb2b0-490f-4aee-8cec-0205433495e9": "Darkroom Printer",
        "daa85d8e-64af-44cc-9535-61497c1cbffa": "Designer",
        "9e0c591c-8689-4ae1-bc0a-8d0ca02d8270": "Developer",
        "5f676939-94cc-4c9e-b26b-d89967ce6b75": "Director of Fieldwork",
        "b977853f-6381-4f69-89cc-e988106e9145": "Diver",
        "ea179f13-36d6-4875-8bb3-5f092edd695d": "Donor",
        "8b5e8dd9-2a7a-4003-a374-929d14fb45fd": "Draftsman",
        "8ad2ca80-238f-4b6d-b6d4-1040298bd2b0": "Editor",
        "0a32a247-2b40-4f89-a24e-ce9b88bac793": "Employee",
        "6244f189-df32-42ca-925e-ef938280b29e": "Engineer",
        "10a16ddc-6fcf-4b6f-8d70-6f3ce218ff38": "Engraver",
        "cb8c9109-512f-4f67-9a90-b5fe2fe20c00": "Excavator",
        "2dfbd199-469a-42d9-98ae-ca9354ae21c1": "Field Walker",
        "3ccb1f26-64a0-4a77-a61b-42b5a98678c0": "Finder",
        "a5934865-97b5-46f7-8646-3e1e40582b6f": "Finds Holder",
        "143d7eb8-d353-4d75-83ad-c39431fd8f6e": "Funding Body/FInancier",
        "b905829c-18f4-47ff-8707-a7207e1adb35": "Geophysical Surveyor",
        "db5c7cea-0a99-4c57-8e47-5c53a74a51bd": "Heritage Protection Advisor",
        "36fd7761-acb4-43cf-b2e2-1eacd2d5b6eb": "Holder of Original Archive",
        "51050582-b4d5-4ab0-ac4c-54970c3ed713": "Illustrator",
        "9c116ab4-0c1e-4fce-9c82-dfb856ac2e80": "Interior Designer",
        "615bd8ef-a763-4110-b3f6-adc31939d843": "Landscape Gardener",
        "cd0cf81b-07db-43ac-b69f-eb65d3275142": "Manufacturer",
        "60e589c3-53d2-49be-8dd1-2f3002af47d8": "Marine Aggregate Producer",
        "75d41027-ec80-436f-9a1d-7f59af316305": "Master Mariner",
        "17bfcc28-6fee-4a7c-a0f5-7bebe2d4cd06": "Owner",
        "1e17e638-0159-446f-9777-e3516624ba8c": "Painter",
        "0d5f1ee2-2910-46d9-858f-4040f113a79c": "Patron",
        "b7a88c28-509c-498d-b661-b5b38c4f914b": "Person of Historic Interest",
        "d00e6c07-63fd-4ec9-94b0-e5b4d47d4f1c": "Photographer",
        "8872bac9-470f-4eab-91bf-4f04e3f9acad": "Photographic Printer",
        "31a0f492-2c6d-4c1b-8bfa-74da97fa14fc": "Planning Officer",
        "51fcc84d-1af7-40aa-a7a8-8730d6bc0d55": "Preservation Management",
        "40067134-729c-4bdd-9e56-fc2db6dbf551": "Printer",
        "918e7b72-cc10-4a00-865b-83edb0798273": "Programmer",
        "6a08646f-a2d8-45f7-b2f5-bafa2200e1f8": "Project Manager",
        "ce07f348-d14f-4be1-a6f8-be2dec383fd8": "Publisher",
        "b9e65d90-d479-405a-91a5-d50a6bf8d909": "Recorder",
        "e7cb5beb-240b-4d91-a7e6-9b640cf642eb": "Researcher",
        "5ef1c85d-13e5-4995-93ce-1fbc3d62f7cf": "Reviser",
        "34c962d6-91e4-40cc-a75f-08e5b5572586": "Salvager",
        "38397528-2de1-40a8-ab21-19a98bcdc3f1": "Sculptor",
        "e0c04ab8-b6ff-4a73-bf49-3e3a703e1539": "Site Inspector",
        "81699e44-b133-45a0-9e37-14dbc24d2f0a": "Sponsor",
        "ee3430bb-2770-4fcf-b81c-05fdfcdbb168": "Stained Glass Worker",
        "7656f2b6-8aff-4e53-9d30-b9563bb86a42": "Stonemason",
        "f6cc0b65-54e5-4841-a877-8fe6d2559848": "Submitter of Archive",
        "ddbf586d-1970-46bd-ad19-c865eae3bddc": "Supervisor",
        "17bb17da-d181-44f1-aa07-b1b2b29556f2": "Surveyor",
        "1a10e042-d273-451f-9872-f0a5c19e5ee9": "Translator"
    },
    "Copyright Type": {
        "bcc0a33c-4d3f-4f2a-a7e0-3bab465b9136": "Copyright - All Rights Reserved",
        "49189f3a-261c-44a2-8361-a0ddf72fea22": "Copyright Licence (e.g. Creative Commons)",
        "95b62283-80d4-4e97-9744-9afdf9a1450e": "Crown Copyright",
        "63035028-096c-4b84-931e-9f91a57723c4": "No Known Copyright Restriction",
        "c2b51d0c-9700-480a-9dce-a3141f3ffd83": "Public Domain"
    },
    "Date Qualifier Type": {
        "39a33725-9b43-47b0-9997-daa99ab29d26": "At some time",
        "586a2776-7f4a-4be9-9219-3a9896c7f965": "Between",
        "ece5f508-b292-480f-b727-36251846bd4f": "Occasionally",
        "0493601e-3491-40a7-a651-6fd8d9dbdce5": "On",
        "01b88eda-4eed-4f6d-910a-48810acf92b5": "Once between",
        "b51853b9-08ad-4d73-b932-ff6c68f4ba18": "Post",
        "d2ba282f-8dc3-4a4f-8b97-5c24cb2b9a68": "Pre",
        "a6dfc54c-a130-4ab9-ab29-ec659f8158a9": "Throughout"
    },
    "Measurement Units": {
        "cf6d429a-5653-4781-b396-932c29dbea55": "(the number) one",
        "ee8734b6-28b6-4813-a578-951c984a7cbe": "1 per metre",
        "cfed82bd-9f07-4a35-a482-af52eeeb2f04": "Amperes",
        "af52fad7-2c1e-45c2-9558-eb71fe167594": "Candelas",
        "7c6d910f-0274-4a48-a2b7-d983372d7044": "Centimetres",
        "f259bdb9-8dfa-49a6-b07b-550460fb078d": "Container units",
        "2f378ce0-0736-4300-bdd9-25b0d46443cf": "Grams",
        "e2254499-ce9c-4d19-ba3c-42e3ff99c97d": "Imperial units",
        "05155b39-641c-4bf1-b46e-7d3dacf7606b": "Kelvins",
        "d09a82c3-f393-48a6-b0d9-9693636aaf5b": "Kilograms",
        "b20d111b-ad4d-4b71-9f56-3380b8695481": "Metres",
        "a2b16d78-8acb-4fcc-9584-21d6e8fb6352": "Milligrams",
        "701622db-2126-42c8-acda-73b1496ea2a9": "Millimetres",
        "da1d68eb-4f69-4ae0-b679-a501fca6d69c": "Moles",
        "ef91d2ff-a5de-4754-b981-16d7de6b6764": "Non-SI units",
        "66360af9-2da2-46af-95fc-83ef87b34d23": "Pages",
        "ee5e993b-847b-4884-8dff-654977e6b360": "SI Base Units",
        "f9ffa1e2-3d49-4a45-ad9e-6e89ba21cd18": "SI Derived Units",
        "f2a3706c-5835-4a9e-a12e-b0c7e8e05d5b": "Seconds",
        "dc88f750-33b9-4ea0-a8e6-b819a0751f3d": "acre",
        "859d4cfe-b1ce-4aee-a505-8b5c743e77a3": "ampere per metre",
        "5b4d8cb2-50ae-4c15-b2fe-bfe769357ea2": "ampere per square metre",
        "3d1fe776-eb33-41ce-a39f-ba2c8199aa33": "bay",
        "4bab1f18-1fdc-4fc6-abd8-6c795440376d": "bel",
        "8d1cf768-816e-4383-8b3a-fbf0decad2bd": "bookcase",
        "4c9ee2d8-5db3-4f3a-8b09-10f9279ba9fb": "box",
        "3b772543-e5ed-4e9c-ab9f-23a6d5344e58": "cabinet",
        "78ff1982-bda1-41d3-a91c-155dee8e5f4d": "cable",
        "149ccee1-f970-4c56-8fe9-e511d631f31b": "candela per square metre",
        "1f022d03-e261-4edb-aa6f-a74c3a1dd041": "chain",
        "e14b07a2-e519-4d33-bb40-0782b3b8326c": "cubic metre per kilogram",
        "edbae619-a09d-4cf7-a7cf-6bdb76b090bb": "cubic metres",
        "aef467e8-5a99-4cf4-9564-f358dfc16fda": "cupboard",
        "b9d2df96-de9b-453c-b643-b754fc0a68e8": "day",
        "3b486961-5696-46e5-af53-dd7e7cc56dc2": "degree of arc",
        "24b385c7-cfac-446d-8715-58f2deae2ca9": "fathom",
        "a7538314-0537-483b-82cf-06c1b5ef6b52": "file",
        "123221f8-548e-4e82-b323-5eb5fb719bff": "file/folder",
        "fb5f9945-295a-4693-a6c2-739eb58a3bbe": "foot",
        "8a8e698d-70d2-4f09-bb53-94763cdde9db": "furlong",
        "07ec3406-2317-47e2-b692-2ad7bc4d1584": "hour",
        "ce81cdfc-6db3-4e89-91b6-035189f4df55": "inch",
        "9aa707fa-d36d-4c1a-af38-961c62e94b60": "kilogram per cubic metre",
        "fc12f2d9-6b25-419d-b0c8-b3b9a4d4f8c9": "league",
        "6663a517-b59c-4798-8adb-8009eb1bf7ae": "link",
        "66aacaab-22c1-47af-8cd3-7cd6c2975fc4": "litre",
        "66b2b76f-a0d1-4011-9780-7beccf86b06e": "metre per second",
        "f7e9cf36-2fba-40b9-a7d8-ca334d0b2724": "metre per second squared",
        "b494b0bd-f02e-4f96-82e9-f75b6e8df94d": "mile",
        "bcadf4f6-68ee-4662-9099-472d4e4afa16": "minute",
        "cbef2081-67a3-41df-aea0-2c166e826d40": "minute of arc",
        "0c74d6a8-850d-41e9-aa01-f5407359cf22": "mole per cubic metre",
        "9848b72d-a536-470b-a16d-d03e0895b984": "nautical mile",
        "8b889bff-4fcb-484b-9ac3-8e4027c0a5e9": "neper",
        "050acf9a-7034-436f-ba1a-1697a77fa48f": "perch",
        "05a812f9-7da8-46f1-95f0-7ba1a8675888": "plan chest",
        "c901ce9d-388d-4576-affc-fcf86eeed89d": "rack",
        "1088afe4-6fbf-4ac9-8132-0819a6569b93": "rod",
        "34900a98-9e45-4156-a47a-91609ee9202c": "rood",
        "5a9f0a28-1bc3-40fd-8283-b019b00ecd39": "second of arc",
        "1ed01bbb-e390-4e68-86c0-78f9c2de29a6": "sheet",
        "746cf926-3cd7-4fac-841e-751a345153c1": "shelf",
        "404cfa8e-b4a9-4d62-b4a7-55e75099f0ca": "square metres",
        "e95918d0-62ea-448a-8993-e44493ddb1e2": "thou",
        "8262227e-3fd5-4408-9b03-c53c5bf277a3": "ton",
        "d1dbf9fe-fffb-4f80-834d-03ee874cf990": "tonne",
        "b3984437-3e42-4603-bd7c-2121f3196d56": "yard"
    },
    "Cross Reference Source": {
        "27e7896d-0c65-47a0-8fcd-93c9adda9410": "AIP Record Number",
        "9bdb6b98-011c-4a65-9b69-e398f8f5aa63": "Admiralty Chart",
        "bc037851-0d49-4876-b668-8efdb91fd6df": "Archsearch",
        "a378648e-abd5-447f-90e6-67d228f0bde4": "BAB number",
        "4d5ca7d3-a327-401a-b47c-a8c5867e9a96": "BMAPA/EH/HE Event Name",
        "4da4ed2a-280f-4c10-8d18-ddf6154ec75c": "BMAPA/EH/HE Find Number",
        "074057fd-416d-4a25-be79-176552dbac2f": "BMAPA/EH/HE Monument Number",
        "c0116545-cc54-402b-b1a4-a408aa26ccea": "British Marine Aggregate Producers Association (BMAPA)",
        "b0b5d72e-1263-46a6-ae72-0284c6a05d07": "British Museum Treasure Number",
        "7c249850-6a18-4600-a8da-f9952bb51213": "Canal & River Trust Heritage Record",
        "297a9caa-2b1d-4b95-a351-46f45b0337fc": "Collection Number",
        "414087d1-bb1e-491a-9e49-f900f7d96ccf": "Corpus Signorum Imperii Romani (CSIR)",
        "590fcaf7-8c5c-43c9-961f-71753e1f8a33": "DBRG (SURREY) NO.",
        "4e4528b7-50c8-45ab-be8b-32baa5d877cf": "Defence of Britain Database UID",
        "0ac906dc-ccdd-4df9-ac88-f6d11e576528": "Defence of Britain SMR Reference",
        "f666c25d-90a4-4b1d-bca6-465a7e4815ce": "Designation Number",
        "69538c61-a327-44b0-b35a-b6d005fed110": "Dewey",
        "ab268f1d-13e5-4257-bca7-26a7ce627ab4": "Droit Number",
        "bfb13004-2ae8-49b5-8e9e-bf434d45ab11": "EH Photo Library Number",
        "1e86de3e-f670-4c3a-9b8c-9c33504db5ac": "EH Property Number",
        "a92f85b8-86df-464a-b3b3-5e80174f0537": "EH Survey Report Number",
        "478272ff-e184-4b5f-8c34-578320939656": "Englands Rock Art (ERA ID)",
        "b21f7278-6b54-4540-97e4-42c5eb78c2c9": "English Rivers Palaeolithic Project",
        "7846c526-f31c-4874-a0d2-3d75e06b84ee": "FIPAD/EH Event Name",
        "82f958c4-7b3d-4dc8-a49e-fd85fbd03abf": "FIPAD/EH Find Number",
        "ac4756c5-7f7b-4648-821b-a440aeaafd27": "FIPAD/EH Monument Number",
        "ca0ad086-4627-4734-b3cd-63c5fc580dd5": "Fishing Industry Protocal for Archaeological Discoveries (FIPAD)",
        "9c9c6c8e-16a4-4f93-affa-4e8e746be81d": "GLHER Legacy UID",
        "4130ba17-ed76-424c-9ea3-e0223672df73": "Guardianship Number",
        "ba278a77-cfe3-4767-870d-c594e55a6ddf": "Hart Number",
        "142df8dc-657c-4485-98f0-113ce3bdcf38": "Heathcote Tumulus Number",
        "20604011-72e9-40dd-8d92-2c7d522fe4a7": "Heritage Image Partnership Number",
        "248b9332-5c55-4d97-9f61-b803e1aff989": "Historic England",
        "28e773e4-de89-410c-b314-cb5d44fe27a7": "Historic England Archive System",
        "19afd557-cc21-44b4-b1df-f32568181b2c": "Historic Environment Record Number",
        "8eb06feb-ea57-4f0e-bb13-1b5c6d625b55": "Hydrographic Office Number",
        "8a943204-84e8-452b-b1ad-a8406c00b469": "ISBN",
        "9ab14abb-0bfb-49aa-918e-2b6ae4929fe0": "ISSN",
        "50ad49b2-fde4-4fbd-8bef-b0e9cb3aba26": "LAG number (GLAAS Ref)",
        "5fabe56e-ab1f-4b80-9a5b-f4dcf35efc27": "LPA Planning Reference",
        "edb848cd-4661-4f76-b6f0-3538c2f9d1b3": "Libref",
        "c4d7f6a2-2382-4669-a003-b386558495ed": "Listed Building Application Number",
        "08d086c5-9db1-4c67-a267-c4c16e7e350c": "Listed Building List Entry Legacy UID",
        "3ca8418c-f6ae-4313-905d-f40398bdea12": "Listed Building List Entry Number",
        "f88290ec-616f-4301-83eb-b2f6f7e7648f": "Local Nature Reserve",
        "1fff52de-ffdb-406a-b919-e6356be1e461": "London Parks and Gardens Trust Site Reference",
        "fca88b41-92a8-4b68-9d07-7e720727a321": "MORPH2",
        "173f81de-b612-4961-ac25-9d10e906d233": "Marine Aggregate Licence Area",
        "d25a36e0-83ce-45ff-8d50-1a8feebc361a": "Marine Antiquities Scheme ID",
        "b972a3b8-66e7-421c-938e-06e9f6517efc": "Measured Drawings Number",
        "febc31d4-5396-481f-a73d-5058bbfe5deb": "Medieval Settlements Research Project No",
        "8f37ed1e-fc86-4547-8f4e-aa3f92879bb5": "Museum Accession Number",
        "b7026c8b-e407-4dec-9225-b82b7cbc87aa": "National Archaeological Record Number",
        "224ea66f-33bd-4c0c-a817-e7d4edd153d1": "National Buildings Record Index Number",
        "ae835da7-0575-4804-b1c9-b93c2b296014": "National Inventory of War Memorials",
        "804a489a-be93-463b-b1f6-4f473b644279": "National Monuments Record Number",
        "f3d98f42-c698-488d-87e8-7ea880e18a85": "National Record of the Historic Environment Number",
        "6c5e3943-f1ad-4f81-8c94-93d1912acfa5": "National Trust Project Reference Number",
        "477a3c15-9b0d-4e19-9462-ac58a088bd21": "Network Rail ELR Asset Number",
        "e9cd1214-8615-460f-8837-c055c8cd1967": "OASIS ID",
        "9987b04b-a837-4070-a9b9-d5531210bac4": "ORPAD/EH/HE Event Name",
        "c625b663-6b0c-4acc-8280-a0845d0afe58": "ORPAD/EH/HE Find Number",
        "b2ebf706-e6ab-4d2d-852c-8056430da053": "ORPAD/EH/HE Monument Number",
        "fbf2a841-069c-4f77-9e72-2fd379e25919": "Offshore Renewables Protocol for Archaeological Discoveries (ORPAD)",
        "3b42b9d1-9f9a-439b-a4fd-19a7962ed63f": "Original Photograph Number",
        "ebdd2bcd-fd56-4e69-bd4b-43a88635cb53": "Original archive object no.",
        "da05d80b-2406-453b-a21a-1faaf5a7965b": "PSA Negatives Collection",
        "514a6350-370a-4691-88a3-cea7df774303": "Photographic Job Number",
        "625db5b9-f747-4abf-9d76-25d03876466c": "Pulhamite Database",
        "ddee0721-c5e6-47b3-9a15-9749f4035948": "RCHME 35mm Series",
        "a553d5fd-ffba-4dc6-84e5-f21a8773313e": "RCHME AA Series (1996) (4 1/4 x 3 1/4)",
        "822fe834-003a-4561-ab8a-80b0f2307e84": "RCHME BB Series (1996) (6 1/2 x 4 3/4)",
        "3d66bc7b-0fa8-4f4b-8771-f9af33b4d516": "RCHME CC Series (1996) (8 1/2 x 6 1/2)",
        "e22d5981-b0d3-431f-a205-cd18750a89d3": "RCHME DD Series (1996) (10 x 8)",
        "9d2e21cf-8e16-4bb6-be75-b1d116b5beb4": "RCHME EE Series (1996) (15 x 12)",
        "a2aebdfe-42e9-4458-ba7b-64f69dd85f40": "RCHME FF Series 1996 (6.5x4.75) col tran",
        "2bc66f56-0d90-444e-826a-a26eddee422f": "RCHME Microfilm Index Number",
        "ef38c162-892f-421a-990c-2f00740cfe97": "RCHME P Series (Print numbering scheme)",
        "01ba15c9-373f-447c-89fe-b9c3abc31491": "RCHME Photograph Series",
        "e61bdf71-588f-40f0-bc71-6b48354cffef": "RCHME S Series (Slide numbering scheme)",
        "63519ba9-8f9e-4953-82ee-2344a0ab7709": "Register of Parks and Gardens Legacy Number",
        "a5aa4298-3b42-4cb3-b8e8-c5d9c6e3cb71": "Roman Inscriptions of Britain (RIB)",
        "52e944b1-d258-4b3d-8abb-35b96a9d997c": "Roman Road Number",
        "afaf19c7-bfdb-43d7-aec4-f2af3cdd2edf": "Scheduled Monument Legacy (County No.)",
        "7b99a04f-3cef-4b2b-b894-8034c872d752": "Scheduled Monument Legacy (National No.)",
        "5f6ba900-6f15-497f-a9c3-feb54741f656": "Site Code",
        "2194b4df-83fb-48cd-9b19-f9a9868e4c33": "Superfile number",
        "69023356-49d9-4cf8-84b8-9d61467f96de": "Threatened Buildings Number",
        "b4a13384-ea51-4701-b1c1-823f52280dae": "Unified Designation System UID",
        "af5c61cf-ca3f-4fe1-bb4d-61f19665ffda": "Urban Archaeology Database Number",
        "2065fe1f-d4e1-45b1-a849-ce0e09b7fff0": "Webpage"
    },
    "Information Object Part Type": {
        "bdb339b0-0f97-43f7-859b-3a03f6e60ea1": "Source Figures",
        "5e878125-f49a-438e-9256-10d36a39d4a9": "Source Pages",
        "f8062103-0421-41ec-a1c6-2927ea4414dc": "Source Plates",
        "8df2a226-a46c-41e9-bf58-0c320e9af0b7": "Source Volume Number",
        "b1d81a58-ed6c-40e6-9be3-a4682a96f5ac": "Source Volume Part"
    },
    "Languages": {
        "27643bdf-984f-42ea-bae8-b9e315d96a31": "Chinese",
        "b5f1ff2d-d667-4c4e-86a1-c17fa4b9447b": "English",
        "1eaca20a-0277-4118-974e-82f9136411dc": "French",
        "a10578b8-ab21-41cc-835e-3d41c1216d1c": "German",
        "04c7ae17-824c-4eb9-b73d-bbc31d1c3ea1": "Greek",
        "2521065c-8d4b-4e97-bc86-f263e62ffb7c": "Latin",
        "35e8413d-d6c1-4f5a-a99e-8aa830100df8": "Middle English",
        "22f7263c-7432-4b65-8c36-ea588876c860": "Modern English",
        "890d6f40-d240-4da1-afc5-1e85772438d7": "Old English",
        "afa1f475-3273-4110-88ef-fb6e77cdee80": "Old Norse",
        "c208a3d2-df1d-4514-a188-a7cba1239e9a": "Portuguese"
    },
    "Reference Number Type": {
        "8143c8e3-dc87-46fa-b672-d9a4a9b6303d": "Archive Object Reference",
        "a297378a-41af-48c5-9e75-2aac61b96677": "External reference",
        "59b0e616-3c31-424c-8c32-2bf82e49b086": "Planning reference",
        "1992741b-cc36-4613-b04e-943fa8c9d6fa": "System Reference Number"
    },
    "Resource Model Types": {
        "308e984e-5c8d-474c-826a-c20f81070743": "Activity",
        "d2b4b5fe-75b4-4f14-9912-20ff2e47b2de": "Application Area",
        "1e3ce70c-d4a2-416f-83f3-4b2368b3974f": "Archive Source",
        "e1845e42-238d-4d78-a729-637a0c59cc4d": "Artefact",
        "cddc150c-6dd5-47d0-b663-a8cdbc6efc36": "Bibliographic Source",
        "be46eab1-2c04-4582-b26e-3436bcf66be0": "Consultation",
        "de1e268c-2051-4af4-8b12-8793526408be": "Digital Object",
        "a1136034-32f9-4668-b93f-ab8d63b9343e": "Heritage Area",
        "f1f134ab-f05a-4861-af29-858d71cb02ab": "Heritage Asset",
        "74e4d520-94fb-4189-83c5-7fc41c81224b": "Heritage Story",
        "1800d6af-43f9-4986-a456-dfddd6275590": "Historic Aircraft",
        "81492c82-8a7e-4537-8912-1f96728d1cea": "Historic Landscape Characterization",
        "6492f888-d891-4afc-b4d0-d254681ece49": "Maritime Craft",
        "cba95052-f37c-428d-8d36-898baf3655b3": "Organization",
        "6526f7ec-e6f2-41a8-b143-c93ba1cf6b3b": "Period",
        "43a9df96-0233-4fb3-b3af-c904f20dec6d": "Person"
    },
    "FISH Heritage Subjects and Themes": {
        "f308c2e7-b369-48b1-bb54-dc925e483f57": "Abolition Movement",
        "c0986374-f98a-438c-9d11-262692af0ff3": "Adult",
        "e3e0ee7f-93ab-4104-bc34-1ee63f7560f5": "Aerial View",
        "99b36cdb-b130-467b-8387-6bd5c72509e0": "Aerospace",
        "2612c931-46b0-4a63-a7ab-3e03c5d851fa": "Agricultural Labour",
        "3c795427-cf03-4a44-b47e-5540a73d4543": "Agriculture",
        "d0b7e6bf-4425-4190-a224-064695ec4191": "Air Transport",
        "327dd65f-9a97-49ba-be5d-e726c83b4fdc": "Al Hijra",
        "01754d30-d842-4af8-9cdb-649419474ef6": "Amphibious Assault",
        "14b756f4-9594-46bc-840c-d61bae1ac661": "Animal Monuments",
        "9590ac85-069d-435c-aa12-d6232fc3861a": "Animals",
        "af2abdd3-3f1e-45ad-ac8c-43c66e859854": "Animals At Work",
        "d8595079-6004-4750-9471-09631608991a": "Archery",
        "b3b05717-7cb7-40b3-865c-d68cb4068b38": "Armed Forces",
        "c682786d-3bb9-4f0c-b3bf-9797a1d4b42d": "Armed Services",
        "b7cc4f51-846d-4d11-9247-38d5b71bf26e": "Arson",
        "cd29b90e-f1a7-4653-b26d-69a04680fbd8": "Art And Design",
        "30fbf5ed-adce-40e3-b285-435c4558f188": "Artefact",
        "db5b069d-abae-43aa-aaa9-cf01d9c5a13b": "Asian History",
        "fbbef304-04b5-4cbc-8708-4fd0be328979": "Auto Racing",
        "66318972-5237-419c-a576-33910710a2b2": "Autumn",
        "1d86187b-6034-4f28-9105-4af559596c14": "Awards",
        "be06267a-90e2-4371-ab1c-b241c37654eb": "Baby",
        "29f2507f-a01c-46ed-8d25-7c72b6a2a8e3": "Badminton",
        "51eec15f-3f1c-4f2c-bd73-131b0afe24e2": "Banner",
        "a4bab1c8-2621-48e8-acf0-6e3f2c19b732": "Bar Mitzvah",
        "ba7a528e-2d2e-4ab8-86bd-e51a902cfc4f": "Basketball",
        "a1c5c3f1-dac7-42ac-a60a-a47bd283e86d": "Beach Scene",
        "c5cca4f1-0df5-410b-9a53-896fd01ca618": "Birth",
        "6231e942-4430-4264-aaa3-f6526adebbc0": "Birthday",
        "88f84893-e79c-44f7-9f5b-125b7a6a8107": "Black History",
        "67614d40-b6f6-4e6e-9b06-75982564b41e": "Blood Disorder",
        "bd032b8e-9593-4fa3-9342-c290565fec97": "Boules",
        "deacfe2b-f8ba-43a4-9e3c-ed2e0ce41302": "Bowling",
        "b3845e62-1f51-4d5e-9144-7919b5a2a8c2": "Brewing",
        "eb64d49d-2b10-4f09-9817-b73fbc04ab65": "Buddhist History",
        "16393da3-9689-4d45-9c23-2232ebda491b": "Buildings",
        "b5b772db-d3b0-4ce7-bff2-c1b7a0a484b6": "Camping",
        "df3c7d03-463c-4374-9dc3-9eaeddce789e": "Cancer",
        "275d22cc-0a7a-47f2-b88d-1efe312f281d": "Canoeing",
        "bbf52ef8-4b08-4413-af9b-e719fa6038c8": "Cardiovascular Disorders",
        "959665ab-42b9-44d4-9562-3a565f66df38": "Celebrations",
        "de0c870c-2ddf-4f9f-a609-725c9ef417f3": "Ceremonial Dress",
        "0d5a0b4d-20a2-4c8c-bf53-dffee5636c14": "Chanukah",
        "956ceb84-f665-4dbc-b73a-eddc62c035cf": "Chemical",
        "c88a56db-c2bb-4bea-bbe0-da01a833c5b8": "Child",
        "5054729d-ca7d-4a02-a7a9-9996e1c9773e": "Child Labour",
        "4604c0d2-8d7b-49eb-b8d8-3735335dec5b": "Childhood",
        "3cd8f5cd-bd3a-4472-9752-70ef94f3a5a5": "Choir",
        "364807a9-3c6b-4d71-8d25-c7b07293bb5f": "Christening",
        "bfb6076c-2609-4d54-ab6d-f24ef302135a": "Christian Festival",
        "17105832-db06-4698-836f-595dfd5b2d6f": "Christian History",
        "788932c0-84ad-488a-9d63-84e9bb023b93": "Christmas",
        "1ace70b0-bf6b-4b4d-836b-1fbe56996c6a": "Civil",
        "aa3ae844-a97c-4035-a6dd-d6b23c5a96d4": "Civil Rights Movement",
        "6e0e75a0-165d-4087-bd2a-f1678e47b61e": "Climbing",
        "2bcc60b8-b929-468d-8161-83e1b82e06ec": "Clothing And Fashion",
        "03ad7abf-980d-41db-9286-b7e26c8a502e": "Coat Of Arms",
        "63ce6807-19cb-4713-8d98-6a36a8711997": "Coins And Medals",
        "dfed7dbf-ddf8-4d83-8ce4-83686d96cf02": "Collision",
        "a1603a45-d456-4bbb-859a-e05f6ec2a4db": "Colonial History",
        "52f73de3-f09a-4f24-8e55-1885101a292e": "Communion",
        "fc616c2e-5257-473e-98f9-78b6205e8d16": "Concert",
        "bb4a04f6-8eef-4624-bfc3-28f141121f18": "Confirmation",
        "006416d8-eb60-494c-861f-ebff691f9412": "Conflict",
        "b669dac0-e950-47cb-b39a-548b144b024d": "Consecration",
        "7a3368ad-4a3f-40c5-b74f-6e74d466a41e": "Conservation",
        "ddbd6d71-d872-4995-bcba-9f193e1051d5": "Costume",
        "7b68dfc7-02a5-43fc-b95b-30761a0b7b40": "Crest",
        "c192ad39-a85c-403e-bdcf-087b05c061b8": "Cricket",
        "eb7c3225-709f-4a22-a23f-95f28309376a": "Crime And Punishment",
        "9f9100a0-824f-4cf4-b574-9c72e701e11d": "Cycling",
        "82a25549-6117-47da-98d6-7ccf49139558": "Dance",
        "2cb5715f-fe93-482b-a721-69eab73e0bca": "Dancing",
        "45275ccc-86f0-44d9-b821-d3d95491975b": "Death",
        "2d36a99e-9927-43ff-82b3-9e5a7c6ec3ee": "Demonstration",
        "cbf6f463-1f76-4231-a68d-8c8b575e9739": "Dental Care",
        "cd963eca-26de-4c2c-90eb-6736a003ef4a": "Dentistry",
        "dacf5d71-4e38-470f-ba8f-8db4dc134ed9": "Depression",
        "d6785fc6-7f65-496c-893a-d99836dd3c0a": "Dhu Al Hijja",
        "009267ec-52c1-48dd-8710-e83501e25284": "Digestive Disorders",
        "25d911f5-0775-4c59-8a9e-be8b90dfb19a": "Digital",
        "a2b3ed45-aa8c-42dc-a85e-e121d14a5e26": "Diplomatic History",
        "2be9c44f-e7e3-48c0-a044-37809953c8ea": "Disability",
        "cb3bbcc9-35bc-4a70-97ff-c675a2338871": "Disease And Disability",
        "3b582455-53d5-4330-b863-27846e0311f1": "Diving",
        "52a06aaa-58b0-4d76-a867-cc166daff742": "Divorce",
        "04649454-b63e-46fe-946e-1750dc14c3e8": "Diwali",
        "09276d00-469b-4114-b625-ee35aa48227e": "Dog Racing",
        "f3d04e2d-ed39-4dc7-ac39-b109bd536b60": "Domestic Service",
        "55b975ae-a278-4d5a-bb84-4714cd517103": "Dressage",
        "3e12a799-f813-4701-b24f-48efa54b1502": "Drinking",
        "e9b33513-c31d-46ed-923b-d677b070e807": "Durga Puja",
        "0d5ef57a-f98b-48c4-aaf8-bbfe7e9da585": "East India Company",
        "55d062e2-874f-4a50-9201-4511209a9fb1": "Easter",
        "5b46bfde-1f4e-4820-a62a-48da5d841a6c": "Eating Disorders",
        "ceeb99ed-d220-4352-9268-b96608fede21": "Economic History",
        "ab431294-7c94-4819-9666-fad2c967c475": "Eid Ul Adha",
        "208f386f-f2d0-4954-84c2-65c25ebdc3e5": "Eid Ul Fitr",
        "0fe0765b-317d-42c2-afea-1ef0d663ec9f": "Elections",
        "e2d54c83-aab8-4123-b5fe-df18b5b65482": "Electrical",
        "76ca75c9-c6ff-46dd-b9eb-8811b027e2a6": "Emblem",
        "6bc2b974-9931-447d-8459-b397963d58e1": "Emergency Medical Services",
        "637727d2-17ae-4803-a5af-59332bbf4389": "Emigration",
        "151b6809-8028-4230-9f79-6fe3983ab7d8": "Endocrine Disorders",
        "b6b6b25b-baee-4e16-9b19-30a604172588": "Energy",
        "bb255de0-1a09-4137-ad4b-28080d92c399": "Engineering",
        "d81cddb4-0095-41a5-8bd6-44bda6f218ba": "Equine Sports",
        "338acfa4-0eda-4169-9799-ccec8253b2c2": "Ethnic History",
        "95523883-9f8d-412f-8f89-31607c38726c": "Execution",
        "73d51784-bf70-4e0c-a507-e62c156d9b45": "Fairs",
        "5f6f898f-9ee8-4924-8d09-efb2cff680a2": "Falconry",
        "5f76de5b-a696-4dcf-be3e-a6b584ec59af": "Family Life",
        "33bab384-b389-4fd5-b4be-9883115601f5": "Fancy Dress",
        "887ce5ed-ae89-4c1f-8d1d-d1222e25c828": "Farming",
        "90ed493d-dcf4-4697-b511-2a82dcbc05f8": "Farriery",
        "07133ef0-3ca6-4013-ad6a-3400aa6e796f": "Feminist Movement",
        "3f8b9195-45e5-4744-86c3-ed070520bd07": "Festival",
        "422f7003-a36a-4b03-8d1b-0651c472c189": "Film And Television",
        "91617891-fa01-46a3-9899-dd9cdc187fb9": "Fire",
        "ea9a965a-5efc-448e-9e83-96a52ea6fde8": "Fishing",
        "2ec8eeeb-2879-453f-932e-f06f3407d771": "Flag",
        "e169496a-353f-4ab5-a8cf-08f71cce1e29": "Flooding",
        "3844fc45-efae-4818-8191-2060676581f5": "Flora And Fauna",
        "cddca01b-2fdb-4b24-a8d1-a3706126853b": "Food And Drink",
        "9fcd5017-e85f-44fe-8d8a-1c719d5abbf5": "Football",
        "43eb2b67-cd63-419b-9118-55a18df1fad2": "Foster Home Care",
        "206346d8-69bd-4a3e-8a0a-82a25f30690e": "Funeral",
        "d54a9f8e-cc49-40a4-a7f1-93b3162b5e95": "Gambling",
        "c6a08069-f689-42d5-ac09-65867831e9d6": "Games",
        "39a66f66-1a66-4e9b-849f-6469010b7e14": "Gardening",
        "32a27993-9e04-4b58-8d4b-c126d3216c29": "Gay And Lesbian History",
        "d293d50e-6d30-44ea-b104-c3cdd4bb6e0f": "Gay Pride Movement",
        "ca3a5e3c-7413-4da9-9300-d98cb201c80d": "Golf",
        "9ebecf5b-9390-46e5-8445-85e11677d3b2": "Graduation",
        "689efc27-85fc-4a9d-b870-dd047b9fa0f0": "Graffiti",
        "7cffb8b7-50ce-4119-870f-34f637e39ee8": "Grant Of Arms",
        "3627b30b-c276-4494-97cb-b296913351e8": "Gymnastics",
        "34c27ab6-31fa-47e8-a960-e1e12ece08a4": "Halloween",
        "ed4b1226-6f21-41ce-b506-8200ed70f887": "Harbour Scene",
        "e8dbb901-a294-4d38-a81d-a0bf891a134f": "Harvesting",
        "e011ee8b-8153-4039-8d9c-1c83cfae10ae": "Health And Welfare",
        "ab6442b3-23b3-4b39-9247-ccd13e0e871f": "Health Care",
        "4b162cb7-6f41-4676-a571-e7e4c7fdb756": "Hearing And Balance Disorders",
        "15a97ee8-25b7-4114-a7b1-43dcd66b1512": "Heart Conditions",
        "52bc272a-2d44-49ca-a084-432f04388d1f": "Heraldry",
        "f89f0c9b-f09a-4207-a4a4-cd6b0e427c0b": "Highwaymen",
        "f127413e-ad21-4d64-a8f2-f9398d6f6bc7": "Hindu Festival",
        "4dc86a4c-b384-465e-9ccf-197a4ba968b4": "Hindu History",
        "46e7fae8-e22b-4ff2-a90f-d25f31091fb1": "History",
        "77a9b52f-a86d-436d-bbd9-4917beda059e": "History Of Medicine",
        "a73918be-dd0c-4e60-b415-ebbd83847aff": "History Of Photography",
        "91cdd2b2-be34-4e17-9b19-c3144d448e4b": "Hockey",
        "cb773f8e-f7f2-42f3-bd13-12b42520db7f": "Holocaust",
        "3867e425-237e-4920-9001-b544eaedb434": "Honours And Awards",
        "7201fce4-cdc5-443d-9266-41072e6fe3ec": "Horse Racing",
        "a5662916-49e2-46be-913d-bdb293b0bcb5": "Horse Riding",
        "c7c528b6-9cbf-4cdb-a4ed-5b054579a3e5": "Horticulture",
        "e45543f3-2863-4905-8ddb-e5c3b2d0ff01": "Hospitality",
        "98c5f1fa-da30-46c3-b0b6-6208f8b73842": "Hospitalization",
        "c29175ae-fe3e-4153-a34e-23248fd161c3": "Hunting",
        "569e1dbc-c74e-4397-a517-22bd2c34faa6": "Immigration",
        "f5dee92e-dfb1-4272-b949-11696632b3de": "Immune System Disorders",
        "bfd85bb8-672d-4022-9181-601a43c8ee65": "Industry",
        "b7e0a2a2-aebd-4c54-8bd6-9f2971224a3f": "Insects",
        "4b8bd619-125f-4339-b8bd-81a7f758fbb5": "Insignia",
        "c2a45dc6-a298-4153-9ba5-992ddeffc8de": "Institutionalization",
        "c90654ac-c8cc-4554-8d07-e799f983fd77": "Jewellery",
        "c7bb0c61-085e-4ce2-9da0-82ebc1ff3cab": "Jewish Festival",
        "e1d8b00a-ab4a-4684-a9d0-e4fa8037d2d9": "Jewish History",
        "1cac8805-b6d2-46dd-8744-0a5b0de96b18": "Joinery",
        "9cfad81f-c04d-487b-af89-3604b3a84a3d": "Kayaking",
        "abbba83b-f4bd-4078-bce7-d8c2dac56040": "Land Army",
        "e96d11c8-a932-4410-b33c-b52ff4615fa2": "Learning Difficulties",
        "4fffb45b-185a-40b3-9e17-689e7574c8e0": "Leisure",
        "79956e4d-2d27-4afe-b069-d7a225e5951b": "Lent",
        "482975de-86ea-4075-b1bb-8b2b60fd12b8": "Literature",
        "4be00256-b6ad-466e-bc05-51fd62e94090": "Liturgy",
        "e614191b-6a12-4571-9f1b-1ba1459a2570": "Magic",
        "98828e80-a426-4fee-8343-ca9a5c2c56d0": "Maha Shivaratri",
        "9d81c7a1-b405-4b05-b8c1-a4555be8643d": "Manufacturing",
        "259acc38-0f85-4d32-994d-6e62a6ce006b": "Maritime History",
        "abedb629-0b90-4236-9cc3-b7dcba08a4fe": "Marriage",
        "b0bc0cdd-d025-42f6-8454-263655a61dd8": "Maternal Health",
        "526ac3fa-a731-4a89-8004-d9369c579dec": "Mechanical",
        "70f6b701-d0f2-4656-bff0-704e75571ba0": "Mental Disorders",
        "c672b8c0-69f7-4d5a-9872-5985de0c0af3": "Mental Health Services",
        "376478ba-a8b6-43e3-8583-287c47461138": "Merchant Navy",
        "2c5c42e4-fc85-40c1-b141-7ae32d9fabe8": "Migration",
        "7107cf83-0388-4e50-9d63-90f55c817fd3": "Military",
        "fb799183-915b-4b1a-a211-ab67a11701fe": "Military History",
        "fda00168-f5c6-4468-8586-4d56a9cf34ef": "Mining",
        "cc3652fe-2073-4476-b1e0-a18cc162fd8f": "Monogram",
        "ae1fd168-d78b-4217-82f9-e98a60e2dba4": "Motorboat Racing",
        "bdfd1cae-580b-4a71-a70f-bf169df0fff1": "Motorcycle Racing",
        "50e3db15-a44d-4527-b9bd-7380914a9f50": "Motto",
        "eb1b7bde-c1f8-47dd-a08b-2d11223df854": "Murder",
        "667d6678-6558-4a23-b02e-cf737e529d77": "Musculoskeletal Disorders",
        "d221e414-0040-466a-98bd-94691c513c63": "Music",
        "6139a3d8-e484-4020-9988-87debe91d424": "Muslim Festival",
        "30b3184b-6ac8-4fd0-a71c-df0713385406": "Muslim History",
        "4f94c578-1aa8-4ca9-aae6-ee89f572a116": "Mutiny",
        "f63ab7d1-1976-4d92-bc9e-602938060378": "Natural Disaster",
        "2fbcc5a4-dc33-4bc6-bfbb-6339524002d5": "Naval Skirmish",
        "45ec6e9c-684a-4c0a-b199-dbf86b2be355": "Naval Transport",
        "5428f554-b254-470b-a9b3-c538c492c1da": "Navigation",
        "f265fecc-8ce0-4107-9fc7-ff530c48cc85": "Neurological Disorders",
        "b902ce00-80fb-4783-9a44-2b7852f2b1bb": "New Year",
        "e6407de9-cf46-4c5a-ae2b-0dca0aa8a286": "Night Scene",
        "c7f9e889-62c9-44bf-b224-e41619a250fc": "Nuclear",
        "70d6d5c0-0bbf-4e1c-91c5-9cd0a32623e4": "Nursing Care",
        "ebe52d4c-54f4-4112-a69d-941eed8eec00": "Occupational Health",
        "b789da41-d388-4e03-b136-fae588a8e098": "Olympic Games",
        "2256cb51-f64a-463a-bcb1-87d92fd65042": "Opera",
        "9dd4efdc-fc13-487c-ac9d-41c45aa055de": "Orchestra",
        "4724ed39-02e3-48d8-9185-f71b9d5afba0": "Ordination",
        "7cb8f26d-5d6e-4b3a-a8f9-4b2e041df9dd": "Orienteering",
        "911cbcd6-b774-44e5-9c58-8779e8cdccac": "Orientering",
        "60b785a3-7fd6-4899-9725-5fd26fe97f6e": "Paddle Sport",
        "bf408cf6-bab4-4ef7-9224-0102973efa03": "Parade",
        "44ad6333-25d3-424a-a66f-8b3f77753393": "Parliamentary Reform",
        "630e3b44-6517-402b-a21d-ea91e875dede": "Passengers",
        "4389b8fa-9c83-47fd-b37b-8298dbcc9c35": "People",
        "623dabf9-cf37-43ef-8a6b-cbbf1b3378db": "People At Work",
        "3cbb2ad8-8c64-47d1-be86-5a7a5b7c8c01": "People Posing",
        "f52e18a4-4553-437a-a7b2-b652781e8f5a": "Pesach",
        "33819816-d677-4ae7-bb0c-36b5deeacfc8": "Pests",
        "d7922739-6be2-4771-a2eb-e5e3537313b5": "Pets",
        "b0f46c1a-42bb-4ee3-9530-feabcc22816c": "Photography",
        "cdab5249-c267-491e-b904-bf6d33361658": "Physical And Mental Impairment",
        "3a55eb56-0233-419c-8efe-b48693593c90": "Physical Impairment",
        "8b57d863-d7ea-46b1-9503-0cae22f53d7a": "Picnic",
        "ef1248b7-7c19-4745-a0fb-2f2bc2b7bc87": "Pilgrimage",
        "c04da112-0776-4235-ad56-4320e46ba697": "Piracy",
        "0c2f07dc-c2a2-46aa-bc6b-5dfc8d76168e": "Plowing",
        "29231496-85ba-454d-8e97-88962c45f4f6": "Poaching",
        "1c71dec0-2c0e-4ddc-a05f-71e9922fc05b": "Police Force",
        "a1bf266b-4fca-4ca1-aef7-6f741722cf7c": "Political History",
        "e31ff943-bc10-4346-8078-6720ecd5fa62": "Polo",
        "2f5ebc37-b30b-47b6-80d4-49eb2300b5f5": "Poverty",
        "3288140b-e4cd-4fec-ba16-814a21f5f8e6": "Poverty And Unemployment",
        "5187e6bd-3068-4d8d-b1e7-d74cdbb44d26": "Preaching",
        "93223203-b0fb-4ad6-849c-3e9cb988fc3c": "Publishing",
        "a5b1218d-bbb8-408c-8e7f-c7dc05fd064d": "Purim",
        "fb09dac2-bd2b-4871-95f0-a40370b4f030": "Puritan Movement",
        "ba2fd79f-4803-4ffe-9994-30586748c34b": "Racket Sport",
        "348ca57b-e3c1-4e0e-8afa-04c8c48f4233": "Radar",
        "8ebe43f8-d39f-4839-b1be-ad7973fc7b81": "Radio",
        "379cb077-59c0-4e87-ab7e-787bd1ef3546": "Radiology",
        "3fd77a16-c307-4579-86aa-732534bf712c": "Rafting",
        "2dfa616b-ef6c-4d2d-b01f-1983d370d546": "Rail Transport",
        "42492b21-5de5-43fe-ba72-6d165770b9bd": "Rama Navami",
        "2ff2a6e3-cd32-40d8-92b5-d935ec55a54a": "Ramadan",
        "a72e4834-8e7e-4d09-8d59-9b8ccbfb5e9e": "Rationing",
        "0598e5fa-a985-45a8-b72c-f8afbe90bffd": "Recession",
        "0d4c7cfd-d79a-411e-9f6c-3555b623a142": "Reconstruction",
        "7f291c88-16a1-4988-8b52-67ff63364c7a": "Recycling",
        "3259e381-7cd7-4c89-a3f7-c8a37ce5af17": "Reenactment",
        "39a5b669-9a68-4ae5-8a80-a1344b662307": "Religious Festival",
        "a8b23eb6-7a9c-4a0f-9494-b12e5e18e624": "Religious History",
        "0aaf0a88-9ffb-4d33-940d-a5ccd912278f": "Religious Practice",
        "182620fb-2323-47a4-b765-bc92fb1ce100": "Respiratory Disorders",
        "b5b7e596-5ced-4090-9058-8d5ffc18c941": "Retirement",
        "7980d246-022e-4b99-bd3f-edf5cf772ec3": "Road Transport",
        "41fe5be3-246c-4eeb-9f8b-c9f26280a6e7": "Roofscape",
        "b4110516-1a73-4ae5-b8bf-0312ee05fa4f": "Rosh Hashanah",
        "c677608c-732e-4993-ac9f-cc0fc7cb3843": "Rowing",
        "e1da9a03-d08b-4340-be9b-df8469375dd3": "Royal Navy",
        "55f77537-9c3c-4f40-9207-9f3475598a37": "Royalty",
        "3753f935-c201-452b-a68c-0db9efa760ab": "Rugby",
        "1ed51dc3-dd7b-477f-aad6-872f2e3505cb": "Running",
        "30ae31bd-8936-432d-894d-c512be14eadd": "Rural Landscape",
        "a42141dc-c9da-43c4-ba05-5e5019d8cd3c": "Sacraments",
        "1aaee39b-af46-4897-80dd-2e2d58531fd8": "Sailing",
        "e6b634a6-3f98-4d0f-9d2e-dc3cc376367d": "Salvage",
        "d28c9645-9acf-49bc-ba40-09f56041d6ce": "Sanitation",
        "510537ce-9c04-49fa-9afc-91493dbf43e9": "Satellite",
        "c313d115-1983-410d-a30d-654019b52ad9": "Scuttling",
        "25453394-23a3-41b1-982c-022c570f2fc4": "Sea Bathing",
        "e43d80e2-a841-49b7-aafc-fd6f23a6ba3e": "Seaborne Raid",
        "a0bc00de-3bbe-41fe-86bb-f6a1888def88": "Seasons",
        "723a7d07-53b5-4411-9156-d06b784ff05b": "Senior",
        "a6fe3e18-0eda-4447-9e4c-a2d10244ecba": "Shavout",
        "c993f873-45f5-44b3-9090-8b970e02013d": "Shipbuilding",
        "c033805b-eb60-406e-be6b-abd68fa17933": "Shipping",
        "d69ee1e2-ee0c-405b-a9bf-77117c9d5e97": "Shipwreck",
        "fe0a48fb-1827-41e9-9998-fa2d5eace6a9": "Shooting Sport",
        "7db517ab-5103-4563-bc98-5335650b7bb1": "Shopping",
        "6206d5bb-2080-4d6b-aa50-3a4cbe1c40eb": "Show Jumping",
        "18964d93-cb47-463f-8d6c-c274e9557d27": "Sikh History",
        "0d655b1f-a17c-4d3e-844e-f2f65aca1e2a": "Skiing",
        "6c89f783-f7bc-47ed-b08c-783171da3d69": "Skin Disorders",
        "427caf83-2473-4c51-a7dc-1d6e4a4f39cd": "Slavery",
        "f279388c-6241-4ef2-ba8b-b7cb2437118b": "Smoking",
        "ee0679e4-4c84-420b-98e8-a35d3318e5af": "Smuggling",
        "e9970397-7285-4a55-838a-3b92e816798d": "Snow Scene",
        "2c7eb403-a0cc-422c-ae35-01da62c8cecc": "Social History",
        "19ba47d1-cbe5-4a07-bdd2-54c59d0b089d": "Social Purity And Temperance Movement",
        "0fa75e6f-1d78-4032-a5b1-3f68055ebd89": "Solar",
        "83bb75d2-2f03-47a0-980a-2c83ead8c022": "Solar Power",
        "7ebc3a1b-345c-4b98-9087-ac8cf893fcab": "Solstice",
        "8b8b94c0-060e-49fd-8bda-f0094bed2dda": "Sonar",
        "ecf3553f-ae35-4bad-9613-8b3e727ce165": "Spa",
        "c643adfe-55fc-4322-b854-1b1a6ddfd8a1": "Speech Disorders",
        "45255b0a-b342-406f-a9c5-aa42dfa20f4d": "Sport And Racing",
        "9a2d192c-860a-405a-ac78-d4c5751b78c4": "Sport Scene",
        "0e61ab9a-13d2-453e-9e92-cb7347cdec00": "Spring",
        "ac7809fa-e3b7-4036-abbd-5efc852da1d5": "Stone Walling",
        "ed3ef22a-3272-4118-8db6-d69e9944a520": "Stonemasonry",
        "53dc673c-74f5-4da3-afde-2f178611139c": "Street Party",
        "92eb63bd-6733-43a3-8dda-1677bf07a591": "Street Scene",
        "e9b39f53-eec8-47dd-90a1-e6f3235b08c9": "Strikes",
        "f6870d92-40f6-4cd3-899b-949c74f77be6": "Subjects",
        "5d91e626-21e2-41cc-93b8-682766f563fc": "Summer",
        "0a9b5685-103a-4b85-b7fe-eedbd8052ebe": "Surgery",
        "2a93277f-0430-4b5c-b4d4-6591f087ca45": "Swimming",
        "39fcb22d-6215-4e69-b331-af3572797078": "Technology",
        "cfc11b8a-b139-4f49-98ec-2aeb0672faa7": "Teenager",
        "5514b1a3-d0cf-43a4-a7be-8e2e74566b43": "Tennis",
        "ddfec48d-36aa-4d96-92ee-dc5bbeea5d2e": "Textile",
        "c30de9aa-f6aa-460d-8dab-e0d3a4f11133": "Thatching",
        "bb3b20cc-acfa-44bd-8901-c11d96837d93": "Theatre",
        "629ad14f-41f4-4520-b34d-9978cfee6997": "Theft",
        "73132aaf-46c5-4bd5-88c0-44ff739ca61c": "Themes",
        "fde03984-7097-4f54-8551-083b1e0dfc5f": "Tourism",
        "c799b725-3c8d-4d4b-b28b-eeadcc2a1610": "Townscape",
        "709c54b0-ef08-4f56-a93e-690fc84a5b72": "Trade",
        "7575d7cb-460f-4492-bef1-527f7ac57150": "Trade And Commerce",
        "8eca7711-eedc-4292-8e39-0fe045c5bf57": "Trade Union Movement",
        "a94d32d3-aca6-47ff-81ea-af16191286b6": "Traditional Craft",
        "1a74c993-e009-4541-a3b8-045027d39710": "Transport",
        "fb015fc8-8d54-4439-a16a-791a01888be0": "Transportation",
        "16d95ce0-65fb-41eb-9a0a-30780c199afb": "Travel",
        "f9d95669-36c0-4001-8bb8-adac08b6f3a1": "Treason",
        "e01c50fb-d5c8-4508-8d23-e97f182ed262": "Treaty",
        "e3ebfdf7-bbc0-48a4-9b26-c62c6fa06348": "Underwater",
        "8589d0cf-abcf-418d-8e69-ff51d9570949": "Uniforms",
        "6326e494-bc63-4b25-81fa-9d049ca7c40b": "Urban Landscape",
        "e4f6c01e-d8ff-4cb2-a585-511ae29a7116": "Villagescape",
        "931e4eb3-16cd-4e65-a0d7-04b32d580500": "Vision Disorders",
        "c0c490dc-325f-4f98-a351-e679630a7cd9": "Volleyball",
        "f0f35fcb-acc6-481d-a544-72da927624f3": "War Debt",
        "9682545f-0eef-4b11-bd78-c53dcb29d0e1": "War Grave",
        "d24ea828-5880-46a0-b1f9-de320a22a696": "War Relief",
        "6bbb893b-e12c-4cde-9a96-5ed98479f5e7": "War Work",
        "8bf8aaaa-c92a-4974-a12b-393641bb35d8": "Water",
        "f50feb37-cf6c-49ad-9dde-8806671cd6d7": "Water Transport",
        "6e297cf5-88a3-4933-b490-a47a832cba27": "Waterscape",
        "2523eb3b-a4bb-4159-b162-bdb309a8e540": "Wedding",
        "a36372f8-06af-4c09-bc87-ae4879f82208": "Weightlifting",
        "f4c33c23-3d0c-4802-a1b9-9ad582fd1c5d": "Wind",
        "db820e9d-738e-41fc-b054-ac3887fcbf15": "Winter",
        "9651a484-52b0-4580-a560-ab5d7dea6dba": "Womens History",
        "41e63c7d-b78b-4c07-bff1-246e1c4de1a3": "Womens Institute",
        "44f1ec63-52bd-433d-bca3-f01283ca386c": "Womens Suffrage Movement",
        "96fa9ca1-2258-4ba5-85a2-562d6480f751": "Working Class History",
        "96bd7b8d-ecc5-4059-a0c3-0ce57a8c0428": "Yom Kippur"
    },
    "Validation Type": {
        "76b11eee-ed2c-43ed-836f-2ac35f143d14": "Checked OK",
        "25bbe122-df25-4c68-92be-6bc2c122b3fa": "Delete?",
        "98288c60-5e6f-4adf-8e40-9ac99800cb07": "Needs Work",
        "6a38142a-c8fe-4922-9bc7-499acd91030c": "Needs splitting",
        "63455e24-5dac-436b-900b-b204e09ed6c0": "Possible Duplicate",
        "806b0b00-7a10-411e-a8fd-19cfe80c905d": "Revoked",
        "efa19405-f425-4d17-859e-3360497be46a": "Unchecked"
    },
    "Resource to Resource Relationship Types": {
        "ac41d9be-79db-4256-b368-2f4559cfbe55": "is related to"
    }
}