{
    "Metatypes": {
        "b9ffd5fa-c512-44a6-b1c2-87fd1e3cd519": "Activity Type",
        "f3b206ff-9cb0-4819-b9c6-17d14e4b4749": "Actor Type",
        "6bdffb5e-9f5b-44f7-a3a6-11cf81219fd8": "Address Part Type",
        "67b76fd1-4906-4055-b493-711c93fc0996": "Address Status Type",
        "20aa84bf-c35a-43c2-9b23-68b6f9eac5c9": "Aircraft Type",
        "4a3ba5e2-bb8b-4180-afb6-9b710f4e122f": "Application Type",
        "35999571-5ac9-4bca-abc6-db5ba2588253": "Area Type",
        "dfd57433-f8e3-4bbd-905b-885ebea87455": "Artefact Type",
        "953238ab-fefc-42e9-9b20-0b4441df2b41": "Asset Type",
        "d3b75e3a-638e-490e-8d1b-bbb5c504ce94": "Association Type",
        "9501a49f-024d-49b3-819e-43aba87db901": "Audience Type",
        "46f076c8-fd6a-4141-b74e-6c26be3725fa": "Audit Outcome Type",
        "59471da5-0062-407f-874b-714305c2fc5a": "Authorization Type",
        "d3284599-47b3-47fe-8675-d5a61086df50": "Capture Scale Type",
        "f2054168-b8dc-416a-b6df-f5aff733c0c3": "Certainty Type",
        "62f3f620-ea25-46c8-9a7b-dbadf23aa874": "Classification Type",
        "956f9779-3524-448e-b2de-eabf2de95d51": "Communication Type",
        "003c935b-e8f0-4df7-aa76-a670e4a7a532": "Compilation Type",
        "ffcdfdf2-0222-473a-934d-58dc6a703cbf": "Condition Type",
        "44b1e6af-5c5a-4c68-9eb9-4eb43bdbe823": "Construction Phase Type",
        "33bc5cb8-8b69-4626-addb-5219adb5e467": "Consultation Type",
        "ce6cea2d-dd71-463f-8fd3-baa6c5c883a5": "Contact Point Type",
        "561dc137-3557-4e2f-986e-a8855cad74cf": "Copyright Type",
        "5a88136a-bf3a-4b48-a830-a7f42000dd24": "Currency Type",
        "59a0c936-3f60-44f9-9e37-67b6ed0f4fa4": "Date Qualifier Type",
        "84283ac9-c985-4e94-966e-b4bd78c658c3": "Dating Method Type",
        "6fbe3775-e51d-4f90-af53-5695dd204c9a": "Description Type",
        "c1201c83-09ad-415f-bb29-9b32c2fcf795": "Development Type",
        "823d2c4f-39ad-47d4-89b4-726ef167534b": "Dimension Type",
        "1cc6f0e9-432f-4177-bae1-16cab5afd3ac": "Evidence Type",
        "dbc18bc0-ec10-4623-b866-52ece47d9780": "Feature Shape Type",
        "29883a1e-2323-467d-9c2f-e54ec09e2817": "File Format Type",
        "f1a24b1f-7a72-4718-b54d-604644cc9e99": "Geology Type",
        "bb33f953-2a12-44ed-9fe7-4cd5023104cc": "Historic Period Type",
        "9d51623c-3994-4074-9ed9-2abf04330ae6": "Information Object Part Type",
        "48b0ffe8-d72c-4152-9e00-24910d60202d": "Information Object Type",
        "d079f49f-13ed-480c-87bb-e5c77ee901e2": "Land Use Type",
        "d5366899-09ec-4db1-8a49-a32b7e4784e3": "Language Type",
        "c9f3250e-55bc-4ebb-b0cc-573d6de94884": "Maritime Craft Type",
        "d03ff048-0234-49c0-919b-c0c2376d7cb0": "Material Type",
        "495ecc6a-a265-434b-8708-d6b76bd9a30e": "Measurement Unit",
        "f7237328-5909-4c74-9109-a7de145a7088": "Mitigation Type",
        "a0e096e2-f5ae-4579-950d-3040714713b4": "Name Type",
        "04a4c4d5-5a5e-4018-93aa-65abaa53fb53": "Name Use Type",
        "e3d9c240-026a-4c1b-8a8e-0ec72541d32a": "Nationality Type",
        "38d853c9-da1f-4186-9733-adfa70d84195": "Organization Type",
        "1d5c7465-7225-4bca-b1df-045a86e286b2": "Ownership Type",
        "ff8c387b-3e3d-4f72-a6f4-fa0526f5349a": "Planning Outcome type",
        "4fa77fc1-252a-4930-a756-71dca73aaf31": "Production Method Type",
        "496b4a50-3325-4704-b1c5-57542dc62011": "Production Technique Type",
        "337514d3-a8a8-46c1-a89a-aea83e582a8d": "Protection Grade",
        "8687011e-9dfa-463e-89e2-79bfdbbe7dda": "Protection Type",
        "7346be23-bff6-42dc-91d0-7c5182aa0031": "Reference Number Type",
        "3dcc94f2-fe86-4286-b87f-047f13c8355a": "Resource Model Type",
        "b81d4b16-0633-4d7a-b4b2-5c2d3e2e782e": "Role Type",
        "65ef7ae0-6a6b-4fac-9324-41dd8e712880": "SHINE Form Type",
        "c6dd5482-6687-44ae-bb54-7d49e084664a": "SHINE Significance Type",
        "e6cf2f57-55f1-4598-ab1a-1f0c4285b9b2": "Spatial Accuracy Qualifier Type",
        "06643704-f7af-4e89-a959-a4021a1b3298": "Standard Deviation Type",
        "c9bc15cc-46fe-4d34-a530-a228854845c8": "Status Type",
        "7a518871-4949-4e57-908e-eb17751a404a": "Sub-Soil Type",
        "7fbf88a6-7e23-47e4-8739-f494d7ff8084": "Subject Type",
        "f69a6133-7583-40a9-8da8-f76d3a9de6db": "Update Type",
        "ae5d0ae4-4db5-4674-9af5-0e35801449b3": "Validation Type"
    },
    "Description Type": {
        "a3918aa3-5c82-486b-9480-3dd092fa87fa": "Abstract",
        "f5bbf49b-eb8b-40df-8031-8e3788cb7c7d": "Caption",
        "39a21ebf-7dd6-4a7f-a211-9453202f60aa": "Full",
        "daa4cddc-8636-4842-b836-eb2e10aabe18": "Notes",
        "b29ec4bd-8cbf-4a00-9762-4f51ba013469": "Reference",
        "9b404dbe-ad61-44d1-b276-cbbd6ccd91d1": "Statutory",
        "35508b82-062a-469f-830a-6040c5e5eb8c": "Summary"
    },
    "Name Type": {
        "c254ba9d-c7fa-4880-9adb-5d1cc2773995": "Activity Name",
        "dba129fb-39e1-4611-b035-c8f054847cbf": "Actor Name Part Type",
        "f5d7335d-b3da-42b3-bf0b-6d1469264a5c": "Administrative Area Name",
        "bb7e5255-0cdf-4b86-a0c5-d40cfa5ae363": "Alternative Name",
        "e987fb72-6fa6-43ab-8812-867c4813a2a2": "Application Area Name",
        "44e9801c-deee-4d6f-b737-657b356a2b89": "Archive Object Title",
        "b43da813-8fdf-4648-9a91-e8864e6b92d8": "Archive Source Name",
        "9a57c149-fd7c-4145-a2f3-35e4afdba209": "Artefact Name",
        "51796e90-9ef1-44ec-a967-81b077983768": "Bibliographic Source Name",
        "0cd76d41-21d5-47df-be1c-6ed597cea59f": "Birth Placename",
        "0f772da6-cebc-4f8c-9610-2174e6e8dd8c": "Consultation Name",
        "0a14ef3e-9dd1-4f62-a3a1-7fd762f591d4": "Death Placename",
        "653cb993-1d56-4ce1-879b-e6f7ccd693f1": "Designation Name",
        "8a96a261-cd79-48e2-9f12-74924c152b00": "Digital Object Name",
        "b29f0eeb-4eaf-4062-9b85-2fa5acab47b5": "Epithet",
        "d298cca6-e3c6-40ec-be19-72e2b7b1bf07": "Forename",
        "e5739feb-21d0-430a-968f-caadd8e4ccf7": "Full Name",
        "de8bf632-e451-4c93-a223-1f803a968f04": "Heritage Area Name",
        "8f985e91-6cd2-4d70-a03c-b49a50d09a3b": "Heritage Asset Name",
        "4f3359fe-8525-4ca8-8773-11d733804129": "Heritage Theme Name",
        "4e05f167-0e49-41d3-84ef-7f9b29fdb656": "Historic Aircraft Name",
        "bbb13710-f37b-4f84-989e-a4c0041791b6": "Historic Landscape Character Name",
        "7a230ae8-13a3-471e-a0d4-8cb6e47ecb9f": "Initials",
        "f1ec77ee-c2f2-4cad-a128-87c1537adb54": "Location Area Name",
        "af6d90fd-40a4-40e1-ad69-930b736145ac": "Maritime Craft Name",
        "dae93567-aaa7-432c-a2b6-51ac9c0dc237": "Organization Name",
        "e474f2ba-f203-467b-bcfe-3b2d22b5cfc8": "Parent Name",
        "dccd3273-52fb-49f1-b148-e7c1a535cb5b": "Period Name",
        "b6cce3bd-703d-48e4-98b0-92bee5d632ba": "Photograph Name",
        "279a8478-a5c0-4d99-a1aa-1f71cc6d3392": "Placename Type",
        "5b2f20ca-8d7f-4ac7-a1e4-55673dbde725": "Preferred Name",
        "c57fef44-32ca-4110-a16c-376502b174f9": "Publication Placename",
        "4e4e344a-8861-423b-8656-8c58749aaca6": "Repository Name",
        "c513dfd9-a447-48e0-ae58-8723804aec07": "Storage Area Name",
        "1f53fa48-2dfd-4d32-adff-9b26e134aae7": "Surname",
        "9fe2bf07-fb15-400f-a719-06fec8c20a69": "Title"
    },
    "Role Type": {
        "06bf9b3b-c7c4-466d-8f5c-40e507de0cb5": "Aerial Photograph Interpreter",
        "1a047c3b-e377-4617-9ebd-67e02b37dd49": "Aerial Surveyor",
        "a69c21b4-34e2-4781-b6c8-5c539e6fe14a": "Agent",
        "9d4cd90f-6794-48f4-a9b5-f57399a93ccb": "Aircraft Crew",
        "2447df49-2279-46d7-9a64-b080633f0391": "Annotator",
        "95538e79-015c-4fce-8563-0625ab4e4835": "Antiquarian",
        "b2489138-dcc5-4151-999e-977809179bb3": "Applicant",
        "58efc6e4-840b-43e5-b91f-0cf087833e75": "Archaeological FIeld Investigator",
        "92c713e8-7057-4175-beab-53b37152f956": "Architect",
        "e1bb29b8-3a86-4dec-a04e-323eebc9981d": "Architectural Field Investigator",
        "fc0f5902-ec10-48ad-a445-15cf14e67acb": "Archive Holder",
        "534be06e-8f14-4ae1-bd3e-616e9e7c7a22": "Artist",
        "c8c2355d-aede-4208-952b-18ddbb8e58c9": "Auspices",
        "2aab4259-2381-4987-907a-fa461dfc0adc": "Author",
        "e6b4d6bd-be27-4046-ae8c-ab1dba679647": "Authorizer",
        "359acf9b-81d5-45b6-a7dc-e2481e4234b5": "Builder",
        "26fbc26c-8235-42e2-a099-923352a32a28": "Captain",
        "4f642ecb-9b82-4981-898b-c02872c5034f": "Cartographer",
        "50a525cf-acd5-49cc-9123-4247f6418145": "Casework Officer",
        "d08c54f2-49f6-4e41-ac55-5a76e88349fc": "Cataloguer/Indexer",
        "eb25f44a-d061-41c5-9224-61199bc67461": "Chairperson",
        "1a17029a-aef4-449b-a3c5-608b9cfd4d08": "Client",
        "306f95db-4733-4f06-bfae-7c84d1068fef": "Collector",
        "6d43b7a2-ea7c-4ffe-a688-d2032386d6da": "Compiler",
        "865e63c7-1ba8-4dd5-9fa5-a90fc4faa718": "Contributor",
        "52bfc0cc-8958-429e-b0c5-8928a4b3ea5d": "Copyright Owner",
        "f9a2893b-655e-48fa-af3c-8d09d37c9ec2": "Correspondent",
        "c75c194b-78ab-45d6-a977-1ec975af1df3": "Craftsperson",
        "d592efb4-a6bc-48a3-82f6-4b4b75f6f2b9": "Creator of Archive",
        "5222ec26-e41d-4265-bcee-414a9c0d5e96": "Creator of Digital Copy",
        "1541abf7-3a3c-40d2-a729-08fcd2fb2633": "Curator",
        "db67e808-ada0-4dc0-b64e-5c7799900360": "Customer",
        "338cb2b0-490f-4aee-8cec-0205433495e9": "Darkroom Printer",
        "daa85d8e-64af-44cc-9535-61497c1cbffa": "Designer",
        "9e0c591c-8689-4ae1-bc0a-8d0ca02d8270": "Developer",
        "5f676939-94cc-4c9e-b26b-d89967ce6b75": "Director of Fieldwork",
        "b977853f-6381-4f69-89cc-e988106e9145": "Diver",
        "ea179f13-36d6-4875-8bb3-5f092edd695d": "Donor",
        "8b5e8dd9-2a7a-4003-a374-929d14fb45fd": "Draftsman",
        "8ad2ca80-238f-4b6d-b6d4-1040298bd2b0": "Editor",
        "0a32a247-2b40-4f89-a24e-ce9b88bac793": "Employee",
        "6244f189-df32-42ca-925e-ef938280b29e": "Engineer",
        "10a16ddc-6fcf-4b6f-8d70-6f3ce218ff38": "Engraver",
        "cb8c9109-512f-4f67-9a90-b5fe2fe20c00": "Excavator",
        "2dfbd199-469a-42d9-98ae-ca9354ae21c1": "Field Walker",
        "3ccb1f26-64a0-4a77-a61b-42b5a98678c0": "Finder",
        "a5934865-97b5-46f7-8646-3e1e40582b6f": "Finds Holder",
        "143d7eb8-d353-4d75-83ad-c39431fd8f6e": "Funding Body/FInancier",
        "b905829c-18f4-47ff-8707-a7207e1adb35": "Geophysical Surveyor",
        "db5c7cea-0a99-4c57-8e47-5c53a74a51bd": "Heritage Protection Advisor",
        "36fd7761-acb4-43cf-b2e2-1eacd2d5b6eb": "Holder of Original Archive",
        "51050582-b4d5-4ab0-ac4c-54970c3ed713": "Illustrator",
        "9c116ab4-0c1e-4fce-9c82-dfb856ac2e80": "Interior Designer",
        "615bd8ef-a763-4110-b3f6-adc31939d843": "Landscape Gardener",
        "cd0cf81b-07db-43ac-b69f-eb65d3275142": "Manufacturer",
        "60e589c3-53d2-49be-8dd1-2f3002af47d8": "Marine Aggregate Producer",
        "75d41027-ec80-436f-9a1d-7f59af316305": "Master Mariner",
        "17bfcc28-6fee-4a7c-a0f5-7bebe2d4cd06": "Owner",
        "1e17e638-0159-446f-9777-e3516624ba8c": "Painter",
        "0d5f1ee2-2910-46d9-858f-4040f113a79c": "Patron",
        "b7a88c28-509c-498d-b661-b5b38c4f914b": "Person of Historic Interest",
        "d00e6c07-63fd-4ec9-94b0-e5b4d47d4f1c": "Photographer",
        "8872bac9-470f-4eab-91bf-4f04e3f9acad": "Photographic Printer",
        "31a0f492-2c6d-4c1b-8bfa-74da97fa14fc": "Planning Officer",
        "51fcc84d-1af7-40aa-a7a8-8730d6bc0d55": "Preservation Management",
        "40067134-729c-4bdd-9e56-fc2db6dbf551": "Printer",
        "918e7b72-cc10-4a00-865b-83edb0798273": "Programmer",
        "6a08646f-a2d8-45f7-b2f5-bafa2200e1f8": "Project Manager",
        "ce07f348-d14f-4be1-a6f8-be2dec383fd8": "Publisher",
        "b9e65d90-d479-405a-91a5-d50a6bf8d909": "Recorder",
        "e7cb5beb-240b-4d91-a7e6-9b640cf642eb": "Researcher",
        "5ef1c85d-13e5-4995-93ce-1fbc3d62f7cf": "Reviser",
        "34c962d6-91e4-40cc-a75f-08e5b5572586": "Salvager",
        "38397528-2de1-40a8-ab21-19a98bcdc3f1": "Sculptor",
        "e0c04ab8-b6ff-4a73-bf49-3e3a703e1539": "Site Inspector",
        "81699e44-b133-45a0-9e37-14dbc24d2f0a": "Sponsor",
        "ee3430bb-2770-4fcf-b81c-05fdfcdbb168": "Stained Glass Worker",
        "7656f2b6-8aff-4e53-9d30-b9563bb86a42": "Stonemason",
        "f6cc0b65-54e5-4841-a877-8fe6d2559848": "Submitter of Archive",
        "ddbf586d-1970-46bd-ad19-c865eae3bddc": "Supervisor",
        "17bb17da-d181-44f1-aa07-b1b2b29556f2": "Surveyor",
        "1a10e042-d273-451f-9872-f0a5c19e5ee9": "Translator"
    },
    "Source Title Type": {
        "737e2e2e-d0dd-459b-9e83-5bc1bad7cd48": "Alternative Title",
        "c109d688-2ff4-45c5-873c-1a2ebc93d4fa": "Subtitle",
        "500a41d4-e52b-4448-9c08-fe9f0de7d8da": "Title"
    },
    "Historic England Archive Type Thesaurus": {
        "f9d4c4d3-745a-44ef-8f37-28ddad1c25bb": "Acetate Negative",
        "fa165459-c9b9-44fc-9684-9f5cfc0ff7a7": "Administrative Records",
        "53ee53bc-8537-4f3d-8f05-81d91691ddd8": "Air Photograph Transcription",
        "bb2f5d0b-a864-4bf8-88c0-28ea4351509b": "Album",
        "220d7434-d229-431a-8ee9-f5c2bf167ad0": "Albumen Print",
        "8c07f7a4-2bc8-4321-bbde-5b8e862faff3": "Annotated Map",
        "7bc92c08-cb62-43f2-963c-c5c1731240d2": "Antiquity Model",
        "c8058caf-8d33-4fcb-950f-dee0067359e9": "Archaeological Sketch Plan",
        "cacdfd1d-1ad2-419a-bb00-ba9bbc3db74f": "Archaeological Survey",
        "42003c66-c134-4419-afee-8fdd05e8861b": "Architectural Drawing",
        "aeb22062-59c9-4a2b-84f7-e701c3bb0769": "Architectural Plan",
        "be00c12c-1079-4297-a289-326ae4fb7643": "Architectural Survey",
        "e34953b1-fe5e-463a-ba8d-59635bfb867a": "Art Material",
        "f5f4a64b-7e73-40a7-a7d8-01b8147f46af": "Art Pad",
        "2955a513-c296-400f-9a72-63efbe999757": "Artefact Drawing",
        "22ca1922-4d0b-46ce-92d0-475c40a73e95": "Article",
        "40a84993-f6fc-46b2-b35f-cb5a5994e83c": "Audio Cassette/Tape",
        "9549af99-e55e-4e5d-af2e-1630f0b6ec61": "Autochrome (Dry)",
        "c68bcbf0-a034-4a45-b062-69fd5be0ed79": "Autochrome (Wet)",
        "932b9ddd-da58-43e9-95a1-5c3da0ab8e5d": "Axonometric Drawing",
        "d62013ae-977e-4869-a999-ff986686e427": "Book",
        "63f3b176-b2d9-488b-9f73-22ec316a7783": "Cadastral Map",
        "339b8360-ce68-40eb-b02b-b7adf0644a92": "Carbon Print",
        "9c710bbf-5f4b-4d78-99aa-b57717005f42": "Carbon Print Interneg",
        "90988fb3-594b-4301-bd57-189c08b3d7b8": "Card",
        "e05444f7-38a9-4f26-84ac-6f0ec9c822a2": "Card Index",
        "747393c6-daeb-4cbb-869e-f33b6a03416f": "Cartographic Material",
        "3027d437-a4af-4669-8a79-89a58801964c": "Catalogue",
        "beb649d3-5c76-4af8-ba8b-e6cbcac8c89a": "Chart",
        "bd1b23a2-22b5-48f2-b6d6-3b93de238d64": "Cibachrome Print",
        "42569835-ae00-451c-a9e6-32ac00f3cb94": "Colour Print",
        "2f557002-7e15-4fd0-bd9f-dd18ad09aaba": "Compilation",
        "05e4cf97-7f2b-4c78-9468-4b679fa208e5": "Computer Disk/Tape",
        "036698c2-4680-4aa0-99e9-c669e52e3b0d": "Computer Generated Plot",
        "8ca6ff6e-a7e3-4cb2-9a83-59b6f976f9ac": "Contact Print",
        "2c1ca4dd-a7c6-49ad-bb64-dc646f83659b": "Context Sheet",
        "6dc9b690-f952-458e-91c0-dced1618252f": "Contour Survey",
        "4347bb20-d400-4104-92e1-98b218123465": "Correspondence",
        "e9ab5f06-64ef-46df-80ae-448bb8556bff": "Cyanotype",
        "c5517cfc-dd94-4a18-b68f-317d7444893f": "Data",
        "237b3c91-c746-4338-bafe-a1f7dfcfdf2b": "Diapositive",
        "deba216c-c130-46f8-9577-6886e5625bf0": "Diary",
        "7bfdd86d-2e87-4f69-b42e-620cdccdce66": "Distribution Map",
        "a060f1d5-faef-4ba6-88be-3ca7f5591647": "Document",
        "8052c63b-c0c6-4369-b56e-90fd8dae4906": "Dry Plate Negative",
        "5969aed3-9ebe-422a-a37a-69075a537a7a": "Dye Transfer Print",
        "6481323f-d4ac-426a-88da-9898f5f1fb3c": "Elevation Drawing",
        "40579da9-20d2-4287-9f4f-ba4c0febc879": "Engraving",
        "db25e8a1-b860-4e52-8967-e40c50beff51": "Excavation Drawing",
        "486e0d6f-13e4-4d1b-99ac-4f26293e4e98": "Excavation Plan",
        "3838e892-8628-444f-ad9c-a095f8ee7419": "Extract",
        "15459f72-3a48-4853-9099-86e44689f50f": "File",
        "76687695-0679-479e-839d-c83152a748df": "Finds Index",
        "92befd3a-a1ac-49e1-8dca-ba083920caf6": "Finds Record Sheet",
        "3576244d-b360-467b-87e7-8ba865db5984": "Gazetteer",
        "1a011f38-ad39-4b2d-a4e1-c1c4b465d6e5": "Gelatine Print",
        "5d3b2f45-b151-4583-a1b0-bd314dd05b7f": "Genre",
        "8e09d4f8-0be0-43f4-9f04-68524c4f9705": "Geophysical Survey",
        "b3b42f41-2167-4497-835e-7be1de60d525": "Graph",
        "3255ca6b-fd77-4a96-9436-f371cb3e82f1": "Graphic Material",
        "5b347316-2321-4ec1-866a-9c4c08a4e78c": "Halftone",
        "0ff4ad6d-36a3-4e61-8979-f4e7634033ae": "Index",
        "b133611c-2559-4b79-b277-f480e2eed8a9": "Ink-Jet Print",
        "abaeac25-5bb0-45a9-9518-f28ef325aed6": "Isometric Drawing",
        "3e2b93f7-bb34-48fa-ab3e-36814457188a": "Journal",
        "20c53356-9aa4-45e9-8a62-3e2d5b967837": "Lantern Slide",
        "a1bc7521-9744-4cea-8117-d5e6764cffc5": "Lantern Slide (Dry)",
        "0c45eec1-2d4d-4b4a-b10f-dc5b8579fdae": "Lantern Slide (Wet)",
        "38ce9aff-c745-4306-ab0b-9b573c3701b7": "List",
        "45789712-2230-42b2-b96d-9f11b839fc90": "Location Plan",
        "697b1a09-f579-4bc7-b0d8-2357f176518d": "Manuscript",
        "2fdfed6c-2a54-457c-936c-10b101602bdf": "Map",
        "6c7866fa-0c89-4492-adab-9dc0c8d8e224": "Matrices",
        "8fec16d6-ab1e-47ce-82b3-a0b699e6b1dd": "Measured Architectural Plan",
        "fb614449-fe4d-41a8-bd22-8b51b904a1de": "Measured Survey",
        "03d0f20d-11f5-469a-98c3-1fca7721dea8": "Microfiche",
        "4428c4da-bf2d-43d2-8a49-96472ca4eebc": "Microfilm",
        "e61a2e78-4e84-433d-957a-4a7f32e409ef": "Miscellaneous Material",
        "31f74f0e-51af-431d-8d63-76dba5430ef9": "Monograph",
        "a8fc4b5c-e026-44a7-bb9f-ca748fd90264": "Multimedia",
        "ff90a4b4-34ba-4753-98d4-ed4ab076b07c": "Museum Records",
        "5d17edcc-61c9-43a3-97ed-8a7624e06ef4": "Music",
        "f79d8dcf-2c92-48d1-acb6-4e53bcaa2777": "NMP Morph Number Sheet",
        "b0effa19-1b99-4faf-9a07-f4d586383390": "Negative",
        "6af9671e-5f7c-4474-a428-5c732ac32ea6": "Nitrate Negative",
        "177b1097-342f-44ac-aace-9e0b573efcfc": "Notebook",
        "0ba9efb0-9b16-4e1b-82b4-2468676ccb1a": "Notes",
        "22bf27d5-4d1c-45f7-bb26-efe146b2037c": "Object",
        "95834f24-6a9d-4bbd-89d2-c19d1003e879": "Offprint",
        "1f3b6c08-f3f8-4005-bdb5-f27d814cd769": "Overlay",
        "ebda4f35-af38-49dc-9099-130df8165c48": "Painting",
        "901a823e-36f1-4387-b3d3-0bdf30c3c954": "Pamphlet",
        "a53f22ba-2460-4186-affc-83ebe1fd91d2": "Paper Negative",
        "fc93821a-0aa6-441e-b424-27c012059752": "Perspective Drawing",
        "3f913f2b-f8c2-4367-9ab9-de5ae232dfab": "Photocopy",
        "71c0eca8-4000-4b46-a6d2-fdf137661286": "Photograph Album",
        "a2296faf-a891-42e0-ac4e-ee1da5811fb3": "Photographic Material",
        "4313eb8f-e067-46ff-80a6-dcab7981d753": "Physical Characteristics",
        "ceb01db6-1698-4b43-b026-182c2d565064": "Platinum Print",
        "c13d3307-e268-4308-bf98-1f9ce63fb973": "Polaroid Print",
        "6fe75226-89b6-4547-913d-2fa0c664c334": "Polyester Negative",
        "356f8297-77c6-4c1d-bd89-6b37f0a1935f": "Positive",
        "8c110052-2b59-4804-8dc6-233e8e2104a5": "Postcard",
        "caa4a715-ed40-4f13-b5ab-fce7d63c2ef1": "Print (Art)",
        "bfa33aca-d681-416e-80c0-85d8d78a7459": "Print (Mechanical)",
        "8a2a862a-b815-43a1-9ece-4705b1c73594": "Print (Photographic)",
        "97493224-eef9-43b3-bf25-6e87945c8d0a": "Printing Out Paper Print",
        "c24bb79c-7f32-45e6-a4e7-bd4931c7dcde": "Profile",
        "3ba1a19d-ae64-4937-ad74-b7b05d3877b8": "Project Documentation",
        "43855690-d697-4b37-b7fd-7d81b0d9145e": "Projected And Video Material",
        "e34f02bf-0fab-4c10-a073-5b0020445a19": "Published Material",
        "9eb6aeb4-979c-4c4e-83a0-6c3b1d6b4278": "Reconstruction Drawing",
        "9fd92954-6090-4467-a856-08a2974e88b8": "Record Sheet",
        "09b489a4-972d-4495-8541-47cd5c520e13": "Report",
        "5f372a1b-6d1c-4177-995b-54d0cf53d25d": "Rubbing",
        "273b7fd8-9a5c-4129-a154-8bdcfaefb475": "SIlver Gelatine Print",
        "6dc187d3-82f4-4439-be26-4836a8256e85": "Sale Catalogue",
        "92b422e8-2c6d-4a73-91cc-8a2e4bd62d8f": "Salted Paper Print",
        "7f7b791a-30a0-4d6f-8b76-0bdf16a6d09c": "Scrap Book",
        "39bf8a54-5697-49e2-9450-6700c137f197": "Section",
        "c9440e2f-ba45-4e5a-a1fb-6060ad8a997e": "Serial",
        "c447f9ba-ce56-43ab-a4e0-e3f056af2cbf": "Site Recording Form",
        "787662f1-e3f5-46e7-bf62-1bfacfe1fc39": "Sketch",
        "561352e9-51db-403c-87bd-166129f41e7d": "Sketch Architectural Plan",
        "7b9d3402-16f1-44f2-bcae-18d4707caf31": "Sketch Map",
        "6825a5f5-da26-48b3-8571-2313dabacf61": "Slide (Photographic)",
        "6891ffb7-e072-4010-9bf8-4110c6dbe9fe": "Society Records",
        "5c05de73-1438-4c06-a297-6157496e8c85": "Sound Recording",
        "0c60ba15-9086-4a89-b481-9919c7f82ba3": "Survey",
        "5daf9a14-e299-408e-8bfb-18b6db8abf27": "Table",
        "02c450bf-592f-46e1-ad07-6467e9235f93": "Thesis",
        "9a96ed8b-db53-4d88-ac7a-b1f4ea44d86f": "Topographical Drawing",
        "78a71949-2257-4e02-b719-b6237977d750": "Transparency",
        "adb6c62a-580d-4905-9006-a38f4bbe3237": "Typescript",
        "d548cd09-22d4-4a9e-8b59-7ee23790b398": "Unpublished Text",
        "0bfdd158-6fc3-4b23-9d03-000316efde0d": "Unspecified Archive",
        "af9bdd53-22e9-465b-bea1-80877a797c0b": "Waxed Paper Negative",
        "df9b3e1f-ddfe-4a44-9cf8-2393c9d6f53b": "Wet Plate Negative"
    },
    "Copyright Type": {
        "bcc0a33c-4d3f-4f2a-a7e0-3bab465b9136": "Copyright - All Rights Reserved",
        "49189f3a-261c-44a2-8361-a0ddf72fea22": "Copyright Licence (e.g. Creative Commons)",
        "95b62283-80d4-4e97-9744-9afdf9a1450e": "Crown Copyright",
        "63035028-096c-4b84-931e-9f91a57723c4": "No Known Copyright Restriction",
        "c2b51d0c-9700-480a-9dce-a3141f3ffd83": "Public Domain"
    },
    "Date Qualifier Type": {
        "39a33725-9b43-47b0-9997-daa99ab29d26": "At some time",
        "586a2776-7f4a-4be9-9219-3a9896c7f965": "Between",
        "ece5f508-b292-480f-b727-36251846bd4f": "Occasionally",
        "0493601e-3491-40a7-a651-6fd8d9dbdce5": "On",
        "01b88eda-4eed-4f6d-910a-48810acf92b5": "Once between",
        "b51853b9-08ad-4d73-b932-ff6c68f4ba18": "Post",
        "d2ba282f-8dc3-4a4f-8b97-5c24cb2b9a68": "Pre",
        "a6dfc54c-a130-4ab9-ab29-ec659f8158a9": "Throughout"
    },
    "Currency Type": {
        "c2051d53-40e7-4a2d-a4b4-02a31da37fd1": "Current",
        "e756530f-40af-4a88-a1d5-39b03c1b809a": "Former",
        "2e820298-0d7b-4810-9e46-e16f255b9631": "Historic"
    },
    "Name Use Type": {
        "e9170ee3-3455-4ec3-b596-475c0969f3bf": "Alternative",
        "85c26c81-e356-4454-a2ba-67e7ad9b95cd": "For Correspondence",
        "ea504636-00ea-4a87-9416-20e7d9c81303": "Former",
        "22093d13-ca7b-4e7b-9927-33f8d626ea36": "Formerly identified as",
        "42cd842c-6f60-4a86-a3f0-15c41b1bda1e": "Latest",
        "c18a4041-622e-42a2-89ef-1755cffd0fd6": "Maiden",
        "03c12675-14fe-4c42-8003-4ea9e8505374": "Original",
        "2df285fa-9cf2-45e7-bc05-a67b7d7ddc2f": "Primary",
        "4da7d1c6-fab7-44a4-a758-954e0c5a47c8": "Pseudonym",
        "1375c169-f815-4745-9e90-4a726dfe8796": "Registered",
        "d14530a7-dfe0-44cd-9e30-10472863bd52": "Sobriquet",
        "78df4478-ee6c-46b7-8321-38e9767c12d1": "Statutory"
    },
    "Cross Reference Source": {
        "27e7896d-0c65-47a0-8fcd-93c9adda9410": "AIP Record Number",
        "9bdb6b98-011c-4a65-9b69-e398f8f5aa63": "Admiralty Chart",
        "bc037851-0d49-4876-b668-8efdb91fd6df": "Archsearch",
        "a378648e-abd5-447f-90e6-67d228f0bde4": "BAB number",
        "4d5ca7d3-a327-401a-b47c-a8c5867e9a96": "BMAPA/EH/HE Event Name",
        "4da4ed2a-280f-4c10-8d18-ddf6154ec75c": "BMAPA/EH/HE Find Number",
        "074057fd-416d-4a25-be79-176552dbac2f": "BMAPA/EH/HE Monument Number",
        "c0116545-cc54-402b-b1a4-a408aa26ccea": "British Marine Aggregate Producers Association (BMAPA)",
        "b0b5d72e-1263-46a6-ae72-0284c6a05d07": "British Museum Treasure Number",
        "7c249850-6a18-4600-a8da-f9952bb51213": "Canal & River Trust Heritage Record",
        "297a9caa-2b1d-4b95-a351-46f45b0337fc": "Collection Number",
        "414087d1-bb1e-491a-9e49-f900f7d96ccf": "Corpus Signorum Imperii Romani (CSIR)",
        "590fcaf7-8c5c-43c9-961f-71753e1f8a33": "DBRG (SURREY) NO.",
        "4e4528b7-50c8-45ab-be8b-32baa5d877cf": "Defence of Britain Database UID",
        "0ac906dc-ccdd-4df9-ac88-f6d11e576528": "Defence of Britain SMR Reference",
        "f666c25d-90a4-4b1d-bca6-465a7e4815ce": "Designation Number",
        "69538c61-a327-44b0-b35a-b6d005fed110": "Dewey",
        "ab268f1d-13e5-4257-bca7-26a7ce627ab4": "Droit Number",
        "bfb13004-2ae8-49b5-8e9e-bf434d45ab11": "EH Photo Library Number",
        "1e86de3e-f670-4c3a-9b8c-9c33504db5ac": "EH Property Number",
        "a92f85b8-86df-464a-b3b3-5e80174f0537": "EH Survey Report Number",
        "478272ff-e184-4b5f-8c34-578320939656": "Englands Rock Art (ERA ID)",
        "b21f7278-6b54-4540-97e4-42c5eb78c2c9": "English Rivers Palaeolithic Project",
        "7846c526-f31c-4874-a0d2-3d75e06b84ee": "FIPAD/EH Event Name",
        "82f958c4-7b3d-4dc8-a49e-fd85fbd03abf": "FIPAD/EH Find Number",
        "ac4756c5-7f7b-4648-821b-a440aeaafd27": "FIPAD/EH Monument Number",
        "ca0ad086-4627-4734-b3cd-63c5fc580dd5": "Fishing Industry Protocal for Archaeological Discoveries (FIPAD)",
        "9c9c6c8e-16a4-4f93-affa-4e8e746be81d": "GLHER Legacy UID",
        "4130ba17-ed76-424c-9ea3-e0223672df73": "Guardianship Number",
        "ba278a77-cfe3-4767-870d-c594e55a6ddf": "Hart Number",
        "142df8dc-657c-4485-98f0-113ce3bdcf38": "Heathcote Tumulus Number",
        "20604011-72e9-40dd-8d92-2c7d522fe4a7": "Heritage Image Partnership Number",
        "248b9332-5c55-4d97-9f61-b803e1aff989": "Historic England",
        "28e773e4-de89-410c-b314-cb5d44fe27a7": "Historic England Archive System",
        "19afd557-cc21-44b4-b1df-f32568181b2c": "Historic Environment Record Number",
        "8eb06feb-ea57-4f0e-bb13-1b5c6d625b55": "Hydrographic Office Number",
        "8a943204-84e8-452b-b1ad-a8406c00b469": "ISBN",
        "9ab14abb-0bfb-49aa-918e-2b6ae4929fe0": "ISSN",
        "50ad49b2-fde4-4fbd-8bef-b0e9cb3aba26": "LAG number (GLAAS Ref)",
        "5fabe56e-ab1f-4b80-9a5b-f4dcf35efc27": "LPA Planning Reference",
        "edb848cd-4661-4f76-b6f0-3538c2f9d1b3": "Libref",
        "c4d7f6a2-2382-4669-a003-b386558495ed": "Listed Building Application Number",
        "08d086c5-9db1-4c67-a267-c4c16e7e350c": "Listed Building List Entry Legacy UID",
        "3ca8418c-f6ae-4313-905d-f40398bdea12": "Listed Building List Entry Number",
        "f88290ec-616f-4301-83eb-b2f6f7e7648f": "Local Nature Reserve",
        "1fff52de-ffdb-406a-b919-e6356be1e461": "London Parks and Gardens Trust Site Reference",
        "fca88b41-92a8-4b68-9d07-7e720727a321": "MORPH2",
        "173f81de-b612-4961-ac25-9d10e906d233": "Marine Aggregate Licence Area",
        "d25a36e0-83ce-45ff-8d50-1a8feebc361a": "Marine Antiquities Scheme ID",
        "b972a3b8-66e7-421c-938e-06e9f6517efc": "Measured Drawings Number",
        "febc31d4-5396-481f-a73d-5058bbfe5deb": "Medieval Settlements Research Project No",
        "8f37ed1e-fc86-4547-8f4e-aa3f92879bb5": "Museum Accession Number",
        "b7026c8b-e407-4dec-9225-b82b7cbc87aa": "National Archaeological Record Number",
        "224ea66f-33bd-4c0c-a817-e7d4edd153d1": "National Buildings Record Index Number",
        "ae835da7-0575-4804-b1c9-b93c2b296014": "National Inventory of War Memorials",
        "804a489a-be93-463b-b1f6-4f473b644279": "National Monuments Record Number",
        "f3d98f42-c698-488d-87e8-7ea880e18a85": "National Record of the Historic Environment Number",
        "6c5e3943-f1ad-4f81-8c94-93d1912acfa5": "National Trust Project Reference Number",
        "477a3c15-9b0d-4e19-9462-ac58a088bd21": "Network Rail ELR Asset Number",
        "e9cd1214-8615-460f-8837-c055c8cd1967": "OASIS ID",
        "9987b04b-a837-4070-a9b9-d5531210bac4": "ORPAD/EH/HE Event Name",
        "c625b663-6b0c-4acc-8280-a0845d0afe58": "ORPAD/EH/HE Find Number",
        "b2ebf706-e6ab-4d2d-852c-8056430da053": "ORPAD/EH/HE Monument Number",
        "fbf2a841-069c-4f77-9e72-2fd379e25919": "Offshore Renewables Protocol for Archaeological Discoveries (ORPAD)",
        "3b42b9d1-9f9a-439b-a4fd-19a7962ed63f": "Original Photograph Number",
        "ebdd2bcd-fd56-4e69-bd4b-43a88635cb53": "Original archive object no.",
        "da05d80b-2406-453b-a21a-1faaf5a7965b": "PSA Negatives Collection",
        "514a6350-370a-4691-88a3-cea7df774303": "Photographic Job Number",
        "625db5b9-f747-4abf-9d76-25d03876466c": "Pulhamite Database",
        "ddee0721-c5e6-47b3-9a15-9749f4035948": "RCHME 35mm Series",
        "a553d5fd-ffba-4dc6-84e5-f21a8773313e": "RCHME AA Series (1996) (4 1/4 x 3 1/4)",
        "822fe834-003a-4561-ab8a-80b0f2307e84": "RCHME BB Series (1996) (6 1/2 x 4 3/4)",
        "3d66bc7b-0fa8-4f4b-8771-f9af33b4d516": "RCHME CC Series (1996) (8 1/2 x 6 1/2)",
        "e22d5981-b0d3-431f-a205-cd18750a89d3": "RCHME DD Series (1996) (10 x 8)",
        "9d2e21cf-8e16-4bb6-be75-b1d116b5beb4": "RCHME EE Series (1996) (15 x 12)",
        "a2aebdfe-42e9-4458-ba7b-64f69dd85f40": "RCHME FF Series 1996 (6.5x4.75) col tran",
        "2bc66f56-0d90-444e-826a-a26eddee422f": "RCHME Microfilm Index Number",
        "ef38c162-892f-421a-990c-2f00740cfe97": "RCHME P Series (Print numbering scheme)",
        "01ba15c9-373f-447c-89fe-b9c3abc31491": "RCHME Photograph Series",
        "e61bdf71-588f-40f0-bc71-6b48354cffef": "RCHME S Series (Slide numbering scheme)",
        "63519ba9-8f9e-4953-82ee-2344a0ab7709": "Register of Parks and Gardens Legacy Number",
        "a5aa4298-3b42-4cb3-b8e8-c5d9c6e3cb71": "Roman Inscriptions of Britain (RIB)",
        "52e944b1-d258-4b3d-8abb-35b96a9d997c": "Roman Road Number",
        "afaf19c7-bfdb-43d7-aec4-f2af3cdd2edf": "Scheduled Monument Legacy (County No.)",
        "7b99a04f-3cef-4b2b-b894-8034c872d752": "Scheduled Monument Legacy (National No.)",
        "5f6ba900-6f15-497f-a9c3-feb54741f656": "Site Code",
        "2194b4df-83fb-48cd-9b19-f9a9868e4c33": "Superfile number",
        "69023356-49d9-4cf8-84b8-9d61467f96de": "Threatened Buildings Number",
        "b4a13384-ea51-4701-b1c1-823f52280dae": "Unified Designation System UID",
        "af5c61cf-ca3f-4fe1-bb4d-61f19665ffda": "Urban Archaeology Database Number",
        "2065fe1f-d4e1-45b1-a849-ce0e09b7fff0": "Webpage"
    },
    "Languages": {
        "27643bdf-984f-42ea-bae8-b9e315d96a31": "Chinese",
        "b5f1ff2d-d667-4c4e-86a1-c17fa4b9447b": "English",
        "1eaca20a-0277-4118-974e-82f9136411dc": "French",
        "a10578b8-ab21-41cc-835e-3d41c1216d1c": "German",
        "04c7ae17-824c-4eb9-b73d-bbc31d1c3ea1": "Greek",
        "2521065c-8d4b-4e97-bc86-f263e62ffb7c": "Latin",
        "35e8413d-d6c1-4f5a-a99e-8aa830100df8": "Middle English",
        "22f7263c-7432-4b65-8c36-ea588876c860": "Modern English",
        "890d6f40-d240-4da1-afc5-1e85772438d7": "Old English",
        "afa1f475-3273-4110-88ef-fb6e77cdee80": "Old Norse",
        "c208a3d2-df1d-4514-a188-a7cba1239e9a": "Portuguese"
    },
    "Reference Number Type": {
        "8143c8e3-dc87-46fa-b672-d9a4a9b6303d": "Archive Object Reference",
        "a297378a-41af-48c5-9e75-2aac61b96677": "External reference",
        "59b0e616-3c31-424c-8c32-2bf82e49b086": "Planning reference",
        "1992741b-cc36-4613-b04e-943fa8c9d6fa": "System Reference Number"
    },
    "Measurement Units": {
        "cf6d429a-5653-4781-b396-932c29dbea55": "(the number) one",
        "ee8734b6-28b6-4813-a578-951c984a7cbe": "1 per metre",
        "cfed82bd-9f07-4a35-a482-af52eeeb2f04": "Amperes",
        "af52fad7-2c1e-45c2-9558-eb71fe167594": "Candelas",
        "7c6d910f-0274-4a48-a2b7-d983372d7044": "Centimetres",
        "f259bdb9-8dfa-49a6-b07b-550460fb078d": "Container units",
        "2f378ce0-0736-4300-bdd9-25b0d46443cf": "Grams",
        "e2254499-ce9c-4d19-ba3c-42e3ff99c97d": "Imperial units",
        "05155b39-641c-4bf1-b46e-7d3dacf7606b": "Kelvins",
        "d09a82c3-f393-48a6-b0d9-9693636aaf5b": "Kilograms",
        "b20d111b-ad4d-4b71-9f56-3380b8695481": "Metres",
        "a2b16d78-8acb-4fcc-9584-21d6e8fb6352": "Milligrams",
        "701622db-2126-42c8-acda-73b1496ea2a9": "Millimetres",
        "da1d68eb-4f69-4ae0-b679-a501fca6d69c": "Moles",
        "ef91d2ff-a5de-4754-b981-16d7de6b6764": "Non-SI units",
        "66360af9-2da2-46af-95fc-83ef87b34d23": "Pages",
        "ee5e993b-847b-4884-8dff-654977e6b360": "SI Base Units",
        "f9ffa1e2-3d49-4a45-ad9e-6e89ba21cd18": "SI Derived Units",
        "f2a3706c-5835-4a9e-a12e-b0c7e8e05d5b": "Seconds",
        "dc88f750-33b9-4ea0-a8e6-b819a0751f3d": "acre",
        "859d4cfe-b1ce-4aee-a505-8b5c743e77a3": "ampere per metre",
        "5b4d8cb2-50ae-4c15-b2fe-bfe769357ea2": "ampere per square metre",
        "3d1fe776-eb33-41ce-a39f-ba2c8199aa33": "bay",
        "4bab1f18-1fdc-4fc6-abd8-6c795440376d": "bel",
        "8d1cf768-816e-4383-8b3a-fbf0decad2bd": "bookcase",
        "4c9ee2d8-5db3-4f3a-8b09-10f9279ba9fb": "box",
        "3b772543-e5ed-4e9c-ab9f-23a6d5344e58": "cabinet",
        "78ff1982-bda1-41d3-a91c-155dee8e5f4d": "cable",
        "149ccee1-f970-4c56-8fe9-e511d631f31b": "candela per square metre",
        "1f022d03-e261-4edb-aa6f-a74c3a1dd041": "chain",
        "e14b07a2-e519-4d33-bb40-0782b3b8326c": "cubic metre per kilogram",
        "edbae619-a09d-4cf7-a7cf-6bdb76b090bb": "cubic metres",
        "aef467e8-5a99-4cf4-9564-f358dfc16fda": "cupboard",
        "b9d2df96-de9b-453c-b643-b754fc0a68e8": "day",
        "3b486961-5696-46e5-af53-dd7e7cc56dc2": "degree of arc",
        "24b385c7-cfac-446d-8715-58f2deae2ca9": "fathom",
        "a7538314-0537-483b-82cf-06c1b5ef6b52": "file",
        "123221f8-548e-4e82-b323-5eb5fb719bff": "file/folder",
        "fb5f9945-295a-4693-a6c2-739eb58a3bbe": "foot",
        "8a8e698d-70d2-4f09-bb53-94763cdde9db": "furlong",
        "07ec3406-2317-47e2-b692-2ad7bc4d1584": "hour",
        "ce81cdfc-6db3-4e89-91b6-035189f4df55": "inch",
        "9aa707fa-d36d-4c1a-af38-961c62e94b60": "kilogram per cubic metre",
        "fc12f2d9-6b25-419d-b0c8-b3b9a4d4f8c9": "league",
        "6663a517-b59c-4798-8adb-8009eb1bf7ae": "link",
        "66aacaab-22c1-47af-8cd3-7cd6c2975fc4": "litre",
        "66b2b76f-a0d1-4011-9780-7beccf86b06e": "metre per second",
        "f7e9cf36-2fba-40b9-a7d8-ca334d0b2724": "metre per second squared",
        "b494b0bd-f02e-4f96-82e9-f75b6e8df94d": "mile",
        "bcadf4f6-68ee-4662-9099-472d4e4afa16": "minute",
        "cbef2081-67a3-41df-aea0-2c166e826d40": "minute of arc",
        "0c74d6a8-850d-41e9-aa01-f5407359cf22": "mole per cubic metre",
        "9848b72d-a536-470b-a16d-d03e0895b984": "nautical mile",
        "8b889bff-4fcb-484b-9ac3-8e4027c0a5e9": "neper",
        "050acf9a-7034-436f-ba1a-1697a77fa48f": "perch",
        "05a812f9-7da8-46f1-95f0-7ba1a8675888": "plan chest",
        "c901ce9d-388d-4576-affc-fcf86eeed89d": "rack",
        "1088afe4-6fbf-4ac9-8132-0819a6569b93": "rod",
        "34900a98-9e45-4156-a47a-91609ee9202c": "rood",
        "5a9f0a28-1bc3-40fd-8283-b019b00ecd39": "second of arc",
        "1ed01bbb-e390-4e68-86c0-78f9c2de29a6": "sheet",
        "746cf926-3cd7-4fac-841e-751a345153c1": "shelf",
        "404cfa8e-b4a9-4d62-b4a7-55e75099f0ca": "square metres",
        "e95918d0-62ea-448a-8993-e44493ddb1e2": "thou",
        "8262227e-3fd5-4408-9b03-c53c5bf277a3": "ton",
        "d1dbf9fe-fffb-4f80-834d-03ee874cf990": "tonne",
        "b3984437-3e42-4603-bd7c-2121f3196d56": "yard"
    },
    "Information Object Part Type": {
        "bdb339b0-0f97-43f7-859b-3a03f6e60ea1": "Source Figures",
        "5e878125-f49a-438e-9256-10d36a39d4a9": "Source Pages",
        "f8062103-0421-41ec-a1c6-2927ea4414dc": "Source Plates",
        "8df2a226-a46c-41e9-bf58-0c320e9af0b7": "Source Volume Number",
        "b1d81a58-ed6c-40e6-9be3-a4682a96f5ac": "Source Volume Part"
    },
    "Resource Model Types": {
        "308e984e-5c8d-474c-826a-c20f81070743": "Activity",
        "d2b4b5fe-75b4-4f14-9912-20ff2e47b2de": "Application Area",
        "1e3ce70c-d4a2-416f-83f3-4b2368b3974f": "Archive Source",
        "e1845e42-238d-4d78-a729-637a0c59cc4d": "Artefact",
        "cddc150c-6dd5-47d0-b663-a8cdbc6efc36": "Bibliographic Source",
        "be46eab1-2c04-4582-b26e-3436bcf66be0": "Consultation",
        "de1e268c-2051-4af4-8b12-8793526408be": "Digital Object",
        "a1136034-32f9-4668-b93f-ab8d63b9343e": "Heritage Area",
        "f1f134ab-f05a-4861-af29-858d71cb02ab": "Heritage Asset",
        "74e4d520-94fb-4189-83c5-7fc41c81224b": "Heritage Story",
        "1800d6af-43f9-4986-a456-dfddd6275590": "Historic Aircraft",
        "81492c82-8a7e-4537-8912-1f96728d1cea": "Historic Landscape Characterization",
        "6492f888-d891-4afc-b4d0-d254681ece49": "Maritime Craft",
        "cba95052-f37c-428d-8d36-898baf3655b3": "Organization",
        "6526f7ec-e6f2-41a8-b143-c93ba1cf6b3b": "Period",
        "43a9df96-0233-4fb3-b3af-c904f20dec6d": "Person"
    },
    "Validation Type": {
        "76b11eee-ed2c-43ed-836f-2ac35f143d14": "Checked OK",
        "25bbe122-df25-4c68-92be-6bc2c122b3fa": "Delete?",
        "98288c60-5e6f-4adf-8e40-9ac99800cb07": "Needs Work",
        "6a38142a-c8fe-4922-9bc7-499acd91030c": "Needs splitting",
        "63455e24-5dac-436b-900b-b204e09ed6c0": "Possible Duplicate",
        "806b0b00-7a10-411e-a8fd-19cfe80c905d": "Revoked",
        "efa19405-f425-4d17-859e-3360497be46a": "Unchecked"
    },
    "Resource to Resource Relationship Types": {
        "ac41d9be-79db-4256-b368-2f4559cfbe55": "is related to"
    }
}