{
    "Metatypes": {
        "b9ffd5fa-c512-44a6-b1c2-87fd1e3cd519": "Activity Type",
        "f3b206ff-9cb0-4819-b9c6-17d14e4b4749": "Actor Type",
        "6bdffb5e-9f5b-44f7-a3a6-11cf81219fd8": "Address Part Type",
        "67b76fd1-4906-4055-b493-711c93fc0996": "Address Status Type",
        "20aa84bf-c35a-43c2-9b23-68b6f9eac5c9": "Aircraft Type",
        "4a3ba5e2-bb8b-4180-afb6-9b710f4e122f": "Application Type",
        "35999571-5ac9-4bca-abc6-db5ba2588253": "Area Type",
        "dfd57433-f8e3-4bbd-905b-885ebea87455": "Artefact Type",
        "953238ab-fefc-42e9-9b20-0b4441df2b41": "Asset Type",
        "d3b75e3a-638e-490e-8d1b-bbb5c504ce94": "Association Type",
        "9501a49f-024d-49b3-819e-43aba87db901": "Audience Type",
        "46f076c8-fd6a-4141-b74e-6c26be3725fa": "Audit Outcome Type",
        "59471da5-0062-407f-874b-714305c2fc5a": "Authorization Type",
        "d3284599-47b3-47fe-8675-d5a61086df50": "Capture Scale Type",
        "f2054168-b8dc-416a-b6df-f5aff733c0c3": "Certainty Type",
        "62f3f620-ea25-46c8-9a7b-dbadf23aa874": "Classification Type",
        "956f9779-3524-448e-b2de-eabf2de95d51": "Communication Type",
        "003c935b-e8f0-4df7-aa76-a670e4a7a532": "Compilation Type",
        "ffcdfdf2-0222-473a-934d-58dc6a703cbf": "Condition Type",
        "44b1e6af-5c5a-4c68-9eb9-4eb43bdbe823": "Construction Phase Type",
        "33bc5cb8-8b69-4626-addb-5219adb5e467": "Consultation Type",
        "ce6cea2d-dd71-463f-8fd3-baa6c5c883a5": "Contact Point Type",
        "561dc137-3557-4e2f-986e-a8855cad74cf": "Copyright Type",
        "5a88136a-bf3a-4b48-a830-a7f42000dd24": "Currency Type",
        "59a0c936-3f60-44f9-9e37-67b6ed0f4fa4": "Date Qualifier Type",
        "84283ac9-c985-4e94-966e-b4bd78c658c3": "Dating Method Type",
        "6fbe3775-e51d-4f90-af53-5695dd204c9a": "Description Type",
        "c1201c83-09ad-415f-bb29-9b32c2fcf795": "Development Type",
        "823d2c4f-39ad-47d4-89b4-726ef167534b": "Dimension Type",
        "1cc6f0e9-432f-4177-bae1-16cab5afd3ac": "Evidence Type",
        "dbc18bc0-ec10-4623-b866-52ece47d9780": "Feature Shape Type",
        "29883a1e-2323-467d-9c2f-e54ec09e2817": "File Format Type",
        "f1a24b1f-7a72-4718-b54d-604644cc9e99": "Geology Type",
        "bb33f953-2a12-44ed-9fe7-4cd5023104cc": "Historic Period Type",
        "9d51623c-3994-4074-9ed9-2abf04330ae6": "Information Object Part Type",
        "48b0ffe8-d72c-4152-9e00-24910d60202d": "Information Object Type",
        "d079f49f-13ed-480c-87bb-e5c77ee901e2": "Land Use Type",
        "d5366899-09ec-4db1-8a49-a32b7e4784e3": "Language Type",
        "c9f3250e-55bc-4ebb-b0cc-573d6de94884": "Maritime Craft Type",
        "d03ff048-0234-49c0-919b-c0c2376d7cb0": "Material Type",
        "495ecc6a-a265-434b-8708-d6b76bd9a30e": "Measurement Unit",
        "f7237328-5909-4c74-9109-a7de145a7088": "Mitigation Type",
        "a0e096e2-f5ae-4579-950d-3040714713b4": "Name Type",
        "04a4c4d5-5a5e-4018-93aa-65abaa53fb53": "Name Use Type",
        "e3d9c240-026a-4c1b-8a8e-0ec72541d32a": "Nationality Type",
        "38d853c9-da1f-4186-9733-adfa70d84195": "Organization Type",
        "1d5c7465-7225-4bca-b1df-045a86e286b2": "Ownership Type",
        "ff8c387b-3e3d-4f72-a6f4-fa0526f5349a": "Planning Outcome type",
        "4fa77fc1-252a-4930-a756-71dca73aaf31": "Production Method Type",
        "496b4a50-3325-4704-b1c5-57542dc62011": "Production Technique Type",
        "337514d3-a8a8-46c1-a89a-aea83e582a8d": "Protection Grade",
        "8687011e-9dfa-463e-89e2-79bfdbbe7dda": "Protection Type",
        "7346be23-bff6-42dc-91d0-7c5182aa0031": "Reference Number Type",
        "3dcc94f2-fe86-4286-b87f-047f13c8355a": "Resource Model Type",
        "b81d4b16-0633-4d7a-b4b2-5c2d3e2e782e": "Role Type",
        "65ef7ae0-6a6b-4fac-9324-41dd8e712880": "SHINE Form Type",
        "c6dd5482-6687-44ae-bb54-7d49e084664a": "SHINE Significance Type",
        "e6cf2f57-55f1-4598-ab1a-1f0c4285b9b2": "Spatial Accuracy Qualifier Type",
        "06643704-f7af-4e89-a959-a4021a1b3298": "Standard Deviation Type",
        "c9bc15cc-46fe-4d34-a530-a228854845c8": "Status Type",
        "7a518871-4949-4e57-908e-eb17751a404a": "Sub-Soil Type",
        "7fbf88a6-7e23-47e4-8739-f494d7ff8084": "Subject Type",
        "f69a6133-7583-40a9-8da8-f76d3a9de6db": "Update Type",
        "ae5d0ae4-4db5-4674-9af5-0e35801449b3": "Validation Type"
    },
    "Role Type": {
        "06bf9b3b-c7c4-466d-8f5c-40e507de0cb5": "Aerial Photograph Interpreter",
        "1a047c3b-e377-4617-9ebd-67e02b37dd49": "Aerial Surveyor",
        "a69c21b4-34e2-4781-b6c8-5c539e6fe14a": "Agent",
        "9d4cd90f-6794-48f4-a9b5-f57399a93ccb": "Aircraft Crew",
        "2447df49-2279-46d7-9a64-b080633f0391": "Annotator",
        "95538e79-015c-4fce-8563-0625ab4e4835": "Antiquarian",
        "b2489138-dcc5-4151-999e-977809179bb3": "Applicant",
        "58efc6e4-840b-43e5-b91f-0cf087833e75": "Archaeological FIeld Investigator",
        "92c713e8-7057-4175-beab-53b37152f956": "Architect",
        "e1bb29b8-3a86-4dec-a04e-323eebc9981d": "Architectural Field Investigator",
        "fc0f5902-ec10-48ad-a445-15cf14e67acb": "Archive Holder",
        "534be06e-8f14-4ae1-bd3e-616e9e7c7a22": "Artist",
        "c8c2355d-aede-4208-952b-18ddbb8e58c9": "Auspices",
        "2aab4259-2381-4987-907a-fa461dfc0adc": "Author",
        "e6b4d6bd-be27-4046-ae8c-ab1dba679647": "Authorizer",
        "359acf9b-81d5-45b6-a7dc-e2481e4234b5": "Builder",
        "26fbc26c-8235-42e2-a099-923352a32a28": "Captain",
        "4f642ecb-9b82-4981-898b-c02872c5034f": "Cartographer",
        "50a525cf-acd5-49cc-9123-4247f6418145": "Casework Officer",
        "d08c54f2-49f6-4e41-ac55-5a76e88349fc": "Cataloguer/Indexer",
        "eb25f44a-d061-41c5-9224-61199bc67461": "Chairperson",
        "1a17029a-aef4-449b-a3c5-608b9cfd4d08": "Client",
        "306f95db-4733-4f06-bfae-7c84d1068fef": "Collector",
        "6d43b7a2-ea7c-4ffe-a688-d2032386d6da": "Compiler",
        "865e63c7-1ba8-4dd5-9fa5-a90fc4faa718": "Contributor",
        "52bfc0cc-8958-429e-b0c5-8928a4b3ea5d": "Copyright Owner",
        "f9a2893b-655e-48fa-af3c-8d09d37c9ec2": "Correspondent",
        "c75c194b-78ab-45d6-a977-1ec975af1df3": "Craftsperson",
        "d592efb4-a6bc-48a3-82f6-4b4b75f6f2b9": "Creator of Archive",
        "5222ec26-e41d-4265-bcee-414a9c0d5e96": "Creator of Digital Copy",
        "1541abf7-3a3c-40d2-a729-08fcd2fb2633": "Curator",
        "db67e808-ada0-4dc0-b64e-5c7799900360": "Customer",
        "338cb2b0-490f-4aee-8cec-0205433495e9": "Darkroom Printer",
        "daa85d8e-64af-44cc-9535-61497c1cbffa": "Designer",
        "9e0c591c-8689-4ae1-bc0a-8d0ca02d8270": "Developer",
        "5f676939-94cc-4c9e-b26b-d89967ce6b75": "Director of Fieldwork",
        "b977853f-6381-4f69-89cc-e988106e9145": "Diver",
        "ea179f13-36d6-4875-8bb3-5f092edd695d": "Donor",
        "8b5e8dd9-2a7a-4003-a374-929d14fb45fd": "Draftsman",
        "8ad2ca80-238f-4b6d-b6d4-1040298bd2b0": "Editor",
        "0a32a247-2b40-4f89-a24e-ce9b88bac793": "Employee",
        "6244f189-df32-42ca-925e-ef938280b29e": "Engineer",
        "10a16ddc-6fcf-4b6f-8d70-6f3ce218ff38": "Engraver",
        "cb8c9109-512f-4f67-9a90-b5fe2fe20c00": "Excavator",
        "2dfbd199-469a-42d9-98ae-ca9354ae21c1": "Field Walker",
        "3ccb1f26-64a0-4a77-a61b-42b5a98678c0": "Finder",
        "a5934865-97b5-46f7-8646-3e1e40582b6f": "Finds Holder",
        "143d7eb8-d353-4d75-83ad-c39431fd8f6e": "Funding Body/FInancier",
        "b905829c-18f4-47ff-8707-a7207e1adb35": "Geophysical Surveyor",
        "db5c7cea-0a99-4c57-8e47-5c53a74a51bd": "Heritage Protection Advisor",
        "36fd7761-acb4-43cf-b2e2-1eacd2d5b6eb": "Holder of Original Archive",
        "51050582-b4d5-4ab0-ac4c-54970c3ed713": "Illustrator",
        "9c116ab4-0c1e-4fce-9c82-dfb856ac2e80": "Interior Designer",
        "615bd8ef-a763-4110-b3f6-adc31939d843": "Landscape Gardener",
        "cd0cf81b-07db-43ac-b69f-eb65d3275142": "Manufacturer",
        "60e589c3-53d2-49be-8dd1-2f3002af47d8": "Marine Aggregate Producer",
        "75d41027-ec80-436f-9a1d-7f59af316305": "Master Mariner",
        "17bfcc28-6fee-4a7c-a0f5-7bebe2d4cd06": "Owner",
        "1e17e638-0159-446f-9777-e3516624ba8c": "Painter",
        "0d5f1ee2-2910-46d9-858f-4040f113a79c": "Patron",
        "b7a88c28-509c-498d-b661-b5b38c4f914b": "Person of Historic Interest",
        "d00e6c07-63fd-4ec9-94b0-e5b4d47d4f1c": "Photographer",
        "8872bac9-470f-4eab-91bf-4f04e3f9acad": "Photographic Printer",
        "31a0f492-2c6d-4c1b-8bfa-74da97fa14fc": "Planning Officer",
        "51fcc84d-1af7-40aa-a7a8-8730d6bc0d55": "Preservation Management",
        "40067134-729c-4bdd-9e56-fc2db6dbf551": "Printer",
        "918e7b72-cc10-4a00-865b-83edb0798273": "Programmer",
        "6a08646f-a2d8-45f7-b2f5-bafa2200e1f8": "Project Manager",
        "ce07f348-d14f-4be1-a6f8-be2dec383fd8": "Publisher",
        "b9e65d90-d479-405a-91a5-d50a6bf8d909": "Recorder",
        "e7cb5beb-240b-4d91-a7e6-9b640cf642eb": "Researcher",
        "5ef1c85d-13e5-4995-93ce-1fbc3d62f7cf": "Reviser",
        "34c962d6-91e4-40cc-a75f-08e5b5572586": "Salvager",
        "38397528-2de1-40a8-ab21-19a98bcdc3f1": "Sculptor",
        "e0c04ab8-b6ff-4a73-bf49-3e3a703e1539": "Site Inspector",
        "81699e44-b133-45a0-9e37-14dbc24d2f0a": "Sponsor",
        "ee3430bb-2770-4fcf-b81c-05fdfcdbb168": "Stained Glass Worker",
        "7656f2b6-8aff-4e53-9d30-b9563bb86a42": "Stonemason",
        "f6cc0b65-54e5-4841-a877-8fe6d2559848": "Submitter of Archive",
        "ddbf586d-1970-46bd-ad19-c865eae3bddc": "Supervisor",
        "17bb17da-d181-44f1-aa07-b1b2b29556f2": "Surveyor",
        "1a10e042-d273-451f-9872-f0a5c19e5ee9": "Translator"
    },
    "Application Type": {
        "b6c83b8b-7bc9-4418-a77a-dfe36174e722": "Advertisement Consent",
        "41f3d548-d829-4d27-b862-81a188fa0f16": "Appeal",
        "0584cc5f-2f6e-4762-a739-a4d8c5ba0de1": "Certificate of Lawfulness",
        "3133d6d3-cc44-41fe-ad64-df4eafdaba1f": "Certificate of Lawfulness Proposal",
        "da19aaf6-54e3-4f78-bb4e-7803fb6b689a": "Community Project and Land Management",
        "944b3341-00b8-43ea-9eef-bec55a5aac78": "Conservation Area Consent",
        "ee5035ba-8ec6-4fc3-a81d-3dbb290cdacf": "Conservation area appraisal",
        "e11c5aaf-846b-4123-80d2-ba69ea75e060": "Consultation by Other Authority",
        "e9b7a2bc-2614-4b1f-b516-12a4d69dd847": "Enquiry",
        "912f51ef-89f9-4148-9550-7de0b48cd460": "Environmental Impact Assessment",
        "a132c13b-c9f6-4461-bae2-dcbf83b9dc51": "Environmental Impact Assessment - Scoping",
        "982d766d-65b5-4af7-a47d-07df59033c06": "Environmental Impact Assessment - Screening",
        "81eb2a55-3200-484d-85aa-7627a9e5a025": "Existing Certificate of Lawfulness",
        "e3e8b622-6d6c-466a-9f71-fe4f0ed4bbbc": "Full Planning Application",
        "83c85850-b30c-4ff9-aba2-6bae7f54cdb6": "Full Planning Application (1,500 units)",
        "e6956652-f8bc-488e-96bc-39508d7e6c42": "Hazardous Substance Application",
        "b5ab7860-a3b2-40e5-ad99-9594fcc43917": "Householder",
        "b45e73e4-88c9-43b6-a36d-b2d120364855": "Hybrid Application",
        "2a8213f1-560a-4ad8-ad69-ca0d2323d226": "Lawful Development",
        "3a6ff813-d492-4a65-a854-5c37b37580d7": "Listed Building Certificate of Lawfulness proposed",
        "a2fce2b4-2baf-4270-bbf3-2c5999c38ecc": "Listed Building Consent",
        "cd7e33da-4582-4608-b7ff-6f9df0dcc807": "Local Plan",
        "f830fe4a-4cc6-4bf5-af2f-3d3f8fa6ca3e": "Local authority strategy",
        "d099b7c5-0a09-4922-bd59-b6f5a6e910a8": "Management Plan",
        "c3ccc176-e69d-41c9-82d2-38fa274f08ec": "Nationally Significant Infrastructure Project",
        "a4f9d49a-1881-412a-8b48-d3d30b2e8ff6": "Neighbourhood Plan",
        "fd4fa775-5d6d-4232-876d-ccceb81007b7": "Non-Material Amendment",
        "c8ec8932-6b2e-4596-9452-d21b75ab0407": "Outline Planning Consent",
        "5a34f239-f777-4aab-96d1-1f30062e4c87": "Permission in Principle",
        "afcb4d23-be0d-4c00-a140-61256365e10d": "Planning Appeal",
        "67e6ee79-98cb-4724-9cbd-0be1d462228b": "Planning Condition details",
        "bfced24c-cf5c-49fe-b846-7c0a7b1abd74": "Pre-application Enquiry",
        "00dee598-d02a-4d93-985e-3b14262bfaf2": "Pre-planning application",
        "2f6bf899-56cb-49df-967c-19a1f3c5a70d": "Prior Approval",
        "83a9587c-ab61-42a5-87f6-7b78d23b17ec": "Prior Notification",
        "8ff2f13b-5021-4a5f-bc66-cbac9e3167eb": "Removal of Conditions",
        "84350ea2-108a-46bf-abc7-bedb39f59ebf": "Reserved Details",
        "222f671c-c5d3-4476-a3ab-caa78cd011d6": "Reserved Matters",
        "efb260fd-3063-4337-a9a2-b92386a19983": "SHINE",
        "9379a135-05d3-49d9-93ef-c517bc050632": "Strategic Environmental Assessment Scoping",
        "facb45fa-de8a-4562-8f4e-12e683f1afd4": "Supplementary planning guidance",
        "79317d51-601e-4a91-9d28-15342e1c59f2": "Utility",
        "bf45ce82-16f3-488c-b3ee-df102087d165": "Variation of Conditions",
        "e626fc4f-3e61-49fc-9db9-f70386b17fdf": "Waste management plan"
    },
    "SIte Visit Attendees": {
        "2f2408c2-9545-491b-b48f-f54e13f7e8df": "Applicant",
        "b0977161-44ad-4870-838d-6f3b4f30e0c6": "Archaeological Consultant",
        "9fc370f9-a1f2-46b4-8adb-a923918cc6f4": "Archaeological Contractor",
        "26943a6f-d825-448d-b1a1-407c0eb6efb0": "Borough Case Officer",
        "a5bd1a44-261d-45a9-b84e-31e7a4850e25": "Borough Conservation Officer",
        "22eb35ff-da1a-4015-92a9-9e33cf196a6a": "Borough Enforcement Officer",
        "fdf3772e-dcda-4ca1-9248-5ab41a36168b": "Construction Contractor",
        "7139ea8e-7bb4-448a-8984-54101374fe1f": "Demolition Contractor",
        "9dc580c1-b106-4198-afcd-34634db8e906": "HIstoric England Inspector of Ancient Monuments",
        "4efa6c43-beb9-4829-bbfd-8254e1ddcec8": "Historic England Buildings Inspector",
        "0dd94d26-f53f-46e2-9821-b9c42e21bd39": "Historic England GLAAS Advisor",
        "02c6e7b6-6db7-4632-97da-79e6137a1425": "Historic England Science Advisor",
        "7545bb0c-6936-49f2-8635-0dd211ff310c": "Other"
    },
    "Description Type": {
        "a3918aa3-5c82-486b-9480-3dd092fa87fa": "Abstract",
        "f5bbf49b-eb8b-40df-8031-8e3788cb7c7d": "Caption",
        "39a21ebf-7dd6-4a7f-a211-9453202f60aa": "Full",
        "daa4cddc-8636-4842-b836-eb2e10aabe18": "Notes",
        "b29ec4bd-8cbf-4a00-9762-4f51ba013469": "Reference",
        "9b404dbe-ad61-44d1-b276-cbbd6ccd91d1": "Statutory",
        "35508b82-062a-469f-830a-6040c5e5eb8c": "Summary"
    },
    "Audit Outcome": {
        "861bab07-194e-4851-ada8-df0454796a02": "Admin Error",
        "af768a3d-5cf3-4f90-a5e5-40fe3b1e4250": "Extended Deadline",
        "598b2d97-d709-40fe-9c5c-47a4efb2f035": "Further Information Required",
        "d88ae150-86db-4f45-b2e7-d27bffef34cf": "IT Failure",
        "13101783-a518-49cf-bd76-96a6c7cbd36a": "Information Unavailable",
        "71239b1b-124a-4aad-883a-8335128984e1": "Leave",
        "8a6c0ba7-ba3b-4dd5-8841-7d3dce67992a": "Other",
        "1a4ff798-9c2f-4468-b26b-24ef7ca117f7": "Sick Leave",
        "070611e4-9121-49b4-a50d-a45e4b2b1b8f": "Specialist Site Visit Required",
        "75d85528-5fc8-475c-b609-0fc30ebc89be": "Workload"
    },
    "Date Qualifier Type": {
        "39a33725-9b43-47b0-9997-daa99ab29d26": "At some time",
        "586a2776-7f4a-4be9-9219-3a9896c7f965": "Between",
        "ece5f508-b292-480f-b727-36251846bd4f": "Occasionally",
        "0493601e-3491-40a7-a651-6fd8d9dbdce5": "On",
        "01b88eda-4eed-4f6d-910a-48810acf92b5": "Once between",
        "b51853b9-08ad-4d73-b932-ff6c68f4ba18": "Post",
        "d2ba282f-8dc3-4a4f-8b97-5c24cb2b9a68": "Pre",
        "a6dfc54c-a130-4ab9-ab29-ec659f8158a9": "Throughout"
    },
    "Authorization Type": {
        "194451c6-c361-4533-96d7-eca939814088": "Authorized",
        "8d653928-e41f-455f-89a0-d649d24feafe": "Awaiting Authorization",
        "1373b8e6-2607-4586-b8c0-8aa28d4aaf8c": "Not Authorized"
    },
    "Currency Type": {
        "c2051d53-40e7-4a2d-a4b4-02a31da37fd1": "Current",
        "e756530f-40af-4a88-a1d5-39b03c1b809a": "Former",
        "2e820298-0d7b-4810-9e46-e16f255b9631": "Historic"
    },
    "Name Type": {
        "c254ba9d-c7fa-4880-9adb-5d1cc2773995": "Activity Name",
        "dba129fb-39e1-4611-b035-c8f054847cbf": "Actor Name Part Type",
        "f5d7335d-b3da-42b3-bf0b-6d1469264a5c": "Administrative Area Name",
        "bb7e5255-0cdf-4b86-a0c5-d40cfa5ae363": "Alternative Name",
        "e987fb72-6fa6-43ab-8812-867c4813a2a2": "Application Area Name",
        "44e9801c-deee-4d6f-b737-657b356a2b89": "Archive Object Title",
        "b43da813-8fdf-4648-9a91-e8864e6b92d8": "Archive Source Name",
        "9a57c149-fd7c-4145-a2f3-35e4afdba209": "Artefact Name",
        "51796e90-9ef1-44ec-a967-81b077983768": "Bibliographic Source Name",
        "0cd76d41-21d5-47df-be1c-6ed597cea59f": "Birth Placename",
        "0f772da6-cebc-4f8c-9610-2174e6e8dd8c": "Consultation Name",
        "0a14ef3e-9dd1-4f62-a3a1-7fd762f591d4": "Death Placename",
        "653cb993-1d56-4ce1-879b-e6f7ccd693f1": "Designation Name",
        "8a96a261-cd79-48e2-9f12-74924c152b00": "Digital Object Name",
        "b29f0eeb-4eaf-4062-9b85-2fa5acab47b5": "Epithet",
        "d298cca6-e3c6-40ec-be19-72e2b7b1bf07": "Forename",
        "e5739feb-21d0-430a-968f-caadd8e4ccf7": "Full Name",
        "de8bf632-e451-4c93-a223-1f803a968f04": "Heritage Area Name",
        "8f985e91-6cd2-4d70-a03c-b49a50d09a3b": "Heritage Asset Name",
        "4f3359fe-8525-4ca8-8773-11d733804129": "Heritage Theme Name",
        "4e05f167-0e49-41d3-84ef-7f9b29fdb656": "Historic Aircraft Name",
        "bbb13710-f37b-4f84-989e-a4c0041791b6": "Historic Landscape Character Name",
        "7a230ae8-13a3-471e-a0d4-8cb6e47ecb9f": "Initials",
        "f1ec77ee-c2f2-4cad-a128-87c1537adb54": "Location Area Name",
        "af6d90fd-40a4-40e1-ad69-930b736145ac": "Maritime Craft Name",
        "dae93567-aaa7-432c-a2b6-51ac9c0dc237": "Organization Name",
        "e474f2ba-f203-467b-bcfe-3b2d22b5cfc8": "Parent Name",
        "dccd3273-52fb-49f1-b148-e7c1a535cb5b": "Period Name",
        "b6cce3bd-703d-48e4-98b0-92bee5d632ba": "Photograph Name",
        "279a8478-a5c0-4d99-a1aa-1f71cc6d3392": "Placename Type",
        "5b2f20ca-8d7f-4ac7-a1e4-55673dbde725": "Preferred Name",
        "c57fef44-32ca-4110-a16c-376502b174f9": "Publication Placename",
        "4e4e344a-8861-423b-8656-8c58749aaca6": "Repository Name",
        "c513dfd9-a447-48e0-ae58-8723804aec07": "Storage Area Name",
        "1f53fa48-2dfd-4d32-adff-9b26e134aae7": "Surname",
        "9fe2bf07-fb15-400f-a719-06fec8c20a69": "Title"
    },
    "Name Use Type": {
        "e9170ee3-3455-4ec3-b596-475c0969f3bf": "Alternative",
        "85c26c81-e356-4454-a2ba-67e7ad9b95cd": "For Correspondence",
        "ea504636-00ea-4a87-9416-20e7d9c81303": "Former",
        "22093d13-ca7b-4e7b-9927-33f8d626ea36": "Formerly identified as",
        "42cd842c-6f60-4a86-a3f0-15c41b1bda1e": "Latest",
        "c18a4041-622e-42a2-89ef-1755cffd0fd6": "Maiden",
        "03c12675-14fe-4c42-8003-4ea9e8505374": "Original",
        "2df285fa-9cf2-45e7-bc05-a67b7d7ddc2f": "Primary",
        "4da7d1c6-fab7-44a4-a758-954e0c5a47c8": "Pseudonym",
        "1375c169-f815-4745-9e90-4a726dfe8796": "Registered",
        "d14530a7-dfe0-44cd-9e30-10472863bd52": "Sobriquet",
        "78df4478-ee6c-46b7-8321-38e9767c12d1": "Statutory"
    },
    "Languages": {
        "27643bdf-984f-42ea-bae8-b9e315d96a31": "Chinese",
        "b5f1ff2d-d667-4c4e-86a1-c17fa4b9447b": "English",
        "1eaca20a-0277-4118-974e-82f9136411dc": "French",
        "a10578b8-ab21-41cc-835e-3d41c1216d1c": "German",
        "04c7ae17-824c-4eb9-b73d-bbc31d1c3ea1": "Greek",
        "2521065c-8d4b-4e97-bc86-f263e62ffb7c": "Latin",
        "35e8413d-d6c1-4f5a-a99e-8aa830100df8": "Middle English",
        "22f7263c-7432-4b65-8c36-ea588876c860": "Modern English",
        "890d6f40-d240-4da1-afc5-1e85772438d7": "Old English",
        "afa1f475-3273-4110-88ef-fb6e77cdee80": "Old Norse",
        "c208a3d2-df1d-4514-a188-a7cba1239e9a": "Portuguese"
    },
    "Capture Scale": {
        "5cfdc599-978d-4685-bb0c-dff3ca650873": "1:10000",
        "f02dff97-62a7-419b-b607-a96b3952f381": "1:1056",
        "9c4c235b-ae05-49d9-bd17-05d5059435a6": "1:10560",
        "14597fae-831f-494d-aff1-be96461f7eba": "1:1250",
        "6e34e30e-9ef8-48fa-b986-4ee0c8fe5395": "1:2500",
        "a62df9fb-1919-4d01-90f5-5f57f520d27f": "1:25000",
        "9046bd8e-1c6e-467f-acd3-ee2db707e900": "1:2501",
        "5132cab3-09a3-4975-82a6-2d789a158035": "1:2640",
        "0aeee697-3d33-4c94-834a-52bd84dc8807": "1:500",
        "74c7e4d7-0c9d-4edc-8e64-81d6fc2bda9d": "1:528",
        "303fa636-9126-469f-b56c-c382a746dc95": "1:5280",
        "57d020d3-ff05-4c33-bab1-a7915d72b070": "Unknown"
    },
    "Contact Point Types": {
        "0f466b8b-a347-439f-9b61-bee9811ccbf0": "Email",
        "ee62df87-ae9f-40d6-9697-2304f6bb0aa2": "Fax",
        "e6d433a2-7f77-4eb7-96f2-57ebe0ac251e": "Mail",
        "75e6cfad-7418-4ed3-841b-3c083d7df30b": "Telephone"
    },
    "Condition Type": {
        "5f6d19a2-b96a-4301-8a22-2995f820c9a1": "Agree WSI",
        "b85a9514-f22b-4030-900f-ebfbd0ff4525": "Amend WSI",
        "7d888ec2-12b5-45f3-a8ee-6086422372a8": "Breach of Condition",
        "e7571f80-042a-44ce-8776-319adc3add8a": "Condition Building Recording",
        "2696d2c9-0a3e-4c2f-b2ca-2acae0aff4ff": "Condition Foundation Design",
        "c611a0fd-edfa-4356-b22f-a212b07dfbae": "Condition Investigation",
        "31328c43-0a7d-4985-b762-0cfd044caa44": "Condition Protective Fencing",
        "de292521-0219-45c6-94d0-8989a717d077": "Condition Public Engagement",
        "4dbe9b04-90a5-47ab-b6bc-5caf6fce3fdd": "Condition Satisfied",
        "726b0767-af91-460d-be11-7a7aefaff662": "Condition Two-Stage",
        "3b0c8c6b-827f-45fb-b861-8ffe090fb05b": "Discharge Condition",
        "8e5029fc-2b02-4803-8dd5-3eac394a885f": "EAS Service Order Form",
        "4c669dc7-576c-481b-9638-39008b429183": "Enforcement Issue",
        "a295aed0-36df-4c35-add4-4c4dd558e789": "Environmental Stewardship - high",
        "597a5e33-75a2-44aa-b4e2-643f3b25edff": "Environmental Stewardship - normal",
        "5671158d-4e4f-4505-8a3d-7b140478c2eb": "Extended Pre-Application Advice",
        "ec3d7d29-70fb-41d6-a74a-2f02531db3cd": "Foundation design approval",
        "9db050f1-ffba-4dc8-8be2-2488dabb1734": "Informative",
        "3ead7d95-be11-41d9-add9-b121d66e1f61": "No Need to Consult",
        "44efc458-8426-4437-8b56-9676864c5fe4": "No Progression",
        "f80d7b2a-b7b7-463f-a0b9-3a54d1a89afe": "Non Standard Condition",
        "05af4e6c-36d2-4ef2-8030-cf02bd8b52f5": "Possible archaeological implications",
        "daeadbe6-29f8-4eba-bd07-cb32e8a68a73": "Predetermination",
        "21e06013-a424-4155-aed8-0acde37cff43": "Public Engagement",
        "d8213dd3-acf6-4d60-a578-aa4f8095dcc2": "Refusal",
        "10a6b7b4-2627-4a40-b406-c891c23791d3": "Report Amend",
        "e8810b18-bde5-4533-add0-cee04046783a": "Report Approve",
        "83e767d2-1532-4df4-81d2-0b3d5ff51798": "Scope In To EIA",
        "f5c57b46-de19-47c5-982a-35b6462bcead": "Scope Out of EIA"
    },
    "Consultation Type": {
        "149cfc01-b873-4ab6-b674-d0fd496697cb": "Condition Application",
        "aa300ced-4a3c-4f14-b285-fc203910a374": "Non-Planning Application",
        "efffa84c-2bdd-415a-b099-c7a436d34e5e": "Post-Application",
        "4769c40b-9bae-496b-aec1-8148db6ad172": "Pre-Application"
    },
    "Consulting Contact": {
        "dcaf8850-9cfc-44ea-9fd4-0ca419806e2b": "Agent",
        "d88aa873-848c-45cb-b967-4febe7397912": "Owner",
        "5cc97bfd-d76f-40fc-be60-fbb9dfb28fc4": "Planning Officer"
    },
    "Coordinate System": {
        "ab82dabb-a966-406b-990e-db257a4aba01": "100 KM",
        "5cea99e4-8835-4721-a2b8-7bba45f55889": "ABSOLUTE",
        "ce402d37-c171-478e-aa2a-b38882b3231c": "LAT/LONG",
        "c93164a8-f2d7-437e-87cb-b28066506f70": "NGR",
        "02097a67-f5f2-46a5-9338-5cdfb1ed1f83": "OSGB36",
        "e2cbf75d-8d60-4467-b389-36e3c0bae3e4": "WGS84"
    },
    "Copyright Type": {
        "bcc0a33c-4d3f-4f2a-a7e0-3bab465b9136": "Copyright - All Rights Reserved",
        "49189f3a-261c-44a2-8361-a0ddf72fea22": "Copyright Licence (e.g. Creative Commons)",
        "95b62283-80d4-4e97-9744-9afdf9a1450e": "Crown Copyright",
        "63035028-096c-4b84-931e-9f91a57723c4": "No Known Copyright Restriction",
        "c2b51d0c-9700-480a-9dce-a3141f3ffd83": "Public Domain"
    },
    "Development Type": {
        "f3f1d008-9136-4f44-8109-b244dd856d1e": "Advertisements",
        "8d28b607-8098-4f70-9480-5b4b64368d4a": "Afforestation",
        "c34eea38-f03b-43bd-9dd7-5493a515b13f": "Agricultural development",
        "25b7960d-90ef-416c-b1d7-dcc826c187d6": "Amenity area development",
        "59ebc27c-14dd-4ab8-8e68-3d9d7fd9d69e": "Basement excavation/extension only",
        "f47c22af-be7b-44e7-adf0-9fe0fbf73e40": "Building alteration",
        "5545fad1-eec5-484c-a3b9-ff6a76647c5b": "Building change of use",
        "b46771e8-0555-44f3-a31e-05643eab2e88": "Building construction",
        "970e36b0-c4a5-41de-b2e1-0fbc832aeb39": "Building demolition only",
        "5d1cee04-10ef-4c4a-9802-16920f47b756": "Building extension",
        "f69b1b50-0b5d-47e2-ab1a-c13ab340c108": "Cemetery creation",
        "b82c0239-cf8a-4c42-8f78-b5c94b997ca3": "Change of land use",
        "b8d340e2-1611-4db4-a58c-cbf540907c4c": "Coastal defence work",
        "25c5dd52-8018-4ceb-81f2-52054a28a181": "Commercial development",
        "54241aea-978e-4c62-8289-acfe1cc19cd9": "Development brief",
        "82536c2b-0031-4b6b-bb40-ff9a9f6b09ba": "Dredging",
        "95178974-8098-4d48-ab60-fbd285ce37e9": "Ecclesiastical",
        "fabcae6f-c3c6-4df9-a07d-2ceb15a3819d": "Education",
        "8ad7c571-fc29-43cf-8d81-2415d3cf0a64": "Estuary management plan",
        "23c0a3e4-6b3c-49d3-a737-1a414778070b": "Golf course development",
        "096cb6b6-58e1-426d-b17c-2e0e03eec8bd": "Hedgerow removal",
        "85c4ab66-963f-40e1-a861-6a27f6d3fe7f": "House (1 unit)",
        "708b8c90-2c9a-4ae8-b433-f72929b0362f": "Housing Development (>15000 units)",
        "1c83c3b4-4ec4-40a9-a69f-7b8cfcd6b9bb": "Housing development",
        "5a60fe48-1d6e-48ae-86d2-8065025016f1": "Housing development (<15000 units)",
        "edce0fdc-168e-4fdc-a6b4-93dae09f9f42": "Industrial development",
        "73fa01ea-5679-4b46-bda1-49423044934c": "Land decontamination",
        "4b641e67-dc41-4bb8-9456-2a4fc94849fd": "Land reclamation",
        "905e3044-79f6-452a-899c-1afd7f1a114b": "Land restoration",
        "f6f999ca-bc4c-4707-9fe7-426186bd5c4d": "Landfill",
        "ec89553d-d922-4a62-812f-2c3d7e62c1e9": "Landscaping",
        "72e3d373-5067-48bf-94bd-3832ab4c0e8f": "Local authority strategy",
        "2add274b-3aa7-47b0-8a09-a3034b6dfd60": "Local environment",
        "dfb6b262-04d8-42a2-b5ed-bd18cfa0133c": "Local plan",
        "f67c9e39-f611-4ef0-a921-fdb35579493c": "Major Infrastructure",
        "29c90312-9fac-4eb9-90e9-edab74c5922e": "Military",
        "9a1c5253-f9ce-4312-8568-97eab245b04b": "Mineral extraction",
        "9606db93-d462-43dc-9736-a8eedbee8373": "Minerals plan",
        "a663034c-7292-40fc-83c4-427b9fdd0bf3": "Miscellaneous",
        "32e62753-0f70-48dc-84e8-678ba60f5bf5": "Mixed Use",
        "94cd7699-fbd6-4cea-a85a-72c58aa3ab95": "Offshore development",
        "5a73e14e-083c-46d9-bf26-18cd2871af17": "Opportunity Area (Strategic)",
        "d28804e3-d1ff-4fa2-b85a-437a1a7266a4": "Pipeline construction",
        "17e85a71-fc9a-43cb-a2fd-100dd84dc5b9": "Planting scheme",
        "d64322da-bac3-4c0c-ba90-c64e6fa719cc": "Ploughing regime",
        "84d863d3-7bbc-493a-b567-de3ce1aef4ef": "Public Buildings",
        "a06dff2e-102d-4f7d-b4e8-3f85929c9424": "Railway construction",
        "02f2c214-d365-4a09-b857-f9a3b829e9e4": "Residential Development",
        "2fcd38b1-30d1-4475-997b-d2860e4bb11e": "River Infrastructure Works",
        "1d239365-e486-42e3-9648-fe1a10c4f5a0": "Road construction",
        "02beb876-bd10-48fd-aa62-46b6cdca22dc": "Service infrastructure development",
        "e649a55a-8948-4128-8c68-033156aef61c": "Shoreline management plan",
        "6b82e285-0e84-43d1-8473-9ef041676838": "Solar Farm",
        "1c68255c-3541-4a30-8108-b0f7a1219a13": "Strategic Environment",
        "e71fa7b9-8b22-46af-b497-c0382752bdba": "Strategic Opportunity Area",
        "4235db75-f277-41ab-b699-40b4bbf2a26f": "Structure plan (Archived)",
        "01e9d9de-8352-4972-bca5-f1da1f961d6e": "Submission of details (Archived)",
        "852c36a9-d19a-46a6-8ad1-15474366e19e": "Subsoiling",
        "afc509f9-ca5b-4e18-89f3-4eb9fdb8349b": "Supplementary planning",
        "4816dd7c-78a0-40e1-b3c2-fdfc14de86c7": "Unitary development plan",
        "61659de0-ece3-41cb-b55a-6943c5ba2b7e": "Unspecified",
        "fcaf0012-fdee-445a-9f23-cfd38d815ac5": "Waste management plan",
        "32821262-23f4-4e36-9892-a3e81575341b": "Waterway restoration",
        "36aeac7c-834a-4fe7-85e4-dac72a23f488": "Wildlife enhancement scheme",
        "28dbbdaf-4b6a-4a77-ad6b-d216d3a5ad9b": "Woodland felling scheme",
        "9bd9c77c-360d-4e0a-84d6-654769d7d239": "Woodland planting scheme"
    },
    "Shape Qualifier": {
        "8ddfb12e-6198-49be-a980-ea20b57e38e5": "Approx",
        "adaae672-2477-4c78-b344-d0f4428213c1": "Archaeological Event",
        "f9405ebb-547a-4a92-9d71-be53db537f60": "Area",
        "4089734f-39b5-4808-87fd-88790579b431": "Dispersed Event",
        "592c1d57-172b-446c-8552-d620d058960d": "Linear",
        "90970f42-1850-47a9-ad32-e97fda301c04": "Locality",
        "2c25ab89-f1f2-4e8e-ae03-fb2ce1e99e0e": "Named Loc",
        "a69227e9-15fc-4336-a0bb-fe85302708fd": "Point",
        "58475cb6-53fd-4151-8b88-b26c1df25e3d": "Unknown"
    },
    "Reference Number Type": {
        "8143c8e3-dc87-46fa-b672-d9a4a9b6303d": "Archive Object Reference",
        "a297378a-41af-48c5-9e75-2aac61b96677": "External reference",
        "59b0e616-3c31-424c-8c32-2bf82e49b086": "Planning reference",
        "1992741b-cc36-4613-b04e-943fa8c9d6fa": "System Reference Number"
    },
    "Letters": {
        "a26c77ff-1d04-4b76-a45f-417f7ed24333": "Additional condition text",
        "8c12a812-8000-4ec9-913d-c6fd516117f2": "Archaeological Recommendations text",
        "01dec356-e72e-40e6-b1b1-b847b9799d2f": "Letter A - No Progression",
        "320abc26-db82-44a6-be11-8d44aaa23365": "Letter A2 - No need to consult",
        "fd15c6c7-e94d-4914-8d51-a98bda6f4a7b": "Letter B1 - Pre app predetermination EAS version",
        "8cc91474-11ce-47d9-b886-f0e3fc49d277": "Letter B2 - Predetermination",
        "08bb630d-a27b-45bc-a13f-567b428018c5": "Letter C - Condition two stage",
        "e14bd058-e9f2-48f8-8ef5-337310c3420f": "Letter D1 - Pre app recomend condition EAS version",
        "92e745c3-7157-4831-bce9-73792d32abec": "Letter D2 - Condition investigation",
        "41f3d0bb-a94d-469f-80c8-85ab03283972": "Letter D3 - Condition historic building recording",
        "7f1e7061-8bb0-4338-9342-118f1e9214aa": "Letter F1 - WSI Approval",
        "eaa8a075-50e6-4c3d-ac08-fbe84865f577": "Letter F2 - WSI Amend",
        "8d605e5c-d0da-4b72-9ce3-2f7dac3381d1": "Letter G - PXA Approval",
        "a31061ea-9b80-435f-82c8-94dc10afcbae": "Letter H - Condition satisfied",
        "eed24dd2-85a0-4402-a6ba-bda426b5da89": "Letter I - Bespoke Letter"
    },
    "Mitigation Type": {
        "c0402bf1-3398-4f4f-bcb0-145033d944be": "Assessment of Setting",
        "b1737e8c-15b8-405d-bbb8-8e403fdd3d49": "Conservation Advice",
        "107baefd-50f5-46b2-902f-e4f6e0bf5843": "Desk Based Assessment",
        "1cfded63-474b-4487-8832-b9983e25b7b3": "Earthwork Survey",
        "8163cd5e-edc4-4c60-8a96-0823bc925d57": "Evaluation",
        "dec5f4a3-0b3f-4eb3-abcb-feb19de9911b": "Excavation",
        "6dedebeb-577f-43ee-98f2-617473a5b063": "Fieldwalking Survey",
        "165fca18-fbaf-4f47-8d71-c17ea5dd11f8": "Geoarchaeological Coring",
        "9c739cbd-96f1-4233-a343-287f45bdfbac": "Geophysical Survey",
        "ec727d46-b270-4f5d-b406-58df1d82c710": "Geotechnical Monitoring",
        "73402fef-f3da-4910-b35e-4b305ed53bf8": "Heritage Statement ",
        "e06576b8-9166-488e-aa2c-3d9b49bae3ed": "Historic Building Assessment",
        "55f101d7-3371-45c0-859d-83eef66c57e0": "Historic Building Recording",
        "079c7886-b587-4bfc-9345-0bec6331909c": "Historic Landscape Survey",
        "0135293d-d978-4663-b6f8-a6e9d170804d": "Hydrological impact assessment",
        "d099b7c5-0a09-4922-bd59-b6f5a6e910a8": "Management Plan",
        "658227ef-52b7-4ff1-8c64-d4a5cc9226f0": "Metal Detector Survey",
        "e2938d65-f4a0-471c-bda4-04c5e4541f45": "Post-excavation Analysis",
        "bd5d7269-c40d-428d-812e-1f1c8dee3678": "Post-excavation Assessment",
        "90274edb-2cc2-452b-bf54-0d4bbbaecc2f": "Preservation in-situ",
        "85f897df-4dc9-4be4-bd9c-bc8177e07cb9": "Public engagement",
        "b0ccc75e-7677-4c71-b122-47cf7b8fb096": "Redesign",
        "2f7a5cb7-d540-449c-98d6-e1caed07f35a": "Refer to Conservation Officer",
        "847d4f14-aaff-4ade-b28c-49303eb4d999": "Refer to Inspector of Ancient Monuments",
        "355a84ee-cd72-445a-8b2c-169056e7c4e5": "Refer to Science Advisor",
        "7bf7ea6e-5d6e-4119-8f21-7b8a33ba298e": "Watching Brief"
    },
    "Planning Outcome": {
        "58f6fca2-e87c-4225-81cb-01fb3215970d": "Approved",
        "15d87618-66b3-4ac8-8d72-9d081958a780": "Approved - subject to evaluation",
        "0fe6ba4a-916d-47d5-b7a2-fe740e61a6f5": "Approved - with full condition",
        "e0ba9ae8-7c86-415f-8497-3f1bc962f727": "Approved - with legal agreement",
        "9d5b557c-1cb5-4eee-8aea-ca32462411c4": "Approved - with watching brief condition",
        "a1861e7f-acf4-4c32-a22c-de84c74eafe1": "Implemented",
        "2385307d-1523-431e-bbf7-3ba424e520fc": "No outcome",
        "410b3d8f-a96f-4bcb-b552-9928b8ac8b0a": "Refused"
    },
    "Spatial Accuracy Qualifiers": {
        "b2e36702-c16c-4c6e-b495-a98b76c55d09": "0",
        "ed219b43-9a0c-443d-a930-83b367660398": "0.1",
        "72541290-1c0b-45ec-ad21-ede36fdb17b7": "1",
        "92a5b665-33b1-4073-8db6-cc49e2afa88e": "10",
        "36247dfc-4eeb-4bc5-af38-3f7e79c1e0cc": "100",
        "29f59418-8a51-4014-b83b-1622e7b0d616": "1000",
        "368022b4-1051-4bd2-9ff5-450018efda37": "10000",
        "78c1773c-cda2-4a98-acab-f4720aa22065": "Within 1 metre",
        "3417feb4-2348-46aa-804d-8dc86a9c06cf": "Within 10 metres",
        "fb1dc34a-ba26-4d48-9e14-e426b4ef1c53": "Within 100 metres",
        "90c9117f-2951-4196-99de-c77b4b8b06a8": "Within 1000 metres"
    },
    "Record Action Type": {
        "ecf19964-58a0-49a1-a31a-76262d807130": "Creation",
        "819f37ba-70b4-45a1-8281-be9d0f1e6c74": "Deletion",
        "dc33ee6d-e7e4-4095-a31f-05e381195aee": "Update"
    },
    "Validation Type": {
        "76b11eee-ed2c-43ed-836f-2ac35f143d14": "Checked OK",
        "25bbe122-df25-4c68-92be-6bc2c122b3fa": "Delete?",
        "98288c60-5e6f-4adf-8e40-9ac99800cb07": "Needs Work",
        "6a38142a-c8fe-4922-9bc7-499acd91030c": "Needs splitting",
        "63455e24-5dac-436b-900b-b204e09ed6c0": "Possible Duplicate",
        "806b0b00-7a10-411e-a8fd-19cfe80c905d": "Revoked",
        "efa19405-f425-4d17-859e-3360497be46a": "Unchecked"
    },
    "Resource to Resource Relationship Types": {
        "ac41d9be-79db-4256-b368-2f4559cfbe55": "is related to"
    }
}