{
    "Metatypes": {
        "b9ffd5fa-c512-44a6-b1c2-87fd1e3cd519": "Activity Type",
        "f3b206ff-9cb0-4819-b9c6-17d14e4b4749": "Actor Type",
        "6bdffb5e-9f5b-44f7-a3a6-11cf81219fd8": "Address Part Type",
        "67b76fd1-4906-4055-b493-711c93fc0996": "Address Status Type",
        "20aa84bf-c35a-43c2-9b23-68b6f9eac5c9": "Aircraft Type",
        "4a3ba5e2-bb8b-4180-afb6-9b710f4e122f": "Application Type",
        "35999571-5ac9-4bca-abc6-db5ba2588253": "Area Type",
        "dfd57433-f8e3-4bbd-905b-885ebea87455": "Artefact Type",
        "953238ab-fefc-42e9-9b20-0b4441df2b41": "Asset Type",
        "d3b75e3a-638e-490e-8d1b-bbb5c504ce94": "Association Type",
        "9501a49f-024d-49b3-819e-43aba87db901": "Audience Type",
        "46f076c8-fd6a-4141-b74e-6c26be3725fa": "Audit Outcome Type",
        "59471da5-0062-407f-874b-714305c2fc5a": "Authorization Type",
        "d3284599-47b3-47fe-8675-d5a61086df50": "Capture Scale Type",
        "f2054168-b8dc-416a-b6df-f5aff733c0c3": "Certainty Type",
        "62f3f620-ea25-46c8-9a7b-dbadf23aa874": "Classification Type",
        "956f9779-3524-448e-b2de-eabf2de95d51": "Communication Type",
        "003c935b-e8f0-4df7-aa76-a670e4a7a532": "Compilation Type",
        "ffcdfdf2-0222-473a-934d-58dc6a703cbf": "Condition Type",
        "44b1e6af-5c5a-4c68-9eb9-4eb43bdbe823": "Construction Phase Type",
        "33bc5cb8-8b69-4626-addb-5219adb5e467": "Consultation Type",
        "ce6cea2d-dd71-463f-8fd3-baa6c5c883a5": "Contact Point Type",
        "561dc137-3557-4e2f-986e-a8855cad74cf": "Copyright Type",
        "5a88136a-bf3a-4b48-a830-a7f42000dd24": "Currency Type",
        "59a0c936-3f60-44f9-9e37-67b6ed0f4fa4": "Date Qualifier Type",
        "84283ac9-c985-4e94-966e-b4bd78c658c3": "Dating Method Type",
        "6fbe3775-e51d-4f90-af53-5695dd204c9a": "Description Type",
        "c1201c83-09ad-415f-bb29-9b32c2fcf795": "Development Type",
        "823d2c4f-39ad-47d4-89b4-726ef167534b": "Dimension Type",
        "1cc6f0e9-432f-4177-bae1-16cab5afd3ac": "Evidence Type",
        "dbc18bc0-ec10-4623-b866-52ece47d9780": "Feature Shape Type",
        "29883a1e-2323-467d-9c2f-e54ec09e2817": "File Format Type",
        "f1a24b1f-7a72-4718-b54d-604644cc9e99": "Geology Type",
        "bb33f953-2a12-44ed-9fe7-4cd5023104cc": "Historic Period Type",
        "9d51623c-3994-4074-9ed9-2abf04330ae6": "Information Object Part Type",
        "48b0ffe8-d72c-4152-9e00-24910d60202d": "Information Object Type",
        "d079f49f-13ed-480c-87bb-e5c77ee901e2": "Land Use Type",
        "d5366899-09ec-4db1-8a49-a32b7e4784e3": "Language Type",
        "c9f3250e-55bc-4ebb-b0cc-573d6de94884": "Maritime Craft Type",
        "d03ff048-0234-49c0-919b-c0c2376d7cb0": "Material Type",
        "495ecc6a-a265-434b-8708-d6b76bd9a30e": "Measurement Unit",
        "f7237328-5909-4c74-9109-a7de145a7088": "Mitigation Type",
        "a0e096e2-f5ae-4579-950d-3040714713b4": "Name Type",
        "04a4c4d5-5a5e-4018-93aa-65abaa53fb53": "Name Use Type",
        "e3d9c240-026a-4c1b-8a8e-0ec72541d32a": "Nationality Type",
        "38d853c9-da1f-4186-9733-adfa70d84195": "Organization Type",
        "1d5c7465-7225-4bca-b1df-045a86e286b2": "Ownership Type",
        "ff8c387b-3e3d-4f72-a6f4-fa0526f5349a": "Planning Outcome type",
        "4fa77fc1-252a-4930-a756-71dca73aaf31": "Production Method Type",
        "496b4a50-3325-4704-b1c5-57542dc62011": "Production Technique Type",
        "337514d3-a8a8-46c1-a89a-aea83e582a8d": "Protection Grade",
        "8687011e-9dfa-463e-89e2-79bfdbbe7dda": "Protection Type",
        "7346be23-bff6-42dc-91d0-7c5182aa0031": "Reference Number Type",
        "3dcc94f2-fe86-4286-b87f-047f13c8355a": "Resource Model Type",
        "b81d4b16-0633-4d7a-b4b2-5c2d3e2e782e": "Role Type",
        "65ef7ae0-6a6b-4fac-9324-41dd8e712880": "SHINE Form Type",
        "c6dd5482-6687-44ae-bb54-7d49e084664a": "SHINE Significance Type",
        "e6cf2f57-55f1-4598-ab1a-1f0c4285b9b2": "Spatial Accuracy Qualifier Type",
        "06643704-f7af-4e89-a959-a4021a1b3298": "Standard Deviation Type",
        "c9bc15cc-46fe-4d34-a530-a228854845c8": "Status Type",
        "7a518871-4949-4e57-908e-eb17751a404a": "Sub-Soil Type",
        "7fbf88a6-7e23-47e4-8739-f494d7ff8084": "Subject Type",
        "f69a6133-7583-40a9-8da8-f76d3a9de6db": "Update Type",
        "ae5d0ae4-4db5-4674-9af5-0e35801449b3": "Validation Type"
    },
    "Currency Type": {
        "c2051d53-40e7-4a2d-a4b4-02a31da37fd1": "Current",
        "e756530f-40af-4a88-a1d5-39b03c1b809a": "Former",
        "2e820298-0d7b-4810-9e46-e16f255b9631": "Historic"
    },
    "Administrative Area Name": {
        "7f39c2a2-6d7a-46c1-8b63-3614926bda59": "Barking and Dagenham",
        "4e538d8e-d354-4c15-bc09-0dbfc06f0879": "Barnet",
        "c7873047-b000-4b0e-86b7-9bda8bc53d9d": "Bexley",
        "b70b8b3f-e456-436d-8ce5-a8e9b26ae1e7": "Brent",
        "dae2139d-1ca7-41fb-82c9-aef523f19043": "Bromley",
        "68f00eb0-d979-4ac1-bccb-11a49b433c25": "Broxbourne",
        "5e74c915-e28d-4912-b2ef-746ca5d7b21d": "Camden",
        "becb3b4a-5922-4ae0-b0bc-1c0fd63b03cc": "City of London",
        "6c40ac09-20b8-4ef4-96b9-1392ffdfe422": "City of Westminster",
        "74e2eb43-49fc-41e9-8d61-388c01878573": "County/Unitary Authority",
        "54eeda40-6310-430d-b293-84b7792048ff": "Croydon",
        "b96dee9b-d268-4eae-bd21-0b0a67848e00": "District/borough",
        "1b7f90d1-3b38-40e7-93d4-d2843e51c27a": "Ealing",
        "139d862a-5750-4443-b1f3-8c385a48a311": "Elmbridge",
        "6bc4bd09-f293-40dc-becf-8a3228a36251": "Enfield",
        "76d33ee0-009f-4a79-80d4-2d153193d1b7": "Epping Forest",
        "2dd98fb4-5ba1-47fd-b766-6f122c14d4b9": "Epsom and Ewell",
        "1d7ea7f5-158f-4c5c-8fed-88155acf0497": "Essex",
        "57cae789-7057-4c99-982a-876204105408": "Greater London Authority",
        "dfba147a-b4f1-4dc8-9ea4-e2e3631125c0": "Greenwich",
        "36de100f-07c1-4679-8e37-6c15fa8f4b2e": "Hackney",
        "5d176fca-52d5-40c8-9697-3b0c23305211": "Hammersmith and Fulham",
        "b04dbbdd-89e8-4512-a62f-808099f4b61c": "Haringey",
        "13794d19-a1dd-417b-9ae9-c97bba5352b2": "Harrow",
        "c9ac0223-4a3b-492a-ac0d-cd9d914105bf": "Havering",
        "8be2c984-b948-4ded-ab35-3f80216fec28": "Hertfordshire",
        "053bc949-302f-4bb7-9738-45feb5dc1e9d": "Hillingdon",
        "241170b1-bf9e-40d6-8774-b30d5dd24e7f": "Hounslow",
        "d6f1bef5-abab-419c-9d45-5b39a94573f7": "Islington",
        "dbd4d13a-b4ef-4a4e-88c9-2fefd331ee1e": "Kensington and Chelsea",
        "8acee206-8c18-423f-9507-0f9e993d28b3": "Kent",
        "cee44ca3-f680-460c-8104-a50d85e17e71": "Kingston upon Thames",
        "e35c9517-5956-4c50-a5b8-b4c207754476": "Lambeth",
        "b1f48171-1a0c-499c-b788-6faa7d8a9321": "Lewisham",
        "752a2ad3-9d36-4b84-8b08-75e11b10f7bf": "London Borough",
        "67e8c33a-cc5c-42a6-8451-f566c76ac1a1": "Merton",
        "0f47e3f3-ec8c-44ba-8ea4-6c9f561239fb": "Middlesex",
        "ea2489b6-8cc9-4517-a383-73f5c9843275": "Newham",
        "64bbc1db-ba41-4a52-8764-95c92038ba58": "Out of Area",
        "a4c11f02-8ba6-4a3f-9d0f-77bb3dd0152d": "Redbridge",
        "6d2237a6-b782-408e-a142-0f7350b92454": "Reigate and Banstead",
        "9b6cfbfb-153f-452a-865a-2981f096a3ec": "Richmond upon Thames",
        "756dec28-88f5-4100-a731-268c16095c17": "River Thames",
        "a8a438ca-cc24-41bc-a7ef-eedf5d9b4806": "Slough",
        "40ed40dd-c71a-4f0c-bead-a6f8470ec41c": "Southwark",
        "133f9986-01e7-4ec6-8faa-17cf2165f86e": "Surrey",
        "88361184-1e81-4688-abbb-70a829d4df33": "Sutton",
        "2cbebfe6-e26e-4568-87a6-f251a88e8897": "Tandridge",
        "88fde4e4-1cfd-4c8a-88e8-fa5dea7a8001": "Three Rivers",
        "85ff0b32-ccb8-47b3-8f5e-ff3c772f15d5": "Thurrock",
        "47e275a2-33c4-4612-8b2a-07bcc0221291": "Tower Hamlets",
        "c9f5b85a-a71f-461c-9345-9fcc6cb2bdbf": "Waltham Forest",
        "6b13c9de-0d3e-4184-822d-0ffa6e0462ee": "Wandsworth"
    },
    "Name Type": {
        "c254ba9d-c7fa-4880-9adb-5d1cc2773995": "Activity Name",
        "dba129fb-39e1-4611-b035-c8f054847cbf": "Actor Name Part Type",
        "f5d7335d-b3da-42b3-bf0b-6d1469264a5c": "Administrative Area Name",
        "bb7e5255-0cdf-4b86-a0c5-d40cfa5ae363": "Alternative Name",
        "e987fb72-6fa6-43ab-8812-867c4813a2a2": "Application Area Name",
        "44e9801c-deee-4d6f-b737-657b356a2b89": "Archive Object Title",
        "b43da813-8fdf-4648-9a91-e8864e6b92d8": "Archive Source Name",
        "9a57c149-fd7c-4145-a2f3-35e4afdba209": "Artefact Name",
        "51796e90-9ef1-44ec-a967-81b077983768": "Bibliographic Source Name",
        "0cd76d41-21d5-47df-be1c-6ed597cea59f": "Birth Placename",
        "0f772da6-cebc-4f8c-9610-2174e6e8dd8c": "Consultation Name",
        "0a14ef3e-9dd1-4f62-a3a1-7fd762f591d4": "Death Placename",
        "653cb993-1d56-4ce1-879b-e6f7ccd693f1": "Designation Name",
        "8a96a261-cd79-48e2-9f12-74924c152b00": "Digital Object Name",
        "b29f0eeb-4eaf-4062-9b85-2fa5acab47b5": "Epithet",
        "d298cca6-e3c6-40ec-be19-72e2b7b1bf07": "Forename",
        "e5739feb-21d0-430a-968f-caadd8e4ccf7": "Full Name",
        "de8bf632-e451-4c93-a223-1f803a968f04": "Heritage Area Name",
        "8f985e91-6cd2-4d70-a03c-b49a50d09a3b": "Heritage Asset Name",
        "4f3359fe-8525-4ca8-8773-11d733804129": "Heritage Theme Name",
        "4e05f167-0e49-41d3-84ef-7f9b29fdb656": "Historic Aircraft Name",
        "bbb13710-f37b-4f84-989e-a4c0041791b6": "Historic Landscape Character Name",
        "7a230ae8-13a3-471e-a0d4-8cb6e47ecb9f": "Initials",
        "f1ec77ee-c2f2-4cad-a128-87c1537adb54": "Location Area Name",
        "af6d90fd-40a4-40e1-ad69-930b736145ac": "Maritime Craft Name",
        "dae93567-aaa7-432c-a2b6-51ac9c0dc237": "Organization Name",
        "e474f2ba-f203-467b-bcfe-3b2d22b5cfc8": "Parent Name",
        "dccd3273-52fb-49f1-b148-e7c1a535cb5b": "Period Name",
        "b6cce3bd-703d-48e4-98b0-92bee5d632ba": "Photograph Name",
        "279a8478-a5c0-4d99-a1aa-1f71cc6d3392": "Placename Type",
        "5b2f20ca-8d7f-4ac7-a1e4-55673dbde725": "Preferred Name",
        "c57fef44-32ca-4110-a16c-376502b174f9": "Publication Placename",
        "4e4e344a-8861-423b-8656-8c58749aaca6": "Repository Name",
        "c513dfd9-a447-48e0-ae58-8723804aec07": "Storage Area Name",
        "1f53fa48-2dfd-4d32-adff-9b26e134aae7": "Surname",
        "9fe2bf07-fb15-400f-a719-06fec8c20a69": "Title"
    },
    "Administrative Area Type": {
        "debea501-e060-4d1d-bdec-a25404bfba9d": "Borough",
        "ce7e79af-4d3f-4fb7-bbb2-caaee0f98261": "County",
        "b66856da-9c70-4a88-ad56-00e68dab16a4": "District",
        "bda38bb6-300c-4652-8208-8f5ff7818490": "Ecclesiastical",
        "fa50e8f4-a023-4c04-afe5-fe4e8e9633ee": "Locality",
        "b34f6d46-1f87-42cd-8c51-3d01f904ee05": "London Square",
        "ac7a9242-49cf-4152-aebf-ead489534502": "Non Parish Area",
        "c6844e5b-2f3a-455f-9dda-e6344eff2cd1": "Parish",
        "df49bd28-e0e3-4a6f-b081-1d4a78b5aa17": "Unitary Authority"
    },
    "Association Type": {
        "a3d09202-655f-452d-b2e1-25664033d971": "General association",
        "abb5cae5-f2b9-4fbb-bbbc-f64083094014": "Identified as",
        "b5fede1b-eec2-48d2-a9c0-d5826f7769ea": "Is referred to by"
    },
    "Description Type": {
        "a3918aa3-5c82-486b-9480-3dd092fa87fa": "Abstract",
        "f5bbf49b-eb8b-40df-8031-8e3788cb7c7d": "Caption",
        "39a21ebf-7dd6-4a7f-a211-9453202f60aa": "Full",
        "daa4cddc-8636-4842-b836-eb2e10aabe18": "Notes",
        "b29ec4bd-8cbf-4a00-9762-4f51ba013469": "Reference",
        "9b404dbe-ad61-44d1-b276-cbbd6ccd91d1": "Statutory",
        "35508b82-062a-469f-830a-6040c5e5eb8c": "Summary"
    },
    "Date Qualifier Type": {
        "39a33725-9b43-47b0-9997-daa99ab29d26": "At some time",
        "586a2776-7f4a-4be9-9219-3a9896c7f965": "Between",
        "ece5f508-b292-480f-b727-36251846bd4f": "Occasionally",
        "0493601e-3491-40a7-a651-6fd8d9dbdce5": "On",
        "01b88eda-4eed-4f6d-910a-48810acf92b5": "Once between",
        "b51853b9-08ad-4d73-b932-ff6c68f4ba18": "Post",
        "d2ba282f-8dc3-4a4f-8b97-5c24cb2b9a68": "Pre",
        "a6dfc54c-a130-4ab9-ab29-ec659f8158a9": "Throughout"
    },
    "Authorization Type": {
        "194451c6-c361-4533-96d7-eca939814088": "Authorized",
        "8d653928-e41f-455f-89a0-d649d24feafe": "Awaiting Authorization",
        "1373b8e6-2607-4586-b8c0-8aa28d4aaf8c": "Not Authorized"
    },
    "Name Use Type": {
        "e9170ee3-3455-4ec3-b596-475c0969f3bf": "Alternative",
        "85c26c81-e356-4454-a2ba-67e7ad9b95cd": "For Correspondence",
        "ea504636-00ea-4a87-9416-20e7d9c81303": "Former",
        "22093d13-ca7b-4e7b-9927-33f8d626ea36": "Formerly identified as",
        "42cd842c-6f60-4a86-a3f0-15c41b1bda1e": "Latest",
        "c18a4041-622e-42a2-89ef-1755cffd0fd6": "Maiden",
        "03c12675-14fe-4c42-8003-4ea9e8505374": "Original",
        "2df285fa-9cf2-45e7-bc05-a67b7d7ddc2f": "Primary",
        "4da7d1c6-fab7-44a4-a758-954e0c5a47c8": "Pseudonym",
        "1375c169-f815-4745-9e90-4a726dfe8796": "Registered",
        "d14530a7-dfe0-44cd-9e30-10472863bd52": "Sobriquet",
        "78df4478-ee6c-46b7-8321-38e9767c12d1": "Statutory"
    },
    "Average Height": {
        "9f629a66-be04-497a-9b7a-bba0670f6422": "Four to ten storey",
        "05f3a954-4bfd-4e0f-9092-d4ff64de4310": "Single storey",
        "36ec7ee6-74e6-4bc1-97b3-ab771a36ccc2": "Ten or more storeys",
        "ab2a8fd7-82a6-4829-84b4-15683fabe1b6": "Three storey",
        "fb6a1722-a30d-44ae-930d-7866085b6f8b": "Two storey"
    },
    "Historic Landscape Characterization": {
        "c80e56d2-5af0-4325-a6d9-9d8b7c0c82d9": "Agglomerated field",
        "de640d8a-6fa9-4c1a-aea4-31579f02c7f0": "Airfield",
        "20132134-6029-4366-b0ef-965991f115ab": "Allotments",
        "ab800461-ec2d-40b1-accc-43547b8fc4fe": "Ancient settlement",
        "aa3c0d71-b479-44d9-92b4-c038a107a3d6": "Assarts",
        "7de11537-0c6b-4e9d-8845-a216d6cd9e63": "Brickworks",
        "51b63577-2c43-42f4-b8ef-d5704e8f91a5": "Brownfield site",
        "4f4268e6-0483-4874-9805-b325584709ac": "Bus station",
        "8a5d4d51-3c59-4f7c-b1ec-539a9a1710fd": "Canal",
        "2c291f3a-e893-4fc1-90d0-9c1d43e2850a": "Car Park",
        "18d515a3-552d-4bf2-95d7-120d3633e666": "City Farm",
        "ba133366-afc5-4f41-9f73-73c3e1b78d3e": "Commercial",
        "3e6148bf-34e3-4598-b6c4-9f8b2e164b4e": "Communications",
        "d28ac212-138e-4938-9bc7-ce3edf2ebfaf": "Construction Site",
        "a10b1216-4a4e-4041-807f-603159b03da9": "Cottages",
        "0301c696-2c8b-492e-bef9-fc82fcb9d842": "Cottages",
        "7ddd72fb-e5ef-46ea-91f5-d1cba3c4ee09": "Detached",
        "670c8717-b405-420d-9d76-eea60d2287d0": "Detached and semis",
        "0fecfab1-1aea-456e-80e0-c6b43df9e5d7": "Docks /wharves",
        "ea8671c1-0bfd-45ec-9bef-06347ec768e5": "Drained wetland",
        "a4014298-b1a5-498f-9842-4b7a83138fcb": "Educational",
        "73b3421c-e61b-40bb-b500-f24c857a1e70": "Enclosed Land",
        "fe36e481-d297-4473-a5bb-e6cfa3b98829": "Extractive",
        "b4872501-2355-4b9e-8bcf-2592b02b00d7": "Find Spot",
        "69b3ed0e-93fa-4ee2-9f67-686176678056": "Fortified site",
        "87f2f848-2268-4586-8c5c-36579d8990d8": "Further education (Polys/Unis)",
        "1eaa2935-e8f7-49aa-9991-0f74b6180dbe": "Garage/car sales",
        "0b1cb6a6-2c39-4d8c-92e1-26926dd98e07": "Garden centre/nursery",
        "5d056320-145e-4074-a981-4771f02a251f": "Historic Estate",
        "a66396af-be0f-42b9-b9a9-dad0b0715979": "Historic Route",
        "4ef380bc-d285-4152-812c-326e60642656": "Horticulture",
        "3469c53e-9e62-4ecb-8008-93d7e55112a8": "Hotel/motel",
        "efa6f4be-64a4-4b54-84c7-a3c128460bf4": "Industry",
        "4bff0baa-7d1c-4bf2-a5f1-11f954437386": "Institutional",
        "5314b236-5e14-4444-8599-803fc858424d": "Irregular enclosure",
        "93afb743-d2d5-4411-9667-5eb0ff7289e3": "Landfill",
        "6837614a-3215-4313-8d84-263c08125d8c": "Market Gardens",
        "a7502434-695c-4f2f-95b6-6a9ff3b7f8a4": "Markets",
        "ef8bc76c-782f-4092-9963-4669af840ae7": "Meadow pasture",
        "db093ba2-8ba5-4675-8f33-79af5e35682d": "Medieval dispersed settlement",
        "abf401af-b2fc-4f23-8c3a-2b327d5fdc25": "Medieval settlement core",
        "dc4a60b5-98f0-460e-a035-d0af75b6a09f": "Military",
        "4456ec30-3012-46e5-ae9a-06b895cde2aa": "Mixed commercial",
        "eabcb7c1-0eb7-4732-add2-7205fd66b8b1": "Mixed commercial and residential 1750-1870",
        "96204d0f-5064-42cb-ba76-26803faa4671": "Mixed commercial and residential 1870-1915",
        "e96d6bee-8a9f-4fcd-a258-5ac73c29c695": "Mixed commercial and residential 1915-1939",
        "6985cf51-9eee-433e-8902-f4678573d47d": "Mixed commercial and residential 1945-present",
        "9739a822-b3e9-4a66-867f-8961acd3424f": "Mixed commercial/light industrial",
        "4f717909-fd05-4adc-94ff-3fa1ea767821": "Mixed commercial/residential",
        "df585888-b45c-4f48-99d1-4cb3432855d5": "Monument",
        "c01ad5d4-b312-4a3d-ad75-cf73f7a68d5f": "Nursery (commercial)",
        "adff6352-ced0-42e2-9a4a-38c1a6333294": "Nursery / school / college",
        "a0987019-9c16-44d5-b9f8-2bb35b36cf14": "Offices / business centres",
        "b3e99f10-dc73-43aa-ac94-9ec97cb8a663": "Open fields",
        "7edefa4c-5726-4348-88c3-0b29349fcf14": "Orchard",
        "0e150f8a-5795-420a-924f-1466f9fe7fed": "Ornamental, Parkland and Recreational",
        "fc2712a3-4680-444c-ae8f-f6ac53b27019": "Other mineral extraction / processing",
        "240539b1-4dc7-4c5a-8259-9ee53ceff91f": "Paddocks and closes",
        "b2fdbf53-fe6f-46b6-9989-afa1c4a8d9c4": "Petrol station",
        "848236ed-7ef6-4f4b-94a4-df99e275dcd8": "Piecemeal enclosure",
        "e0510b02-c415-4dd2-94b2-3aa2327965fc": "Planned enclosure",
        "c080fe0d-ba98-4c7d-b6cb-b23b10346077": "Postmedieval settlement core",
        "88360001-4bd3-4ca1-9868-f64860268201": "Pre-18th century farmland",
        "e6d0d73c-cd4a-4d0b-a79e-9357dc1fe5b7": "Prehistoric field systems",
        "3435d049-baf8-4bf8-995f-7596c269598d": "Public House",
        "e7c350c7-fcb1-453b-9e45-7a7171698bcf": "Quarry",
        "986e7361-27f9-47cc-bee3-859b7ca117ef": "Rail",
        "d89607eb-8a56-4a05-b207-16603c989726": "Railway Station",
        "f1f0aa18-45da-4cd5-840b-0d08ac122041": "Regular enclosure",
        "7fa015ec-08a8-49d0-9618-50de700b7cdc": "Religious",
        "ce910b8e-0baa-47b1-984a-82c8c476aee7": "Religious and residential",
        "1ab9e3f8-07de-4b27-82b0-90985793c90a": "Residential",
        "4af191d3-9461-46cd-9ff5-749a6811274f": "Residential Early-mid Victorian",
        "68db8164-3029-45ff-9032-1d518e8485ee": "Residential Georgian",
        "48b129ec-db91-4ef6-bd96-692d8d6bdcc7": "Residential Inter-war",
        "b558c731-a5df-47b1-9343-a49bfd52c5a0": "Residential Late Victorian/Edwardian",
        "762fd653-7dbd-4295-add0-b93a93e75e4b": "Residential Modern",
        "f932e912-cedc-4c53-ab72-e4e49bd8b073": "Residential Post-war",
        "194fe433-40bc-46a0-ba88-a9aea657fc2e": "Restaurant/food outlet",
        "a7add4bd-e06a-453b-bad5-0f1fb566c5d3": "Retail (general)",
        "96735d80-5721-4d49-94f4-6ad288913e7c": "Retail parks",
        "7dbf8b53-3506-4990-8520-be8c27186536": "Roads (A, M)",
        "ea63e9c1-7e55-4459-9fd1-fcaa80549a01": "Roman farmstead",
        "066f9d53-08e1-409e-a7df-6f508e6c5e69": "Roman villa",
        "cacecfb5-7dc6-4d41-98a5-d5d66ba04dcf": "Semi-detatched",
        "3cf024f5-3ffe-4ec1-a90c-46cbc119eeb6": "Settlement Core/Early Historic",
        "df91716e-bd50-477a-844b-14536b2c1f78": "Shopping centres",
        "adefb426-744d-45e3-9b88-1295cc3de6ea": "Stables/Kennels/Cattery",
        "0fa1b496-cfa5-451f-9de5-c020127c1686": "Strip fields",
        "1f1b4738-56a0-44c3-9cb0-ccd121132e52": "Surveyed enclosure",
        "dad9bdf5-7539-4eb6-8e10-5196aed69016": "Terraces",
        "a55435ab-dd31-4679-8171-88cbe5d76887": "Terraces",
        "50df7304-cd0d-4035-b266-e4f326d12d71": "Undeveloped Urban Land",
        "9312e67d-fbd8-4a80-9348-89da68f4786f": "Unenclosed Land",
        "429d900e-9f50-42f6-a605-bd192b6ad275": "Unknown",
        "436df918-ffea-456d-adf7-264b73a818d8": "Villas",
        "83cbee7b-faa9-41d6-a590-cce2b58a32ce": "Villas",
        "e5bdf077-10d7-451f-86cf-52aa6509fa3f": "Waterbodies",
        "5a68a607-6b70-42b0-89fd-f509915eb2b5": "Woodland"
    },
    "Capture Scale": {
        "5cfdc599-978d-4685-bb0c-dff3ca650873": "1:10000",
        "f02dff97-62a7-419b-b607-a96b3952f381": "1:1056",
        "9c4c235b-ae05-49d9-bd17-05d5059435a6": "1:10560",
        "14597fae-831f-494d-aff1-be96461f7eba": "1:1250",
        "6e34e30e-9ef8-48fa-b986-4ee0c8fe5395": "1:2500",
        "a62df9fb-1919-4d01-90f5-5f57f520d27f": "1:25000",
        "9046bd8e-1c6e-467f-acd3-ee2db707e900": "1:2501",
        "5132cab3-09a3-4975-82a6-2d789a158035": "1:2640",
        "0aeee697-3d33-4c94-834a-52bd84dc8807": "1:500",
        "74c7e4d7-0c9d-4edc-8e64-81d6fc2bda9d": "1:528",
        "303fa636-9126-469f-b56c-c382a746dc95": "1:5280",
        "57d020d3-ff05-4c33-bab1-a7915d72b070": "Unknown"
    },
    "Certainty Type": {
        "ab5445d1-514c-4ab5-9f92-c7d0c68c46f1": "Certain",
        "a833c81c-c545-44c7-9a8d-f30caa20d0f7": "Possible",
        "5098a178-ec32-4041-8999-a10d73cd826e": "Probable",
        "2d32062f-80b4-4293-94aa-46653ba5c632": "Uncertain"
    },
    "Coordinate System": {
        "ab82dabb-a966-406b-990e-db257a4aba01": "100 KM",
        "5cea99e4-8835-4721-a2b8-7bba45f55889": "ABSOLUTE",
        "ce402d37-c171-478e-aa2a-b38882b3231c": "LAT/LONG",
        "c93164a8-f2d7-437e-87cb-b28066506f70": "NGR",
        "02097a67-f5f2-46a5-9338-5cdfb1ed1f83": "OSGB36",
        "e2cbf75d-8d60-4467-b389-36e3c0bae3e4": "WGS84"
    },
    "Languages": {
        "27643bdf-984f-42ea-bae8-b9e315d96a31": "Chinese",
        "b5f1ff2d-d667-4c4e-86a1-c17fa4b9447b": "English",
        "1eaca20a-0277-4118-974e-82f9136411dc": "French",
        "a10578b8-ab21-41cc-835e-3d41c1216d1c": "German",
        "04c7ae17-824c-4eb9-b73d-bbc31d1c3ea1": "Greek",
        "2521065c-8d4b-4e97-bc86-f263e62ffb7c": "Latin",
        "35e8413d-d6c1-4f5a-a99e-8aa830100df8": "Middle English",
        "22f7263c-7432-4b65-8c36-ea588876c860": "Modern English",
        "890d6f40-d240-4da1-afc5-1e85772438d7": "Old English",
        "afa1f475-3273-4110-88ef-fb6e77cdee80": "Old Norse",
        "c208a3d2-df1d-4514-a188-a7cba1239e9a": "Portuguese"
    },
    "Cross Reference Source": {
        "27e7896d-0c65-47a0-8fcd-93c9adda9410": "AIP Record Number",
        "9bdb6b98-011c-4a65-9b69-e398f8f5aa63": "Admiralty Chart",
        "bc037851-0d49-4876-b668-8efdb91fd6df": "Archsearch",
        "a378648e-abd5-447f-90e6-67d228f0bde4": "BAB number",
        "4d5ca7d3-a327-401a-b47c-a8c5867e9a96": "BMAPA/EH/HE Event Name",
        "4da4ed2a-280f-4c10-8d18-ddf6154ec75c": "BMAPA/EH/HE Find Number",
        "074057fd-416d-4a25-be79-176552dbac2f": "BMAPA/EH/HE Monument Number",
        "c0116545-cc54-402b-b1a4-a408aa26ccea": "British Marine Aggregate Producers Association (BMAPA)",
        "b0b5d72e-1263-46a6-ae72-0284c6a05d07": "British Museum Treasure Number",
        "7c249850-6a18-4600-a8da-f9952bb51213": "Canal & River Trust Heritage Record",
        "297a9caa-2b1d-4b95-a351-46f45b0337fc": "Collection Number",
        "414087d1-bb1e-491a-9e49-f900f7d96ccf": "Corpus Signorum Imperii Romani (CSIR)",
        "590fcaf7-8c5c-43c9-961f-71753e1f8a33": "DBRG (SURREY) NO.",
        "4e4528b7-50c8-45ab-be8b-32baa5d877cf": "Defence of Britain Database UID",
        "0ac906dc-ccdd-4df9-ac88-f6d11e576528": "Defence of Britain SMR Reference",
        "f666c25d-90a4-4b1d-bca6-465a7e4815ce": "Designation Number",
        "69538c61-a327-44b0-b35a-b6d005fed110": "Dewey",
        "ab268f1d-13e5-4257-bca7-26a7ce627ab4": "Droit Number",
        "bfb13004-2ae8-49b5-8e9e-bf434d45ab11": "EH Photo Library Number",
        "1e86de3e-f670-4c3a-9b8c-9c33504db5ac": "EH Property Number",
        "a92f85b8-86df-464a-b3b3-5e80174f0537": "EH Survey Report Number",
        "478272ff-e184-4b5f-8c34-578320939656": "Englands Rock Art (ERA ID)",
        "b21f7278-6b54-4540-97e4-42c5eb78c2c9": "English Rivers Palaeolithic Project",
        "7846c526-f31c-4874-a0d2-3d75e06b84ee": "FIPAD/EH Event Name",
        "82f958c4-7b3d-4dc8-a49e-fd85fbd03abf": "FIPAD/EH Find Number",
        "ac4756c5-7f7b-4648-821b-a440aeaafd27": "FIPAD/EH Monument Number",
        "ca0ad086-4627-4734-b3cd-63c5fc580dd5": "Fishing Industry Protocal for Archaeological Discoveries (FIPAD)",
        "9c9c6c8e-16a4-4f93-affa-4e8e746be81d": "GLHER Legacy UID",
        "4130ba17-ed76-424c-9ea3-e0223672df73": "Guardianship Number",
        "ba278a77-cfe3-4767-870d-c594e55a6ddf": "Hart Number",
        "142df8dc-657c-4485-98f0-113ce3bdcf38": "Heathcote Tumulus Number",
        "20604011-72e9-40dd-8d92-2c7d522fe4a7": "Heritage Image Partnership Number",
        "248b9332-5c55-4d97-9f61-b803e1aff989": "Historic England",
        "28e773e4-de89-410c-b314-cb5d44fe27a7": "Historic England Archive System",
        "19afd557-cc21-44b4-b1df-f32568181b2c": "Historic Environment Record Number",
        "8eb06feb-ea57-4f0e-bb13-1b5c6d625b55": "Hydrographic Office Number",
        "8a943204-84e8-452b-b1ad-a8406c00b469": "ISBN",
        "9ab14abb-0bfb-49aa-918e-2b6ae4929fe0": "ISSN",
        "50ad49b2-fde4-4fbd-8bef-b0e9cb3aba26": "LAG number (GLAAS Ref)",
        "5fabe56e-ab1f-4b80-9a5b-f4dcf35efc27": "LPA Planning Reference",
        "edb848cd-4661-4f76-b6f0-3538c2f9d1b3": "Libref",
        "c4d7f6a2-2382-4669-a003-b386558495ed": "Listed Building Application Number",
        "08d086c5-9db1-4c67-a267-c4c16e7e350c": "Listed Building List Entry Legacy UID",
        "3ca8418c-f6ae-4313-905d-f40398bdea12": "Listed Building List Entry Number",
        "f88290ec-616f-4301-83eb-b2f6f7e7648f": "Local Nature Reserve",
        "1fff52de-ffdb-406a-b919-e6356be1e461": "London Parks and Gardens Trust Site Reference",
        "fca88b41-92a8-4b68-9d07-7e720727a321": "MORPH2",
        "173f81de-b612-4961-ac25-9d10e906d233": "Marine Aggregate Licence Area",
        "d25a36e0-83ce-45ff-8d50-1a8feebc361a": "Marine Antiquities Scheme ID",
        "b972a3b8-66e7-421c-938e-06e9f6517efc": "Measured Drawings Number",
        "febc31d4-5396-481f-a73d-5058bbfe5deb": "Medieval Settlements Research Project No",
        "8f37ed1e-fc86-4547-8f4e-aa3f92879bb5": "Museum Accession Number",
        "b7026c8b-e407-4dec-9225-b82b7cbc87aa": "National Archaeological Record Number",
        "224ea66f-33bd-4c0c-a817-e7d4edd153d1": "National Buildings Record Index Number",
        "ae835da7-0575-4804-b1c9-b93c2b296014": "National Inventory of War Memorials",
        "804a489a-be93-463b-b1f6-4f473b644279": "National Monuments Record Number",
        "f3d98f42-c698-488d-87e8-7ea880e18a85": "National Record of the Historic Environment Number",
        "6c5e3943-f1ad-4f81-8c94-93d1912acfa5": "National Trust Project Reference Number",
        "477a3c15-9b0d-4e19-9462-ac58a088bd21": "Network Rail ELR Asset Number",
        "e9cd1214-8615-460f-8837-c055c8cd1967": "OASIS ID",
        "9987b04b-a837-4070-a9b9-d5531210bac4": "ORPAD/EH/HE Event Name",
        "c625b663-6b0c-4acc-8280-a0845d0afe58": "ORPAD/EH/HE Find Number",
        "b2ebf706-e6ab-4d2d-852c-8056430da053": "ORPAD/EH/HE Monument Number",
        "fbf2a841-069c-4f77-9e72-2fd379e25919": "Offshore Renewables Protocol for Archaeological Discoveries (ORPAD)",
        "3b42b9d1-9f9a-439b-a4fd-19a7962ed63f": "Original Photograph Number",
        "ebdd2bcd-fd56-4e69-bd4b-43a88635cb53": "Original archive object no.",
        "da05d80b-2406-453b-a21a-1faaf5a7965b": "PSA Negatives Collection",
        "514a6350-370a-4691-88a3-cea7df774303": "Photographic Job Number",
        "625db5b9-f747-4abf-9d76-25d03876466c": "Pulhamite Database",
        "ddee0721-c5e6-47b3-9a15-9749f4035948": "RCHME 35mm Series",
        "a553d5fd-ffba-4dc6-84e5-f21a8773313e": "RCHME AA Series (1996) (4 1/4 x 3 1/4)",
        "822fe834-003a-4561-ab8a-80b0f2307e84": "RCHME BB Series (1996) (6 1/2 x 4 3/4)",
        "3d66bc7b-0fa8-4f4b-8771-f9af33b4d516": "RCHME CC Series (1996) (8 1/2 x 6 1/2)",
        "e22d5981-b0d3-431f-a205-cd18750a89d3": "RCHME DD Series (1996) (10 x 8)",
        "9d2e21cf-8e16-4bb6-be75-b1d116b5beb4": "RCHME EE Series (1996) (15 x 12)",
        "a2aebdfe-42e9-4458-ba7b-64f69dd85f40": "RCHME FF Series 1996 (6.5x4.75) col tran",
        "2bc66f56-0d90-444e-826a-a26eddee422f": "RCHME Microfilm Index Number",
        "ef38c162-892f-421a-990c-2f00740cfe97": "RCHME P Series (Print numbering scheme)",
        "01ba15c9-373f-447c-89fe-b9c3abc31491": "RCHME Photograph Series",
        "e61bdf71-588f-40f0-bc71-6b48354cffef": "RCHME S Series (Slide numbering scheme)",
        "63519ba9-8f9e-4953-82ee-2344a0ab7709": "Register of Parks and Gardens Legacy Number",
        "a5aa4298-3b42-4cb3-b8e8-c5d9c6e3cb71": "Roman Inscriptions of Britain (RIB)",
        "52e944b1-d258-4b3d-8abb-35b96a9d997c": "Roman Road Number",
        "afaf19c7-bfdb-43d7-aec4-f2af3cdd2edf": "Scheduled Monument Legacy (County No.)",
        "7b99a04f-3cef-4b2b-b894-8034c872d752": "Scheduled Monument Legacy (National No.)",
        "5f6ba900-6f15-497f-a9c3-feb54741f656": "Site Code",
        "2194b4df-83fb-48cd-9b19-f9a9868e4c33": "Superfile number",
        "69023356-49d9-4cf8-84b8-9d61467f96de": "Threatened Buildings Number",
        "b4a13384-ea51-4701-b1c1-823f52280dae": "Unified Designation System UID",
        "af5c61cf-ca3f-4fe1-bb4d-61f19665ffda": "Urban Archaeology Database Number",
        "2065fe1f-d4e1-45b1-a849-ce0e09b7fff0": "Webpage"
    },
    "Shape Qualifier": {
        "8ddfb12e-6198-49be-a980-ea20b57e38e5": "Approx",
        "adaae672-2477-4c78-b344-d0f4428213c1": "Archaeological Event",
        "f9405ebb-547a-4a92-9d71-be53db537f60": "Area",
        "4089734f-39b5-4808-87fd-88790579b431": "Dispersed Event",
        "592c1d57-172b-446c-8552-d620d058960d": "Linear",
        "90970f42-1850-47a9-ad32-e97fda301c04": "Locality",
        "2c25ab89-f1f2-4e8e-ae03-fb2ce1e99e0e": "Named Loc",
        "a69227e9-15fc-4336-a0bb-fe85302708fd": "Point",
        "58475cb6-53fd-4151-8b88-b26c1df25e3d": "Unknown"
    },
    "Information Object Part Type": {
        "bdb339b0-0f97-43f7-859b-3a03f6e60ea1": "Source Figures",
        "5e878125-f49a-438e-9256-10d36a39d4a9": "Source Pages",
        "f8062103-0421-41ec-a1c6-2927ea4414dc": "Source Plates",
        "8df2a226-a46c-41e9-bf58-0c320e9af0b7": "Source Volume Number",
        "b1d81a58-ed6c-40e6-9be3-a4682a96f5ac": "Source Volume Part"
    },
    "Reference Number Type": {
        "8143c8e3-dc87-46fa-b672-d9a4a9b6303d": "Archive Object Reference",
        "a297378a-41af-48c5-9e75-2aac61b96677": "External reference",
        "59b0e616-3c31-424c-8c32-2bf82e49b086": "Planning reference",
        "1992741b-cc36-4613-b04e-943fa8c9d6fa": "System Reference Number"
    },
    "Rear Gardens": {
        "f08e5c20-3d3d-4ed3-b55d-e06dfcaac195": "Communal",
        "492f5a14-4a0d-449f-8657-b68e8b0de135": "Large gardens",
        "bc5fe34b-1019-4c49-8aa1-de9842274f5e": "Medium gardens",
        "50240c34-907f-4af2-98d4-79842a5d5dae": "None",
        "f7002677-f08c-4c0b-a2d4-6534a102c59c": "Small gardens"
    },
    "Spatial Accuracy Qualifiers": {
        "b2e36702-c16c-4c6e-b495-a98b76c55d09": "0",
        "ed219b43-9a0c-443d-a930-83b367660398": "0.1",
        "72541290-1c0b-45ec-ad21-ede36fdb17b7": "1",
        "92a5b665-33b1-4073-8db6-cc49e2afa88e": "10",
        "36247dfc-4eeb-4bc5-af38-3f7e79c1e0cc": "100",
        "29f59418-8a51-4014-b83b-1622e7b0d616": "1000",
        "368022b4-1051-4bd2-9ff5-450018efda37": "10000",
        "78c1773c-cda2-4a98-acab-f4720aa22065": "Within 1 metre",
        "3417feb4-2348-46aa-804d-8dc86a9c06cf": "Within 10 metres",
        "fb1dc34a-ba26-4d48-9e14-e426b4ef1c53": "Within 100 metres",
        "90c9117f-2951-4196-99de-c77b4b8b06a8": "Within 1000 metres"
    },
    "Record Action Type": {
        "ecf19964-58a0-49a1-a31a-76262d807130": "Creation",
        "819f37ba-70b4-45a1-8281-be9d0f1e6c74": "Deletion",
        "dc33ee6d-e7e4-4095-a31f-05e381195aee": "Update"
    },
    "Street Frontage": {
        "880a6d60-37b0-457a-aba2-585d22b9c794": "Large set back",
        "53b6401f-3e2c-48fd-becf-fe26b6f7281f": "No set back",
        "81f4113f-d583-47bb-84f9-a02082bee13d": "Small set back"
    },
    "Street Pattern": {
        "b670c933-a8ee-4f4a-ac19-f69a997ddcbd": "Axial",
        "3babc3aa-7c6a-4d27-8ee7-0ee5df79dc61": "Branching",
        "cc6a99af-1b3c-4782-ac53-29999d63b43a": "Circuit",
        "0ba1ce3d-be45-4d04-b5dc-114ba417fc59": "Circus",
        "ad61ac88-2c9a-4bb6-b013-a73c58f398de": "Concentric",
        "c11c8f19-3ce4-4b1b-8d82-883a40154931": "Crescent",
        "c03d9ab9-ac4a-45ed-a523-d5ac61829bed": "Cul-de-sac",
        "a63f1ac4-03ef-4359-8f19-1eea424c7840": "Curvilinear",
        "42df517a-ce4c-4fd7-853e-81e4abf782d7": "Geometric",
        "3417a678-10d0-4a1a-b558-5a12c00c1846": "Grid-iron",
        "b95fd06f-1451-4a3b-be60-ec70125d4ad2": "Irregular",
        "6aa8d8f4-a538-4ca8-a6a7-d5b3b19fc1f3": "Mixed",
        "3b5a3e62-0721-4dbc-8ead-4db5578c3bc4": "Pre-urban",
        "275f72ec-5b20-4e96-99b0-2956590518aa": "Radial",
        "7cc715c3-9ea7-4827-be85-4e9b4af48dfc": "Rectilinear",
        "d5fb42e7-ab09-43e2-b2e6-50e7ef9d7b1b": "Sinuous",
        "6a88f0c5-35aa-4972-bd0e-67b9eba6cc12": "Straight"
    },
    "Validation Type": {
        "76b11eee-ed2c-43ed-836f-2ac35f143d14": "Checked OK",
        "25bbe122-df25-4c68-92be-6bc2c122b3fa": "Delete?",
        "98288c60-5e6f-4adf-8e40-9ac99800cb07": "Needs Work",
        "6a38142a-c8fe-4922-9bc7-499acd91030c": "Needs splitting",
        "63455e24-5dac-436b-900b-b204e09ed6c0": "Possible Duplicate",
        "806b0b00-7a10-411e-a8fd-19cfe80c905d": "Revoked",
        "efa19405-f425-4d17-859e-3360497be46a": "Unchecked"
    },
    "Resource to Resource Relationship Types": {
        "ac41d9be-79db-4256-b368-2f4559cfbe55": "is related to"
    }
}