ResourceID,Legacy ID,Artefact Name,Artefact Name Use Type,Material,Description Type,Description,Artefact Type,FindQuantity,Measurement Type,From Date,Phase Certainty,To Date,Period,Storage Building Name,Storage Area Name,External Cross Reference Number,External Cross Reference Source,External Cross Reference Description,Notes,Geospatial Coordinates
100abb07-0216-41cb-8ed9-269afe3ac729,FLO2955,Jug,Primary,,,,Jug,,,1475,Certain,1550,"[{""resourceId"":""00c39f2f-908c-44cb-9601-b609dbaec750"", ""ontologyProperty"": ""http://www.cidoc-crm.org/cidoc-crm/P10_falls_within"", ""resourceXresourceId"": """", ""inverseOntologyProperty"": ""http://www.cidoc-crm.org/cidoc-crm/P10i_contains""},{""resourceId"":""eca63529-41f0-4eb8-abd3-e0733a63583c"", ""ontologyProperty"": ""http://www.cidoc-crm.org/cidoc-crm/P10_falls_within"", ""resourceXresourceId"": """", ""inverseOntologyProperty"": ""http://www.cidoc-crm.org/cidoc-crm/P10i_contains""}]",RAINHAM LIBRARY COLL.,,,,,,POINT (0.1900483 51.5189375)
6cd3979c-68cd-4270-8f59-1c9203e4092e,FLO11958,Iron Pin,Primary,Iron,Summary,An iron headress pin was recovered during an excavation in 2007.,Pin,1,Quantity,1480,Uncertain,1550,"[{""resourceId"":""00c39f2f-908c-44cb-9601-b609dbaec750"", ""ontologyProperty"": ""http://www.cidoc-crm.org/cidoc-crm/P10_falls_within"", ""resourceXresourceId"": """", ""inverseOntologyProperty"": ""http://www.cidoc-crm.org/cidoc-crm/P10i_contains""},{""resourceId"":""eca63529-41f0-4eb8-abd3-e0733a63583c"", ""ontologyProperty"": ""http://www.cidoc-crm.org/cidoc-crm/P10_falls_within"", ""resourceXresourceId"": """", ""inverseOntologyProperty"": ""http://www.cidoc-crm.org/cidoc-crm/P10i_contains""}]",Museum of London Archaeological Archive,,BPZ06,Museum Accession Number,,,"MULTIPOLYGON (((-0.023947 51.4844413,-0.024270299999999998 51.4845118,-0.0242994 51.484522,-0.024308 51.4845386,-0.0243108 51.4845823,-0.0243056 51.4846676,-0.0242748 51.4847369,-0.024090999999999998 51.4846881,-0.0241248 51.4846106,-0.023891 51.4845191,-0.023947 51.4844413)),((-0.024614999999999998 51.4848378,-0.0250716 51.4849013,-0.0248478 51.4852661,-0.0247285 51.4853841,-0.024318899999999997 51.4852687,-0.024614999999999998 51.4848378)))"
73617c84-dfac-4f0c-b7b0-96b8a137a676,FLO16296,Glass Chamber Pot,Primary,Glass,Summary,"Glass urinal fragments. The urinal fragments consisted of a pale green flaring rim, a corroded wall and flaring rim and a pale green rim.",Chamber Pot,3,Quantity,1480,Certain,1550,"[{""resourceId"":""00c39f2f-908c-44cb-9601-b609dbaec750"", ""ontologyProperty"": ""http://www.cidoc-crm.org/cidoc-crm/P10_falls_within"", ""resourceXresourceId"": """", ""inverseOntologyProperty"": ""http://www.cidoc-crm.org/cidoc-crm/P10i_contains""},{""resourceId"":""eca63529-41f0-4eb8-abd3-e0733a63583c"", ""ontologyProperty"": ""http://www.cidoc-crm.org/cidoc-crm/P10_falls_within"", ""resourceXresourceId"": """", ""inverseOntologyProperty"": ""http://www.cidoc-crm.org/cidoc-crm/P10i_contains""}]",Museum of London Archaeological Archive,,ETA89,Museum Accession Number,,,"POLYGON ((-0.0840813 51.5138929,-0.0844134 51.5139311,-0.08442000000000001 51.5138866,-0.084462 51.5139081,-0.0844616 51.513917,-0.08465199999999999 51.5139231,-0.08467029999999999 51.5139412,-0.08475189999999999 51.513927699999996,-0.0847911 51.5141306,-0.0843322 51.5141617,-0.08415929999999999 51.5141916,-0.0841717 51.5141234,-0.0839921 51.5140878,-0.0840813 51.5138929))"
74ec6b0d-4b1f-4c67-af85-de78495facd4,FLO14212,Ceramic Mug,Primary,Ceramic,Summary,Handle and rim of a Raeren stoneware drinking mug,Mug,1,Quantity,1480,Certain,1550,"[{""resourceId"":""00c39f2f-908c-44cb-9601-b609dbaec750"", ""ontologyProperty"": ""http://www.cidoc-crm.org/cidoc-crm/P10_falls_within"", ""resourceXresourceId"": """", ""inverseOntologyProperty"": ""http://www.cidoc-crm.org/cidoc-crm/P10i_contains""},{""resourceId"":""eca63529-41f0-4eb8-abd3-e0733a63583c"", ""ontologyProperty"": ""http://www.cidoc-crm.org/cidoc-crm/P10_falls_within"", ""resourceXresourceId"": """", ""inverseOntologyProperty"": ""http://www.cidoc-crm.org/cidoc-crm/P10i_contains""}]",Museum of London Archaeological Archive,,FSL98,Museum Accession Number,,,POINT (0.10532359999999999 51.4179711)
a40b110c-4d89-4cd7-80ef-2ac613cb5296,FLO11957,Iron Horseshoe,Primary,Iron,Summary,An iron horse shoe was recovered during an excavation in 2007.,Horseshoe,1,Quantity,1480,Uncertain,1550,"[{""resourceId"":""00c39f2f-908c-44cb-9601-b609dbaec750"", ""ontologyProperty"": ""http://www.cidoc-crm.org/cidoc-crm/P10_falls_within"", ""resourceXresourceId"": """", ""inverseOntologyProperty"": ""http://www.cidoc-crm.org/cidoc-crm/P10i_contains""},{""resourceId"":""eca63529-41f0-4eb8-abd3-e0733a63583c"", ""ontologyProperty"": ""http://www.cidoc-crm.org/cidoc-crm/P10_falls_within"", ""resourceXresourceId"": """", ""inverseOntologyProperty"": ""http://www.cidoc-crm.org/cidoc-crm/P10i_contains""}]",Museum of London Archaeological Archive,,BPZ06,Museum Accession Number,,,"MULTIPOLYGON (((-0.023947 51.4844413,-0.024270299999999998 51.4845118,-0.0242994 51.484522,-0.024308 51.4845386,-0.0243108 51.4845823,-0.0243056 51.4846676,-0.0242748 51.4847369,-0.024090999999999998 51.4846881,-0.0241248 51.4846106,-0.023891 51.4845191,-0.023947 51.4844413)),((-0.024614999999999998 51.4848378,-0.0250716 51.4849013,-0.0248478 51.4852661,-0.0247285 51.4853841,-0.024318899999999997 51.4852687,-0.024614999999999998 51.4848378)))"
