ResourceID,Description,Description Type,Name,Name Currency,Name Use Type
015662a3-a757-4327-b81e-2decc9f848ca,Possibly a 19th century Thames sailing barge in poor condition.  Recorded as part of the Thames Archaeological Survey 1996 - 1999.(1),Full,"Bexley Thames Foreshore, (Abandoned barge?)",Current,Primary
015662a3-a757-4327-b81e-2decc9f848ca,Possibly a 19th century Thames sailing barge in poor condition.  Recorded as part of the Thames Archaeological Survey 1996 - 1999.,Summary,,,
01ca5793-a143-4315-a3a5-01dd16830237,,,THAMES FORESHORE,Current,Primary
02cc53b6-c460-495f-bd45-14513efef79a,"The logboat was recovered from excavations by the Department of Greater London Archaeology(N), in October 1987. Only one end of the damaged hull survived, but sufficient for a reconstruction to be proposed. The stern mirrors the narrower bow end in shape to give a proposed length of between 3.7-3.8m, a beam of between 0.6-0.65m and a total depth amidships of around 0.4-0.42m. It resembles a small punt-like craft, except that the bottom is more rounded, especially towards the ends. The logboat was made from a single oak log. It was found in a deep, machine dug trench at a depth of around 6 metres, in waterlogged ground. The site conditions, depth & flooding made additional archaeological investigations impossible. The position suggests that it had been left as a wreck, to silt up on the west bank of the River Lea. Later land reclamation & the canalisation of the Lea account for its land locked location, according to the excavators. Dendrochronology dated the boat to AD 950 to 1050.(1-6)",Full,"Springfield Park, Clapton (The Clapton Logboat) {Early Medieval Logboat}",Current,Primary
02cc53b6-c460-495f-bd45-14513efef79a,Logboat found in deep machine dug trench on the former west bank of the River Lea.,Summary,,,
05dd7fed-a04b-4f82-be13-64ab6d34c091,"A watching brief was carried out by Pre-Construct Archaeology between 30th June and 25th July 2006. The watching brief recorded foundations, timbers and a boat all dated to post medieval period. 

The boat sat between the river alluvium and a deposit of early to mid 20th century made ground. It was observed at an approximate level of 2.83m aOD. It was over 5.5m long and 0.6m wide, continuing beyond the northern and southern limits of the excavation. 

The natural was not recorded (1)",Full,"Highbridge Road, [J.A.Symes Factory Site] Town Quay, Barking",Current,Primary
05dd7fed-a04b-4f82-be13-64ab6d34c091,"A watching brief was carried out by Pre-Construct Archaeology between 30th June and 25th July 2006. The watching brief recorded foundations, timbers and a boat all dated to post medieval period. The watching brief followed on from an initial wathcing brief - in which posts, foundations, post holes, a wattle fence and leather shoes were recorded (all dated to the 18th and 19th centuries) and an excavation, in which two areas were opened up and the foundations of a corn mill and another building of unknown function were recorded, both dated post medieval.

The boat sat between the river alluvium and a deposit of early to mid 20th century made ground. It was observed at an approximate level of 2.83m aOD. It was over 5.5m long and 0.6m wide, continuing beyond the northern and southern limits of the excavation. 
Updated by R Leggett (3rd May 2007)",Summary,,,
0768be83-39ee-4503-84f2-0beafe6fbe51,"The remains of a clinker buillt boat were found through excavation at the site of Olympic Delivery Zone 3, Marshgate Lane, Stratford, by Museum of London Archaeology Service/Pre-Construct Archaeology in 2007.  
The remains of a mid to late 19th century clinker built boat were found to the northwest of a revetment, overlying, and sealed by, alluvial deposits.The boat is a small vessel, possibly a Thames skiff, measuring  around 5 m long by 1.10 m wide and 0.50 m deep.  Around 70% of the hull survives, including much of the bow and stern, but the uppermost parts are missing.  The boat appears to have been a lightweight, gig-type, boat and fittings in the bow suggest that it had a light mast.  The hull has been repaired and later on the boat was rebuilt in a rather crude style, with plant bulkheads being added and probably used as lockers.  A handful of birdshot was found at the base of one of the lockers.  This evidence and the rebuilding work suggest that the boat became a gun punt for wild fowling on the lower River Lea.  All components of the boat were left in situ.  (1-2)",Full,"Marshgate Lane, [Olympic Planning Delivery Zone 3], E15 {19th century clinker built boat}",Current,Primary
0768be83-39ee-4503-84f2-0beafe6fbe51,"The remains of a clinker buillt boat were found through excavation at the site of Olympic Delivery Zone 3, Marshgate Lane, Stratford, by Museum of London Archaeology Service/Pre-Construct Archaeology in 2007.",Summary,,,
09751725-8338-4c7e-a41f-edc2d6e4ae50,,,KENT AVE,Current,Primary
0a45bbdc-ed67-4a5e-b701-1e1ffddef34c,,,THAMES FORESHORE,Current,Primary
0f832c0b-4f1b-4d3b-a1d2-030816ab93b1,,,THAMES FORESHORE,Current,Primary
0fbb4b52-7d17-452b-a0d6-8739b7c72055,,,THAMES FORESHORE,Current,Primary
10e84eaa-b0a5-4855-9c58-648a9770ca3d,,,TEMPLE MILLS LEYTON E10,Current,Primary
18a7ddfd-d61b-493a-a48d-c370926a7e0c,"One of three logboats found in August 1921 lying side-by-side near the foreshore during PLA dredging of the R. Thames at Church Ferry. The stern part of one was given to the Museum of London in late 1921, the others were beyond preservation. No subsequent record. McGrail (1978) number 36. Thames Foreshore Survey number A118.(1-4)

Site not visible in 2011. (5)",Full,Church Ferry logboat 3,Current,Primary
18a7ddfd-d61b-493a-a48d-c370926a7e0c,"Logboat found in the River Thames near Church Ferry, Isleworth.",Summary,,,
1eaa949d-a6fa-49af-9b8c-03bd8df51174,,,THAMES FORESHORE,Current,Primary
237ab13c-63c2-4131-9e59-cfdfd47be526,,,THAMES FORESHORE,Current,Primary
244da3de-e905-43d2-a0b8-da6bb2932877,,,THAMES FORESHORE,Current,Primary
25197fda-dc13-4d1a-8451-d03990e4648f,,,THAMES FORESHORE,Current,Primary
2a9fe144-23e1-4078-8ce7-7ae9186f5ff3,,,THAMES FORESHORE,Current,Primary
2d9664c2-2a74-479c-a4f0-da97ecf8aef5,,,THAMES FORESHORE,Current,Primary
2f7bd05b-d106-47df-b7cb-92e9245b13a0,"Foreshore survey undertaken by the London Archaeological Research Facility (LARF) under direction of Mike Webber, 1996; survey zone FHL04, Alpha no. A119. Mooring posts?.(1)

Visible in 2011 during recording along the Thames foreshore by the Thames Discovery Programme. Mooring posts? Group of posts in mouth of Duke of Northumberland's River.(2)",Full,"River Thames, Isleworth, Hounslow {Possible Mooring Posts}",Current,Primary
2f7bd05b-d106-47df-b7cb-92e9245b13a0,"Mooring posts? Group of posts in mouth of Duke of Northumberland's River near Church Ferry, Isleworth.",Summary,,,
318b40f0-a4af-45cc-9684-15b8ea637060,,,THAMES FORESHORE,Current,Primary
354f3b09-a423-4c06-9a2d-6414db78079d,,,THAMES FORESHORE,Current,Primary
372b2a08-23d3-4600-b824-e3c464f3a647,"In describing a find in 1830 (MLO12067) Robinson suggests that a previous discovery of a boat, referred to by Camden (Camdens Britannia) was located here along the River Lea. This part of the River is thought to be one of two channels cut by Alfred which are now mill streams, much enlarged. (1)",Full,"Homerton Road [River Lea], Hackney Marsh, Hackney {Possible site of a boat}",Current,Primary
372b2a08-23d3-4600-b824-e3c464f3a647,"The possible site of a boat found before 1830. The boat is either that of a Viking Ship or, more likely, medieval ferry.",Summary,,,
37347f66-70f6-40f0-8b9e-278d1468ba55,"Roman(?) dugout canoe. Ex Finny.

Robert Cowie (MoL) thinks this record probably refers to the Molesey II log boat discovered by Swaby in the late 19th century.  Dendro-chronology puts the boat at c.870-1000 AD. 

The location of this logboat at Richmond Lock is over 15km downriver (7km as the crow flies) of West Molesey (TQ1368 McGrail 1978:241), where the Molesey II boat was found, suggesting that the two boats are infact not the same. The Roman date assigned to this boat is of unknown source, as is the Dendro date above (HS 23/10/02).",Full,Richmond Lock Logboat.,Current,Primary
37347f66-70f6-40f0-8b9e-278d1468ba55,Logboat discovered in Thames at Richmond lock.,Summary,,,
39725a68-34e7-44eb-a960-54a1f10c48bd,,,THAMES FORESHORE,Current,Primary
3cee55ec-ff03-454c-9a14-1d9b3b91d384,"Built in 1957 by Vospers, Southampton, this was a high speed motor launch used by the Royal Air Force as a rescue vessel. She was delivered new to RAF Alness in January 1958. Her propulsion was by Rolls Royce engines.
 
In 1974-5, the vessel was regularly commanded by F/Lt Colin Chandler, completing some 50 operational exercises/sorties, mainly involving RAF aircraft, though with some work with the Royal Navy and Army. She was latterly kept serviceable at RAF Mountbatten pending being gifted to RAFM, being the last 68ft H.S.L. in the UK.
 
On 26 November 1977, she made her last voyage from RAF Mountbatten up the English Channel to London's Royal Victoria Docks (arriving on 28 November) for movement by road to Hendon where she became a museum exhibit on 4 December 1977.(1-2)",Full,"Graeme Park Way [Royal Air Force Museum], Hendon {HMAFV 2757 Rescue Launch}",Current,Primary
3cee55ec-ff03-454c-9a14-1d9b3b91d384,"Built in 1957 by Vospers, Southampton, this was a high speed motor launch used by the Royal Air Force as a rescue vessel. She was delivered new to RAF Alness in January 1958. Her propulsion was by Rolls Royce engines.",Summary,,,
3d80eaae-a53f-4de6-81ce-e34587979ebd,,,THAMES FORESHORE,Current,Primary
3ec1edd9-abdb-47c6-8107-cc2134c0636d,,,THAMES FORESHORE,Current,Primary
3ed07830-bc0e-48cf-8273-cc872e12ae57,,,THAMES FORESHORE,Current,Primary
40dc0d30-97d6-4c3f-b493-f6ede73cf513,,,THAMES FORESHORE,Current,Primary
42ffd4ef-8a30-4eec-bb0c-220939d1cce3,,,THAMES FORESHORE,Current,Primary
449a839d-bab9-4e1b-bfb1-35a93cfcc41f,A loose timber found during the excavation of the Romano-British settlement site at 'Old England' Brentford. It was reported to be a 'fragment shaped...  to suggest that it had formed part of a dugout'. No further trace. McGrail number 20.(1-2),Full,Brentford Logboat,Current,Primary
449a839d-bab9-4e1b-bfb1-35a93cfcc41f,"A loose timber found during the excavation of the Romano-British settlement site at 'Old England', Brentford.",Summary,,,
460bd461-3411-47ff-a491-cc50a0ce99aa,,,OLD CUSTOM HOUSE (SITE OF ) EC3,Current,Primary
466cb4f0-fc7a-486f-a9aa-24cfc62794c2,"Remains of a vessel, type unknown, largely buried in mud and in poor condition. Recorded as part of the Thames Archaeological Survey 1996 - 1999.(1)",Full,"Bexley Thames Foreshore, (Abandoned vessel?)",Current,Primary
466cb4f0-fc7a-486f-a9aa-24cfc62794c2,"Remains of a vessel, type unknown, largely buried in mud and in poor condition. Recorded as part of the Thames Archaeological Survey 1996 - 1999.",Summary,,,
46ccffb7-cfe3-48e9-b9b4-efecdef82e4e,,,THAMES FORESHORE,Current,Primary
4d15f705-2dce-4e3b-948b-abd84e7a4586,,,THAMES FORESHORE,Current,Primary
4d678711-7fd9-482c-aecc-70b99ce649c9,"A survey was undertaken at Surrey Docks Farm, Southwark by the Thames Discovery Programme in 2013. This feature was from the foreshore portion of the survey.

There were areas of consolidated material, including three fragments of a barge. It was probably a Thames sailing barge bottom. Other material included bricks and pottery.  (1-2)",Full,"Rotherhithe Street, [Surrey Docks Farm Foreshore], Southwark, SE16 5E {Wrecked barge/consolodated material}",Current,Primary
4d678711-7fd9-482c-aecc-70b99ce649c9,"A survey was undertaken at Surrey Docks Farm, Southwark by the Thames Discovery Programme in 2013. This feature was from the foreshore portion of the survey.",Summary,,,
4e78c310-56aa-481f-8034-d1f9c468649c,"Logboat found November 1891, whilst dragging for a lost boat in the Thames. Subequently in May1892, an end of the same (?) logboat was dredged up from approximately the same position. 

The boat was exhibited in a shed, was bought in 1906-7 by Dr. Finey who gave the broken remains of the boat to the Kingston Museum. Finey reported that the boat was made of oak, had tapered ends and a rounded under surface. In one end there were 5 or 6 holes c.4in (1cm) deep, some of which were fitted with oak plugs. 

Finey estimated the overall length as 15ft (4.57m), from two fragments measuring 10ft 6in (3.20m) & 2ft 6in (0.76m). The maximum beam was given as 32in (0.81m). Finey examined wood from the boat under a microscope and noted that ""little remains of the wood substance except its fibrous and intercellular tissue, the vacant spaces ... containing fine river sand"". From this he deduced the boat genuinely ancient. Fox (1926) number 56. McGrail (1978) number 98.",Full,Molesey 2 Logboat.,Current,Primary
4e78c310-56aa-481f-8034-d1f9c468649c,Logboat found whilst dragging in the Thames. An end of possibly the same logboat was subsequently found at the same location.,Summary,,,
5155767e-8f9c-4c25-84ca-5b683c83c064,,,THAMES FORESHORE,Current,Primary
58d729a4-c86b-4cc3-893a-2226189294d2,,,THAMES FORESHORE,Current,Primary
5a78a2a6-58c9-4600-9544-e0311c6e44cb,"One of three logboats found in August 1921 lying side-by-side near the foreshore during PLA dredging of the R. Thames at Church Ferry. The stern part of one was given to the Museum of London in late 1921, the others were beyond preservation. No subsequent record. McGrail (1978) number 35. Thames Foreshore Survey number A118.(1-4)

Site of log boat find, marked on OS map. Not visible in 2011.(2)",Full,Church Ferry logboat 2,Current,Primary
5a78a2a6-58c9-4600-9544-e0311c6e44cb,"Logboat found in the River Thames near Church Ferry, Isleworth.",Summary,,,
5a83712f-398b-4639-9d75-b9158356e443,,,THAMES FORESHORE,Current,Primary
5aaf3f32-a426-4292-bce2-4c65d2ccec6a,,,THAMES FORESHORE,Current,Primary
5b6ead88-0ba6-46e7-a856-a2f107fac9de,"A fragment found before 1920 in the Thames. It was stated to be curved at tone end and 15in (0.38m) long. There is no further trace, but a small unlabelled fragment in the Museum of London might be it. McGrail (1978) number 99.",Full,Mortlake Logboat,Current,Primary
5b6ead88-0ba6-46e7-a856-a2f107fac9de,A timber fragment found in the Thames near Mortlake.,Summary,,,
5ca022b2-22a4-4b64-85d0-01130c32138b,"Foreshore survey undertaken by the London Archaeological Research Facility (LARF) under direction of Mike Webber, 1996; survey zone FHL10, Alpha no. A108. Boat. Large fragments used as hard for barge. Probably more than one vessel.(1)

Visible in 2011 during recording along the Thames foreshore by the Thames Discovery Programme. (2)",Full,"Brentford Riverside, Brentford, Hounslow {Undated Hard}",Current,Primary
5ca022b2-22a4-4b64-85d0-01130c32138b,Boat. Large fragments used as hard for barge. Probably more than one vessel.,Summary,,,
6692f8c0-852b-49f0-908b-96027b7b3064,,,THAMES FORESHORE,Current,Primary
673d2ae2-be6c-424a-9361-1becab97910b,"Abandoned oak boat in natural channel slit, ditch and various Roman deposit. English Heritage RO/Scheduled Ancient Monument Report/Form T: (1)

Remains of a boat or barge (length c.15m, beam c.4.2m), lying in a silted esturaine creek known as Guy's Channel. The vessel was located in 1958 and was partly excavated in 1959-60 by Peter Marsden. The vessel lay N-S, close to the E bank of the creek. It was abandoned c.AD 200, after which the creek silted up. Only the bow and forward part of the boat was excavated in 1959-60, the remainder being left unexamined. The vessel was apparently of native origin. It was made of oak and of carvel construction.  A few dateable pottery sherds were found during the excavation, from the period AD 190-225, which indicate the period at which the vessel was abandoned.  Fragments of hob-nailed shores and nails were also found.  (1,2,6-8)

In 1981/2 The Bloomfield Centre and Newcamen centre buildings were constructed, the Bloomfield Centre lying partially within the scheduled area. There is no record of scheduled monument consent. Michael Hammerson of the Southwark Archaeological Unit remembers noticing the development through the planning application and visiting the site. He said there were some shallow strip foundations and some piles, but no archaeological features were noted.

Currently the scheduled area is partially grassed, part, road and pavement, part flower beds, with shallow rooting shrubs and the corner of the Bloomfield centre covers a small area (1988).

The area was excavated again in 2010 by the Museum of London Archaeology. Visual inspection determend the boat is of oak.The remains of the boat consisted of four parallel sets of rectangular frames. These frames noticeably sloped from west to east, probably due to their being moulded over time by the pressure of the overlying deposits to follow the profile of the underlying deposits. It appears that part of the midships section along the centre line of the vessel was exposed. All the frames were single timbers with a rectangular cross-section about 14cm wide and 6-8cm thick, except the southern-most one, which consisted of two superimposed timbers both 6.5cm thick. (14-15)",Full,"Great Maze Pond, [New Guy's House], Bermondsey {Roman boat}",Current,Primary
673d2ae2-be6c-424a-9361-1becab97910b,"Remains of a boat or barge of the Roman period were found through excavation, lying in a silted esturaine creek known as Guy's Channel. The boad was first discovered in 1958, and excavations have taken place periodically since that time. The boat has been left in situ.

Visual inspection determend the boat is of oak.",Summary,,,
680f1268-36ee-4144-8706-75fec8ba44e0,Oaken ribs of possible Roman boat found in 1913 20 feet below peat deposits.  This is almost certainly a boat referred to in correspondence between H Chatfield Clark and A Briggs in 1913 where the discovery of an 'old barge or boat lying the mud' was reported.  The parts of the boat exposed were of clinker construction.(1),Full,"Storey's Gate, Westminter {Remains of Possible Roman Boat}",Current,Primary
680f1268-36ee-4144-8706-75fec8ba44e0,Oaken ribs of possible Roman boat found in 1913 20 feet below peat deposits,Summary,,,
69208fdb-c4b6-4102-8187-d6d03e2aaed2,"Found in August 1920 whilst dredging . the PLA lent the boat to the Museum of London for an initial period of two years, and is known in the MoL records as B775 Barn Elms. This boat can no longer be identified, although unidentified remains in the museum reserve collection may be it. The base of the logboat (B775) is 4.26m long and 0.38m broad. It is probable that the full original length survives, but not the full bredth. There is a short section of one side 50mm high. The base is warped. Through the base near the centre-line are two vertical holes, one has a treenail still inserted and is 12mm in diameter. The empty hole measures 20mm x 12mm. 

The Putney logboat was said by Fox (1926) to be 13ft (4.05m) long, to have a flat bottom and no surviving sides. The PLA records give the length as 14ft (4.26m) with a beam of 1ft 6in (0.45m). Fox (1926) number 55.  McGrail (1978) number 116.",Full,Putney Logboat (Barn Elms),Current,Primary
69208fdb-c4b6-4102-8187-d6d03e2aaed2,Logboat dredged from the Thames at Putney Reach by the PLA in 1920.,Summary,,,
75f78719-b421-45e6-b8b8-1067859a0659,,,BELL WATER GATE,Current,Primary
7619f4a7-d7fa-4c57-ba10-68997ae1823c,,,THAMES FORESHORE,Current,Primary
773a38b2-1f4a-4766-a907-f0f2be18ca58,,,BARN ELMS,Current,Primary
7cea899f-6dbc-4617-bbc6-a952cdcc88e4,,,THAMES FORESHORE,Current,Primary
7f21fffa-bbcc-4be2-90bd-b7c3018ef15a,"Logboat found in April 1952 when dredging for gravel near a former course of the R. Lea. It deteriorated in the several months it was left in the open, there is no trace of it after 1954, when it was with the Dunlop Rubber Company. Holmes & Hayward (1952-4) recorded a fragment 7ft 6in (2.29m) in length was recovered. The boat was oak and the only feature that was recorded was a bulkhead in the solid, which survived to c.10in (0.25m) in height, almost as high as the surviving side. McGrail (1978) number 140. 

CONSTRUCTED WITH AN IRON TOOL.",Full,Waltham Cross Logboat,Current,Primary
7f21fffa-bbcc-4be2-90bd-b7c3018ef15a,"Logboat discovered during dredging in Rammey Marsh, near a former course of the River Lea.",Summary,,,
7f47e5bf-0e7a-488a-889c-53e5730efafc,,,THAMES FORESHORE,Current,Primary
84b226fe-dc1a-4de6-a249-3c6623ee4f88,,,THAMES FORESHORE,Current,Primary
8713c482-8733-4fb8-846d-ebd3be82dc40,,,TRIG LANE STAIRS EC4,Current,Primary
89811065-a2a1-4317-86e9-b41c98541ffb,"Logboat found October 1900, during excavations in the River Lea marshes for the Reservoir, 6ft deep near an old channel on a bed of fine, sandy silt with freshwater shells. It was moved to the British Museum in July 1901.The remains of the boat are in a poor state (September 1974). About 0.60m is now missing from the length, and most of the sides have gone. The length was originally recorded as 14ft 10in (4.52m) when found, but the full length was not recovered in 1900. The boat was made from Oak, possibly a half log. The ends are rounded in elevation, and were possibly rounded in plan. The transverse section was probably rounded. A bulkhead, c.0.14m thick and c. 0.15-0.20m high was left standing in the solid in the central section. Towards one end was a shallow transverse ridge which is now vestigial. Traill (1901) reported a vertical hole of 22mm diameter with a treenail in the sheer near each end, the corresponding section of the other side of the boat being missing. There is no trace of the holes today. Holmes (1902:13) suggested a date of c. 500BC based on stratigraphic evidence. A pointed oak stake, possibly a pole, was found below the boat. Fox (1926) number 6. McGrail (1978) number 141.(1-15)",Full,Walthamstow Logboat,Current,Primary
89811065-a2a1-4317-86e9-b41c98541ffb,Logboat found during excavations in the River Lea marshes for the Lockwood Reservoir No. 2 circa.1900.,Summary,,,
8e0e83e2-9be4-48dc-a0f2-a4b43feeb936,,,THAMES FORESHORE,Current,Primary
8fe98a9d-8c00-43c6-b216-ae3f8bfe2063,Remains of abandoned vessel recorded during foreshore survey.  Nothing further known.(1),Full,"Bexley Thames Foreshore, (Abandoned Vessel)",Current,Primary
8fe98a9d-8c00-43c6-b216-ae3f8bfe2063,Remains of abandoned 19th century vessel recorded during foreshore survey.  Nothing further known.,Summary,,,
9021ac2f-d4f5-446f-98d8-19612950585c,,,THAMES FORESHORE,Current,Primary
905bdd10-0b15-4192-b28f-61b3ac2ea001,"Logboat found in 1885 during ditch digging through peat in the Erith Marshes. A polished flint axe and a scraper were found inside the boat, which was left as two fragments in the bank, on either side of the ditch. No subsequent trace. Fox (1926) number 9. McGrail (1978) number 48. McGrail (1978) puts the position at TQ 495 792.",Full,Erith Marshes Logboat,Current,Primary
905bdd10-0b15-4192-b28f-61b3ac2ea001,Logboat found during ditch digging through peat in the Erith Marshes.,Summary,,,
90b53564-8e6c-4368-b6a0-87119020c5db,,,STEADFAST SEA CADETS HQ,Current,Primary
91d0127c-e2d3-4ea5-946d-3a20debaf7bd,Abandoned skiff. Good condition.(1),Full,"Bexley Thames Foreshore, (Abandoned Skiff )",Current,Primary
91d0127c-e2d3-4ea5-946d-3a20debaf7bd,Abandoned skiff. Good condition.,Summary,,,
920b526c-de26-44a7-907b-7ad457ca28a4,,,THAMES FORESHORE,Current,Primary
93ba05fe-20f6-415a-bbc6-47a514a94983,,,THAMES FORESHORE,Current,Primary
952e29f6-83b5-4a57-bcf9-41d6133de6d4,,,"RIVERSIDE WALKWAY, W SIDE BLACKFRIARS RAILWAY BRIDGE,EC4",Current,Primary
985081af-b593-4c82-b439-22e617c51746,,,THAMES FORESHORE,Current,Primary
987f4c64-caaf-4554-832d-d2236c4208ca,"Logboat found in June 1877 during fishing in the River Thames, opposite Hampton Court. Lane-Fox (1878) reported it to be in an advanced state of decay, but there are no records of it after his inspection. Lane-Fox reported it to be made of oak, 14ft (4.27m) in overall length, with an internal maximum breadth of 2ft 6in (0.76m) across the bottom tapering to 2ft (0.61m) near the bow,. The boat had a flat bottom rising towards the bow and stern. the transverse section was rectangular, the bow rounded and the stern 'evidently' square 'but the back piece is wanting'. The sheer was level. Near the incomplete end (stern ?) a 3in (75mm) wide ridge had been left in the solid. Two rows of piles were reported to be visible crossing the river near the find spot. McGrail (1978) number 97 - Molesey 1. Fox (1926) number  25 - incorrectly called W. Molesey, in fact in E. Molesey.

Possible replica model now held in the Pitt-Rivers Museum in Oxford.",Full,Molesey 1 logboat,Current,Primary
987f4c64-caaf-4554-832d-d2236c4208ca,LOGBOAT FOUND OPPOSITE HAMPTON COURT WITH A HORSES SKULL WITHIN IT.,Summary,,,
9882a05e-4f5c-4405-ac9d-98962146a56a,"An archaeological evaluation and follow up watching up brief was carried out in 2000-2001 by AOC Archaeology. Site code VIP00.
Six wooden lighters, a type of mast-less river barge up to 18m in length, were recorded. These had been reused as the main elements in a river wall. Five of the lighters were swim-headed with a fore and aft bulkhead, occasionally with access hatches to the hold. Other features recorded included cross beam bracing chains, removable wooden cross beams, a winch housing, carved identification and tonnage numbers and a bow cockpit with a coil of rope on deck. The other lighter was round-headed and carved with the name 'Minnie' on the stern bulkhead. 
All the boats showed signs of wear and may her been working on the Thames for as long as 20 years by the time they were built into the river wall in the mid 19th century.
The river wall dated to between 1843 and 1860. The back filled lighters formed the main body of the wall with timber shuttering rammed with chalk filling the gaps. This form of land winning was more common in the United States and is rare in the UK. The lighters could therefore have been built as early as 1820.
Also recorded was the timber and concrete remains of a late 19th century wharf, mistakenly believed to have been a World
For more information see (1, 2, 3).",Full,"West Street, [Vic Industrial Park], Erith, {six early 19th century barges}",Current,Primary
9882a05e-4f5c-4405-ac9d-98962146a56a,Six wooden barges dating to between 1820 and 1860 were recorded during an evaluation and subsequent watching brief in 2000-2001. They had been reused as main elements in a river wall.,Summary,,,
9af8a3f5-3b13-405c-9e54-465f8a54ca8e,,,THAMES FORESHORE,Current,Primary
9c1298d8-7487-4a63-8087-59026fa99a26,"This building is listed under the Planning (Listed Buildings and Conservation Areas) Act 1990 as amended for its special architectural or historic interest.

Tea clipper of 963 gross tons, launched in 1869, by Scott & Linton for China tea trade. After 1877 transferred to Australian wool run. Fastest ship of her time. Now maintained in special dry dock, as museum and permanent memorial to days of sail, by Cutty Sark Society.  (1-2)

Built in 1869 by Scott & Linton at Dumbarton, for the original owner John Willis, CUTTY SARK is the sole surviving extreme clipper, designed to be very fast. She was one of the last tea clippers built, but as this trade was taken over by the steamers using the Suez Canal, she turned to general trading including transporting wool from Australia. It was during this time that she made her legendary fast voyages. In 1895 she was sold to a Portuguese company and renamed FERRIERA. She was re-rigged as a barquentine following a dismasting in 1916. 

Captain Dowman of Falmouth decided she should be preserved and in 1922 bought the ship and made her part of a floating nautical school he was operating. In 1938, his widow presented the ship to the Thames Nautical Training School at Greenhithe. They maintained the ship until 1952 when the Cutty Sark Preservation Society was formed. The ship was permanently installed in a stone dry-dock at Greenwich on the Thames, and fully restored to her appearance as an active sailing vessel. In the 1990s, structural problems were first identified in her hull and plans were put in motion for a full restoration. She was awarded a grant of Ãƒâ€šÃ‚Â£13 million by the Heritage Lottery Fund and, in November 2006, her rig was dismantled prior to work commencing. 

On 21 May 2007, a fire broke out onboard CUTTY SARK in the early hours of the morning and was later put out by the London Fire Brigade. The Cutty Sark Conservation Project is a Ãƒâ€šÃ‚Â£25 million scheme, not only to preserve the fabric of the ship, but also to ensure that she has a sustainable future. The vessel will be lifted and suspended three metres above her current position, allowing her visitors to walk, dine or dance under her and, for the first time, be able to properly appreciate her beautiful lines. A sophisticated glass 'bubble' meeting the ship at the waterline will give year-round protection to visitors in the dry berth and to the lower hull itself. These new works will be clearly distinguishable so that each visitor knows what is historic and what is not. A new interpretation scheme will be installed to give a more atmospheric, more dramatic sense of life and times of the ship.(3)",Full,"Cutty Sark Gardens, [The Cutty Sark], Greenwich, SE10 9DP {19th century tea clipper}",Current,Primary
9c1298d8-7487-4a63-8087-59026fa99a26,Grade I listed 19th century tea clipper.,Summary,,,
9c3ba177-ec6b-492d-b151-65b5778a8974,,,THAMES FORESHORE,Current,Primary
9eb135fe-74b7-4094-be73-281391915d48,"Logboat found in April 1911 by the PLA whilst dredging the R. Thames between Olivers Island and Kew Bridge. It was given to the Museum of London where is was slowly dried out and given coats of Solignum. The original length of c.4.42m and part of the sheer survive. The boat was made from a whole oak log, the surviving end being the butt end of the tree. The transverse section is rectangular throughout and the ends are rectangular in plan and elevation. The sides are approx. parallel and the sheer is parallel to the bottom. The bulkhead which extends to the sheerline, tapers from the base to the sheer line, and has been left in the solid near the midship station. Radiocarbon dating in 1970ÃƒÂ¢Ã¢â€šÂ¬Ã¢â€žÂ¢s: 1250AD. Fox (1926) number 24. McGrail (1978) number 73.",Full,Kew Logboat,Current,Primary
9eb135fe-74b7-4094-be73-281391915d48,Logboat found in 1911 by PLA whilst dredging in the Thames.,Summary,,,
a00f0d15-7a21-4c65-9117-5c08980de551,,,KINGSTON BRIDGE,Current,Primary
a0412404-b4d0-4f9e-95a2-c78dc1acc5df,"Foreshore survey undertaken by the London Archaeological Research Facility (LARF) under direction of Mike Webber, 1996; survey zone FRM22, Alpha no. A114. 19th century or 20th century boat, 3.0m x 0.05m (?)",Full,THAMES FORESHORE,Current,Primary
a0412404-b4d0-4f9e-95a2-c78dc1acc5df,A 19th or 20th century boat was recovered during a foreshore survey.,Summary,,,
a14ffc5e-a81c-4fbc-809d-382385f3b955,,,THAMES FORESHORE,Current,Primary
a1ee1978-85dc-41cf-8210-285351b7e314,,,THAMES FORESHORE,Current,Primary
a2dcd42c-c122-4dbb-94ad-4d6a0d2195a0,,,TRIG LANE STAIRS EC4,Current,Primary
a4718d9f-f826-44f0-ae21-a6baea8b15b8,,,THAMES FORESHORE,Current,Primary
a5b810c2-0f42-4a8b-83ac-6b1a0871faae,"Logboat found in 1878 during excavations for the Royal Albert Dock in the alluvium of a former stream c.10-12 ft (3.05-3.66m) below ground surface and was described as resting on the peat bed. It was given to the British Museum. The boat was made from a single oak trunk and measured 17ft (5.18m) in length and c 24-25"" (0.615m) in width. A ""peculiar arrangement perhaps a seat"" was noted, possibly a seat. It was thought to date to ""the time of the Roman invasion"" (Spurrell 1889) as Roman pottery (060209) was also found lying on the surface of the peat nearby. 

Dendrochronology has dated the canoe to the 3rd century AD.  

McGrail comments that the boat is ""in a poor condition being in 3 main pieces, each with longitudinal splits"". Fox (1926) number 10. McGrail (1978) number 170.",Full,"Royal Albert Docks, {Woolwich Logboat}",Current,Primary
a5b810c2-0f42-4a8b-83ac-6b1a0871faae,Logboat found in the alluvium of a former stream during excavations for the Royal Albert Dock.,Summary,,,
a64d1444-f951-4c32-89a8-a88f9d419b37,"A piece of timber from a post medieval boat was located at Bronze Age Way, Erith during a watching brief by RPS in 1995. The small piece of timber was found amongst an area of natural fallen trees. It is believed to be part of a large carvel built ship, and fits well with Erith's known ship building past.  (1-2)",Full,"Bronze Age Way, Erith, Bexley, Kent {Post Medieval boat}",Current,Primary
a64d1444-f951-4c32-89a8-a88f9d419b37,"A piece of timber from a post medieval boat was located at Bronze Age Way, Erith during a watching brief by RPS in 1995.",Summary,,,
ae157ad1-6f68-4f76-b477-ed775352e4fc,,,THAMES FORESHORE,Current,Primary
ae6e65ba-90a9-489b-b138-33fffc24bbcd,,,THAMES FORESHORE,Current,Primary
b2515fe1-694b-42ec-9f66-e61594b47cc5,,,THAMES FORESHORE,Current,Primary
b5b8358a-7e17-46f6-b6ff-47d836ced0ae,,,THAMES FORESHORE,Current,Primary
b8916b6f-2f30-4380-8cbb-e4ae3df7e1bd,,,THAMES FORESHORE,Current,Primary
b8966996-7d21-4d4e-8d92-4a30c722d6f9,,,THAMES FORESHORE,Current,Primary
ba98e0c2-f470-420b-af20-e10b5eaf5abe,,,THAMES FORESHORE,Current,Primary
c24389a1-0331-4c84-ac54-40e760223246,,,135 Queen Victoria Street EC4,Current,Primary
c641f7c6-4fed-4fed-9e0b-ad2c95c061bb,,,THAMES FORESHORE,Current,Primary
c802c55c-1307-4105-bf2d-d6a9812c70fd,,,THAMES FORESHORE,Current,Primary
c85365e2-a01b-4fba-9bf4-62d37074a401,Hulk of Thames sailing barge Lady Mary. Good condition.(1),Full,"Bexley Thames Foreshore, (""Lady Mary"" )",Current,Primary
c85365e2-a01b-4fba-9bf4-62d37074a401,Hulk of Thames sailing barge Lady Mary. Good condition.,Summary,,,
ca57491e-061e-48d0-950f-b201810b483c,,,HIGHAM HILL WALTHAMSTOW E17,Current,Primary
cd610a52-61b8-44c8-a1af-63bd0ce7e30a,"An Archaeological Diving survey was carried out by Oxford Archaeology in March 2005. The purpose of the survey was to ground truth four acoustic anomalies identified during a geophysical survey carried out by Wessex Archaeology in August 2004. WA6034/OA612 was identified as a substantial vessel and likely to be of late 19th century or early 20th century date.  It consisted of articulated timber planks and frames, and possibly the remains of a steam boiler. It is now considered unlikely that the wreck is that of the Princess Alice, as thought possible by Wessex Archaeology during their geophysical suvey as the construction techniques observed are very different. 

The site boundary circumference is 225m. 

WA6007/OA644, WA6008/OA645 and WA6050/OA627 were modern material, probably the result of dumping. (1)",Full,Gallions Reach [Thames Gateway Bridge] {wreck},Current,Primary
cd610a52-61b8-44c8-a1af-63bd0ce7e30a,"An Archaeological Diving Survey was carried out by Oxford Archaeology in March 2005. The purpose of the survey was to ground truth four acoustic anomalies identified during a geophysical survey carried out by Wessex Archaeology in August 2004. WA6034/OA612 was identified as a substantial vessel and likely to be of late 19th century or early 20th century date (1). When Wessex Archaeology carried out their interpretation of Side Scan Sonar, Sub-Bottom Profiling and Magnetometer Surveys, WA6034/OA612 was thought to possibly correspond with the wreck site of the Princess Alice - a paddle steamer which sank after a collision in 1878 (2). It is now thought that this is unlikely due to major differences observed in construction technique. (1)

The other three anomalies WA6007/OA644, WA6008/OA645 and WA6050/OA627 were of no archaeological evidence and represented modern material, probably the result of dumping (1).",Summary,,,
ce24c39c-5944-4a50-9674-14ea2d17f53b,Small boat in good condition.  Probably 19th century in date? Recorded as part of the Thames Archaeological Survey 1996 - 1999.(1),Full,"Bexley Thames Foreshore, (Abandoned vessel?)",Current,Primary
ce24c39c-5944-4a50-9674-14ea2d17f53b,Small boat in good condition.  Probably 19th century in date? Recorded as part of the Thames Archaeological Survey 1996 - 1999.,Summary,,,
d27b8b87-a5b4-4381-a893-fbaa272aea6d,,,THAMES FORESHORE,Current,Primary
d67d0cae-d4b0-41a8-8aa3-99f02421b38f,,,KINGSTON HORSEFAIR,Current,Primary
d7ca4486-25c5-4e59-9821-1b8f0e8f5e22,,,THAMES FORESHORE,Current,Primary
d8533db5-08aa-4bcb-996b-edf071f46b6e,,,THAMES FORESHORE,Current,Primary
d875b023-5112-462c-b243-4ac235d866da,,,THAMES FORESHORE,Current,Primary
d888c725-322b-4405-a6d6-71b7d4a18176,,,THAMES FORESHORE,Current,Primary
d8b2c186-1e82-4670-812f-0429535e82a7,,,COUNTY HALL,Current,Primary
da76e57b-4747-4c8d-9632-7a426426f810,"During excavations for a canal and reservoir in the Hackney Marsh for the East London Water Works Company, to the north of Temple Mill, and between the mills the Lea Bridge a boat was recovered. 

The boat was in poor condition and could not be removed. It was 20 feet long (6m), 6 feet wide (1.8m) and 18 inches deep (46cm). It was clinker built with the joints sealed with caulking containing cow hair. Near to the boat two antlers were also recovered.

It is thought that the boat is the remains of a ferry used to cross the River Lea and not, as others suggested, a Danish ship from the 859 AD fleet. (1)",Full,"Lea Bridge Road, Hackney Marshes, Hackney {possible medieval ferry}",Current,Primary
da76e57b-4747-4c8d-9632-7a426426f810,The remains of a possible ferry boat on the River Lea.,Summary,,,
db577bd2-275e-4d6a-9455-3e7f512ce55c,,,THAMES FORESHORE,Current,Primary
dd2f1485-3517-4221-94d6-060d30eec91c,,,THAMES FORESHORE,Current,Primary
ddca58f1-e7ef-4a00-bfa1-7f076601f63e,,,THAMES FORESHORE,Current,Primary
e1ac71ce-fef8-4f9a-bce6-2c9ddb285650,"One of three logboats found in August 1921 lying side-by-side near the foreshore during PLA dredging of the R. Thames at Church Ferry. The stern part of one was given to the Museum of London in late 1921, the others were beyond preservation. No subsequent record. McGrail (1978) number 34. Thames Foreshore Survey number A118.(1-4)

Not visible during 2011 survey.(5)",Full,Church Ferry logboat 1,Current,Primary
e1ac71ce-fef8-4f9a-bce6-2c9ddb285650,"Logboat found in the River Thames near Church Ferry, Isleworth.",Summary,,,
e2b36990-b1bf-4699-bb18-ba1c0ec0ded1,,,TRIG LANE STAIRS EC4,Current,Primary
e425c511-8881-4cac-94a7-8217917cd079,"Rudder recorded during Thames Archaeological Survey 1996 - 1999, foreshore survey.  It is not clear if this represents the site of a vessel, now gone, or just the rudder.(1)",Full,"Bexley Thames Foreshore, (Abandoned ship rubber, possible site of vessel)",Current,Primary
e425c511-8881-4cac-94a7-8217917cd079,Rudder recorded during foreshore survey.  Nothing more known.,Summary,,,
e6ef02e4-b61d-461e-b273-ed83f3f7570b,,,THAMES FORESHORE,Current,Primary
f4d1e2cb-79e8-4843-ace6-245fc336e3ac,,,THAMES FORESHORE,Current,Primary
f50b8ace-198c-465f-a391-ef62240b141d,,,THAMES FORESHORE,Current,Primary
f690d723-a4c8-4df6-9615-ff426e709443,,,THAMES FORESHORE,Current,Primary
fdc9b3ff-b228-45e6-98ed-75e4aad49817,,,THAMES FORESHORE,Current,Primary
fe975416-f7cb-4e6b-b80d-2516a2dcf776,,,THAMES FOESHORE,Current,Primary
ff802901-db8d-4bdb-abc5-1fb167a45d2d,"Pinnace 1374 was built by Groves and Gutteridge, Cowes, Isle of Wight in 1955. She is of double diagonal mahogany construction and has a Rolls Royce diesel engine model C65FLM series 113.
 
The 63 ft pinnace was the workhorse of the post-war RAF Marine Craft fleet, widely used in the UK and overseas bases for lifting and laying of marine and aircraft moorings, the recovery of torpedos, sonar buoys and other practice weapons dropped on exercise, towing and cargo carrying duties, and assisting with aircrew sea survival exercises and helicopter rescue crew training.
 
The pinnace operated until 2002 and was delivered in a dissassembled state to the RAF Museum at Hendon where she has since been reassembled for external display.(1-2)",Full,"Graeme Park Way [Royal Air Force Museum], Hendon {Pinnace 1374 Fighting Vessel}",Current,Primary
ff802901-db8d-4bdb-abc5-1fb167a45d2d,"Pinnace 1374 was built by Groves and Gutteridge, Cowes, Isle of Wight in 1955. She is of double diagonal mahogany construction and has a Rolls Royce diesel engine model C65FLM series 113",Summary,,,
