{
    "Currency Type": {
        "c2051d53-40e7-4a2d-a4b4-02a31da37fd1": "Current",
        "e756530f-40af-4a88-a1d5-39b03c1b809a": "Former",
        "2e820298-0d7b-4810-9e46-e16f255b9631": "Historic"
    },
    "Metatypes": {
        "b9ffd5fa-c512-44a6-b1c2-87fd1e3cd519": "Activity Type",
        "f3b206ff-9cb0-4819-b9c6-17d14e4b4749": "Actor Type",
        "6bdffb5e-9f5b-44f7-a3a6-11cf81219fd8": "Address Part Type",
        "67b76fd1-4906-4055-b493-711c93fc0996": "Address Status Type",
        "20aa84bf-c35a-43c2-9b23-68b6f9eac5c9": "Aircraft Type",
        "4a3ba5e2-bb8b-4180-afb6-9b710f4e122f": "Application Type",
        "35999571-5ac9-4bca-abc6-db5ba2588253": "Area Type",
        "dfd57433-f8e3-4bbd-905b-885ebea87455": "Artefact Type",
        "953238ab-fefc-42e9-9b20-0b4441df2b41": "Asset Type",
        "d3b75e3a-638e-490e-8d1b-bbb5c504ce94": "Association Type",
        "9501a49f-024d-49b3-819e-43aba87db901": "Audience Type",
        "46f076c8-fd6a-4141-b74e-6c26be3725fa": "Audit Outcome Type",
        "59471da5-0062-407f-874b-714305c2fc5a": "Authorization Type",
        "d3284599-47b3-47fe-8675-d5a61086df50": "Capture Scale Type",
        "f2054168-b8dc-416a-b6df-f5aff733c0c3": "Certainty Type",
        "62f3f620-ea25-46c8-9a7b-dbadf23aa874": "Classification Type",
        "956f9779-3524-448e-b2de-eabf2de95d51": "Communication Type",
        "003c935b-e8f0-4df7-aa76-a670e4a7a532": "Compilation Type",
        "ffcdfdf2-0222-473a-934d-58dc6a703cbf": "Condition Type",
        "44b1e6af-5c5a-4c68-9eb9-4eb43bdbe823": "Construction Phase Type",
        "33bc5cb8-8b69-4626-addb-5219adb5e467": "Consultation Type",
        "ce6cea2d-dd71-463f-8fd3-baa6c5c883a5": "Contact Point Type",
        "561dc137-3557-4e2f-986e-a8855cad74cf": "Copyright Type",
        "5a88136a-bf3a-4b48-a830-a7f42000dd24": "Currency Type",
        "59a0c936-3f60-44f9-9e37-67b6ed0f4fa4": "Date Qualifier Type",
        "84283ac9-c985-4e94-966e-b4bd78c658c3": "Dating Method Type",
        "6fbe3775-e51d-4f90-af53-5695dd204c9a": "Description Type",
        "c1201c83-09ad-415f-bb29-9b32c2fcf795": "Development Type",
        "823d2c4f-39ad-47d4-89b4-726ef167534b": "Dimension Type",
        "1cc6f0e9-432f-4177-bae1-16cab5afd3ac": "Evidence Type",
        "dbc18bc0-ec10-4623-b866-52ece47d9780": "Feature Shape Type",
        "29883a1e-2323-467d-9c2f-e54ec09e2817": "File Format Type",
        "f1a24b1f-7a72-4718-b54d-604644cc9e99": "Geology Type",
        "bb33f953-2a12-44ed-9fe7-4cd5023104cc": "Historic Period Type",
        "9d51623c-3994-4074-9ed9-2abf04330ae6": "Information Object Part Type",
        "48b0ffe8-d72c-4152-9e00-24910d60202d": "Information Object Type",
        "d079f49f-13ed-480c-87bb-e5c77ee901e2": "Land Use Type",
        "d5366899-09ec-4db1-8a49-a32b7e4784e3": "Language Type",
        "c9f3250e-55bc-4ebb-b0cc-573d6de94884": "Maritime Craft Type",
        "d03ff048-0234-49c0-919b-c0c2376d7cb0": "Material Type",
        "495ecc6a-a265-434b-8708-d6b76bd9a30e": "Measurement Unit",
        "f7237328-5909-4c74-9109-a7de145a7088": "Mitigation Type",
        "a0e096e2-f5ae-4579-950d-3040714713b4": "Name Type",
        "04a4c4d5-5a5e-4018-93aa-65abaa53fb53": "Name Use Type",
        "e3d9c240-026a-4c1b-8a8e-0ec72541d32a": "Nationality Type",
        "38d853c9-da1f-4186-9733-adfa70d84195": "Organization Type",
        "1d5c7465-7225-4bca-b1df-045a86e286b2": "Ownership Type",
        "ff8c387b-3e3d-4f72-a6f4-fa0526f5349a": "Planning Outcome type",
        "4fa77fc1-252a-4930-a756-71dca73aaf31": "Production Method Type",
        "496b4a50-3325-4704-b1c5-57542dc62011": "Production Technique Type",
        "337514d3-a8a8-46c1-a89a-aea83e582a8d": "Protection Grade",
        "8687011e-9dfa-463e-89e2-79bfdbbe7dda": "Protection Type",
        "7346be23-bff6-42dc-91d0-7c5182aa0031": "Reference Number Type",
        "3dcc94f2-fe86-4286-b87f-047f13c8355a": "Resource Model Type",
        "b81d4b16-0633-4d7a-b4b2-5c2d3e2e782e": "Role Type",
        "65ef7ae0-6a6b-4fac-9324-41dd8e712880": "SHINE Form Type",
        "c6dd5482-6687-44ae-bb54-7d49e084664a": "SHINE Significance Type",
        "e6cf2f57-55f1-4598-ab1a-1f0c4285b9b2": "Spatial Accuracy Qualifier Type",
        "06643704-f7af-4e89-a959-a4021a1b3298": "Standard Deviation Type",
        "c9bc15cc-46fe-4d34-a530-a228854845c8": "Status Type",
        "7a518871-4949-4e57-908e-eb17751a404a": "Sub-Soil Type",
        "7fbf88a6-7e23-47e4-8739-f494d7ff8084": "Subject Type",
        "f69a6133-7583-40a9-8da8-f76d3a9de6db": "Update Type",
        "ae5d0ae4-4db5-4674-9af5-0e35801449b3": "Validation Type"
    },
    "Address Status Type": {
        "13e89271-23c4-4eb6-bd33-372f42b5086e": "Alternate",
        "6736ec15-b92d-4918-b96f-cf92b42db3bd": "Contemporary",
        "11f5e4bc-4f4d-4527-8b35-3c4652ade77f": "Former",
        "a3fb36fd-4cb6-4380-91e2-3589e2bd2daf": "Latest",
        "dc17abb2-6af4-4b7c-a849-ee52e089a41b": "Primary",
        "6c05f914-0df8-4c6c-9a64-c3e70b7704dc": "Statutory",
        "bced0a34-a8d6-43e6-88c2-f38c6af617c5": "Subsequent"
    },
    "Association Type": {
        "a3d09202-655f-452d-b2e1-25664033d971": "General association",
        "abb5cae5-f2b9-4fbb-bbbc-f64083094014": "Identified as",
        "b5fede1b-eec2-48d2-a9c0-d5826f7769ea": "Is referred to by"
    },
    "Description Type": {
        "a3918aa3-5c82-486b-9480-3dd092fa87fa": "Abstract",
        "f5bbf49b-eb8b-40df-8031-8e3788cb7c7d": "Caption",
        "39a21ebf-7dd6-4a7f-a211-9453202f60aa": "Full",
        "daa4cddc-8636-4842-b836-eb2e10aabe18": "Notes",
        "b29ec4bd-8cbf-4a00-9762-4f51ba013469": "Reference",
        "9b404dbe-ad61-44d1-b276-cbbd6ccd91d1": "Statutory",
        "35508b82-062a-469f-830a-6040c5e5eb8c": "Summary"
    },
    "Address Part Type": {
        "6b77c7ee-1b64-4a0d-a870-e554e59f2eb6": "Building Name",
        "f27c88b2-d8e3-46f7-b730-ceae86161447": "Building Number",
        "2d5e7f32-ee8d-4ae5-b660-3b7eeb9604eb": "Building Number Sub-Street",
        "98355a3e-6f84-45ae-9281-8aa7e20d47f5": "County Name",
        "3ccd7de2-49c9-44d1-99cd-47cc83fa583e": "Full Address Name",
        "8a37a140-0be2-44bc-aa64-74c1f3f3b372": "Locality",
        "34260e17-20ef-4cc4-b512-1ebcc6a55f1e": "Postcode",
        "2103d23d-2b68-4bfb-ad23-2689f060e357": "Street Name",
        "78b7f967-9831-42ea-b744-1737c5cb2ebc": "Sub-Street Name",
        "326b5f21-b744-41a1-a009-e60adb9de95c": "Town or City Name"
    },
    "Name Type": {
        "c254ba9d-c7fa-4880-9adb-5d1cc2773995": "Activity Name",
        "dba129fb-39e1-4611-b035-c8f054847cbf": "Actor Name Part Type",
        "f5d7335d-b3da-42b3-bf0b-6d1469264a5c": "Administrative Area Name",
        "bb7e5255-0cdf-4b86-a0c5-d40cfa5ae363": "Alternative Name",
        "e987fb72-6fa6-43ab-8812-867c4813a2a2": "Application Area Name",
        "44e9801c-deee-4d6f-b737-657b356a2b89": "Archive Object Title",
        "b43da813-8fdf-4648-9a91-e8864e6b92d8": "Archive Source Name",
        "9a57c149-fd7c-4145-a2f3-35e4afdba209": "Artefact Name",
        "51796e90-9ef1-44ec-a967-81b077983768": "Bibliographic Source Name",
        "0cd76d41-21d5-47df-be1c-6ed597cea59f": "Birth Placename",
        "0f772da6-cebc-4f8c-9610-2174e6e8dd8c": "Consultation Name",
        "0a14ef3e-9dd1-4f62-a3a1-7fd762f591d4": "Death Placename",
        "653cb993-1d56-4ce1-879b-e6f7ccd693f1": "Designation Name",
        "8a96a261-cd79-48e2-9f12-74924c152b00": "Digital Object Name",
        "b29f0eeb-4eaf-4062-9b85-2fa5acab47b5": "Epithet",
        "d298cca6-e3c6-40ec-be19-72e2b7b1bf07": "Forename",
        "e5739feb-21d0-430a-968f-caadd8e4ccf7": "Full Name",
        "de8bf632-e451-4c93-a223-1f803a968f04": "Heritage Area Name",
        "8f985e91-6cd2-4d70-a03c-b49a50d09a3b": "Heritage Asset Name",
        "4f3359fe-8525-4ca8-8773-11d733804129": "Heritage Theme Name",
        "4e05f167-0e49-41d3-84ef-7f9b29fdb656": "Historic Aircraft Name",
        "bbb13710-f37b-4f84-989e-a4c0041791b6": "Historic Landscape Character Name",
        "7a230ae8-13a3-471e-a0d4-8cb6e47ecb9f": "Initials",
        "f1ec77ee-c2f2-4cad-a128-87c1537adb54": "Location Area Name",
        "af6d90fd-40a4-40e1-ad69-930b736145ac": "Maritime Craft Name",
        "dae93567-aaa7-432c-a2b6-51ac9c0dc237": "Organization Name",
        "e474f2ba-f203-467b-bcfe-3b2d22b5cfc8": "Parent Name",
        "dccd3273-52fb-49f1-b148-e7c1a535cb5b": "Period Name",
        "b6cce3bd-703d-48e4-98b0-92bee5d632ba": "Photograph Name",
        "279a8478-a5c0-4d99-a1aa-1f71cc6d3392": "Placename Type",
        "5b2f20ca-8d7f-4ac7-a1e4-55673dbde725": "Preferred Name",
        "c57fef44-32ca-4110-a16c-376502b174f9": "Publication Placename",
        "4e4e344a-8861-423b-8656-8c58749aaca6": "Repository Name",
        "c513dfd9-a447-48e0-ae58-8723804aec07": "Storage Area Name",
        "1f53fa48-2dfd-4d32-adff-9b26e134aae7": "Surname",
        "9fe2bf07-fb15-400f-a719-06fec8c20a69": "Title"
    },
    "Name Use Type": {
        "e9170ee3-3455-4ec3-b596-475c0969f3bf": "Alternative",
        "85c26c81-e356-4454-a2ba-67e7ad9b95cd": "For Correspondence",
        "ea504636-00ea-4a87-9416-20e7d9c81303": "Former",
        "22093d13-ca7b-4e7b-9927-33f8d626ea36": "Formerly identified as",
        "42cd842c-6f60-4a86-a3f0-15c41b1bda1e": "Latest",
        "c18a4041-622e-42a2-89ef-1755cffd0fd6": "Maiden",
        "03c12675-14fe-4c42-8003-4ea9e8505374": "Original",
        "2df285fa-9cf2-45e7-bc05-a67b7d7ddc2f": "Primary",
        "4da7d1c6-fab7-44a4-a758-954e0c5a47c8": "Pseudonym",
        "1375c169-f815-4745-9e90-4a726dfe8796": "Registered",
        "d14530a7-dfe0-44cd-9e30-10472863bd52": "Sobriquet",
        "78df4478-ee6c-46b7-8321-38e9767c12d1": "Statutory"
    },
    "Contact Point Types": {
        "0f466b8b-a347-439f-9b61-bee9811ccbf0": "Email",
        "ee62df87-ae9f-40d6-9697-2304f6bb0aa2": "Fax",
        "e6d433a2-7f77-4eb7-96f2-57ebe0ac251e": "Mail",
        "75e6cfad-7418-4ed3-841b-3c083d7df30b": "Telephone"
    },
    "Date Qualifier Type": {
        "39a33725-9b43-47b0-9997-daa99ab29d26": "At some time",
        "586a2776-7f4a-4be9-9219-3a9896c7f965": "Between",
        "ece5f508-b292-480f-b727-36251846bd4f": "Occasionally",
        "0493601e-3491-40a7-a651-6fd8d9dbdce5": "On",
        "01b88eda-4eed-4f6d-910a-48810acf92b5": "Once between",
        "b51853b9-08ad-4d73-b932-ff6c68f4ba18": "Post",
        "d2ba282f-8dc3-4a4f-8b97-5c24cb2b9a68": "Pre",
        "a6dfc54c-a130-4ab9-ab29-ec659f8158a9": "Throughout"
    },
    "Cross Reference Source": {
        "27e7896d-0c65-47a0-8fcd-93c9adda9410": "AIP Record Number",
        "9bdb6b98-011c-4a65-9b69-e398f8f5aa63": "Admiralty Chart",
        "bc037851-0d49-4876-b668-8efdb91fd6df": "Archsearch",
        "a378648e-abd5-447f-90e6-67d228f0bde4": "BAB number",
        "4d5ca7d3-a327-401a-b47c-a8c5867e9a96": "BMAPA/EH/HE Event Name",
        "4da4ed2a-280f-4c10-8d18-ddf6154ec75c": "BMAPA/EH/HE Find Number",
        "074057fd-416d-4a25-be79-176552dbac2f": "BMAPA/EH/HE Monument Number",
        "c0116545-cc54-402b-b1a4-a408aa26ccea": "British Marine Aggregate Producers Association (BMAPA)",
        "b0b5d72e-1263-46a6-ae72-0284c6a05d07": "British Museum Treasure Number",
        "7c249850-6a18-4600-a8da-f9952bb51213": "Canal & River Trust Heritage Record",
        "297a9caa-2b1d-4b95-a351-46f45b0337fc": "Collection Number",
        "414087d1-bb1e-491a-9e49-f900f7d96ccf": "Corpus Signorum Imperii Romani (CSIR)",
        "590fcaf7-8c5c-43c9-961f-71753e1f8a33": "DBRG (SURREY) NO.",
        "4e4528b7-50c8-45ab-be8b-32baa5d877cf": "Defence of Britain Database UID",
        "0ac906dc-ccdd-4df9-ac88-f6d11e576528": "Defence of Britain SMR Reference",
        "f666c25d-90a4-4b1d-bca6-465a7e4815ce": "Designation Number",
        "69538c61-a327-44b0-b35a-b6d005fed110": "Dewey",
        "ab268f1d-13e5-4257-bca7-26a7ce627ab4": "Droit Number",
        "bfb13004-2ae8-49b5-8e9e-bf434d45ab11": "EH Photo Library Number",
        "1e86de3e-f670-4c3a-9b8c-9c33504db5ac": "EH Property Number",
        "a92f85b8-86df-464a-b3b3-5e80174f0537": "EH Survey Report Number",
        "478272ff-e184-4b5f-8c34-578320939656": "Englands Rock Art (ERA ID)",
        "b21f7278-6b54-4540-97e4-42c5eb78c2c9": "English Rivers Palaeolithic Project",
        "7846c526-f31c-4874-a0d2-3d75e06b84ee": "FIPAD/EH Event Name",
        "82f958c4-7b3d-4dc8-a49e-fd85fbd03abf": "FIPAD/EH Find Number",
        "ac4756c5-7f7b-4648-821b-a440aeaafd27": "FIPAD/EH Monument Number",
        "ca0ad086-4627-4734-b3cd-63c5fc580dd5": "Fishing Industry Protocal for Archaeological Discoveries (FIPAD)",
        "9c9c6c8e-16a4-4f93-affa-4e8e746be81d": "GLHER Legacy UID",
        "4130ba17-ed76-424c-9ea3-e0223672df73": "Guardianship Number",
        "ba278a77-cfe3-4767-870d-c594e55a6ddf": "Hart Number",
        "142df8dc-657c-4485-98f0-113ce3bdcf38": "Heathcote Tumulus Number",
        "20604011-72e9-40dd-8d92-2c7d522fe4a7": "Heritage Image Partnership Number",
        "248b9332-5c55-4d97-9f61-b803e1aff989": "Historic England",
        "28e773e4-de89-410c-b314-cb5d44fe27a7": "Historic England Archive System",
        "19afd557-cc21-44b4-b1df-f32568181b2c": "Historic Environment Record Number",
        "8eb06feb-ea57-4f0e-bb13-1b5c6d625b55": "Hydrographic Office Number",
        "8a943204-84e8-452b-b1ad-a8406c00b469": "ISBN",
        "9ab14abb-0bfb-49aa-918e-2b6ae4929fe0": "ISSN",
        "50ad49b2-fde4-4fbd-8bef-b0e9cb3aba26": "LAG number (GLAAS Ref)",
        "5fabe56e-ab1f-4b80-9a5b-f4dcf35efc27": "LPA Planning Reference",
        "edb848cd-4661-4f76-b6f0-3538c2f9d1b3": "Libref",
        "c4d7f6a2-2382-4669-a003-b386558495ed": "Listed Building Application Number",
        "08d086c5-9db1-4c67-a267-c4c16e7e350c": "Listed Building List Entry Legacy UID",
        "3ca8418c-f6ae-4313-905d-f40398bdea12": "Listed Building List Entry Number",
        "f88290ec-616f-4301-83eb-b2f6f7e7648f": "Local Nature Reserve",
        "1fff52de-ffdb-406a-b919-e6356be1e461": "London Parks and Gardens Trust Site Reference",
        "fca88b41-92a8-4b68-9d07-7e720727a321": "MORPH2",
        "173f81de-b612-4961-ac25-9d10e906d233": "Marine Aggregate Licence Area",
        "d25a36e0-83ce-45ff-8d50-1a8feebc361a": "Marine Antiquities Scheme ID",
        "b972a3b8-66e7-421c-938e-06e9f6517efc": "Measured Drawings Number",
        "febc31d4-5396-481f-a73d-5058bbfe5deb": "Medieval Settlements Research Project No",
        "8f37ed1e-fc86-4547-8f4e-aa3f92879bb5": "Museum Accession Number",
        "b7026c8b-e407-4dec-9225-b82b7cbc87aa": "National Archaeological Record Number",
        "224ea66f-33bd-4c0c-a817-e7d4edd153d1": "National Buildings Record Index Number",
        "ae835da7-0575-4804-b1c9-b93c2b296014": "National Inventory of War Memorials",
        "804a489a-be93-463b-b1f6-4f473b644279": "National Monuments Record Number",
        "f3d98f42-c698-488d-87e8-7ea880e18a85": "National Record of the Historic Environment Number",
        "6c5e3943-f1ad-4f81-8c94-93d1912acfa5": "National Trust Project Reference Number",
        "477a3c15-9b0d-4e19-9462-ac58a088bd21": "Network Rail ELR Asset Number",
        "e9cd1214-8615-460f-8837-c055c8cd1967": "OASIS ID",
        "9987b04b-a837-4070-a9b9-d5531210bac4": "ORPAD/EH/HE Event Name",
        "c625b663-6b0c-4acc-8280-a0845d0afe58": "ORPAD/EH/HE Find Number",
        "b2ebf706-e6ab-4d2d-852c-8056430da053": "ORPAD/EH/HE Monument Number",
        "fbf2a841-069c-4f77-9e72-2fd379e25919": "Offshore Renewables Protocol for Archaeological Discoveries (ORPAD)",
        "3b42b9d1-9f9a-439b-a4fd-19a7962ed63f": "Original Photograph Number",
        "ebdd2bcd-fd56-4e69-bd4b-43a88635cb53": "Original archive object no.",
        "da05d80b-2406-453b-a21a-1faaf5a7965b": "PSA Negatives Collection",
        "514a6350-370a-4691-88a3-cea7df774303": "Photographic Job Number",
        "625db5b9-f747-4abf-9d76-25d03876466c": "Pulhamite Database",
        "ddee0721-c5e6-47b3-9a15-9749f4035948": "RCHME 35mm Series",
        "a553d5fd-ffba-4dc6-84e5-f21a8773313e": "RCHME AA Series (1996) (4 1/4 x 3 1/4)",
        "822fe834-003a-4561-ab8a-80b0f2307e84": "RCHME BB Series (1996) (6 1/2 x 4 3/4)",
        "3d66bc7b-0fa8-4f4b-8771-f9af33b4d516": "RCHME CC Series (1996) (8 1/2 x 6 1/2)",
        "e22d5981-b0d3-431f-a205-cd18750a89d3": "RCHME DD Series (1996) (10 x 8)",
        "9d2e21cf-8e16-4bb6-be75-b1d116b5beb4": "RCHME EE Series (1996) (15 x 12)",
        "a2aebdfe-42e9-4458-ba7b-64f69dd85f40": "RCHME FF Series 1996 (6.5x4.75) col tran",
        "2bc66f56-0d90-444e-826a-a26eddee422f": "RCHME Microfilm Index Number",
        "ef38c162-892f-421a-990c-2f00740cfe97": "RCHME P Series (Print numbering scheme)",
        "01ba15c9-373f-447c-89fe-b9c3abc31491": "RCHME Photograph Series",
        "e61bdf71-588f-40f0-bc71-6b48354cffef": "RCHME S Series (Slide numbering scheme)",
        "63519ba9-8f9e-4953-82ee-2344a0ab7709": "Register of Parks and Gardens Legacy Number",
        "a5aa4298-3b42-4cb3-b8e8-c5d9c6e3cb71": "Roman Inscriptions of Britain (RIB)",
        "52e944b1-d258-4b3d-8abb-35b96a9d997c": "Roman Road Number",
        "afaf19c7-bfdb-43d7-aec4-f2af3cdd2edf": "Scheduled Monument Legacy (County No.)",
        "7b99a04f-3cef-4b2b-b894-8034c872d752": "Scheduled Monument Legacy (National No.)",
        "5f6ba900-6f15-497f-a9c3-feb54741f656": "Site Code",
        "2194b4df-83fb-48cd-9b19-f9a9868e4c33": "Superfile number",
        "69023356-49d9-4cf8-84b8-9d61467f96de": "Threatened Buildings Number",
        "b4a13384-ea51-4701-b1c1-823f52280dae": "Unified Designation System UID",
        "af5c61cf-ca3f-4fe1-bb4d-61f19665ffda": "Urban Archaeology Database Number",
        "2065fe1f-d4e1-45b1-a849-ce0e09b7fff0": "Webpage"
    },
    "Information Object Part Type": {
        "bdb339b0-0f97-43f7-859b-3a03f6e60ea1": "Source Figures",
        "5e878125-f49a-438e-9256-10d36a39d4a9": "Source Pages",
        "f8062103-0421-41ec-a1c6-2927ea4414dc": "Source Plates",
        "8df2a226-a46c-41e9-bf58-0c320e9af0b7": "Source Volume Number",
        "b1d81a58-ed6c-40e6-9be3-a4682a96f5ac": "Source Volume Part"
    },
    "Reference Number Type": {
        "8143c8e3-dc87-46fa-b672-d9a4a9b6303d": "Archive Object Reference",
        "a297378a-41af-48c5-9e75-2aac61b96677": "External reference",
        "59b0e616-3c31-424c-8c32-2bf82e49b086": "Planning reference",
        "1992741b-cc36-4613-b04e-943fa8c9d6fa": "System Reference Number"
    },
    "Organization Type": {
        "8743b6e0-7b6c-4541-acd9-5bb06add4814": "Agent",
        "83ed90f1-e105-4702-840f-3fecc6766fd1": "Architects",
        "f9945e8d-9f6d-4191-bb06-9fac6b6f4fd4": "Archive",
        "4612ae24-3003-4f11-8719-d59fff037b4b": "Builder",
        "0436b3fd-79d1-4f31-8fce-edf3d58bca90": "Consultant",
        "eb4ac093-8e5e-49fd-b238-bdc1071f9823": "Contractor",
        "1b6ac50c-f3a5-473d-98e0-a5a7c75ede7e": "Crown",
        "64df3428-dd5e-4a47-bead-1d76f3bad570": "Developer",
        "ae97a8a1-cc65-4afb-9958-f5a613825f5b": "Energy Provider",
        "78fcb327-5872-49a2-b70d-aa0a0d0546cd": "Gallery",
        "f5dc3a7a-ae0a-40cd-9f26-5997b7886795": "Government",
        "92af9f02-e428-4712-b8dd-8615a71f045b": "Historic",
        "5c8ba5da-5ccc-49b7-9d97-16e849079935": "Local Amateur Group",
        "4380e274-bf20-4590-9412-1e8bf49b55b5": "Local Government",
        "70da20fb-6e40-443d-975a-9ee49f244106": "Museum",
        "85cb996b-6acc-4d86-bae3-6da429066338": "Other",
        "ef61dae4-2d58-4d24-b0fd-4bca8b8e4ce0": "Private Address",
        "9498c409-ee05-4b5d-9437-09aa2d2599a2": "Religious Organisation",
        "092431f5-0977-41d9-8ff2-dbc134889bf0": "Solicitors",
        "4211f435-77e2-4cda-b970-7d307ac341c8": "Statutory Organisation",
        "7952411d-5847-4289-a865-4523c4a29e27": "Transport Company",
        "963f1e71-c41f-4df9-a7e2-fe3f259aaddc": "University"
    },
    "Resource Model Types": {
        "308e984e-5c8d-474c-826a-c20f81070743": "Activity",
        "d2b4b5fe-75b4-4f14-9912-20ff2e47b2de": "Application Area",
        "1e3ce70c-d4a2-416f-83f3-4b2368b3974f": "Archive Source",
        "e1845e42-238d-4d78-a729-637a0c59cc4d": "Artefact",
        "cddc150c-6dd5-47d0-b663-a8cdbc6efc36": "Bibliographic Source",
        "be46eab1-2c04-4582-b26e-3436bcf66be0": "Consultation",
        "de1e268c-2051-4af4-8b12-8793526408be": "Digital Object",
        "a1136034-32f9-4668-b93f-ab8d63b9343e": "Heritage Area",
        "f1f134ab-f05a-4861-af29-858d71cb02ab": "Heritage Asset",
        "74e4d520-94fb-4189-83c5-7fc41c81224b": "Heritage Story",
        "1800d6af-43f9-4986-a456-dfddd6275590": "Historic Aircraft",
        "81492c82-8a7e-4537-8912-1f96728d1cea": "Historic Landscape Characterization",
        "6492f888-d891-4afc-b4d0-d254681ece49": "Maritime Craft",
        "cba95052-f37c-428d-8d36-898baf3655b3": "Organization",
        "6526f7ec-e6f2-41a8-b143-c93ba1cf6b3b": "Period",
        "43a9df96-0233-4fb3-b3af-c904f20dec6d": "Person"
    },
    "Validation Type": {
        "76b11eee-ed2c-43ed-836f-2ac35f143d14": "Checked OK",
        "25bbe122-df25-4c68-92be-6bc2c122b3fa": "Delete?",
        "98288c60-5e6f-4adf-8e40-9ac99800cb07": "Needs Work",
        "6a38142a-c8fe-4922-9bc7-499acd91030c": "Needs splitting",
        "63455e24-5dac-436b-900b-b204e09ed6c0": "Possible Duplicate",
        "806b0b00-7a10-411e-a8fd-19cfe80c905d": "Revoked",
        "efa19405-f425-4d17-859e-3360497be46a": "Unchecked"
    },
    "Resource to Resource Relationship Types": {
        "ac41d9be-79db-4256-b368-2f4559cfbe55": "is related to"
    }
}