Files,Status,Geospatial Location,resourceid
,False,GEOMETRYCOLLECTION (POINT (-0.088203 51.533348)),eefa863a-53e4-404a-89b4-6213b46b2b55
,True,GEOMETRYCOLLECTION (POINT (-0.08834599999999999 51.533662)),6d0afe5a-50c1-408d-917c-2de95af66aac
,True,GEOMETRYCOLLECTION (POINT (-0.09402000000000001 51.529924)),24b125e7-690c-44bc-af82-683f4efb5bdd
,False,GEOMETRYCOLLECTION (POINT (-0.094762 51.531717)),71a6c731-f37d-4fe3-bf75-e8b4fcd0f179
,True,GEOMETRYCOLLECTION (POINT (-0.092448 51.533533)),388b72c6-854a-44f0-9d15-6278326eab7d
,True,GEOMETRYCOLLECTION (POINT (-0.08855499999999999 51.523032)),0b294660-2fa7-48a0-962a-2f994f3318f0
,True,GEOMETRYCOLLECTION (POINT (-0.112198 51.517856)),868653e1-af47-4573-8263-bbdb62680209
,True,GEOMETRYCOLLECTION (POINT (-0.111502 51.517107)),a8fcd70e-64a1-4950-9570-ee8f586eb8bd
,False,GEOMETRYCOLLECTION (POINT (-0.08445 51.518729)),012d11b3-5566-41f3-8541-63f39928ce72
,True,GEOMETRYCOLLECTION (POINT (-0.098372 51.532937)),5103d7ef-1229-43f3-9060-4bc3b176aabe
,True,GEOMETRYCOLLECTION (POINT (-0.09810099999999999 51.533418)),e11a030f-5421-4c9c-8324-169d866f23c2
,False,GEOMETRYCOLLECTION (POINT (-0.099312 51.528388)),9290a2f0-acb9-4ad4-ac83-998bb1b0f15f
,True,GEOMETRYCOLLECTION (POINT (-0.097762 51.529198)),b6695f47-8d5c-47a5-8694-37c5fd44d519
,True,GEOMETRYCOLLECTION (POINT (-0.098563 51.530434)),d337d689-09b9-4648-b6af-33ae3b17f1d9
,False,GEOMETRYCOLLECTION (POINT (-0.099248 51.530766)),0ed19240-b14f-4ff6-b4f1-cd03c124179c
,True,GEOMETRYCOLLECTION (POINT (-0.100852 51.530924)),199de910-85d7-4dae-bb0a-7d3979379027
,True,GEOMETRYCOLLECTION (POINT (-0.102468 51.533844)),f2693046-6b0f-4201-b24f-622a42a37059
,True,GEOMETRYCOLLECTION (POINT (-0.101335 51.533503)),b28b7dea-fb37-4692-8de6-624dcb504423
,True,GEOMETRYCOLLECTION (POINT (-0.101883 51.532394)),375bd4b4-5b8d-41c9-a3be-a7beeafd3a34
,True,GEOMETRYCOLLECTION (POINT (-0.100431 51.5322)),4c9f6091-0481-494a-aea4-2457f1929770
,False,GEOMETRYCOLLECTION (POINT (-0.100262 51.533047)),44be0323-4827-44a6-8a42-ad3b931abf7f
,True,GEOMETRYCOLLECTION (POINT (-0.100232 51.531823)),cae2cac8-3223-4372-aea8-0e1965a3f764
,True,GEOMETRYCOLLECTION (POINT (-0.103524 51.528253)),b2407160-1d26-4c13-abbd-117bf8946d75
,True,GEOMETRYCOLLECTION (POINT (-0.102823 51.52885)),131d12bb-e11a-49e6-99b3-116cd478eb2e
,True,GEOMETRYCOLLECTION (POINT (-0.103233 51.528841)),4f6ff468-4f85-4fe0-a049-c0accd972b08
,True,GEOMETRYCOLLECTION (POINT (-0.103883 51.529288)),f6721f96-bb95-42ce-9b90-a8e61bc0968d
,True,GEOMETRYCOLLECTION (POINT (-0.103635 51.529376)),7cb77e2e-f073-441c-af4c-7a36edbcd250
,False,GEOMETRYCOLLECTION (POINT (-0.101174 51.52978)),daf8df4a-e3f9-4fea-b23c-a416672e14e9
,False,GEOMETRYCOLLECTION (POINT (-0.102544 51.531314)),50de635e-ddc3-45fb-8435-1d772a796937
,True,GEOMETRYCOLLECTION (POINT (-0.101622 51.531413)),763250f1-d311-462e-ae4c-37bd2ae4739c
,True,GEOMETRYCOLLECTION (POINT (-0.105996 51.534411)),b3dce211-328d-4f82-ba5e-d5883a276b27
,True,GEOMETRYCOLLECTION (POINT (-0.108065 51.526878)),5f4bb41c-26bd-41bd-8098-cf4817a754cc
,True,GEOMETRYCOLLECTION (POINT (-0.105107 51.528532)),3cecb017-2598-4fbe-979a-68a6861b87e4
,True,GEOMETRYCOLLECTION (POINT (-0.105266 51.528821)),18fa1fb8-453c-48fd-a370-4ef94307f646
,True,GEOMETRYCOLLECTION (POINT (-0.108207 51.530641)),20c80f5d-eeb4-4b49-876e-4327fb644cd6
,True,GEOMETRYCOLLECTION (POINT (-0.108445 51.530935)),b6c68670-29e9-425c-a1c1-1db4f707ad6c
,False,GEOMETRYCOLLECTION (POINT (-0.108149 51.531017)),8847ac13-1129-463d-80ab-46cff946d438
,True,GEOMETRYCOLLECTION (POINT (-0.107589 51.529766)),b3aef02e-869c-4129-895e-bd5e97d14bac
,False,GEOMETRYCOLLECTION (POINT (-0.107568 51.529452)),f072ea2a-06ee-40e6-803e-7ae73b54d477
,True,GEOMETRYCOLLECTION (POINT (-0.10661 51.530207)),1295aad6-037b-4328-98da-3c2453ccc5ef
,True,GEOMETRYCOLLECTION (POINT (-0.106784 51.529956)),04088de1-bf37-4f59-9e2c-a576dd3661f6
,True,GEOMETRYCOLLECTION (POINT (-0.105473 51.52905)),b56d8186-4433-45d8-96dd-f2bfd6524360
,True,GEOMETRYCOLLECTION (POINT (-0.104807 51.529856)),a64c0013-f626-4bd7-af24-efa358673732
,True,GEOMETRYCOLLECTION (POINT (-0.108605 51.531586)),0d5b4306-ef15-470d-bba2-6cf4133a0bdb
,True,GEOMETRYCOLLECTION (POINT (-0.108624 51.533186)),32c8839f-c8ca-4714-83e4-36a8ac54cd5a
,True,GEOMETRYCOLLECTION (POINT (-0.10888 51.531259)),2fdc3317-60ea-43f9-91a7-c40d8f890232
,False,GEOMETRYCOLLECTION (POINT (-0.107079 51.53322)),2458d370-fb3e-4a26-9f79-a7078e0d4802
,True,GEOMETRYCOLLECTION (POINT (-0.107729 51.531329)),f2c88b38-1478-4f59-8f48-d2547041eec2
,True,GEOMETRYCOLLECTION (POINT (-0.104579 51.53248)),06035e4c-43dc-4df8-821e-4ba6d0261d13
,True,GEOMETRYCOLLECTION (POINT (-0.104484 51.533539)),d198cda1-e4d9-4a77-afc0-753915752352
,True,GEOMETRYCOLLECTION (POINT (-0.103112 51.532676)),c3cfad5b-20f2-4134-a312-b9efc3ec1e99
,True,GEOMETRYCOLLECTION (POINT (-0.109611 51.53388)),2d85b461-2c89-457c-8865-52da4a22663b
,True,GEOMETRYCOLLECTION (POINT (-0.109441 51.533892)),d4c18d6f-d22d-4c02-82c1-c1215a805856
,True,GEOMETRYCOLLECTION (POINT (-0.108733 51.530065)),245ffcd6-c8b0-4f5d-884c-6f65e9d3fba8
,True,GEOMETRYCOLLECTION (POINT (-0.109565 51.530261)),9d349c2d-853b-4b84-a252-bd2e1298e4b1
,True,GEOMETRYCOLLECTION (POINT (-0.11093 51.533753)),c26136ca-8c55-421f-9a57-015d05390ddc
,True,GEOMETRYCOLLECTION (POINT (-0.112476 51.533892)),81b95f2e-a84e-4c3c-bb59-2c21c3178f09
,False,GEOMETRYCOLLECTION (POINT (-0.112853 51.532846)),6c9ccda5-54e7-4861-924b-056b99c7b743
,True,GEOMETRYCOLLECTION (POINT (-0.112772 51.531744)),e87a1084-1ca9-4ccf-b16c-7d38bc049343
,True,GEOMETRYCOLLECTION (POINT (-0.111108 51.533081)),69a8632d-d90d-42e9-a3aa-78e161a53265
,True,GEOMETRYCOLLECTION (POINT (-0.111152 51.532398)),76ac03f3-f076-4634-87f6-f61bb49777e2
,True,GEOMETRYCOLLECTION (POINT (-0.110124 51.532133)),f3887464-e8b0-46df-a469-b976f601589e
,False,GEOMETRYCOLLECTION (POINT (-0.11095 51.532967)),d59f0bc8-2f3d-47b7-9bd6-222be8b1b5a1
,True,GEOMETRYCOLLECTION (POINT (-0.113236 51.52861)),af302e71-f6d7-4340-b37b-423bb7735f2a
,False,GEOMETRYCOLLECTION (POINT (-0.112764 51.528734)),be95265f-27c4-4583-8758-926e96afc160
,True,GEOMETRYCOLLECTION (POINT (-0.112677 51.527095)),382dbe08-14cb-4bcb-a4d7-0053827331ae
,True,GEOMETRYCOLLECTION (POINT (-0.111843 51.527928)),0d6dac2d-cc2c-4349-ab37-d91790b20310
,False,GEOMETRYCOLLECTION (POINT (-0.114368 51.526557)),dc2e3530-42d2-4d42-85ec-4b511781e9fa
,True,GEOMETRYCOLLECTION (POINT (-0.111641 51.529263)),adfcea39-91b8-43f9-91fc-f295fe79d0f5
,True,GEOMETRYCOLLECTION (POINT (-0.112306 51.529514)),526b9260-ea88-48e9-8f0b-1df12bc06524
,True,GEOMETRYCOLLECTION (POINT (-0.111343 51.530083)),bb623e3d-6a1b-461e-a75a-4630296bdd93
,True,GEOMETRYCOLLECTION (POINT (-0.112374 51.531064)),5d804076-314c-4202-b4f3-17a42df0661a
,True,GEOMETRYCOLLECTION (POINT (-0.113806 51.533894)),2983b465-1684-474f-afae-2c8348b942f4
,True,GEOMETRYCOLLECTION (POINT (-0.113398 51.533422)),aeab9df2-6d05-4ac5-ae48-9ad2ecee316c
,True,GEOMETRYCOLLECTION (POINT (-0.114204 51.530375)),ba005499-8416-44c0-a8c4-a5dbcd95b04d
,True,GEOMETRYCOLLECTION (POINT (-0.114174 51.527743)),9477ec51-847f-41f5-abb2-8a9c70890418
,True,GEOMETRYCOLLECTION (POINT (-0.107563 51.521739)),4ea57987-4333-4142-b3e8-493afed76142
,True,GEOMETRYCOLLECTION (POINT (-0.114149 51.52335)),f1cd0ab1-612c-47ae-8889-776d21cb1c41
,True,GEOMETRYCOLLECTION (POINT (-0.086316 51.519311)),bb042d4a-8f54-4e51-87a4-af880eef0a28
,False,GEOMETRYCOLLECTION (POINT (-0.08709500000000001 51.519516)),ad0d6eb6-428b-447b-beb4-ab440cba4f94
,True,GEOMETRYCOLLECTION (POINT (-0.086546 51.52407)),edd43055-f018-426c-91ed-f817b0bbceec
,True,GEOMETRYCOLLECTION (POINT (-0.085729 51.523831)),8f5068ef-9276-44b9-90b5-eaadce640960
,True,GEOMETRYCOLLECTION (POINT (-0.08828999999999999 51.526147)),ab053e64-896e-4148-924d-43e44c269673
,False,GEOMETRYCOLLECTION (POINT (-0.09331200000000001 51.525528)),e2b06dc2-2351-415f-8cae-da0ca8c866f6
,True,GEOMETRYCOLLECTION (POINT (-0.091284 51.525516)),4a32877c-760f-456b-a70b-8a900f53aacc
,False,GEOMETRYCOLLECTION (POINT (-0.091559 51.526055)),c4975ccb-903d-4b93-89f3-7a227376af98
,True,GEOMETRYCOLLECTION (POINT (-0.091951 51.526481)),51e9b5cd-d525-4aaf-9755-2d883983553a
,True,GEOMETRYCOLLECTION (POINT (-0.094898 51.52681)),19c85f14-aa5a-4e89-b9ba-30d3b7e7af8d
,False,GEOMETRYCOLLECTION (POINT (-0.09518699999999999 51.526459)),7e87bfcd-1e55-4882-a1a9-dcf339b80256
,True,GEOMETRYCOLLECTION (POINT (-0.09388199999999999 51.526468)),e2211d90-be2d-42a8-b961-8f3bff816b65
,True,GEOMETRYCOLLECTION (POINT (-0.094542 51.527737)),2a409871-14b8-4feb-8189-a13d3722d8a0
,True,GEOMETRYCOLLECTION (POINT (-0.094027 51.523431)),aadc9a4c-845c-4663-a958-1c39b899d128
,True,GEOMETRYCOLLECTION (POINT (-0.092906 51.523452)),9bc67693-fa53-4e1e-ab33-502d9fa56266
,False,GEOMETRYCOLLECTION (POINT (-0.095236 51.524548)),3ad9a4b1-cad5-4463-adf2-42f1e6acce1a
,True,GEOMETRYCOLLECTION (POINT (-0.09575400000000001 51.525174)),a0a8f02b-1854-4b31-8272-ad215a36ef77
,True,GEOMETRYCOLLECTION (POINT (-0.096826 51.524129)),fc75b810-4f96-4c87-8073-d5375b932872
,True,GEOMETRYCOLLECTION (POINT (-0.09646100000000001 51.524633)),97765814-75f2-45fe-a15d-3563dbc5c348
,True,GEOMETRYCOLLECTION (POINT (-0.096276 51.526981)),316044ca-9c5d-487c-864a-eb78a194e3f1
,False,GEOMETRYCOLLECTION (POINT (-0.089447 51.521369)),96a37f5a-3f54-4a3a-82a3-db6d4de149b9
,True,GEOMETRYCOLLECTION (POINT (-0.09168 51.523085)),2f9e2076-43ad-4e5d-8047-6a4c05c05e33
,True,GEOMETRYCOLLECTION (POINT (-0.098173 51.521008)),d0556cce-8bad-4238-9c0a-11e9bbd3fb3a
,True,GEOMETRYCOLLECTION (POINT (-0.095495 51.523087)),0c1a7d71-fe95-4a10-aa92-cf3973a48ed4
,False,GEOMETRYCOLLECTION (POINT (-0.093003 51.52282)),9ca80a64-ecff-43fd-ae70-9e82d3fc69bd
,True,GEOMETRYCOLLECTION (POINT (-0.105238 51.521017)),8158a791-c509-498a-bd44-f7e5a01ce9c9
,True,GEOMETRYCOLLECTION (POINT (-0.10119 51.521623)),764dc4a7-514c-4924-b8af-c8506e997811
,False,GEOMETRYCOLLECTION (POINT (-0.100518 51.520217)),8fa609c8-f47f-4d4b-ba5b-5623bd8facf8
,True,GEOMETRYCOLLECTION (POINT (-0.097577 51.526032)),c47ca006-cbfd-40cd-ba5c-ecf2d79844ae
,True,GEOMETRYCOLLECTION (POINT (-0.098056 51.525641)),b45ffcb9-81e0-44e3-997e-c7dd114b267e
,True,GEOMETRYCOLLECTION (POINT (-0.097306 51.523923)),87a11f5e-593a-41ec-816c-ca0f2bfa2b12
,True,GEOMETRYCOLLECTION (POINT (-0.108766 51.523372)),de5396bf-8869-4460-9ffa-6fd4db8b301d
,True,GEOMETRYCOLLECTION (POINT (-0.083915 51.5276)),633a478e-8c01-43dc-b32b-c83b497151dd
,False,GEOMETRYCOLLECTION (POINT (-0.082569 51.523568)),dbdbdb3b-0894-4b95-9120-4509e5676f32
,False,GEOMETRYCOLLECTION (POINT (-0.082606 51.523978)),b270307a-6eed-4e8d-82ee-e8de3e24c1bf
,False,GEOMETRYCOLLECTION (POINT (-0.08386399999999999 51.524122)),caae5753-fe6e-4fd7-9676-a714adf290f3
,False,GEOMETRYCOLLECTION (POINT (-0.08312600000000001 51.521311)),d1e8af1a-0b43-45a2-8556-a3d0fd63091c
,True,GEOMETRYCOLLECTION (POINT (-0.082982 51.521749)),0371cf7c-f33e-46e3-b086-0a635b1fe66d
,False,GEOMETRYCOLLECTION (POINT (-0.08629299999999999 51.51838)),625193a0-c5ec-4676-988f-c3410a236eaa
,True,GEOMETRYCOLLECTION (POINT (-0.083117 51.518267)),eb0ed51f-1a40-4b2b-8f6c-763b7d00a411
,True,GEOMETRYCOLLECTION (POINT (-0.09056400000000001 51.516028)),62d4963c-f064-4c9d-a298-97ead183980b
,True,GEOMETRYCOLLECTION (POINT (-0.089411 51.516576)),97886275-a064-4abd-810d-97591ea0b651
,True,GEOMETRYCOLLECTION (POINT (-0.095508 51.516425)),2303af6f-0a18-4944-a77e-12a0fcc50473
,False,GEOMETRYCOLLECTION (POINT (-0.092833 51.520564)),35ddd065-c1e3-40b2-959d-80c5bcf5b201
,True,GEOMETRYCOLLECTION (POINT (-0.099838 51.517922)),6c4c2d3b-6d6a-4270-9722-480859251381
,False,GEOMETRYCOLLECTION (POINT (-0.100277 51.518989)),9bb546e1-87fa-48f9-93ec-53f337ab635c
,True,GEOMETRYCOLLECTION (POINT (-0.100203 51.518648)),fa67f8d6-5c1a-43ba-8f61-a9e38c69db30
,True,GEOMETRYCOLLECTION (POINT (-0.09990400000000001 51.520072)),b65d95b3-1d9b-4949-ae24-24256c925aca
,True,GEOMETRYCOLLECTION (POINT (-0.099193 51.518018)),a795e30a-dc1b-49f3-8161-cade85b29930
,True,GEOMETRYCOLLECTION (POINT (-0.098066 51.517092)),04ae9821-4a2c-41d0-a684-f920fffece11
,True,GEOMETRYCOLLECTION (POINT (-0.101407 51.517885)),0d3e2b6d-99f2-4b4c-92d3-66b53a20fde6
,False,GEOMETRYCOLLECTION (POINT (-0.098165 51.516865)),c49fb29c-1e69-4f50-9a1a-efc4721a6c20
,False,GEOMETRYCOLLECTION (POINT (-0.088102 51.529498)),7665c4d2-74fe-4b4b-9172-fbd780009698
,True,GEOMETRYCOLLECTION (POINT (-0.092386 51.531725)),8b149fab-de58-45be-8731-d4fdc45117b2
,False,GEOMETRYCOLLECTION (POINT (-0.108099 51.521225)),52d3d857-338c-4276-802b-e66d337511c5
,False,GEOMETRYCOLLECTION (POINT (-0.100592 51.524161)),96daa742-079e-47c4-acd3-b403e0d79aea
,True,GEOMETRYCOLLECTION (POINT (-0.098553 51.524384)),a3fb93c3-d388-477b-a44d-a6cb05e1a920
,True,GEOMETRYCOLLECTION (POINT (-0.100561 51.52481)),6b157d75-0464-4dfa-9c2c-e9c0258e804e
,True,GEOMETRYCOLLECTION (POINT (-0.098881 51.525793)),7c865861-edd1-43ce-a688-e0bf88464ef0
,True,GEOMETRYCOLLECTION (POINT (-0.105977 51.522504)),b4270111-29b9-4cbf-945b-be5c268a2da8
,True,GEOMETRYCOLLECTION (POINT (-0.104507 51.522661)),1a497f0c-f5a0-4056-9d35-06484237d9e5
,True,GEOMETRYCOLLECTION (POINT (-0.103193 51.523322)),76f18ce7-6f1e-4c76-b80f-f2cb411cddda
,True,GEOMETRYCOLLECTION (POINT (-0.104192 51.523642)),62432544-8f87-4811-ac79-033221ea5ce8
,False,GEOMETRYCOLLECTION (POINT (-0.104383 51.524006)),30d2e53d-1c26-4f56-b85d-3056720f578b
,True,GEOMETRYCOLLECTION (POINT (-0.102829 51.525441)),c8571ebc-b4b8-4c79-874b-d0a655cab52f
,False,GEOMETRYCOLLECTION (POINT (-0.082998 51.527161)),30ef4fef-53c3-4725-9a67-25b548370b2e
,True,GEOMETRYCOLLECTION (POINT (-0.082786 51.52907)),fe441d03-f29d-400d-abae-7e4182269eeb
,True,GEOMETRYCOLLECTION (POINT (-0.082445 51.529496)),b06c4cae-f008-486c-a57f-c948046833c1
,True,GEOMETRYCOLLECTION (POINT (-0.08268300000000001 51.529597)),9b94f641-dbce-49fc-afc2-a322ff93bb63
,False,GEOMETRYCOLLECTION (POINT (-0.106617 51.516959)),99d1ab95-14fb-4213-be2a-7f6fbf9cbdae
,True,GEOMETRYCOLLECTION (POINT (-0.104167 51.51723)),cfe65897-4c42-484d-ad78-33534be58644
,False,GEOMETRYCOLLECTION (POINT (-0.113343 51.523072)),a0abef18-aba2-4274-a3e0-96944fddc75b
,False,GEOMETRYCOLLECTION (POINT (-0.109983 51.520478)),f29e6222-699f-4dff-9bac-c6d40f44b6ff
,True,GEOMETRYCOLLECTION (POINT (-0.109033 51.522444)),72e42489-f589-456a-a567-ce5df60fdb89
,False,GEOMETRYCOLLECTION (POINT (-0.108398 51.521929)),e395ac19-2872-4b43-b1dd-33839fa6209f
,True,GEOMETRYCOLLECTION (POINT (-0.112923 51.516831)),47cd84d6-e430-4788-9b14-6ed35b5b85eb
,True,GEOMETRYCOLLECTION (POINT (-0.111115 51.518905)),285da9b9-58a3-41c5-93f9-2bc2affe700b
,True,GEOMETRYCOLLECTION (POINT (-0.112009 51.520129)),3576c2e3-80ce-4968-aee9-d00d45fc4636
,True,GEOMETRYCOLLECTION (POINT (-0.111199 51.520126)),4dc21647-0311-4f3b-81d1-d516dd82608b
,False,GEOMETRYCOLLECTION (POINT (-0.112416 51.520521)),b1092bf7-604f-4565-a7b2-b24157d70321
,True,GEOMETRYCOLLECTION (POINT (-0.111687 51.521376)),fe3d578d-44bc-494d-acb7-b9d8b12d1621
,False,GEOMETRYCOLLECTION (POINT (-0.11335 51.522747)),aaa0cb71-9173-4e55-89d8-59ebe35cb748
,True,GEOMETRYCOLLECTION (POINT (-0.112674 51.522756)),2d827c61-9cfd-48e4-9187-71d7ba5ba876
,True,GEOMETRYCOLLECTION (POINT (-0.099511 51.533005)),59424349-e4b6-457a-8ec7-8a6492b7671a
,True,GEOMETRYCOLLECTION (POINT (-0.097411 51.532614)),dd498b64-279d-4303-98d5-7fb61c7826e9
,True,GEOMETRYCOLLECTION (POINT (-0.096655 51.528041)),710b5f1c-648f-41b9-b4cb-c09187f9f6a1
,False,GEOMETRYCOLLECTION (POINT (-0.096306 51.531085)),599be106-3e4c-45e8-986b-eed7dfd47d30
,True,GEOMETRYCOLLECTION (POINT (-0.09504700000000001 51.528821)),030d70e7-af16-4f8b-806f-2f1e5bcd981f
,True,GEOMETRYCOLLECTION (POINT (-0.09422999999999999 51.526767)),bf1ffa71-ca2d-4f21-b540-8defc0f5449e
,True,GEOMETRYCOLLECTION (POINT (-0.092693 51.527972)),04e9b4ba-e8c5-4d11-9622-017ac5e99cd7
,True,GEOMETRYCOLLECTION (POINT (-0.088723 51.527082)),2ab2f922-0b63-410a-b46e-76e3b1435683
,False,GEOMETRYCOLLECTION (POINT (-0.112293 51.525418)),e88f2ad0-c54e-4229-b776-8de9506d6fd4
,False,GEOMETRYCOLLECTION (POINT (-0.111071 51.527163)),23d99de9-1096-499d-b128-d20d5b455950
,True,GEOMETRYCOLLECTION (POINT (-0.111348 51.526904)),a5acca5f-dbd9-4f61-a8c9-f396d60fcb5e
,False,GEOMETRYCOLLECTION (POINT (-0.110606 51.526831)),b22cd215-4bae-47ea-95b0-df77790be5ad
,True,GEOMETRYCOLLECTION (POINT (-0.109128 51.526138)),44641666-2908-4215-8196-2320fbf629ed
,True,GEOMETRYCOLLECTION (POINT (-0.108626 51.525066)),b883176b-ae43-4e31-8e81-db0aa04dcce2
,True,GEOMETRYCOLLECTION (POINT (-0.107945 51.524959)),c42d3633-12a3-4b79-a809-5b6b77ad895f
,False,GEOMETRYCOLLECTION (POINT (-0.106796 51.525249)),bf04bc04-7ee5-46e4-9eb3-daf532468139
,True,GEOMETRYCOLLECTION (POINT (-0.113027 51.525166)),7d596ab6-e433-40e2-adc0-3a9e35fa6fa2
,True,GEOMETRYCOLLECTION (POINT (-0.110865 51.524127)),30804c6b-1698-4ecc-9d2b-285c89a82460
,True,GEOMETRYCOLLECTION (POINT (-0.109247 51.524269)),80ab5a2c-46f8-47dd-8853-139e9c57ef56
,True,GEOMETRYCOLLECTION (POINT (-0.107196 51.523743)),b60d6c4c-47b8-4c49-8890-3563591e8732
,True,GEOMETRYCOLLECTION (POINT (-0.10631 51.523998)),aae4438d-780b-4d79-83ac-fcbee4e7fbae
,True,GEOMETRYCOLLECTION (POINT (-0.104089 51.520018)),d455eb1a-c27d-4757-92a4-7cfe45e56467
,True,GEOMETRYCOLLECTION (POINT (-0.103109 51.51999)),da7c8854-9beb-44ef-a5c7-a39fdfca50ee
,False,GEOMETRYCOLLECTION (POINT (-0.093976 51.531415)),19516eb9-d1e6-4434-936c-24a221a746f7
,True,GEOMETRYCOLLECTION (POINT (-0.09354 51.532454)),9deaacc2-3643-4ca2-9881-b459da78fe94
,True,GEOMETRYCOLLECTION (POINT (-0.09212099999999999 51.531462)),5318acc4-3caa-465f-ab0b-5a75ba01289d
,True,GEOMETRYCOLLECTION (POINT (-0.09202 51.532772)),699e9719-702e-49ea-bab5-0906231bc02c
,True,GEOMETRYCOLLECTION (POINT (-0.090449 51.531576)),174a54d5-e012-4d29-854f-8b1b5d4ce953
,False,GEOMETRYCOLLECTION (POINT (-0.087141 51.530847)),c1228773-c6cf-4ade-a613-b4bb280ffbb0
,True,GEOMETRYCOLLECTION (POINT (-0.08702 51.531722)),3d600895-1855-46bc-b874-ee76625f1587
,True,GEOMETRYCOLLECTION (POINT (-0.086684 51.53284)),58724d52-051a-4a87-904b-06749aff15c9
,False,GEOMETRYCOLLECTION (POINT (-0.084911 51.531577)),9686495c-12b1-4334-8ceb-981757966f6f
,False,GEOMETRYCOLLECTION (POINT (-0.084052 51.531371)),c10ce98b-5a62-4f16-9854-6d9f29cf5fbf
,True,GEOMETRYCOLLECTION (POINT (-0.084678 51.531847)),59d4514d-518d-4c07-8841-789b84fceb61
,True,GEOMETRYCOLLECTION (POINT (-0.089948 51.530573)),9c381d7f-7059-49ec-8a63-f427d1293a0b
,True,GEOMETRYCOLLECTION (POINT (-0.088714 51.531064)),661b9bb0-a893-4dd4-bab7-96a2cdc14e53
,True,GEOMETRYCOLLECTION (POINT (-0.089078 51.531178)),252f93b0-f23e-4bf6-84f1-c8440067cbda
,True,GEOMETRYCOLLECTION (POINT (-0.09002400000000001 51.53135)),3803e644-c681-4f4b-8f06-316518922d27
,True,GEOMETRYCOLLECTION (POINT (-0.08966300000000001 51.531407)),489da24e-2e1b-4222-8a6f-a9d66ce2cffa
,True,GEOMETRYCOLLECTION (POINT (-0.088944 51.531391)),f132c122-cfb5-43dc-8b82-01d17ceec11f
,True,GEOMETRYCOLLECTION (POINT (-0.089934 51.531683)),de3a3a34-6877-4467-a731-5dc367a6fdf3
,False,GEOMETRYCOLLECTION (POINT (-0.104085 51.519993)),5682437b-d814-4c71-b5c8-9b691241e818
,True,GEOMETRYCOLLECTION (POINT (-0.114709 51.534198)),849cdc6e-ec16-4315-9f03-ace6cc4f5aee
,False,GEOMETRYCOLLECTION (POINT (-0.09134200000000001 51.533541)),595f7599-b126-4afc-a3a3-285229a6a859
,True,GEOMETRYCOLLECTION (POINT (-0.08733299999999999 51.533201)),55b321d0-6bad-47f4-9f4d-e3910815cbfc
,True,GEOMETRYCOLLECTION (POINT (-0.086614 51.533261)),250e0cdf-84bd-4b9e-ab28-9a649db7fbb8
,False,GEOMETRYCOLLECTION (POINT (-0.094474 51.53261)),372a5e5b-dd04-440d-9f75-6863f46e7d68
,False,GEOMETRYCOLLECTION (POINT (-0.092074 51.533333)),b6da4a84-c843-4bea-8c22-aec8bd80204f
,False,GEOMETRYCOLLECTION (POINT (-0.09296699999999999 51.533907)),3b4323c7-f0f2-4a85-8121-8f822986bd3e
,True,GEOMETRYCOLLECTION (POINT (-0.08688899999999999 51.521119)),7a1f323f-db1b-47ff-837f-51dbfd5cc553
,True,GEOMETRYCOLLECTION (POINT (-0.085953 51.521042)),be612c8c-0d88-40dc-8408-ca28242f7747
,True,GEOMETRYCOLLECTION (POINT (-0.113355 51.518039)),8c43bfbc-a6ca-4f77-b6cf-a9a9c3001b6c
,True,GEOMETRYCOLLECTION (POINT (-0.099456 51.531949)),fe4b6466-8cb6-49cb-a712-183cf5855c05
,True,GEOMETRYCOLLECTION (POINT (-0.096913 51.531457)),31953f54-7890-49d2-8545-f0dc01bdfc5b
,False,GEOMETRYCOLLECTION (POINT (-0.096412 51.53152)),77020f76-cc0c-48ed-a30d-639bcb7211a2
,True,GEOMETRYCOLLECTION (POINT (-0.100486 51.52845)),06a652d7-3fca-47c5-bd37-c9dee4ccd06d
,True,GEOMETRYCOLLECTION (POINT (-0.100547 51.529761)),6b5048fe-4be8-4ea7-91ec-5eb5f1a7cbec
,True,GEOMETRYCOLLECTION (POINT (-0.099272 51.53129)),a8a9ca66-7980-42fb-ab93-89cf28666b35
,True,GEOMETRYCOLLECTION (POINT (-0.102251 51.531845)),12a47d99-4f2c-470e-b26a-f13bb43f2235
,True,GEOMETRYCOLLECTION (POINT (-0.10011 51.533372)),865b6fa4-8e87-4837-9723-fdba247725fd
,True,GEOMETRYCOLLECTION (POINT (-0.104583 51.526467)),967308be-9d4d-4c4d-93d1-2a1a65136180
,False,GEOMETRYCOLLECTION (POINT (-0.104425 51.527714)),5aa46091-59cf-49fa-a6da-c928c7a17c49
,True,GEOMETRYCOLLECTION (POINT (-0.103972 51.527744)),5a3028db-030e-4c57-8dec-c68d9193fda2
,True,GEOMETRYCOLLECTION (POINT (-0.103283 51.526056)),0b9f8c27-ef92-406a-aead-9348a935b21a
,True,GEOMETRYCOLLECTION (POINT (-0.102394 51.527318)),d49a4e69-71a2-4f1f-8d49-85a96701d7ce
,True,GEOMETRYCOLLECTION (POINT (-0.099909 51.527395)),0210fdbc-8e93-4a27-a6ca-384f0d092c27
,True,GEOMETRYCOLLECTION (POINT (-0.09905799999999999 51.527969)),7b8cb00d-fa42-4d9b-a266-5d86fed2565d
,True,GEOMETRYCOLLECTION (POINT (-0.101708 51.529999)),82138ce1-d9a5-475d-b8ea-3c00181f3851
,False,GEOMETRYCOLLECTION (POINT (-0.101836 51.53149)),24cec770-d757-4d1a-b1f3-e5d4daf7c702
,False,GEOMETRYCOLLECTION (POINT (-0.101004 51.531612)),42e0c0ca-6d67-4924-8bcb-0269dc403e75
,False,GEOMETRYCOLLECTION (POINT (-0.104 51.533955)),c657ac53-c67a-48aa-a72b-a640594c1bff
,True,GEOMETRYCOLLECTION (POINT (-0.106412 51.526551)),987c78f3-7968-467b-a19b-d22a13ee47b4
,True,GEOMETRYCOLLECTION (POINT (-0.10547 51.526497)),f786c06d-04ec-4245-978f-365d8efebd1b
,True,GEOMETRYCOLLECTION (POINT (-0.108438 51.526675)),d256bf2a-06bc-4d5d-b4ce-df5fc16fb1ce
,True,GEOMETRYCOLLECTION (POINT (-0.105436 51.527359)),cdbc8809-0e13-43bd-b10a-7aebb93a2e8c
,False,GEOMETRYCOLLECTION (POINT (-0.106865 51.527386)),2efa8dda-ca71-4716-93cc-4f185ab07f85
,True,GEOMETRYCOLLECTION (POINT (-0.107607 51.528342)),ca701274-a6b8-4efd-8f78-8d55c5408409
,True,GEOMETRYCOLLECTION (POINT (-0.105487 51.528291)),365fc6b7-aea6-4c56-8ddd-40ac2b5c8829
,True,GEOMETRYCOLLECTION (POINT (-0.105864 51.528568)),0009b9d6-1b2b-49a7-a999-97e7b8fee12e
,False,GEOMETRYCOLLECTION (POINT (-0.105158 51.529392)),2f49c5bd-8aad-4abf-a520-da857cc3284e
,False,GEOMETRYCOLLECTION (POINT (-0.109105 51.533914)),9a299173-3140-4137-904a-9322bdd30af0
,True,GEOMETRYCOLLECTION (POINT (-0.107787 51.532386)),8873a6f4-b058-48e7-b814-c40ad3d29c83
,True,GEOMETRYCOLLECTION (POINT (-0.107008 51.531283)),f3895036-d9cc-4516-9198-c70b29347a8c
,True,GEOMETRYCOLLECTION (POINT (-0.105779 51.532387)),2dd6d28f-f51c-4e00-9156-a52bdfb88ceb
,False,GEOMETRYCOLLECTION (POINT (-0.105161 51.533183)),f7dcfbff-4137-4ab6-b1b3-d0659227f9ae
,True,GEOMETRYCOLLECTION (POINT (-0.109335 51.528854)),ecb7146f-b6c4-4cb0-a638-5ca019ad0a8a
,True,GEOMETRYCOLLECTION (POINT (-0.110767 51.529165)),d5077ff3-49db-44bb-8f4d-7440de5b5fe2
,True,GEOMETRYCOLLECTION (POINT (-0.109784 51.529531)),d8a07421-aadf-4ff7-91d2-d0478c7d97bb
,True,GEOMETRYCOLLECTION (POINT (-0.111073 51.529776)),08edb72a-c7cb-4639-aa6f-749b537dd0d7
,True,GEOMETRYCOLLECTION (POINT (-0.109627 51.530577)),0eb35f0f-6183-4047-8425-b5cb5ba0e3a7
,True,GEOMETRYCOLLECTION (POINT (-0.112741 51.533592)),7c2c4eb2-48e7-4ee8-96e6-1098d0dfa118
,True,GEOMETRYCOLLECTION (POINT (-0.112709 51.532016)),3c4313a4-56db-47cb-9f54-07bed917a558
,False,GEOMETRYCOLLECTION (POINT (-0.113582 51.527191)),2d067d4b-0ad0-4d82-a6d0-d0b28cde656d
,True,GEOMETRYCOLLECTION (POINT (-0.113117 51.527111)),b8fb8e90-25ef-49a4-bd15-dc9f32c52bd6
,False,GEOMETRYCOLLECTION (POINT (-0.112342 51.527515)),24500c6f-4e2a-4e1b-af5e-9efa78c450ff
,True,GEOMETRYCOLLECTION (POINT (-0.111679 51.527728)),d9b62a30-b826-41a9-9524-1a7d1f211b6e
,True,GEOMETRYCOLLECTION (POINT (-0.111312 51.527788)),afbccb50-b2ef-4fa6-99ca-e710629c2bc6
,True,GEOMETRYCOLLECTION (POINT (-0.109753 51.528566)),3f80fe90-4eaf-4794-b04a-bf1f5223a5cc
,True,GEOMETRYCOLLECTION (POINT (-0.109422 51.528518)),a4d62d8c-6d10-4e9b-8f1c-544537e35084
,False,GEOMETRYCOLLECTION (POINT (-0.11358 51.528835)),e14e3b23-dc66-4783-a1fa-edae6e105237
,True,GEOMETRYCOLLECTION (POINT (-0.112984 51.528969)),a22a0f85-d88c-4025-8182-197c4b18fd12
,False,GEOMETRYCOLLECTION (POINT (-0.111819 51.529466)),c9aefd06-b129-442c-b70e-8bb357d90f0f
,True,GEOMETRYCOLLECTION (POINT (-0.111678 51.53027)),eefafde1-f908-4276-878a-9b682bf6e0d1
,False,GEOMETRYCOLLECTION (POINT (-0.111598 51.530585)),a65c0987-0f81-42a9-95d8-28c1c5f961ee
,True,GEOMETRYCOLLECTION (POINT (-0.113386 51.533863)),99c450fc-e3c8-466e-899a-ab0a851c6363
,True,GEOMETRYCOLLECTION (POINT (-0.113189 51.533589)),9b75845d-9baa-4ef0-bf28-a879adc34284
,True,GEOMETRYCOLLECTION (POINT (-0.114967 51.528743)),635d8c3f-8141-47f0-9b14-c293e41ed566
,True,GEOMETRYCOLLECTION (POINT (-0.114212 51.527482)),9a6c90d4-a81d-4cab-9948-c804f415f538
,False,GEOMETRYCOLLECTION (POINT (-0.106954 51.521244)),0e388934-7d4e-4f54-9557-fa11967ff729
,True,GEOMETRYCOLLECTION (POINT (-0.106294 51.518928)),1520afde-41b1-48fc-9639-30ffde7c914f
,True,GEOMETRYCOLLECTION (POINT (-0.114533 51.522592)),201ebe70-acf4-4b11-b93d-4f1d40ec7a90
,False,GEOMETRYCOLLECTION (POINT (-0.112167 51.522647)),3e63fc9d-325a-4933-89a4-83804679e957
,True,GEOMETRYCOLLECTION (POINT (-0.111278 51.522383)),d08c7c77-4ddf-4d6a-8d41-e23ff52fdefd
,False,GEOMETRYCOLLECTION (POINT (-0.109496 51.519586)),a2085743-bee6-40ec-a2a9-c56f6253dae2
,True,GEOMETRYCOLLECTION (POINT (-0.086287 51.520931)),38c33129-4530-4e93-8ff1-89a505e0463e
,True,GEOMETRYCOLLECTION (POINT (-0.086646 51.520946)),4bce5132-bdef-4895-8562-168a2c7d110a
,True,GEOMETRYCOLLECTION (POINT (-0.090255 51.522772)),87b88170-a7e1-4376-b3de-ad09e4001a92
,False,GEOMETRYCOLLECTION (POINT (-0.090227 51.52347)),6b9761e0-3311-403e-8c63-c7a79dd34f4c
,True,GEOMETRYCOLLECTION (POINT (-0.090001 51.523816)),19e3e203-f8cc-433e-8f8c-26beadcce0d3
,False,GEOMETRYCOLLECTION (POINT (-0.08541799999999999 51.524212)),7627d1cc-e1af-4f73-9359-7ebad0375ea1
,True,GEOMETRYCOLLECTION (POINT (-0.088127 51.525039)),2a90ce91-0716-423a-9f39-f2ca9e616186
,True,GEOMETRYCOLLECTION (POINT (-0.085745 51.525683)),f52bfa4c-9373-4103-9c26-ba245a7f12b6
,True,GEOMETRYCOLLECTION (POINT (-0.087646 51.525627)),cb5cd1aa-e2be-4ca7-8fa3-21509bd3d459
,False,GEOMETRYCOLLECTION (POINT (-0.08830399999999999 51.526312)),471700e7-67c3-4f61-a2cf-dd226e368581
,False,GEOMETRYCOLLECTION (POINT (-0.08919000000000001 51.527012)),476cc837-0f8e-4679-9cb1-86f6f99454a7
,True,GEOMETRYCOLLECTION (POINT (-0.093833 51.525893)),d6de74cb-2d6f-4ded-878a-1a7ba61430f9
,False,GEOMETRYCOLLECTION (POINT (-0.090753 51.527361)),6b3071e2-6749-4a94-9916-bbe8831596db
,True,GEOMETRYCOLLECTION (POINT (-0.093559 51.528126)),d95c1aa2-ece0-43c6-bccf-2a3cc0c1e359
,False,GEOMETRYCOLLECTION (POINT (-0.095167 51.52604)),17753c4c-a139-43f4-9c3e-72a20b091f24
,True,GEOMETRYCOLLECTION (POINT (-0.09265900000000001 51.523332)),35f7f579-fa5a-4553-b093-8279d6e47b00
,True,GEOMETRYCOLLECTION (POINT (-0.091907 51.523519)),4b855810-a4fb-435c-a2d5-ede9f790d8aa
,True,GEOMETRYCOLLECTION (POINT (-0.09615700000000001 51.52383)),7bfd9b58-7dc3-4f31-8e74-80e25c351601
,True,GEOMETRYCOLLECTION (POINT (-0.095816 51.523939)),63ce97fe-b796-4436-951e-f954ce47f5df
,True,GEOMETRYCOLLECTION (POINT (-0.095344 51.524902)),9fbcf7fa-f8e5-45d6-b97f-ddbc69133b75
,True,GEOMETRYCOLLECTION (POINT (-0.094786 51.524837)),ab13b1cb-5a99-49eb-99fc-5e60343008fd
,True,GEOMETRYCOLLECTION (POINT (-0.09500500000000001 51.524998)),34ed6740-cd1d-4254-ac59-ec34cd5f368b
,True,GEOMETRYCOLLECTION (POINT (-0.093264 51.525012)),a44c7356-1baa-4ee1-beeb-cd5d1f9b62ff
,True,GEOMETRYCOLLECTION (POINT (-0.096376 51.523407)),816a0fd1-0bb5-4d40-a579-d0abf623ee28
,True,GEOMETRYCOLLECTION (POINT (-0.096474 51.523721)),0a51a679-b2fd-4241-b25f-69baf3224e5f
,True,GEOMETRYCOLLECTION (POINT (-0.09710000000000001 51.524482)),1c0ad9c2-3dce-4a2e-9e52-810ad3e513e5
,True,GEOMETRYCOLLECTION (POINT (-0.09719899999999999 51.524846)),9cf6220c-f9ba-49ee-a116-1cc07edf20c1
,True,GEOMETRYCOLLECTION (POINT (-0.09693400000000001 51.52471)),aa4d7980-e0fc-4295-bfed-78e24cf0a799
,True,GEOMETRYCOLLECTION (POINT (-0.09585 51.529049)),8ea04fe7-d7c0-4ba6-8a60-582cb3dc967a
,True,GEOMETRYCOLLECTION (POINT (-0.09266000000000001 51.522843)),6e5c10c9-1cd7-4c53-b3a7-689b89359dbb
,True,GEOMETRYCOLLECTION (POINT (-0.092108 51.522878)),ca5a3aa9-79a2-4d71-9753-ba99a7fea0f1
,True,GEOMETRYCOLLECTION (POINT (-0.091914 51.523299)),5c34c487-f9d3-40d1-ac5f-b4861f869613
,False,GEOMETRYCOLLECTION (POINT (-0.09940599999999999 51.522369)),1f3834cf-1afb-4563-acae-22eff6ca4f3a
,False,GEOMETRYCOLLECTION (POINT (-0.098473 51.521807)),c361af27-5824-42ee-b2a7-9111a8a87255
,True,GEOMETRYCOLLECTION (POINT (-0.094761 51.523014)),4d9c6b95-10fd-4e69-a4a6-81595d24f009
,True,GEOMETRYCOLLECTION (POINT (-0.09446400000000001 51.522772)),bb5a2426-ed15-4964-9565-bdf4d00ea47a
,True,GEOMETRYCOLLECTION (POINT (-0.094093 51.522422)),f7d100e1-54a9-46cf-b483-b2eb7416a7b4
,False,GEOMETRYCOLLECTION (POINT (-0.093458 51.522715)),6a9e7fd1-e282-4f30-a6d4-86528bae0f25
,True,GEOMETRYCOLLECTION (POINT (-0.108439 51.522923)),1723449c-8d9c-43c6-92e5-44b45e24e921
,True,GEOMETRYCOLLECTION (POINT (-0.106881 51.522518)),65999649-b048-4cec-b333-f091113d5902
,True,GEOMETRYCOLLECTION (POINT (-0.10463 51.522882)),b82a88a9-45dd-4d8e-a331-3af03ff9d830
,True,GEOMETRYCOLLECTION (POINT (-0.10537 51.521134)),4296f182-057d-4f26-9b5a-435760411494
,True,GEOMETRYCOLLECTION (POINT (-0.103968 51.522187)),c4490f75-6ba3-4e7e-ac75-153f2b0a258e
,True,GEOMETRYCOLLECTION (POINT (-0.102266 51.521765)),fbda35a8-9ab2-4129-b9ab-9b90f640800e
,True,GEOMETRYCOLLECTION (POINT (-0.101021 51.520388)),de0e88af-670d-4640-9630-7ced252420d4
,False,GEOMETRYCOLLECTION (POINT (-0.100582 51.521292)),bd1dd4ea-d468-4910-92a7-b7acb1761d32
,True,GEOMETRYCOLLECTION (POINT (-0.100343 51.522479)),3432aecf-ced8-4538-ae0c-f4086457830f
,False,GEOMETRYCOLLECTION (POINT (-0.098194 51.526555)),2ea7d68d-54a9-496f-a091-ead5f9558b61
,True,GEOMETRYCOLLECTION (POINT (-0.098706 51.532771)),d479540d-c312-4d29-8627-e4ea172d13ec
,True,GEOMETRYCOLLECTION (POINT (-0.098111 51.524299)),ad0abc0b-32b9-4a2d-b955-02b5e6ba5e7d
,False,GEOMETRYCOLLECTION (POINT (-0.097411 51.523248)),a32808f5-e306-43d2-a21d-61c131e1654a
,True,GEOMETRYCOLLECTION (POINT (-0.08179599999999999 51.522641)),c87ead27-3537-4e07-9c19-9682917cc156
,True,GEOMETRYCOLLECTION (POINT (-0.082826 51.522947)),23e611cf-3ed7-4eb4-ba96-9ffe687b2563
,True,GEOMETRYCOLLECTION (POINT (-0.08473600000000001 51.524734)),f942184e-0b75-4f52-9aa4-a0b5fc00369c
,True,GEOMETRYCOLLECTION (POINT (-0.083748 51.525143)),72299bfe-3809-4043-9342-516deef93595
,True,GEOMETRYCOLLECTION (POINT (-0.084297 51.520951)),e593b015-d92b-46d3-bfba-64b15a8eb1a4
,True,GEOMETRYCOLLECTION (POINT (-0.083094 51.521052)),501a5efa-d090-4da0-b09a-068caf78aaf2
,False,GEOMETRYCOLLECTION (POINT (-0.084119 51.521491)),a7422d5a-815f-408d-8a52-76178d23cd1f
,True,GEOMETRYCOLLECTION (POINT (-0.086618 51.517634)),4b395ead-6be4-4133-845b-b46aa977c2bb
,False,GEOMETRYCOLLECTION (POINT (-0.088228 51.518852)),e1b25f61-860b-4ec3-9ad7-393353514225
,False,GEOMETRYCOLLECTION (POINT (-0.092019 51.515906)),c68f2104-ce69-4ed9-906a-8de9d3daf782
,True,GEOMETRYCOLLECTION (POINT (-0.090179 51.517257)),44ff9355-4146-4f25-9ea2-0f68722412ab
,True,GEOMETRYCOLLECTION (POINT (-0.094276 51.520568)),fffd870e-b726-44a6-8ea6-48cd5b3f6d87
,True,GEOMETRYCOLLECTION (POINT (-0.099147 51.519839)),63750ed0-bcef-496c-a6b8-2daec5ad97b0
,True,GEOMETRYCOLLECTION (POINT (-0.09886 51.519135)),33945bb9-117a-42ef-a02e-bb106cbc3b74
,True,GEOMETRYCOLLECTION (POINT (-0.098427 51.519427)),0a54b3e5-ab7c-42a2-836f-e11a184c4ee9
,True,GEOMETRYCOLLECTION (POINT (-0.09829400000000001 51.520085)),1264f56a-7037-4955-9fe4-b6871d0e959a
,True,GEOMETRYCOLLECTION (POINT (-0.09492299999999999 51.520235)),4982fac8-d1b7-48e3-8766-67b79ac8c28e
,True,GEOMETRYCOLLECTION (POINT (-0.095153 51.516762)),a0b1fed1-c8f3-4458-bda2-9207246a9eb1
,False,GEOMETRYCOLLECTION (POINT (-0.094667 51.518081)),88d96ec9-8883-4b03-9cc9-b16b336441c2
,True,GEOMETRYCOLLECTION (POINT (-0.109895 51.519541)),e29a0626-bdff-4bba-aa59-12c0315eeafa
,True,GEOMETRYCOLLECTION (POINT (-0.109217 51.521023)),6fdf5b04-8c82-4e20-86f4-a27675849797
,True,GEOMETRYCOLLECTION (POINT (-0.10192 51.523642)),0d165a46-0157-46db-af5c-0cbf37162774
,True,GEOMETRYCOLLECTION (POINT (-0.100843 51.523583)),1089bd31-03c0-40a2-b2a4-8be1a69ff5e0
,True,GEOMETRYCOLLECTION (POINT (-0.09896199999999999 51.523445)),98d9992e-5461-4166-86d0-012e345d96d3
,False,GEOMETRYCOLLECTION (POINT (-0.099867 51.524322)),0fbc60a0-96ac-4126-9de5-66de9c432254
,True,GEOMETRYCOLLECTION (POINT (-0.102468 51.524585)),31c0c497-b525-4c2d-b106-20e5da5acd5f
,True,GEOMETRYCOLLECTION (POINT (-0.100497 51.525767)),cbce5402-568d-4657-a8e1-5764ff31d126
,True,GEOMETRYCOLLECTION (POINT (-0.101773 51.526043)),9f905bd2-e80a-4758-b497-3f88c3aa1786
,False,GEOMETRYCOLLECTION (POINT (-0.099068 51.526099)),51ff7096-453b-4c75-ae9c-bfc4048d6328
,True,GEOMETRYCOLLECTION (POINT (-0.09894500000000001 51.526376)),759f249b-3d56-45ad-bd12-47c82aaa4481
,True,GEOMETRYCOLLECTION (POINT (-0.10565 51.523569)),1db7f925-622b-4975-814e-c7297684f2cc
,True,GEOMETRYCOLLECTION (POINT (-0.106156 51.523864)),e3f7ae9d-1205-405f-9de2-72f3e844197f
,True,GEOMETRYCOLLECTION (POINT (-0.105813 51.524132)),d7ffec6d-b1f2-43ab-b150-bbc0c935d337
,True,GEOMETRYCOLLECTION (POINT (-0.103154 51.524554)),f1acc7df-60ee-4c7b-ab96-6eefc901a299
,True,GEOMETRYCOLLECTION (POINT (-0.104127 51.519258)),634fe2a0-1e7e-4360-8ba2-0dd84476dc38
,True,GEOMETRYCOLLECTION (POINT (-0.102778 51.519867)),ec7f42bd-36a5-4496-b431-7d2fc63060c2
,True,GEOMETRYCOLLECTION (POINT (-0.083497 51.527138)),a09b4978-da2c-4404-a892-8013914bbdc1
,True,GEOMETRYCOLLECTION (POINT (-0.083408 51.527911)),77b3e90c-ebf1-4bd5-9682-5ea294a219cb
,True,GEOMETRYCOLLECTION (POINT (-0.082874 51.528183)),93c119a5-7fdd-40bb-b5a0-88db164ae56a
,True,GEOMETRYCOLLECTION (POINT (-0.103584 51.516317)),4c224810-3556-45bd-80f6-f84fdba563a1
,False,GEOMETRYCOLLECTION (POINT (-0.102632 51.518877)),62be8def-1709-4ee8-aa85-937e26d433a5
,False,GEOMETRYCOLLECTION (POINT (-0.106425 51.517937)),18450c86-cfc5-4a5c-89c9-dd62a07461c0
,True,GEOMETRYCOLLECTION (POINT (-0.109704 51.522962)),b9b1e018-5436-4e08-b07e-dc9c2437124c
,True,GEOMETRYCOLLECTION (POINT (-0.110211 51.520831)),49bbda9c-b7d7-46a4-8585-62b59710b596
,True,GEOMETRYCOLLECTION (POINT (-0.110716 51.521545)),54ac5955-64cd-41d6-bc0c-1d722a47deac
,True,GEOMETRYCOLLECTION (POINT (-0.107103 51.521856)),9a9620e8-6b13-42c9-97e0-5596a355f86b
,True,GEOMETRYCOLLECTION (POINT (-0.106971 51.520089)),6218c109-2089-450f-a34a-d5b01e541a96
,True,GEOMETRYCOLLECTION (POINT (-0.111983 51.522133)),018a4764-0e7d-4874-9830-427f1bc92009
,True,GEOMETRYCOLLECTION (POINT (-0.112683 51.522465)),6849b805-2638-449d-ad30-477c966db37c
,True,GEOMETRYCOLLECTION (POINT (-0.097778 51.530815)),f193dd48-6da5-4da6-9a68-90f1dd275018
,True,GEOMETRYCOLLECTION (POINT (-0.097926 51.531436)),8c047ea2-388c-47be-b52e-8e22a068dd8d
,True,GEOMETRYCOLLECTION (POINT (-0.109818 51.524961)),6a431874-e265-422c-8815-70e46cdd858b
,True,GEOMETRYCOLLECTION (POINT (-0.108727 51.525962)),e006209c-b52a-474b-a421-30af33921fb4
,True,GEOMETRYCOLLECTION (POINT (-0.108401 51.525428)),77696065-7be2-4f7d-8d64-6992f5599782
,True,GEOMETRYCOLLECTION (POINT (-0.107396 51.525529)),01c20995-cd0d-4d22-9198-87b072ac6297
,True,GEOMETRYCOLLECTION (POINT (-0.110316 51.52377)),3cc01376-4b2c-4c44-bde2-9aa409b22e16
,True,GEOMETRYCOLLECTION (POINT (-0.108034 51.523341)),900e1703-db32-42ea-a245-f1eba3f497bf
,True,GEOMETRYCOLLECTION (POINT (-0.106918 51.524261)),763eb8ac-c972-437b-a236-0c6b8c007682
,True,GEOMETRYCOLLECTION (POINT (-0.106518 51.523757)),74a2f1e4-7429-4d42-b9b3-c48b8fe51b7b
,True,GEOMETRYCOLLECTION (POINT (-0.103983 51.520715)),5b677c9b-3c09-438c-b241-eb0ee4aa0e4e
,True,GEOMETRYCOLLECTION (POINT (-0.092987 51.532624)),4936b78e-c29f-42f9-9b6e-37637805b345
,True,GEOMETRYCOLLECTION (POINT (-0.09241099999999999 51.532369)),b2b7b40c-3e45-4a3c-a90d-3dfd0675f212
,True,GEOMETRYCOLLECTION (POINT (-0.092556 51.532587)),f2539d35-db74-40f2-8d70-b9588a18d453
,True,GEOMETRYCOLLECTION (POINT (-0.091725 51.5317)),30fb0109-db08-420d-bf93-15aa71a8df41
,True,GEOMETRYCOLLECTION (POINT (-0.09080000000000001 51.532684)),96fd894e-da19-45de-a988-01aba6558a50
,False,GEOMETRYCOLLECTION (POINT (-0.086048 51.532869)),2a6221f8-1be8-4a91-ab45-052ed0ffeeda
,False,GEOMETRYCOLLECTION (POINT (-0.085865 51.532032)),a5d4ae01-b786-4542-b6cb-d71deae173f6
,False,GEOMETRYCOLLECTION (POINT (-0.085787 51.531478)),a137e6ea-c381-4583-b92d-6a6306d6d907
,True,GEOMETRYCOLLECTION (POINT (-0.085475 51.53264)),25a3f3c9-d5f2-4695-869a-5fa2a2cc42fb
,False,GEOMETRYCOLLECTION (POINT (-0.085341 51.532043)),d20d4539-b8f2-43fd-981e-ab25ebbc1cbc
,False,GEOMETRYCOLLECTION (POINT (-0.08945599999999999 51.530715)),f7bc3793-640e-41d9-9338-8c94ab1889f8
,True,GEOMETRYCOLLECTION (POINT (-0.08810999999999999 51.53124)),2b84c1fe-f271-4b4e-b7d3-bfddfab24320
,False,GEOMETRYCOLLECTION (POINT (-0.090863 51.528553)),a3db4f4a-21de-4849-a372-f05dc438201e
,False,GEOMETRYCOLLECTION (POINT (-0.086436 51.533572)),e24cb800-3c56-4ca6-8df8-e7bdc2dc55da
,True,GEOMETRYCOLLECTION (POINT (-0.084727 51.533534)),a4f8d164-734c-4a0c-837b-ec2a55e42fdf
,True,GEOMETRYCOLLECTION (POINT (-0.082778 51.533578)),1ec995c2-169e-4b57-86fb-f06dc96000ed
,False,GEOMETRYCOLLECTION (POINT (-0.096135 51.532235)),efca5e88-bee6-4945-a211-646162b9bda9
,False,GEOMETRYCOLLECTION (POINT (-0.093296 51.533084)),4f63af21-18d9-4e1d-88a6-87974c9f46e2
,True,GEOMETRYCOLLECTION (POINT (-0.11404 51.517646)),7d9c3a1d-8dfa-49d8-808b-4b8278f6cf10
,False,GEOMETRYCOLLECTION (POINT (-0.087633 51.521549)),35e6a62d-db27-46b2-af82-d07f8d44724d
,True,GEOMETRYCOLLECTION (POINT (-0.098806 51.534058)),bdd30250-8c1d-4b0a-b8fb-7ee2663b2f66
,True,GEOMETRYCOLLECTION (POINT (-0.099617 51.53348)),f9554309-bf7d-4cd2-be78-f5c70c22acbc
,True,GEOMETRYCOLLECTION (POINT (-0.098277 51.533429)),921df14b-2c83-46c1-84fd-864cd1aabafe
,True,GEOMETRYCOLLECTION (POINT (-0.097272 51.532478)),a9b7644c-a604-46fa-beb7-7e5f65e7e14b
,True,GEOMETRYCOLLECTION (POINT (-0.096778 51.532393)),b16b5ece-8be3-42cb-8757-55739b53e347
,True,GEOMETRYCOLLECTION (POINT (-0.096682 51.532252)),a5af080c-7700-4b31-8a92-e07fc74e14ff
,True,GEOMETRYCOLLECTION (POINT (-0.100123 51.529013)),c90d07cf-923b-4404-8553-afd7010adfad
,False,GEOMETRYCOLLECTION (POINT (-0.09860099999999999 51.529002)),9cb8f89d-af5c-4ae7-9d6e-33df18cca770
,True,GEOMETRYCOLLECTION (POINT (-0.099218 51.528884)),ecdaa5d4-5398-4dfd-bfcb-86c290925b99
,True,GEOMETRYCOLLECTION (POINT (-0.099424 51.53059)),32cb36e7-23c8-4b15-95f7-2a9e14765174
,False,GEOMETRYCOLLECTION (POINT (-0.099671 51.531284)),7acf4bf6-7629-449f-a922-ead94ac7ab71
,True,GEOMETRYCOLLECTION (POINT (-0.100746 51.531586)),48d48c7e-e756-42ed-940f-e662cd27e5af
,False,GEOMETRYCOLLECTION (POINT (-0.09983599999999999 51.531613)),d2d8f107-ccae-4551-99d9-0f245ef0bbf7
,True,GEOMETRYCOLLECTION (POINT (-0.103037 51.531999)),7a8d7a2d-9ada-4680-8840-61165b3e4806
,True,GEOMETRYCOLLECTION (POINT (-0.102174 51.532723)),714250a4-462a-40de-bf28-fcc42c37a91c
,True,GEOMETRYCOLLECTION (POINT (-0.102301 51.532505)),c60598ec-6453-45fd-90dd-12944998109d
,True,GEOMETRYCOLLECTION (POINT (-0.101624 51.532121)),bfaca2c2-7418-4262-b0ac-559f15b15a95
,True,GEOMETRYCOLLECTION (POINT (-0.101112 51.532614)),94153b1a-a42a-47cf-bd12-88cf77416e21
,True,GEOMETRYCOLLECTION (POINT (-0.100033 51.531718)),dfe9c738-f5e1-45e3-b0e4-e77269db498d
,True,GEOMETRYCOLLECTION (POINT (-0.10279 51.527701)),7a4c6e20-4509-42b0-a09e-b14e886ea88b
,False,GEOMETRYCOLLECTION (POINT (-0.103696 51.526636)),55bd430d-5390-4ff0-92a7-1386891747a5
,False,GEOMETRYCOLLECTION (POINT (-0.103349 51.526896)),a8c61397-cf5a-423a-9e6e-1945003b2023
,True,GEOMETRYCOLLECTION (POINT (-0.102742 51.527276)),2ec11c57-5985-4d71-9fff-9609b6b70cc2
,False,GEOMETRYCOLLECTION (POINT (-0.09774099999999999 51.52731)),9692ed8f-d17b-439b-9f30-39c3f112b69d
,False,GEOMETRYCOLLECTION (POINT (-0.097354 51.527562)),ced523dd-ce3f-4f40-879b-ad6a0ae3c34c
,True,GEOMETRYCOLLECTION (POINT (-0.104112 51.528784)),d5c977ed-5aae-4df4-a83c-efffe3aa3d87
,True,GEOMETRYCOLLECTION (POINT (-0.103724 51.52903)),f1105624-3d50-4003-a05e-fd4ee6729282
,False,GEOMETRYCOLLECTION (POINT (-0.103666 51.529633)),38190250-30ec-4be7-b47f-91c9636cccf9
,False,GEOMETRYCOLLECTION (POINT (-0.103216 51.529863)),30e3734f-2aad-4a1a-8332-eed01e0f7739
,True,GEOMETRYCOLLECTION (POINT (-0.104141 51.529989)),9bddd273-1b0e-4313-b8e9-8e43e4e4ac0c
,True,GEOMETRYCOLLECTION (POINT (-0.101319 51.531289)),2f86770d-df7d-4a29-b4ca-68d842583a9c
,True,GEOMETRYCOLLECTION (POINT (-0.102074 51.531584)),f872c025-2ead-43f9-8f75-55cfba3d0f42
,True,GEOMETRYCOLLECTION (POINT (-0.102612 51.531815)),7d8be45b-c09b-4e11-9a32-3a7e91d8e610
,False,GEOMETRYCOLLECTION (POINT (-0.103326 51.533967)),a56684fe-8e39-4df7-b24c-d7e15b55263d
,True,GEOMETRYCOLLECTION (POINT (-0.105326 51.526)),c8fe2a35-c881-45db-acba-e3a3412fb253
,True,GEOMETRYCOLLECTION (POINT (-0.107874 51.528722)),072f9476-c32e-4042-9227-7ac6cb4e793c
,True,GEOMETRYCOLLECTION (POINT (-0.108487 51.529484)),c57142a6-c249-41a1-a61e-d4c07166f89d
,True,GEOMETRYCOLLECTION (POINT (-0.108373 51.529259)),4f60b965-5987-470c-831e-8c770808639c
,True,GEOMETRYCOLLECTION (POINT (-0.109008 51.531084)),1e195926-4887-455f-a258-306bab35fb98
,False,GEOMETRYCOLLECTION (POINT (-0.108237 51.53133)),ff0b4198-424c-45e9-b4ca-de70947fdd49
,True,GEOMETRYCOLLECTION (POINT (-0.103162 51.531868)),f045626e-3d68-4808-b9be-33c24f543df0
,True,GEOMETRYCOLLECTION (POINT (-0.107671 51.534068)),1cd7d202-95ca-408e-9156-b99fd249342f
,True,GEOMETRYCOLLECTION (POINT (-0.109586 51.529062)),4e37352a-8fb2-4d27-bf76-53f8e78d01d2
,True,GEOMETRYCOLLECTION (POINT (-0.110845 51.529344)),a7d580b0-7159-4599-ac6f-75521b9c89bf
,False,GEOMETRYCOLLECTION (POINT (-0.110897 51.52955)),a3cc52e3-4f52-4e81-b310-7d5c4dd1a55e
,True,GEOMETRYCOLLECTION (POINT (-0.109959 51.529994)),906392ba-f067-4b80-94df-6cdbd2f9a617
,False,GEOMETRYCOLLECTION (POINT (-0.109269 51.530746)),f96f4ff1-4630-4a8c-afed-f2598b0ff21a
,True,GEOMETRYCOLLECTION (POINT (-0.108762 51.530879)),4438d28a-34b9-4eb2-93b2-bc1df4268510
,True,GEOMETRYCOLLECTION (POINT (-0.112794 51.533308)),ed9c728b-25cf-478a-9081-6c173f38eea4
,True,GEOMETRYCOLLECTION (POINT (-0.112585 51.532296)),2f629a1f-0259-4085-8b00-15f1508faac2
,True,GEOMETRYCOLLECTION (POINT (-0.112013 51.5335)),ea85e11e-69a2-4b6a-bf0d-33c2a8019b3b
,True,GEOMETRYCOLLECTION (POINT (-0.112159 51.532352)),a83b34a6-546d-4e02-8b99-049f4ffe6e07
,True,GEOMETRYCOLLECTION (POINT (-0.111501 51.531964)),53658413-3adb-422a-82bc-d084b10ad691
,True,GEOMETRYCOLLECTION (POINT (-0.110414 51.532469)),44070c92-050b-4e36-9463-85c7d976ca7c
,True,GEOMETRYCOLLECTION (POINT (-0.113424 51.528775)),9c916901-ae42-4357-89fb-c824240a4c1d
,False,GEOMETRYCOLLECTION (POINT (-0.113102 51.527947)),a6918d60-66c0-4f41-b20f-63b88d01d705
,True,GEOMETRYCOLLECTION (POINT (-0.112881 51.526687)),55dc1ae0-02dc-48fd-8266-7e3b5fe0cb66
,True,GEOMETRYCOLLECTION (POINT (-0.112108 51.528406)),7c4f4501-8354-42b3-a44e-3deecf7d2e4a
,True,GEOMETRYCOLLECTION (POINT (-0.112002 51.527268)),68de94c6-5d6a-44ad-bac6-18081573690a
,True,GEOMETRYCOLLECTION (POINT (-0.111286 51.527382)),6eda9243-3f1c-4977-83af-05415915fe8c
,False,GEOMETRYCOLLECTION (POINT (-0.110546 51.528343)),0a5b27ce-b393-4717-af2c-216c6abb477a
,True,GEOMETRYCOLLECTION (POINT (-0.110797 51.527918)),0c920e4f-1be4-44b4-9bd7-f848312c13bb
,True,GEOMETRYCOLLECTION (POINT (-0.110733 51.528498)),c8634910-8c31-46e3-9f9f-14e4c994503b
,False,GEOMETRYCOLLECTION (POINT (-0.11332 51.529003)),a44869cf-8bd8-4ab2-877d-a2f2c721c632
,True,GEOMETRYCOLLECTION (POINT (-0.11306 51.529269)),643424f4-57a5-4915-9813-1aaa630b6679
,False,GEOMETRYCOLLECTION (POINT (-0.111878 51.530116)),fbf2b763-8d07-475d-8ffd-0a47baacca66
,False,GEOMETRYCOLLECTION (POINT (-0.112115 51.530455)),b89770a7-8d06-4a87-8726-36d636e92615
,False,GEOMETRYCOLLECTION (POINT (-0.114115 51.529898)),2661f501-2624-4dd0-a793-f9433302b322
,False,GEOMETRYCOLLECTION (POINT (-0.114515 51.530697)),cd79c247-c2f8-4ac8-8d7d-f0c0e5fa2a32
,True,GEOMETRYCOLLECTION (POINT (-0.11411 51.528337)),e7210eec-42ea-4f08-aa5d-f8097dad9fbe
,False,GEOMETRYCOLLECTION (POINT (-0.110696 51.522477)),f7dd13ce-8c01-4a4f-8ea7-9c9a844c2412
,True,GEOMETRYCOLLECTION (POINT (-0.085006 51.523612)),0d59384a-191b-4018-857b-bb051a9d17c7
,True,GEOMETRYCOLLECTION (POINT (-0.086364 51.520049)),dfdba91e-7993-4731-9442-eb4eb0afba7a
,False,GEOMETRYCOLLECTION (POINT (-0.08534 51.523021)),defa68d4-98cd-4f49-9553-173e972fa2e0
,True,GEOMETRYCOLLECTION (POINT (-0.089908 51.524152)),a0cc521f-c868-4742-9f9c-4cc738d31a0a
,True,GEOMETRYCOLLECTION (POINT (-0.08820600000000001 51.524307)),df54224e-17a3-4cc0-974c-84d82dbecb57
,True,GEOMETRYCOLLECTION (POINT (-0.089557 51.524066)),7641fab6-9a92-47c5-804d-3e2d32236d1f
,True,GEOMETRYCOLLECTION (POINT (-0.089519 51.524952)),3e0701ad-1169-4065-9828-5a3a251d6537
,True,GEOMETRYCOLLECTION (POINT (-0.087274 51.525706)),239fdd48-151d-42b8-9a6c-d30d556420e6
,False,GEOMETRYCOLLECTION (POINT (-0.08896900000000001 51.526207)),07c06437-bf88-4500-ac5b-ef54589cdf9d
,True,GEOMETRYCOLLECTION (POINT (-0.08819399999999999 51.525955)),d1297031-6fca-4cfe-82a1-97b04220e329
,True,GEOMETRYCOLLECTION (POINT (-0.088488 51.526746)),6961f9b7-36f8-4a7c-8af9-92e07b903d61
,True,GEOMETRYCOLLECTION (POINT (-0.09388000000000001 51.526092)),7c2ca21c-cd03-434b-9e76-dfaad9245661
,True,GEOMETRYCOLLECTION (POINT (-0.094038 51.525221)),b01e0a02-e76c-4a6b-84f1-b3c018cb4afd
,True,GEOMETRYCOLLECTION (POINT (-0.094747 51.525313)),da774f42-4890-4f0d-b3a2-1ed8fc01f105
,True,GEOMETRYCOLLECTION (POINT (-0.095217 51.527618)),3212939e-ef83-4e05-8ac7-d665ccec95b6
,False,GEOMETRYCOLLECTION (POINT (-0.09546399999999999 51.529899)),4ced8fd9-571a-4a91-971f-4d2eb8f82b3f
,True,GEOMETRYCOLLECTION (POINT (-0.09289699999999999 51.523261)),874e40b8-c2ff-4c6f-a7c2-2c243b1a564b
,True,GEOMETRYCOLLECTION (POINT (-0.095861 51.523546)),49fc0097-cd5f-486e-b77d-4ae1dd493441
,True,GEOMETRYCOLLECTION (POINT (-0.094416 51.52376)),a9fd9e00-d9bb-4aa6-9e4b-47bc0df830ce
,True,GEOMETRYCOLLECTION (POINT (-0.08457099999999999 51.525778)),686b5708-5625-4138-8389-6623c90b8b88
,True,"GEOMETRYCOLLECTION (POLYGON ((113.488231 22.183691, 113.471203 22.187683, 113.489956 22.198061, 113.505691 22.197862, 113.488231 22.183691)), POINT (114.167596 22.280303), POINT (121.539474 25.05284))",70825cd0-247f-11ea-b327-784f435179ea
,False,GEOMETRYCOLLECTION (POINT (-1.261972 52.773062)),2cf195f8-805b-4f97-9133-cbd94bf5a01f
,True,GEOMETRYCOLLECTION (POINT (-0.09160799999999999 51.529378)),aa7ecf38-ab81-4e08-bb74-cfdd1e339ea2
,True,GEOMETRYCOLLECTION (POINT (-0.096315 51.53171)),952bcb04-551d-45a5-a607-c709def4604d
