<?xml version="1.0" encoding="UTF-8"?>
<rdf:RDF xmlns:dcterms="http://purl.org/dc/terms/" xmlns:rdf="http://www.w3.org/1999/02/22-rdf-syntax-ns#" xmlns:skos="http://www.w3.org/2004/02/skos/core#">
	<skos:Concept rdf:about="http://purl.org/heritagedata/schemes/ee833bdc-4cf1-4fbf-9282-29e75655855d/concepts/ab8dcfcf-c443-40c3-a0ed-b59fd44bacd6">
		<skos:prefLabel xml:lang="en">Between application and determination</skos:prefLabel>
		<skos:inScheme>
			<skos:ConceptScheme rdf:about="http://purl.org/heritagedata/schemes/ee833bdc-4cf1-4fbf-9282-29e75655855d">
				<skos:hasTopConcept rdf:resource="http://purl.org/heritagedata/schemes/ee833bdc-4cf1-4fbf-9282-29e75655855d/concepts/5d5dc48e-add3-4c46-9837-aaf03c3dc759"/>
				<skos:hasTopConcept rdf:resource="http://purl.org/heritagedata/schemes/ee833bdc-4cf1-4fbf-9282-29e75655855d/concepts/11e58ff4-9432-4452-a364-6b22e1696944"/>
				<skos:hasTopConcept rdf:resource="http://purl.org/heritagedata/schemes/ee833bdc-4cf1-4fbf-9282-29e75655855d/concepts/5f9c1b5b-3d6d-4150-a113-de02933eb744"/>
				<skos:hasTopConcept rdf:resource="http://purl.org/heritagedata/schemes/ee833bdc-4cf1-4fbf-9282-29e75655855d/concepts/acfa9a90-01f8-405b-9b4a-e5c09b1cd929"/>
				<skos:hasTopConcept rdf:resource="http://purl.org/heritagedata/schemes/ee833bdc-4cf1-4fbf-9282-29e75655855d/concepts/d3e8bf24-2d52-4d7c-b1d9-acc2839fdefb"/>
				<skos:hasTopConcept rdf:resource="http://purl.org/heritagedata/schemes/ee833bdc-4cf1-4fbf-9282-29e75655855d/concepts/e2ebd0a4-8fe7-4cec-b5a0-977baff7b42c"/>
				<dcterms:title xml:lang="en">OASIS Reason for Investigation</dcterms:title>
				<skos:hasTopConcept rdf:resource="http://purl.org/heritagedata/schemes/ee833bdc-4cf1-4fbf-9282-29e75655855d/concepts/b16cf7ad-e3d7-4c13-95b5-0200da768070"/>
				<skos:hasTopConcept rdf:resource="http://purl.org/heritagedata/schemes/ee833bdc-4cf1-4fbf-9282-29e75655855d/concepts/0ca670bb-308c-4bde-b6b1-b4bf0c72851b"/>
				<skos:hasTopConcept rdf:resource="http://purl.org/heritagedata/schemes/ee833bdc-4cf1-4fbf-9282-29e75655855d/concepts/ef4a9489-1107-4d9c-8f76-bd65b2da9a51"/>
				<skos:hasTopConcept rdf:resource="http://purl.org/heritagedata/schemes/ee833bdc-4cf1-4fbf-9282-29e75655855d/concepts/9b3ae668-b34c-4497-8366-3f1fad3fca58"/>
			</skos:ConceptScheme>
		</skos:inScheme>
	</skos:Concept>
	<skos:Concept rdf:about="http://purl.org/heritagedata/schemes/ee833bdc-4cf1-4fbf-9282-29e75655855d/concepts/48824c30-4bcc-45d9-861a-71ec7cfc13c4">
		<skos:inScheme rdf:resource="http://purl.org/heritagedata/schemes/ee833bdc-4cf1-4fbf-9282-29e75655855d"/>
		<skos:prefLabel xml:lang="en">Pre application</skos:prefLabel>
	</skos:Concept>
	<skos:Concept rdf:about="http://purl.org/heritagedata/schemes/ee833bdc-4cf1-4fbf-9282-29e75655855d/concepts/acfa9a90-01f8-405b-9b4a-e5c09b1cd929">
		<skos:inScheme rdf:resource="http://purl.org/heritagedata/schemes/ee833bdc-4cf1-4fbf-9282-29e75655855d"/>
		<skos:prefLabel xml:lang="en">Personal interest</skos:prefLabel>
	</skos:Concept>
	<skos:Concept rdf:about="http://purl.org/heritagedata/schemes/ee833bdc-4cf1-4fbf-9282-29e75655855d/concepts/11e58ff4-9432-4452-a364-6b22e1696944">
		<skos:narrower rdf:resource="http://purl.org/heritagedata/schemes/ee833bdc-4cf1-4fbf-9282-29e75655855d/concepts/48824c30-4bcc-45d9-861a-71ec7cfc13c4"/>
		<skos:scopeNote xml:lang="en">Planning requirement refers to conditions set out by planning application or consent. If planning stage is known, use 'Pre application', 'Between application and determination' or 'Post determination (e.g. by condition)'. For planning that requires Listed Building Consent, use 'Listed Building Consent'. For planning that does not require planning consent, use 'Statutory undertaking'.</skos:scopeNote>
		<skos:narrower>
			<skos:Concept rdf:about="http://purl.org/heritagedata/schemes/ee833bdc-4cf1-4fbf-9282-29e75655855d/concepts/48a1fbbc-65aa-4004-84c4-3ad33d0f1fb0">
				<skos:prefLabel xml:lang="en">Post determination</skos:prefLabel>
				<skos:altLabel xml:lang="en">Planning condition</skos:altLabel>
				<skos:inScheme rdf:resource="http://purl.org/heritagedata/schemes/ee833bdc-4cf1-4fbf-9282-29e75655855d"/>
				<skos:scopeNote xml:lang="en">For example by condition.</skos:scopeNote>
			</skos:Concept>
		</skos:narrower>
		<skos:narrower rdf:resource="http://purl.org/heritagedata/schemes/ee833bdc-4cf1-4fbf-9282-29e75655855d/concepts/ab8dcfcf-c443-40c3-a0ed-b59fd44bacd6"/>
		<skos:narrower>
			<skos:Concept rdf:about="http://purl.org/heritagedata/schemes/ee833bdc-4cf1-4fbf-9282-29e75655855d/concepts/b66218e5-479d-4c4c-8783-317d1b84eea3">
				<skos:prefLabel xml:lang="en">Listed Building Consent</skos:prefLabel>
				<skos:inScheme rdf:resource="http://purl.org/heritagedata/schemes/ee833bdc-4cf1-4fbf-9282-29e75655855d"/>
			</skos:Concept>
		</skos:narrower>
		<skos:prefLabel xml:lang="en">Planning requirement</skos:prefLabel>
		<skos:inScheme rdf:resource="http://purl.org/heritagedata/schemes/ee833bdc-4cf1-4fbf-9282-29e75655855d"/>
	</skos:Concept>
	<skos:Concept rdf:about="http://purl.org/heritagedata/schemes/ee833bdc-4cf1-4fbf-9282-29e75655855d/concepts/5d5dc48e-add3-4c46-9837-aaf03c3dc759">
		<skos:inScheme rdf:resource="http://purl.org/heritagedata/schemes/ee833bdc-4cf1-4fbf-9282-29e75655855d"/>
		<skos:prefLabel xml:lang="en">Heritage Management</skos:prefLabel>
		<skos:scopeNote xml:lang="en">Heritage management refers to non-planning related assessment, study or survey. This could be done to conserve, restore or enhance. For research done for academic purposes, use 'Academic research'. </skos:scopeNote>
	</skos:Concept>
	<skos:Concept rdf:about="http://purl.org/heritagedata/schemes/ee833bdc-4cf1-4fbf-9282-29e75655855d/concepts/ef4a9489-1107-4d9c-8f76-bd65b2da9a51">
		<skos:prefLabel xml:lang="en">Academic research</skos:prefLabel>
		<skos:scopeNote xml:lang="en">Academic research also refers to research done in the context of community project. For thematic survey, such as project on building types and area studies, use 'Heritage management'.</skos:scopeNote>
		<skos:inScheme rdf:resource="http://purl.org/heritagedata/schemes/ee833bdc-4cf1-4fbf-9282-29e75655855d"/>
	</skos:Concept>
	<skos:Concept rdf:about="http://purl.org/heritagedata/schemes/ee833bdc-4cf1-4fbf-9282-29e75655855d/concepts/e2ebd0a4-8fe7-4cec-b5a0-977baff7b42c">
		<skos:inScheme rdf:resource="http://purl.org/heritagedata/schemes/ee833bdc-4cf1-4fbf-9282-29e75655855d"/>
		<skos:prefLabel xml:lang="en">Assessment for designation</skos:prefLabel>
	</skos:Concept>
	<skos:Concept rdf:about="http://purl.org/heritagedata/schemes/ee833bdc-4cf1-4fbf-9282-29e75655855d/concepts/b16cf7ad-e3d7-4c13-95b5-0200da768070">
		<skos:prefLabel xml:lang="en">Emergency recording</skos:prefLabel>
		<skos:inScheme rdf:resource="http://purl.org/heritagedata/schemes/ee833bdc-4cf1-4fbf-9282-29e75655855d"/>
	</skos:Concept>
	<skos:Concept rdf:about="http://purl.org/heritagedata/schemes/ee833bdc-4cf1-4fbf-9282-29e75655855d/concepts/9b3ae668-b34c-4497-8366-3f1fad3fca58">
		<skos:narrower>
			<skos:Concept rdf:about="http://purl.org/heritagedata/schemes/ee833bdc-4cf1-4fbf-9282-29e75655855d/concepts/abc888c1-0f2d-41d2-815a-838630582a70">
				<skos:inScheme rdf:resource="http://purl.org/heritagedata/schemes/ee833bdc-4cf1-4fbf-9282-29e75655855d"/>
				<skos:prefLabel xml:lang="en">Statutory undertaking</skos:prefLabel>
				<skos:altLabel xml:lang="en">Code of practice</skos:altLabel>
			</skos:Concept>
		</skos:narrower>
		<skos:narrower>
			<skos:Concept rdf:about="http://purl.org/heritagedata/schemes/ee833bdc-4cf1-4fbf-9282-29e75655855d/concepts/2b44f610-f70c-4982-b1b5-555fba074dcd">
				<skos:inScheme rdf:resource="http://purl.org/heritagedata/schemes/ee833bdc-4cf1-4fbf-9282-29e75655855d"/>
				<skos:prefLabel xml:lang="en">Scheduled Monument Consent</skos:prefLabel>
			</skos:Concept>
		</skos:narrower>
		<skos:prefLabel xml:lang="en">Statutory requirement</skos:prefLabel>
		<skos:inScheme rdf:resource="http://purl.org/heritagedata/schemes/ee833bdc-4cf1-4fbf-9282-29e75655855d"/>
	</skos:Concept>
	<skos:Concept rdf:about="http://purl.org/heritagedata/schemes/ee833bdc-4cf1-4fbf-9282-29e75655855d/concepts/d3e8bf24-2d52-4d7c-b1d9-acc2839fdefb">
		<skos:prefLabel xml:lang="en">Unexpected discovery</skos:prefLabel>
		<skos:inScheme rdf:resource="http://purl.org/heritagedata/schemes/ee833bdc-4cf1-4fbf-9282-29e75655855d"/>
	</skos:Concept>
	<skos:Concept rdf:about="http://purl.org/heritagedata/schemes/ee833bdc-4cf1-4fbf-9282-29e75655855d/concepts/0ca670bb-308c-4bde-b6b1-b4bf0c72851b">
		<skos:altLabel xml:lang="en">Faculty Jurisdiction</skos:altLabel>
		<skos:inScheme rdf:resource="http://purl.org/heritagedata/schemes/ee833bdc-4cf1-4fbf-9282-29e75655855d"/>
		<skos:prefLabel xml:lang="en">Ecclesiastical Consent</skos:prefLabel>
	</skos:Concept>
	<skos:Concept rdf:about="http://purl.org/heritagedata/schemes/ee833bdc-4cf1-4fbf-9282-29e75655855d/concepts/5f9c1b5b-3d6d-4150-a113-de02933eb744">
		<skos:prefLabel xml:lang="en">Grant application</skos:prefLabel>
		<skos:inScheme rdf:resource="http://purl.org/heritagedata/schemes/ee833bdc-4cf1-4fbf-9282-29e75655855d"/>
	</skos:Concept>
</rdf:RDF>