<?xml version="1.0" encoding="UTF-8"?>
<rdf:RDF xmlns:dcterms="http://purl.org/dc/terms/" xmlns:rdf="http://www.w3.org/1999/02/22-rdf-syntax-ns#" xmlns:skos="http://www.w3.org/2004/02/skos/core#">
	<skos:Concept rdf:about="http://purl.org/heritagedata/schemes/8196a6cc-77df-4439-8b04-f5d13472a064/concepts/c263f872-172d-4a02-9eae-32dc56b0ab5a">
		<skos:inScheme>
			<skos:ConceptScheme rdf:about="http://purl.org/heritagedata/schemes/8196a6cc-77df-4439-8b04-f5d13472a064">
				<skos:hasTopConcept rdf:resource="http://purl.org/heritagedata/schemes/8196a6cc-77df-4439-8b04-f5d13472a064/concepts/e1f77dde-bc89-40b9-bdab-cec87343c4be"/>
				<dcterms:title xml:lang="en">OASIS Funder</dcterms:title>
				<skos:hasTopConcept rdf:resource="http://purl.org/heritagedata/schemes/8196a6cc-77df-4439-8b04-f5d13472a064/concepts/a957d671-85db-4171-aae0-4a9e9f785946"/>
				<skos:hasTopConcept rdf:resource="http://purl.org/heritagedata/schemes/8196a6cc-77df-4439-8b04-f5d13472a064/concepts/49ae0113-af89-487d-a142-0389a2942144"/>
				<skos:hasTopConcept rdf:resource="http://purl.org/heritagedata/schemes/8196a6cc-77df-4439-8b04-f5d13472a064/concepts/5b025de3-3491-45c6-8c26-d6b076d986cc"/>
				<skos:hasTopConcept rdf:resource="http://purl.org/heritagedata/schemes/8196a6cc-77df-4439-8b04-f5d13472a064/concepts/11080ae0-d7f3-456e-85e6-354aae42f1e9"/>
				<skos:hasTopConcept rdf:resource="http://purl.org/heritagedata/schemes/8196a6cc-77df-4439-8b04-f5d13472a064/concepts/ab5e932b-1c91-46ef-85af-173181246cdb"/>
			</skos:ConceptScheme>
		</skos:inScheme>
		<skos:narrower>
			<skos:Concept rdf:about="http://purl.org/heritagedata/schemes/8196a6cc-77df-4439-8b04-f5d13472a064/concepts/d72bbd41-3180-4fc1-8a87-d63700ebf609">
				<skos:inScheme rdf:resource="http://purl.org/heritagedata/schemes/8196a6cc-77df-4439-8b04-f5d13472a064"/>
				<skos:prefLabel xml:lang="en">European Research Council</skos:prefLabel>
			</skos:Concept>
		</skos:narrower>
		<skos:prefLabel xml:lang="en">Research council or trust</skos:prefLabel>
		<skos:narrower>
			<skos:Concept rdf:about="http://purl.org/heritagedata/schemes/8196a6cc-77df-4439-8b04-f5d13472a064/concepts/c2445bb5-3373-4167-a76d-f22156af07e5">
				<skos:prefLabel xml:lang="en">UK Research and Innovation</skos:prefLabel>
				<skos:inScheme rdf:resource="http://purl.org/heritagedata/schemes/8196a6cc-77df-4439-8b04-f5d13472a064"/>
			</skos:Concept>
		</skos:narrower>
		<skos:narrower>
			<skos:Concept rdf:about="http://purl.org/heritagedata/schemes/8196a6cc-77df-4439-8b04-f5d13472a064/concepts/faa91ee3-69a7-4494-ace3-8a9d6e8bdd7b">
				<skos:inScheme rdf:resource="http://purl.org/heritagedata/schemes/8196a6cc-77df-4439-8b04-f5d13472a064"/>
				<skos:prefLabel xml:lang="en">Other research council or trust</skos:prefLabel>
			</skos:Concept>
		</skos:narrower>
	</skos:Concept>
	<skos:Concept rdf:about="http://purl.org/heritagedata/schemes/8196a6cc-77df-4439-8b04-f5d13472a064/concepts/fac03750-2463-4387-80e5-0d694c2e9740">
		<skos:altLabel xml:lang="en">Victoria and Albert Museum</skos:altLabel>
		<skos:prefLabel xml:lang="en">V &amp; A Museum</skos:prefLabel>
		<skos:inScheme rdf:resource="http://purl.org/heritagedata/schemes/8196a6cc-77df-4439-8b04-f5d13472a064"/>
	</skos:Concept>
	<skos:Concept rdf:about="http://purl.org/heritagedata/schemes/8196a6cc-77df-4439-8b04-f5d13472a064/concepts/192b9832-05bd-4c3d-b95d-a80cbd41e876">
		<skos:prefLabel xml:lang="en">Telecommunications company</skos:prefLabel>
		<skos:inScheme rdf:resource="http://purl.org/heritagedata/schemes/8196a6cc-77df-4439-8b04-f5d13472a064"/>
	</skos:Concept>
	<skos:Concept rdf:about="http://purl.org/heritagedata/schemes/8196a6cc-77df-4439-8b04-f5d13472a064/concepts/9b000f24-67de-4f8f-9aac-105693d505fa">
		<skos:scopeNote xml:lang="en"> Also used for work funded by English Heritage before April 2015. For work funded by English Heritage after April 2015, use 'English Heritage Trust'.</skos:scopeNote>
		<skos:prefLabel xml:lang="en">Historic England</skos:prefLabel>
		<skos:altLabel xml:lang="en">English Heritage</skos:altLabel>
		<skos:inScheme rdf:resource="http://purl.org/heritagedata/schemes/8196a6cc-77df-4439-8b04-f5d13472a064"/>
	</skos:Concept>
	<skos:Concept rdf:about="http://purl.org/heritagedata/schemes/8196a6cc-77df-4439-8b04-f5d13472a064/concepts/38cffa41-094d-4089-9e75-9d7eef2d1623">
		<skos:narrower rdf:resource="http://purl.org/heritagedata/schemes/8196a6cc-77df-4439-8b04-f5d13472a064/concepts/fac03750-2463-4387-80e5-0d694c2e9740"/>
		<skos:prefLabel xml:lang="en">Museum</skos:prefLabel>
		<skos:narrower>
			<skos:Concept rdf:about="http://purl.org/heritagedata/schemes/8196a6cc-77df-4439-8b04-f5d13472a064/concepts/232cdc00-a05c-400c-adae-c4c517f7b1ce">
				<skos:inScheme rdf:resource="http://purl.org/heritagedata/schemes/8196a6cc-77df-4439-8b04-f5d13472a064"/>
				<skos:prefLabel xml:lang="en">Natural History Museum</skos:prefLabel>
			</skos:Concept>
		</skos:narrower>
		<skos:inScheme rdf:resource="http://purl.org/heritagedata/schemes/8196a6cc-77df-4439-8b04-f5d13472a064"/>
		<skos:narrower>
			<skos:Concept rdf:about="http://purl.org/heritagedata/schemes/8196a6cc-77df-4439-8b04-f5d13472a064/concepts/6e50dbb2-978e-42de-880a-bba24d2bfb68">
				<skos:inScheme rdf:resource="http://purl.org/heritagedata/schemes/8196a6cc-77df-4439-8b04-f5d13472a064"/>
				<skos:prefLabel xml:lang="en">National Museum of Scotland</skos:prefLabel>
			</skos:Concept>
		</skos:narrower>
		<skos:narrower>
			<skos:Concept rdf:about="http://purl.org/heritagedata/schemes/8196a6cc-77df-4439-8b04-f5d13472a064/concepts/55868d0c-a2a3-4cf9-a2e2-c2322ec605e5">
				<skos:prefLabel xml:lang="en">British Museum</skos:prefLabel>
				<skos:inScheme rdf:resource="http://purl.org/heritagedata/schemes/8196a6cc-77df-4439-8b04-f5d13472a064"/>
			</skos:Concept>
		</skos:narrower>
		<skos:narrower>
			<skos:Concept rdf:about="http://purl.org/heritagedata/schemes/8196a6cc-77df-4439-8b04-f5d13472a064/concepts/72aba192-e98c-4df3-9f5a-387b51bf8ba8">
				<skos:prefLabel xml:lang="en">Other museum</skos:prefLabel>
				<skos:inScheme rdf:resource="http://purl.org/heritagedata/schemes/8196a6cc-77df-4439-8b04-f5d13472a064"/>
			</skos:Concept>
		</skos:narrower>
	</skos:Concept>
	<skos:Concept rdf:about="http://purl.org/heritagedata/schemes/8196a6cc-77df-4439-8b04-f5d13472a064/concepts/6db5dc1d-b23f-4f20-847c-dcf1dae5e19f">
		<skos:narrower>
			<skos:Concept rdf:about="http://purl.org/heritagedata/schemes/8196a6cc-77df-4439-8b04-f5d13472a064/concepts/530565b7-3a73-4381-af49-9ee997c1964a">
				<skos:inScheme rdf:resource="http://purl.org/heritagedata/schemes/8196a6cc-77df-4439-8b04-f5d13472a064"/>
				<skos:prefLabel xml:lang="en">District, borough or city council</skos:prefLabel>
			</skos:Concept>
		</skos:narrower>
		<skos:narrower>
			<skos:Concept rdf:about="http://purl.org/heritagedata/schemes/8196a6cc-77df-4439-8b04-f5d13472a064/concepts/87a9b4d9-bde3-4c33-ab19-cd1b92812aa7">
				<skos:prefLabel xml:lang="en">Other local authority</skos:prefLabel>
				<skos:inScheme rdf:resource="http://purl.org/heritagedata/schemes/8196a6cc-77df-4439-8b04-f5d13472a064"/>
			</skos:Concept>
		</skos:narrower>
		<skos:narrower>
			<skos:Concept rdf:about="http://purl.org/heritagedata/schemes/8196a6cc-77df-4439-8b04-f5d13472a064/concepts/224ae00a-a1c0-4662-a067-758f5c770016">
				<skos:inScheme rdf:resource="http://purl.org/heritagedata/schemes/8196a6cc-77df-4439-8b04-f5d13472a064"/>
				<skos:prefLabel xml:lang="en">County Council</skos:prefLabel>
			</skos:Concept>
		</skos:narrower>
		<skos:inScheme rdf:resource="http://purl.org/heritagedata/schemes/8196a6cc-77df-4439-8b04-f5d13472a064"/>
		<skos:prefLabel xml:lang="en">Local</skos:prefLabel>
		<skos:narrower>
			<skos:Concept rdf:about="http://purl.org/heritagedata/schemes/8196a6cc-77df-4439-8b04-f5d13472a064/concepts/e84614eb-da71-4760-a76b-229c3b263b4e">
				<skos:prefLabel xml:lang="en">Unitary council</skos:prefLabel>
				<skos:inScheme rdf:resource="http://purl.org/heritagedata/schemes/8196a6cc-77df-4439-8b04-f5d13472a064"/>
			</skos:Concept>
		</skos:narrower>
		<skos:narrower>
			<skos:Concept rdf:about="http://purl.org/heritagedata/schemes/8196a6cc-77df-4439-8b04-f5d13472a064/concepts/916b3ca0-8019-4072-86cc-24736cc353a7">
				<skos:inScheme rdf:resource="http://purl.org/heritagedata/schemes/8196a6cc-77df-4439-8b04-f5d13472a064"/>
				<skos:prefLabel xml:lang="en">Town or parish council</skos:prefLabel>
			</skos:Concept>
		</skos:narrower>
		<skos:narrower>
			<skos:Concept rdf:about="http://purl.org/heritagedata/schemes/8196a6cc-77df-4439-8b04-f5d13472a064/concepts/21453d4f-a2ed-4995-a601-974d37994912">
				<skos:inScheme rdf:resource="http://purl.org/heritagedata/schemes/8196a6cc-77df-4439-8b04-f5d13472a064"/>
				<skos:prefLabel xml:lang="en">National Park Authority</skos:prefLabel>
			</skos:Concept>
		</skos:narrower>
		<skos:narrower>
			<skos:Concept rdf:about="http://purl.org/heritagedata/schemes/8196a6cc-77df-4439-8b04-f5d13472a064/concepts/1310a892-b99d-4955-ba18-8d2dfac074ce">
				<skos:inScheme rdf:resource="http://purl.org/heritagedata/schemes/8196a6cc-77df-4439-8b04-f5d13472a064"/>
				<skos:prefLabel xml:lang="en">Council</skos:prefLabel>
				<skos:scopeNote xml:lang="en">Council refers to local authority in Scotland only. For research council, see 'Research council or trust'.</skos:scopeNote>
			</skos:Concept>
		</skos:narrower>
	</skos:Concept>
	<skos:Concept rdf:about="http://purl.org/heritagedata/schemes/8196a6cc-77df-4439-8b04-f5d13472a064/concepts/ab5e932b-1c91-46ef-85af-173181246cdb">
		<skos:narrower>
			<skos:Concept rdf:about="http://purl.org/heritagedata/schemes/8196a6cc-77df-4439-8b04-f5d13472a064/concepts/25cff386-7be8-4fd5-90a8-0fde6ae8057c">
				<skos:inScheme rdf:resource="http://purl.org/heritagedata/schemes/8196a6cc-77df-4439-8b04-f5d13472a064"/>
				<skos:prefLabel xml:lang="en">Water company</skos:prefLabel>
			</skos:Concept>
		</skos:narrower>
		<skos:narrower>
			<skos:Concept rdf:about="http://purl.org/heritagedata/schemes/8196a6cc-77df-4439-8b04-f5d13472a064/concepts/556440c9-8015-40b7-9fa2-d00154b1c685">
				<skos:prefLabel xml:lang="en">Oil company</skos:prefLabel>
				<skos:inScheme rdf:resource="http://purl.org/heritagedata/schemes/8196a6cc-77df-4439-8b04-f5d13472a064"/>
			</skos:Concept>
		</skos:narrower>
		<skos:narrower>
			<skos:Concept rdf:about="http://purl.org/heritagedata/schemes/8196a6cc-77df-4439-8b04-f5d13472a064/concepts/700673f6-1e30-4dff-8c23-0a544f4c3a6a">
				<skos:inScheme rdf:resource="http://purl.org/heritagedata/schemes/8196a6cc-77df-4439-8b04-f5d13472a064"/>
				<skos:prefLabel xml:lang="en">Railway company</skos:prefLabel>
			</skos:Concept>
		</skos:narrower>
		<skos:narrower>
			<skos:Concept rdf:about="http://purl.org/heritagedata/schemes/8196a6cc-77df-4439-8b04-f5d13472a064/concepts/c3016ca1-72c9-4161-ad0d-81692a67f8f5">
				<skos:prefLabel xml:lang="en">Gas company</skos:prefLabel>
				<skos:inScheme rdf:resource="http://purl.org/heritagedata/schemes/8196a6cc-77df-4439-8b04-f5d13472a064"/>
			</skos:Concept>
		</skos:narrower>
		<skos:narrower>
			<skos:Concept rdf:about="http://purl.org/heritagedata/schemes/8196a6cc-77df-4439-8b04-f5d13472a064/concepts/51ecd594-ffe4-4be5-9a2d-e069b6dd3750">
				<skos:prefLabel xml:lang="en">Other utilities or infrastructure company</skos:prefLabel>
				<skos:inScheme rdf:resource="http://purl.org/heritagedata/schemes/8196a6cc-77df-4439-8b04-f5d13472a064"/>
			</skos:Concept>
		</skos:narrower>
		<skos:prefLabel xml:lang="en">Utilities and Infrastructure</skos:prefLabel>
		<skos:narrower>
			<skos:Concept rdf:about="http://purl.org/heritagedata/schemes/8196a6cc-77df-4439-8b04-f5d13472a064/concepts/4d0c2843-c322-45c6-90d7-59b66e2a36a0">
				<skos:prefLabel xml:lang="en">Electricity company</skos:prefLabel>
				<skos:scopeNote xml:lang="en"> Electricity company refers to an electricity provider only. For company that supplies renewable or non-renewable energy equipment., use 'Other utilities or infrastructure company'</skos:scopeNote>
				<skos:inScheme rdf:resource="http://purl.org/heritagedata/schemes/8196a6cc-77df-4439-8b04-f5d13472a064"/>
			</skos:Concept>
		</skos:narrower>
		<skos:inScheme rdf:resource="http://purl.org/heritagedata/schemes/8196a6cc-77df-4439-8b04-f5d13472a064"/>
		<skos:narrower rdf:resource="http://purl.org/heritagedata/schemes/8196a6cc-77df-4439-8b04-f5d13472a064/concepts/192b9832-05bd-4c3d-b95d-a80cbd41e876"/>
	</skos:Concept>
	<skos:Concept rdf:about="http://purl.org/heritagedata/schemes/8196a6cc-77df-4439-8b04-f5d13472a064/concepts/c918c635-eb33-492a-a22c-c901d043ee49">
		<skos:scopeNote xml:lang="en">If a charitable organization is religious in nature, use 'Religious body'. If a local archaeological society or conservation group is also a registered charity, use 'Local society or group'.</skos:scopeNote>
		<skos:inScheme rdf:resource="http://purl.org/heritagedata/schemes/8196a6cc-77df-4439-8b04-f5d13472a064"/>
		<skos:prefLabel xml:lang="en">Other charitable organization</skos:prefLabel>
	</skos:Concept>
	<skos:Concept rdf:about="http://purl.org/heritagedata/schemes/8196a6cc-77df-4439-8b04-f5d13472a064/concepts/bf3b5a8a-2e2c-4d6c-bd9c-8841ae98ace4">
		<skos:altLabel xml:lang="en">DEFRS</skos:altLabel>
		<skos:prefLabel xml:lang="en">Department for Environment, Food and Rural Affairs</skos:prefLabel>
		<skos:inScheme rdf:resource="http://purl.org/heritagedata/schemes/8196a6cc-77df-4439-8b04-f5d13472a064"/>
	</skos:Concept>
	<skos:Concept rdf:about="http://purl.org/heritagedata/schemes/8196a6cc-77df-4439-8b04-f5d13472a064/concepts/11080ae0-d7f3-456e-85e6-354aae42f1e9">
		<skos:prefLabel xml:lang="en">Religious Body</skos:prefLabel>
		<skos:inScheme rdf:resource="http://purl.org/heritagedata/schemes/8196a6cc-77df-4439-8b04-f5d13472a064"/>
	</skos:Concept>
	<skos:Concept rdf:about="http://purl.org/heritagedata/schemes/8196a6cc-77df-4439-8b04-f5d13472a064/concepts/1b0b1c35-802e-4035-854b-e5e9e6f66bf8">
		<skos:inScheme rdf:resource="http://purl.org/heritagedata/schemes/8196a6cc-77df-4439-8b04-f5d13472a064"/>
		<skos:prefLabel xml:lang="en">Other national authority</skos:prefLabel>
	</skos:Concept>
	<skos:Concept rdf:about="http://purl.org/heritagedata/schemes/8196a6cc-77df-4439-8b04-f5d13472a064/concepts/48a8564b-11b9-4e71-abd3-7704330268cd">
		<skos:narrower>
			<skos:Concept rdf:about="http://purl.org/heritagedata/schemes/8196a6cc-77df-4439-8b04-f5d13472a064/concepts/5bfa8c15-525c-48a8-a7a2-7b9a5dfa87ae">
				<skos:prefLabel xml:lang="en">Scottish Canals</skos:prefLabel>
				<skos:inScheme rdf:resource="http://purl.org/heritagedata/schemes/8196a6cc-77df-4439-8b04-f5d13472a064"/>
			</skos:Concept>
		</skos:narrower>
		<skos:narrower>
			<skos:Concept rdf:about="http://purl.org/heritagedata/schemes/8196a6cc-77df-4439-8b04-f5d13472a064/concepts/9bd3b128-8e62-4450-a8ec-1c947b31559f">
				<skos:inScheme rdf:resource="http://purl.org/heritagedata/schemes/8196a6cc-77df-4439-8b04-f5d13472a064"/>
				<skos:prefLabel xml:lang="en">Scottish Natural Heritage</skos:prefLabel>
			</skos:Concept>
		</skos:narrower>
		<skos:narrower>
			<skos:Concept rdf:about="http://purl.org/heritagedata/schemes/8196a6cc-77df-4439-8b04-f5d13472a064/concepts/c22eed2f-0033-4178-afbc-824e52e0adbf">
				<skos:prefLabel xml:lang="en">Forestry Commission Scotland</skos:prefLabel>
				<skos:inScheme rdf:resource="http://purl.org/heritagedata/schemes/8196a6cc-77df-4439-8b04-f5d13472a064"/>
			</skos:Concept>
		</skos:narrower>
		<skos:narrower>
			<skos:Concept rdf:about="http://purl.org/heritagedata/schemes/8196a6cc-77df-4439-8b04-f5d13472a064/concepts/f7b55792-cd56-4e3d-bc78-c713ea78a45c">
				<skos:inScheme rdf:resource="http://purl.org/heritagedata/schemes/8196a6cc-77df-4439-8b04-f5d13472a064"/>
				<skos:prefLabel xml:lang="en">Transport Scotland</skos:prefLabel>
			</skos:Concept>
		</skos:narrower>
		<skos:prefLabel xml:lang="en">Scotland</skos:prefLabel>
		<skos:narrower>
			<skos:Concept rdf:about="http://purl.org/heritagedata/schemes/8196a6cc-77df-4439-8b04-f5d13472a064/concepts/2eec37ff-649a-46cb-bd7c-7adb62684f75">
				<skos:prefLabel xml:lang="en">Marine Scotland</skos:prefLabel>
				<skos:inScheme rdf:resource="http://purl.org/heritagedata/schemes/8196a6cc-77df-4439-8b04-f5d13472a064"/>
			</skos:Concept>
		</skos:narrower>
		<skos:narrower>
			<skos:Concept rdf:about="http://purl.org/heritagedata/schemes/8196a6cc-77df-4439-8b04-f5d13472a064/concepts/cb18ba20-ac73-4979-84c8-f277d0f261e9">
				<skos:prefLabel xml:lang="en">Historic Environment Scotland</skos:prefLabel>
				<skos:inScheme rdf:resource="http://purl.org/heritagedata/schemes/8196a6cc-77df-4439-8b04-f5d13472a064"/>
				<skos:scopeNote xml:lang="en">From October 2015. If before October use Historic Scotland.</skos:scopeNote>
			</skos:Concept>
		</skos:narrower>
		<skos:narrower>
			<skos:Concept rdf:about="http://purl.org/heritagedata/schemes/8196a6cc-77df-4439-8b04-f5d13472a064/concepts/52270e38-c13d-4fa3-88c6-969e99e4029f">
				<skos:inScheme rdf:resource="http://purl.org/heritagedata/schemes/8196a6cc-77df-4439-8b04-f5d13472a064"/>
				<skos:prefLabel xml:lang="en">Historic Scotland</skos:prefLabel>
				<skos:scopeNote xml:lang="en">Before October 2015. After October use Historic Environment Scotland</skos:scopeNote>
			</skos:Concept>
		</skos:narrower>
		<skos:inScheme rdf:resource="http://purl.org/heritagedata/schemes/8196a6cc-77df-4439-8b04-f5d13472a064"/>
	</skos:Concept>
	<skos:Concept rdf:about="http://purl.org/heritagedata/schemes/8196a6cc-77df-4439-8b04-f5d13472a064/concepts/446aa387-0243-4895-be0d-95336b3d16bc">
		<skos:inScheme rdf:resource="http://purl.org/heritagedata/schemes/8196a6cc-77df-4439-8b04-f5d13472a064"/>
		<skos:prefLabel xml:lang="en">Architectural Heritage Fund</skos:prefLabel>
	</skos:Concept>
	<skos:Concept rdf:about="http://purl.org/heritagedata/schemes/8196a6cc-77df-4439-8b04-f5d13472a064/concepts/49ae0113-af89-487d-a142-0389a2942144">
		<skos:inScheme rdf:resource="http://purl.org/heritagedata/schemes/8196a6cc-77df-4439-8b04-f5d13472a064"/>
		<skos:scopeNote xml:lang="en">For companies that provide utilities or build infrastructure, see &lt;Utilities and infrastructure&gt;. If a registered company is also a registered charity, use 'Other charitable organization'</skos:scopeNote>
		<skos:prefLabel xml:lang="en">Private or public corporation</skos:prefLabel>
	</skos:Concept>
	<skos:Concept rdf:about="http://purl.org/heritagedata/schemes/8196a6cc-77df-4439-8b04-f5d13472a064/concepts/0f264b3a-dc6a-426b-afba-ca8ce026bb18">
		<skos:prefLabel xml:lang="en">Department for Digital, Culture, Media and Sport</skos:prefLabel>
		<skos:inScheme rdf:resource="http://purl.org/heritagedata/schemes/8196a6cc-77df-4439-8b04-f5d13472a064"/>
		<skos:altLabel xml:lang="en">Department for Culture, Media and Sport</skos:altLabel>
		<skos:altLabel xml:lang="en">DCMS</skos:altLabel>
	</skos:Concept>
	<skos:Concept rdf:about="http://purl.org/heritagedata/schemes/8196a6cc-77df-4439-8b04-f5d13472a064/concepts/7fb19999-12d6-4958-8d58-36f77c02fdc2">
		<skos:prefLabel xml:lang="en">Landmark Trust</skos:prefLabel>
		<skos:inScheme rdf:resource="http://purl.org/heritagedata/schemes/8196a6cc-77df-4439-8b04-f5d13472a064"/>
	</skos:Concept>
	<skos:Concept rdf:about="http://purl.org/heritagedata/schemes/8196a6cc-77df-4439-8b04-f5d13472a064/concepts/6d6a0acb-547c-4dbb-93de-e255452b8617">
		<skos:prefLabel xml:lang="en">National Health Service</skos:prefLabel>
		<skos:inScheme rdf:resource="http://purl.org/heritagedata/schemes/8196a6cc-77df-4439-8b04-f5d13472a064"/>
		<skos:altLabel xml:lang="en">NHS</skos:altLabel>
	</skos:Concept>
	<skos:Concept rdf:about="http://purl.org/heritagedata/schemes/8196a6cc-77df-4439-8b04-f5d13472a064/concepts/82ee2d6f-0f53-41f8-ab10-f49c5566c821">
		<skos:inScheme rdf:resource="http://purl.org/heritagedata/schemes/8196a6cc-77df-4439-8b04-f5d13472a064"/>
		<skos:prefLabel xml:lang="en">Other educational institution</skos:prefLabel>
	</skos:Concept>
	<skos:Concept rdf:about="http://purl.org/heritagedata/schemes/8196a6cc-77df-4439-8b04-f5d13472a064/concepts/9bc00bfc-0d2a-4ba3-8723-8c3201ccacf6">
		<skos:narrower>
			<skos:Concept rdf:about="http://purl.org/heritagedata/schemes/8196a6cc-77df-4439-8b04-f5d13472a064/concepts/bcc08181-3970-469c-99fa-b6daf91acd8e">
				<skos:prefLabel xml:lang="en">Highways England</skos:prefLabel>
				<skos:inScheme rdf:resource="http://purl.org/heritagedata/schemes/8196a6cc-77df-4439-8b04-f5d13472a064"/>
			</skos:Concept>
		</skos:narrower>
		<skos:narrower>
			<skos:Concept rdf:about="http://purl.org/heritagedata/schemes/8196a6cc-77df-4439-8b04-f5d13472a064/concepts/b839eb0b-f5ce-4433-8195-f045b91acf0d">
				<skos:inScheme rdf:resource="http://purl.org/heritagedata/schemes/8196a6cc-77df-4439-8b04-f5d13472a064"/>
				<skos:prefLabel xml:lang="en">Natural England</skos:prefLabel>
			</skos:Concept>
		</skos:narrower>
		<skos:prefLabel xml:lang="en">England</skos:prefLabel>
		<skos:narrower>
			<skos:Concept rdf:about="http://purl.org/heritagedata/schemes/8196a6cc-77df-4439-8b04-f5d13472a064/concepts/c84b2066-76f0-4a98-a5f3-2a6636507160">
				<skos:inScheme rdf:resource="http://purl.org/heritagedata/schemes/8196a6cc-77df-4439-8b04-f5d13472a064"/>
				<skos:prefLabel xml:lang="en">Forestry Commission</skos:prefLabel>
			</skos:Concept>
		</skos:narrower>
		<skos:narrower rdf:resource="http://purl.org/heritagedata/schemes/8196a6cc-77df-4439-8b04-f5d13472a064/concepts/9b000f24-67de-4f8f-9aac-105693d505fa"/>
		<skos:inScheme rdf:resource="http://purl.org/heritagedata/schemes/8196a6cc-77df-4439-8b04-f5d13472a064"/>
		<skos:narrower>
			<skos:Concept rdf:about="http://purl.org/heritagedata/schemes/8196a6cc-77df-4439-8b04-f5d13472a064/concepts/7dbe8a86-9f6b-4137-93ce-676c42594bfb">
				<skos:inScheme rdf:resource="http://purl.org/heritagedata/schemes/8196a6cc-77df-4439-8b04-f5d13472a064"/>
				<skos:prefLabel xml:lang="en">Environment Agency</skos:prefLabel>
			</skos:Concept>
		</skos:narrower>
	</skos:Concept>
	<skos:Concept rdf:about="http://purl.org/heritagedata/schemes/8196a6cc-77df-4439-8b04-f5d13472a064/concepts/af7c7c3b-610e-43d8-b713-05496a182bf3">
		<skos:narrower rdf:resource="http://purl.org/heritagedata/schemes/8196a6cc-77df-4439-8b04-f5d13472a064/concepts/c918c635-eb33-492a-a22c-c901d043ee49"/>
		<skos:narrower>
			<skos:Concept rdf:about="http://purl.org/heritagedata/schemes/8196a6cc-77df-4439-8b04-f5d13472a064/concepts/cdeb3361-6a19-428e-b13a-643b1fea6354">
				<skos:prefLabel xml:lang="en">National Trust</skos:prefLabel>
				<skos:inScheme rdf:resource="http://purl.org/heritagedata/schemes/8196a6cc-77df-4439-8b04-f5d13472a064"/>
			</skos:Concept>
		</skos:narrower>
		<skos:narrower>
			<skos:Concept rdf:about="http://purl.org/heritagedata/schemes/8196a6cc-77df-4439-8b04-f5d13472a064/concepts/e03b5b4e-6359-4f0e-ab81-278b609a77f2">
				<skos:prefLabel xml:lang="en">Pilgrim Trust</skos:prefLabel>
				<skos:inScheme rdf:resource="http://purl.org/heritagedata/schemes/8196a6cc-77df-4439-8b04-f5d13472a064"/>
			</skos:Concept>
		</skos:narrower>
		<skos:narrower>
			<skos:Concept rdf:about="http://purl.org/heritagedata/schemes/8196a6cc-77df-4439-8b04-f5d13472a064/concepts/2a63443c-5a28-47db-9342-eeb38bda24ab">
				<skos:prefLabel xml:lang="en">National Trust for Scotland</skos:prefLabel>
				<skos:inScheme rdf:resource="http://purl.org/heritagedata/schemes/8196a6cc-77df-4439-8b04-f5d13472a064"/>
			</skos:Concept>
		</skos:narrower>
		<skos:narrower>
			<skos:Concept rdf:about="http://purl.org/heritagedata/schemes/8196a6cc-77df-4439-8b04-f5d13472a064/concepts/910c2c41-03f9-486c-b0ed-db50dc38737e">
				<skos:inScheme rdf:resource="http://purl.org/heritagedata/schemes/8196a6cc-77df-4439-8b04-f5d13472a064"/>
				<skos:prefLabel xml:lang="en">Churches Conservation Trust</skos:prefLabel>
			</skos:Concept>
		</skos:narrower>
		<skos:narrower rdf:resource="http://purl.org/heritagedata/schemes/8196a6cc-77df-4439-8b04-f5d13472a064/concepts/446aa387-0243-4895-be0d-95336b3d16bc"/>
		<skos:prefLabel xml:lang="en">Charitable organization</skos:prefLabel>
		<skos:narrower>
			<skos:Concept rdf:about="http://purl.org/heritagedata/schemes/8196a6cc-77df-4439-8b04-f5d13472a064/concepts/b40dec71-8ae1-4453-b870-2881b670864f">
				<skos:inScheme rdf:resource="http://purl.org/heritagedata/schemes/8196a6cc-77df-4439-8b04-f5d13472a064"/>
				<skos:scopeNote xml:lang="en">Since 2015. For projects funded before 2015 using 'Historic England'.</skos:scopeNote>
				<skos:prefLabel xml:lang="en">English Heritage Trust</skos:prefLabel>
			</skos:Concept>
		</skos:narrower>
		<skos:narrower>
			<skos:Concept rdf:about="http://purl.org/heritagedata/schemes/8196a6cc-77df-4439-8b04-f5d13472a064/concepts/53e25735-fd8d-4137-a13a-274bf103d7c7">
				<skos:inScheme rdf:resource="http://purl.org/heritagedata/schemes/8196a6cc-77df-4439-8b04-f5d13472a064"/>
				<skos:prefLabel xml:lang="en">Historic Royal Palaces</skos:prefLabel>
			</skos:Concept>
		</skos:narrower>
		<skos:narrower rdf:resource="http://purl.org/heritagedata/schemes/8196a6cc-77df-4439-8b04-f5d13472a064/concepts/7fb19999-12d6-4958-8d58-36f77c02fdc2"/>
		<skos:narrower>
			<skos:Concept rdf:about="http://purl.org/heritagedata/schemes/8196a6cc-77df-4439-8b04-f5d13472a064/concepts/7a268d08-5e15-4e6a-9cd6-c69da1e64df7">
				<skos:prefLabel xml:lang="en">Council for British Archaeology</skos:prefLabel>
				<skos:inScheme rdf:resource="http://purl.org/heritagedata/schemes/8196a6cc-77df-4439-8b04-f5d13472a064"/>
			</skos:Concept>
		</skos:narrower>
		<skos:inScheme rdf:resource="http://purl.org/heritagedata/schemes/8196a6cc-77df-4439-8b04-f5d13472a064"/>
		<skos:narrower>
			<skos:Concept rdf:about="http://purl.org/heritagedata/schemes/8196a6cc-77df-4439-8b04-f5d13472a064/concepts/11892a91-8408-4556-94ad-9be9f08dc7df">
				<skos:prefLabel xml:lang="en">Archaeology Scotland</skos:prefLabel>
				<skos:altLabel xml:lang="en">Council for Scottish Archaeology</skos:altLabel>
				<skos:inScheme rdf:resource="http://purl.org/heritagedata/schemes/8196a6cc-77df-4439-8b04-f5d13472a064"/>
			</skos:Concept>
		</skos:narrower>
	</skos:Concept>
	<skos:Concept rdf:about="http://purl.org/heritagedata/schemes/8196a6cc-77df-4439-8b04-f5d13472a064/concepts/a08b9fad-1c18-4337-a39b-4540df78617a">
		<skos:inScheme rdf:resource="http://purl.org/heritagedata/schemes/8196a6cc-77df-4439-8b04-f5d13472a064"/>
		<skos:narrower>
			<skos:Concept rdf:about="http://purl.org/heritagedata/schemes/8196a6cc-77df-4439-8b04-f5d13472a064/concepts/42c09e08-f1c3-4750-a9e1-f61e5effc009">
				<skos:inScheme rdf:resource="http://purl.org/heritagedata/schemes/8196a6cc-77df-4439-8b04-f5d13472a064"/>
				<skos:prefLabel xml:lang="en">Cadw</skos:prefLabel>
			</skos:Concept>
		</skos:narrower>
		<skos:prefLabel xml:lang="en">Wales</skos:prefLabel>
		<skos:narrower>
			<skos:Concept rdf:about="http://purl.org/heritagedata/schemes/8196a6cc-77df-4439-8b04-f5d13472a064/concepts/bee480c9-cbe1-4879-b7d6-4a38049a59ee">
				<skos:prefLabel xml:lang="en">Natural Resources Wales</skos:prefLabel>
				<skos:inScheme rdf:resource="http://purl.org/heritagedata/schemes/8196a6cc-77df-4439-8b04-f5d13472a064"/>
			</skos:Concept>
		</skos:narrower>
	</skos:Concept>
	<skos:Concept rdf:about="http://purl.org/heritagedata/schemes/8196a6cc-77df-4439-8b04-f5d13472a064/concepts/d34dd266-750d-4df6-a996-0b4004727a0d">
		<skos:scopeNote xml:lang="en">Examples include local archaeological society and conservation group. </skos:scopeNote>
		<skos:prefLabel xml:lang="en">Local society or group</skos:prefLabel>
		<skos:inScheme rdf:resource="http://purl.org/heritagedata/schemes/8196a6cc-77df-4439-8b04-f5d13472a064"/>
	</skos:Concept>
	<skos:Concept rdf:about="http://purl.org/heritagedata/schemes/8196a6cc-77df-4439-8b04-f5d13472a064/concepts/21186882-47e0-429b-b3f8-e2f65e11f61c">
		<skos:narrower rdf:resource="http://purl.org/heritagedata/schemes/8196a6cc-77df-4439-8b04-f5d13472a064/concepts/82ee2d6f-0f53-41f8-ab10-f49c5566c821"/>
		<skos:prefLabel xml:lang="en">Educational institution</skos:prefLabel>
		<skos:inScheme rdf:resource="http://purl.org/heritagedata/schemes/8196a6cc-77df-4439-8b04-f5d13472a064"/>
		<skos:narrower>
			<skos:Concept rdf:about="http://purl.org/heritagedata/schemes/8196a6cc-77df-4439-8b04-f5d13472a064/concepts/b261bcf1-6e6f-4169-8191-aa72d37e62fc">
				<skos:inScheme rdf:resource="http://purl.org/heritagedata/schemes/8196a6cc-77df-4439-8b04-f5d13472a064"/>
				<skos:prefLabel xml:lang="en">University</skos:prefLabel>
			</skos:Concept>
		</skos:narrower>
	</skos:Concept>
	<skos:Concept rdf:about="http://purl.org/heritagedata/schemes/8196a6cc-77df-4439-8b04-f5d13472a064/concepts/e89a1204-f2a1-4cdd-89a8-8ec3be32df5d">
		<skos:prefLabel xml:lang="en">Ministry of Defence</skos:prefLabel>
		<skos:inScheme rdf:resource="http://purl.org/heritagedata/schemes/8196a6cc-77df-4439-8b04-f5d13472a064"/>
		<skos:altLabel xml:lang="en">MoD</skos:altLabel>
	</skos:Concept>
	<skos:Concept rdf:about="http://purl.org/heritagedata/schemes/8196a6cc-77df-4439-8b04-f5d13472a064/concepts/8be8dcca-0def-41c7-95b8-80e6b730c322">
		<skos:narrower>
			<skos:Concept rdf:about="http://purl.org/heritagedata/schemes/8196a6cc-77df-4439-8b04-f5d13472a064/concepts/5cf9b877-5e0f-4625-997a-cbaa62401acc">
				<skos:prefLabel xml:lang="en">Crown Estate</skos:prefLabel>
				<skos:inScheme rdf:resource="http://purl.org/heritagedata/schemes/8196a6cc-77df-4439-8b04-f5d13472a064"/>
			</skos:Concept>
		</skos:narrower>
		<skos:narrower rdf:resource="http://purl.org/heritagedata/schemes/8196a6cc-77df-4439-8b04-f5d13472a064/concepts/6d6a0acb-547c-4dbb-93de-e255452b8617"/>
		<skos:narrower rdf:resource="http://purl.org/heritagedata/schemes/8196a6cc-77df-4439-8b04-f5d13472a064/concepts/bf3b5a8a-2e2c-4d6c-bd9c-8841ae98ace4"/>
		<skos:narrower>
			<skos:Concept rdf:about="http://purl.org/heritagedata/schemes/8196a6cc-77df-4439-8b04-f5d13472a064/concepts/8572886e-7d41-417b-a6a7-3f692cc75ac2">
				<skos:prefLabel xml:lang="en">Canal and River Trust</skos:prefLabel>
				<skos:inScheme rdf:resource="http://purl.org/heritagedata/schemes/8196a6cc-77df-4439-8b04-f5d13472a064"/>
			</skos:Concept>
		</skos:narrower>
		<skos:narrower rdf:resource="http://purl.org/heritagedata/schemes/8196a6cc-77df-4439-8b04-f5d13472a064/concepts/0f264b3a-dc6a-426b-afba-ca8ce026bb18"/>
		<skos:narrower rdf:resource="http://purl.org/heritagedata/schemes/8196a6cc-77df-4439-8b04-f5d13472a064/concepts/e89a1204-f2a1-4cdd-89a8-8ec3be32df5d"/>
		<skos:inScheme rdf:resource="http://purl.org/heritagedata/schemes/8196a6cc-77df-4439-8b04-f5d13472a064"/>
		<skos:prefLabel xml:lang="en">United Kingdom</skos:prefLabel>
		<skos:narrower>
			<skos:Concept rdf:about="http://purl.org/heritagedata/schemes/8196a6cc-77df-4439-8b04-f5d13472a064/concepts/9b70f09f-5d19-4174-9a44-e253836cb09a">
				<skos:altLabel xml:lang="en">HLF</skos:altLabel>
				<skos:prefLabel xml:lang="en">Heritage Lottery Fund</skos:prefLabel>
				<skos:inScheme rdf:resource="http://purl.org/heritagedata/schemes/8196a6cc-77df-4439-8b04-f5d13472a064"/>
			</skos:Concept>
		</skos:narrower>
	</skos:Concept>
	<skos:Concept rdf:about="http://purl.org/heritagedata/schemes/8196a6cc-77df-4439-8b04-f5d13472a064/concepts/e1f77dde-bc89-40b9-bdab-cec87343c4be">
		<skos:inScheme rdf:resource="http://purl.org/heritagedata/schemes/8196a6cc-77df-4439-8b04-f5d13472a064"/>
		<skos:prefLabel xml:lang="en">Private individual</skos:prefLabel>
	</skos:Concept>
	<skos:Concept rdf:about="http://purl.org/heritagedata/schemes/8196a6cc-77df-4439-8b04-f5d13472a064/concepts/be92bb18-aeca-4f21-9297-b51fafe577a9">
		<skos:inScheme rdf:resource="http://purl.org/heritagedata/schemes/8196a6cc-77df-4439-8b04-f5d13472a064"/>
		<skos:prefLabel xml:lang="en">Department for Communities</skos:prefLabel>
	</skos:Concept>
	<skos:Concept rdf:about="http://purl.org/heritagedata/schemes/8196a6cc-77df-4439-8b04-f5d13472a064/concepts/823ffe71-bbfc-4e7e-bfa5-82d7c2a899f0">
		<skos:narrower rdf:resource="http://purl.org/heritagedata/schemes/8196a6cc-77df-4439-8b04-f5d13472a064/concepts/9bc00bfc-0d2a-4ba3-8723-8c3201ccacf6"/>
		<skos:inScheme rdf:resource="http://purl.org/heritagedata/schemes/8196a6cc-77df-4439-8b04-f5d13472a064"/>
		<skos:narrower>
			<skos:Concept rdf:about="http://purl.org/heritagedata/schemes/8196a6cc-77df-4439-8b04-f5d13472a064/concepts/72bfdb7b-c583-4a6e-b55f-6d7039577bf4">
				<skos:prefLabel xml:lang="en">Northern Ireland</skos:prefLabel>
				<skos:narrower rdf:resource="http://purl.org/heritagedata/schemes/8196a6cc-77df-4439-8b04-f5d13472a064/concepts/7ea12733-d013-45a7-aa37-5467209a039a"/>
				<skos:narrower rdf:resource="http://purl.org/heritagedata/schemes/8196a6cc-77df-4439-8b04-f5d13472a064/concepts/be92bb18-aeca-4f21-9297-b51fafe577a9"/>
				<skos:narrower rdf:resource="http://purl.org/heritagedata/schemes/8196a6cc-77df-4439-8b04-f5d13472a064/concepts/18b22775-c3a3-4911-a1d2-a6709948c6da"/>
				<skos:narrower rdf:resource="http://purl.org/heritagedata/schemes/8196a6cc-77df-4439-8b04-f5d13472a064/concepts/3d5fe2ed-38f4-48f0-81a8-d918c859ad2c"/>
				<skos:inScheme rdf:resource="http://purl.org/heritagedata/schemes/8196a6cc-77df-4439-8b04-f5d13472a064"/>
			</skos:Concept>
		</skos:narrower>
		<skos:narrower rdf:resource="http://purl.org/heritagedata/schemes/8196a6cc-77df-4439-8b04-f5d13472a064/concepts/48a8564b-11b9-4e71-abd3-7704330268cd"/>
		<skos:narrower rdf:resource="http://purl.org/heritagedata/schemes/8196a6cc-77df-4439-8b04-f5d13472a064/concepts/a08b9fad-1c18-4337-a39b-4540df78617a"/>
		<skos:narrower rdf:resource="http://purl.org/heritagedata/schemes/8196a6cc-77df-4439-8b04-f5d13472a064/concepts/8be8dcca-0def-41c7-95b8-80e6b730c322"/>
		<skos:prefLabel xml:lang="en">National</skos:prefLabel>
		<skos:narrower rdf:resource="http://purl.org/heritagedata/schemes/8196a6cc-77df-4439-8b04-f5d13472a064/concepts/1b0b1c35-802e-4035-854b-e5e9e6f66bf8"/>
	</skos:Concept>
	<skos:Concept rdf:about="http://purl.org/heritagedata/schemes/8196a6cc-77df-4439-8b04-f5d13472a064/concepts/3d5fe2ed-38f4-48f0-81a8-d918c859ad2c">
		<skos:inScheme rdf:resource="http://purl.org/heritagedata/schemes/8196a6cc-77df-4439-8b04-f5d13472a064"/>
		<skos:prefLabel xml:lang="en">Roads Northern Ireland</skos:prefLabel>
	</skos:Concept>
	<skos:Concept rdf:about="http://purl.org/heritagedata/schemes/8196a6cc-77df-4439-8b04-f5d13472a064/concepts/a957d671-85db-4171-aae0-4a9e9f785946">
		<skos:narrower rdf:resource="http://purl.org/heritagedata/schemes/8196a6cc-77df-4439-8b04-f5d13472a064/concepts/af7c7c3b-610e-43d8-b713-05496a182bf3"/>
		<skos:narrower rdf:resource="http://purl.org/heritagedata/schemes/8196a6cc-77df-4439-8b04-f5d13472a064/concepts/c263f872-172d-4a02-9eae-32dc56b0ab5a"/>
		<skos:narrower rdf:resource="http://purl.org/heritagedata/schemes/8196a6cc-77df-4439-8b04-f5d13472a064/concepts/38cffa41-094d-4089-9e75-9d7eef2d1623"/>
		<skos:inScheme rdf:resource="http://purl.org/heritagedata/schemes/8196a6cc-77df-4439-8b04-f5d13472a064"/>
		<skos:narrower rdf:resource="http://purl.org/heritagedata/schemes/8196a6cc-77df-4439-8b04-f5d13472a064/concepts/21186882-47e0-429b-b3f8-e2f65e11f61c"/>
		<skos:narrower>
			<skos:Concept rdf:about="http://purl.org/heritagedata/schemes/8196a6cc-77df-4439-8b04-f5d13472a064/concepts/4d992138-74f5-4ee4-871b-8c532f6c283f">
				<skos:inScheme rdf:resource="http://purl.org/heritagedata/schemes/8196a6cc-77df-4439-8b04-f5d13472a064"/>
				<skos:prefLabel xml:lang="en">Other nonprofit organization</skos:prefLabel>
			</skos:Concept>
		</skos:narrower>
		<skos:prefLabel xml:lang="en">Nonprofit organization</skos:prefLabel>
		<skos:narrower rdf:resource="http://purl.org/heritagedata/schemes/8196a6cc-77df-4439-8b04-f5d13472a064/concepts/d34dd266-750d-4df6-a996-0b4004727a0d"/>
	</skos:Concept>
	<skos:Concept rdf:about="http://purl.org/heritagedata/schemes/8196a6cc-77df-4439-8b04-f5d13472a064/concepts/5b025de3-3491-45c6-8c26-d6b076d986cc">
		<skos:narrower rdf:resource="http://purl.org/heritagedata/schemes/8196a6cc-77df-4439-8b04-f5d13472a064/concepts/6db5dc1d-b23f-4f20-847c-dcf1dae5e19f"/>
		<skos:narrower rdf:resource="http://purl.org/heritagedata/schemes/8196a6cc-77df-4439-8b04-f5d13472a064/concepts/823ffe71-bbfc-4e7e-bfa5-82d7c2a899f0"/>
		<skos:inScheme rdf:resource="http://purl.org/heritagedata/schemes/8196a6cc-77df-4439-8b04-f5d13472a064"/>
		<skos:prefLabel xml:lang="en">Public body</skos:prefLabel>
	</skos:Concept>
	<skos:Concept rdf:about="http://purl.org/heritagedata/schemes/8196a6cc-77df-4439-8b04-f5d13472a064/concepts/18b22775-c3a3-4911-a1d2-a6709948c6da">
		<skos:inScheme rdf:resource="http://purl.org/heritagedata/schemes/8196a6cc-77df-4439-8b04-f5d13472a064"/>
		<skos:prefLabel xml:lang="en">Invest Northern Ireland</skos:prefLabel>
	</skos:Concept>
	<skos:Concept rdf:about="http://purl.org/heritagedata/schemes/8196a6cc-77df-4439-8b04-f5d13472a064/concepts/7ea12733-d013-45a7-aa37-5467209a039a">
		<skos:prefLabel xml:lang="en">Department for Infrastructure</skos:prefLabel>
		<skos:inScheme rdf:resource="http://purl.org/heritagedata/schemes/8196a6cc-77df-4439-8b04-f5d13472a064"/>
	</skos:Concept>
</rdf:RDF>