<?xml version="1.0" encoding="UTF-8"?>
<rdf:RDF xmlns:dcterms="http://purl.org/dc/terms/" xmlns:rdf="http://www.w3.org/1999/02/22-rdf-syntax-ns#" xmlns:skos="http://www.w3.org/2004/02/skos/core#">
	<skos:Concept rdf:about="http://purl.org/heritagedata/schemes/61336484-8c4b-4bad-ac09-0c237b3f281b/concepts/52e239ba-637e-424e-b0fe-501d86fbf996">
		<skos:inScheme>
			<skos:ConceptScheme rdf:about="http://purl.org/heritagedata/schemes/61336484-8c4b-4bad-ac09-0c237b3f281b">
				<skos:hasTopConcept rdf:resource="http://purl.org/heritagedata/schemes/61336484-8c4b-4bad-ac09-0c237b3f281b/concepts/f407a2f7-61e0-4826-a438-6d52394c8f4a"/>
				<skos:hasTopConcept rdf:resource="http://purl.org/heritagedata/schemes/61336484-8c4b-4bad-ac09-0c237b3f281b/concepts/79c8244b-fe81-42f0-9a2a-4bde3ba34c0f"/>
				<skos:hasTopConcept rdf:resource="http://purl.org/heritagedata/schemes/61336484-8c4b-4bad-ac09-0c237b3f281b/concepts/9f547382-0713-4675-a2b5-eade6114266d"/>
				<skos:hasTopConcept rdf:resource="http://purl.org/heritagedata/schemes/61336484-8c4b-4bad-ac09-0c237b3f281b/concepts/8a2b14ba-9c26-4a46-a191-fe99df1a6b58"/>
				<skos:hasTopConcept rdf:resource="http://purl.org/heritagedata/schemes/61336484-8c4b-4bad-ac09-0c237b3f281b/concepts/b3699620-b751-44fc-9222-1890bac30efe"/>
				<skos:hasTopConcept rdf:resource="http://purl.org/heritagedata/schemes/61336484-8c4b-4bad-ac09-0c237b3f281b/concepts/63cb4ea0-a707-4bd2-819b-d745cd1a3476"/>
				<dcterms:title xml:lang="en">OASIS Development Type</dcterms:title>
			</skos:ConceptScheme>
		</skos:inScheme>
		<skos:prefLabel xml:lang="en">Commercial building</skos:prefLabel>
		<skos:scopeNote xml:lang="en">Commercial building refers to a building intended to generate a profit and examples include office building, warehouse and retail building.</skos:scopeNote>
	</skos:Concept>
	<skos:Concept rdf:about="http://purl.org/heritagedata/schemes/61336484-8c4b-4bad-ac09-0c237b3f281b/concepts/b3699620-b751-44fc-9222-1890bac30efe">
		<skos:prefLabel xml:lang="en">Mixed use development</skos:prefLabel>
		<skos:inScheme rdf:resource="http://purl.org/heritagedata/schemes/61336484-8c4b-4bad-ac09-0c237b3f281b"/>
	</skos:Concept>
	<skos:Concept rdf:about="http://purl.org/heritagedata/schemes/61336484-8c4b-4bad-ac09-0c237b3f281b/concepts/79c8244b-fe81-42f0-9a2a-4bde3ba34c0f">
		<skos:prefLabel xml:lang="en">Energy and power generation</skos:prefLabel>
		<skos:narrower>
			<skos:Concept rdf:about="http://purl.org/heritagedata/schemes/61336484-8c4b-4bad-ac09-0c237b3f281b/concepts/35f1adc7-dbf7-4ccc-bc2b-efbb7de2a018">
				<skos:prefLabel xml:lang="en">Fracking</skos:prefLabel>
				<skos:inScheme rdf:resource="http://purl.org/heritagedata/schemes/61336484-8c4b-4bad-ac09-0c237b3f281b"/>
			</skos:Concept>
		</skos:narrower>
		<skos:narrower>
			<skos:Concept rdf:about="http://purl.org/heritagedata/schemes/61336484-8c4b-4bad-ac09-0c237b3f281b/concepts/6898f6e3-5251-4197-a04b-a7b170d946f3">
				<skos:inScheme rdf:resource="http://purl.org/heritagedata/schemes/61336484-8c4b-4bad-ac09-0c237b3f281b"/>
				<skos:prefLabel xml:lang="en">Geothermal energy</skos:prefLabel>
			</skos:Concept>
		</skos:narrower>
		<skos:narrower>
			<skos:Concept rdf:about="http://purl.org/heritagedata/schemes/61336484-8c4b-4bad-ac09-0c237b3f281b/concepts/8d8416cf-7619-4a42-915c-379b7cb76aec">
				<skos:inScheme rdf:resource="http://purl.org/heritagedata/schemes/61336484-8c4b-4bad-ac09-0c237b3f281b"/>
				<skos:prefLabel xml:lang="en">Wind power</skos:prefLabel>
			</skos:Concept>
		</skos:narrower>
		<skos:narrower>
			<skos:Concept rdf:about="http://purl.org/heritagedata/schemes/61336484-8c4b-4bad-ac09-0c237b3f281b/concepts/80252117-23a6-4875-8140-ce0575184173">
				<skos:inScheme rdf:resource="http://purl.org/heritagedata/schemes/61336484-8c4b-4bad-ac09-0c237b3f281b"/>
				<skos:prefLabel xml:lang="en">Biomass</skos:prefLabel>
			</skos:Concept>
		</skos:narrower>
		<skos:narrower>
			<skos:Concept rdf:about="http://purl.org/heritagedata/schemes/61336484-8c4b-4bad-ac09-0c237b3f281b/concepts/7ac67beb-ef5b-4b4b-86ab-c2a9e4afc1e8">
				<skos:inScheme rdf:resource="http://purl.org/heritagedata/schemes/61336484-8c4b-4bad-ac09-0c237b3f281b"/>
				<skos:prefLabel xml:lang="en">Other renewable energy</skos:prefLabel>
			</skos:Concept>
		</skos:narrower>
		<skos:narrower>
			<skos:Concept rdf:about="http://purl.org/heritagedata/schemes/61336484-8c4b-4bad-ac09-0c237b3f281b/concepts/3b43a55a-0ea3-42c8-b2cd-bc6497673ccb">
				<skos:inScheme rdf:resource="http://purl.org/heritagedata/schemes/61336484-8c4b-4bad-ac09-0c237b3f281b"/>
				<skos:prefLabel xml:lang="en">Other non renewable energy</skos:prefLabel>
			</skos:Concept>
		</skos:narrower>
		<skos:narrower>
			<skos:Concept rdf:about="http://purl.org/heritagedata/schemes/61336484-8c4b-4bad-ac09-0c237b3f281b/concepts/07f9e99c-fb78-4cd5-85b2-751e1a5160fa">
				<skos:prefLabel xml:lang="en">Marine renewables</skos:prefLabel>
				<skos:inScheme rdf:resource="http://purl.org/heritagedata/schemes/61336484-8c4b-4bad-ac09-0c237b3f281b"/>
			</skos:Concept>
		</skos:narrower>
		<skos:narrower>
			<skos:Concept rdf:about="http://purl.org/heritagedata/schemes/61336484-8c4b-4bad-ac09-0c237b3f281b/concepts/84f4a355-b746-4ab2-97af-cf0cda1a1ed4">
				<skos:inScheme rdf:resource="http://purl.org/heritagedata/schemes/61336484-8c4b-4bad-ac09-0c237b3f281b"/>
				<skos:prefLabel xml:lang="en">Nuclear power</skos:prefLabel>
			</skos:Concept>
		</skos:narrower>
		<skos:inScheme rdf:resource="http://purl.org/heritagedata/schemes/61336484-8c4b-4bad-ac09-0c237b3f281b"/>
		<skos:narrower>
			<skos:Concept rdf:about="http://purl.org/heritagedata/schemes/61336484-8c4b-4bad-ac09-0c237b3f281b/concepts/9b3f844d-0b3d-469c-9100-a4aa60c548ce">
				<skos:prefLabel xml:lang="en">Solar power</skos:prefLabel>
				<skos:inScheme rdf:resource="http://purl.org/heritagedata/schemes/61336484-8c4b-4bad-ac09-0c237b3f281b"/>
			</skos:Concept>
		</skos:narrower>
		<skos:narrower>
			<skos:Concept rdf:about="http://purl.org/heritagedata/schemes/61336484-8c4b-4bad-ac09-0c237b3f281b/concepts/c17cab64-5152-4f0f-a1e1-9efc48c0752c">
				<skos:inScheme rdf:resource="http://purl.org/heritagedata/schemes/61336484-8c4b-4bad-ac09-0c237b3f281b"/>
				<skos:prefLabel xml:lang="en">Hydroelectric energy</skos:prefLabel>
			</skos:Concept>
		</skos:narrower>
		<skos:narrower>
			<skos:Concept rdf:about="http://purl.org/heritagedata/schemes/61336484-8c4b-4bad-ac09-0c237b3f281b/concepts/fc38ea50-9eda-42a8-be3f-d33f4f3d3522">
				<skos:inScheme rdf:resource="http://purl.org/heritagedata/schemes/61336484-8c4b-4bad-ac09-0c237b3f281b"/>
				<skos:altLabel xml:lang="en">Biogas</skos:altLabel>
				<skos:prefLabel xml:lang="en">Anaerobic digestion</skos:prefLabel>
			</skos:Concept>
		</skos:narrower>
	</skos:Concept>
	<skos:Concept rdf:about="http://purl.org/heritagedata/schemes/61336484-8c4b-4bad-ac09-0c237b3f281b/concepts/7c3a7a26-8a14-44cc-86d0-19948ed55ed3">
		<skos:inScheme rdf:resource="http://purl.org/heritagedata/schemes/61336484-8c4b-4bad-ac09-0c237b3f281b"/>
		<skos:prefLabel xml:lang="en">Offshore development</skos:prefLabel>
	</skos:Concept>
	<skos:Concept rdf:about="http://purl.org/heritagedata/schemes/61336484-8c4b-4bad-ac09-0c237b3f281b/concepts/f407a2f7-61e0-4826-a438-6d52394c8f4a">
		<skos:narrower>
			<skos:Concept rdf:about="http://purl.org/heritagedata/schemes/61336484-8c4b-4bad-ac09-0c237b3f281b/concepts/b85a00e6-18f4-4a0c-9692-06cac1e168d8">
				<skos:prefLabel xml:lang="en">Reservoir or lake</skos:prefLabel>
				<skos:inScheme rdf:resource="http://purl.org/heritagedata/schemes/61336484-8c4b-4bad-ac09-0c237b3f281b"/>
			</skos:Concept>
		</skos:narrower>
		<skos:inScheme rdf:resource="http://purl.org/heritagedata/schemes/61336484-8c4b-4bad-ac09-0c237b3f281b"/>
		<skos:prefLabel xml:lang="en">Non residential development</skos:prefLabel>
		<skos:narrower rdf:resource="http://purl.org/heritagedata/schemes/61336484-8c4b-4bad-ac09-0c237b3f281b/concepts/52e239ba-637e-424e-b0fe-501d86fbf996"/>
		<skos:narrower>
			<skos:Concept rdf:about="http://purl.org/heritagedata/schemes/61336484-8c4b-4bad-ac09-0c237b3f281b/concepts/579fce8c-492d-435b-9d1e-5e27811a1351">
				<skos:inScheme rdf:resource="http://purl.org/heritagedata/schemes/61336484-8c4b-4bad-ac09-0c237b3f281b"/>
				<skos:prefLabel xml:lang="en">Industrial building</skos:prefLabel>
			</skos:Concept>
		</skos:narrower>
		<skos:narrower rdf:resource="http://purl.org/heritagedata/schemes/61336484-8c4b-4bad-ac09-0c237b3f281b/concepts/7c3a7a26-8a14-44cc-86d0-19948ed55ed3"/>
		<skos:narrower>
			<skos:Concept rdf:about="http://purl.org/heritagedata/schemes/61336484-8c4b-4bad-ac09-0c237b3f281b/concepts/2f66efa0-47b9-413c-bb9a-0416d3caac2d">
				<skos:prefLabel xml:lang="en">Aquaculture</skos:prefLabel>
				<skos:inScheme rdf:resource="http://purl.org/heritagedata/schemes/61336484-8c4b-4bad-ac09-0c237b3f281b"/>
			</skos:Concept>
		</skos:narrower>
		<skos:narrower>
			<skos:Concept rdf:about="http://purl.org/heritagedata/schemes/61336484-8c4b-4bad-ac09-0c237b3f281b/concepts/f3a19f13-08a1-457a-b424-760f2b0e534b">
				<skos:inScheme rdf:resource="http://purl.org/heritagedata/schemes/61336484-8c4b-4bad-ac09-0c237b3f281b"/>
				<skos:prefLabel xml:lang="en">Educational facility</skos:prefLabel>
			</skos:Concept>
		</skos:narrower>
		<skos:narrower>
			<skos:Concept rdf:about="http://purl.org/heritagedata/schemes/61336484-8c4b-4bad-ac09-0c237b3f281b/concepts/bd34add3-c24f-40b1-b3b2-614a3361e151">
				<skos:prefLabel xml:lang="en">Car park</skos:prefLabel>
				<skos:inScheme rdf:resource="http://purl.org/heritagedata/schemes/61336484-8c4b-4bad-ac09-0c237b3f281b"/>
			</skos:Concept>
		</skos:narrower>
		<skos:narrower>
			<skos:Concept rdf:about="http://purl.org/heritagedata/schemes/61336484-8c4b-4bad-ac09-0c237b3f281b/concepts/a3b8006d-93d0-4d37-ba91-7a7ce925a436">
				<skos:inScheme rdf:resource="http://purl.org/heritagedata/schemes/61336484-8c4b-4bad-ac09-0c237b3f281b"/>
				<skos:scopeNote xml:lang="en">Public building refers to a non-commercial or industrial site that is publicly accessible. Examples include church, hospital, court, library and public museum, but exlude school. For school or univeristy, use 'Educational facility'.</skos:scopeNote>
				<skos:prefLabel xml:lang="en">Public building</skos:prefLabel>
			</skos:Concept>
		</skos:narrower>
		<skos:narrower>
			<skos:Concept rdf:about="http://purl.org/heritagedata/schemes/61336484-8c4b-4bad-ac09-0c237b3f281b/concepts/70080722-1d56-419a-930a-271ebac59b45">
				<skos:inScheme rdf:resource="http://purl.org/heritagedata/schemes/61336484-8c4b-4bad-ac09-0c237b3f281b"/>
				<skos:prefLabel xml:lang="en">Burial facility</skos:prefLabel>
			</skos:Concept>
		</skos:narrower>
		<skos:narrower>
			<skos:Concept rdf:about="http://purl.org/heritagedata/schemes/61336484-8c4b-4bad-ac09-0c237b3f281b/concepts/54051ec6-dcb9-49c6-9b48-1c46f83216da">
				<skos:inScheme rdf:resource="http://purl.org/heritagedata/schemes/61336484-8c4b-4bad-ac09-0c237b3f281b"/>
				<skos:prefLabel xml:lang="en">Waste management</skos:prefLabel>
				<skos:altLabel xml:lang="en">Landfill</skos:altLabel>
			</skos:Concept>
		</skos:narrower>
		<skos:narrower>
			<skos:Concept rdf:about="http://purl.org/heritagedata/schemes/61336484-8c4b-4bad-ac09-0c237b3f281b/concepts/e80b3156-660c-4090-9a04-bc9238a31c92">
				<skos:prefLabel xml:lang="en">Agricultural building</skos:prefLabel>
				<skos:inScheme rdf:resource="http://purl.org/heritagedata/schemes/61336484-8c4b-4bad-ac09-0c237b3f281b"/>
			</skos:Concept>
		</skos:narrower>
		<skos:narrower>
			<skos:Concept rdf:about="http://purl.org/heritagedata/schemes/61336484-8c4b-4bad-ac09-0c237b3f281b/concepts/9be7c292-fe2d-4554-87db-40dbaad38d5d">
				<skos:scopeNote xml:lang="en">Leisure facility includes amenity areas and hotels, but excludes school playgrounds and golf courses. For school playgrounds, use 'Educational facility'. For golf courses, use 'Golf course'.</skos:scopeNote>
				<skos:narrower rdf:resource="http://purl.org/heritagedata/schemes/61336484-8c4b-4bad-ac09-0c237b3f281b/concepts/4b4965d0-61d4-4af5-8a41-3458a8f7dbab"/>
				<skos:inScheme rdf:resource="http://purl.org/heritagedata/schemes/61336484-8c4b-4bad-ac09-0c237b3f281b"/>
				<skos:prefLabel xml:lang="en">Leisure facility</skos:prefLabel>
			</skos:Concept>
		</skos:narrower>
		<skos:narrower>
			<skos:Concept rdf:about="http://purl.org/heritagedata/schemes/61336484-8c4b-4bad-ac09-0c237b3f281b/concepts/b0c863a1-e959-4aeb-932c-2b82a73d9adb">
				<skos:inScheme rdf:resource="http://purl.org/heritagedata/schemes/61336484-8c4b-4bad-ac09-0c237b3f281b"/>
				<skos:prefLabel xml:lang="en">Mineral extraction</skos:prefLabel>
				<skos:altLabel xml:lang="en">Quarry</skos:altLabel>
			</skos:Concept>
		</skos:narrower>
		<skos:narrower>
			<skos:Concept rdf:about="http://purl.org/heritagedata/schemes/61336484-8c4b-4bad-ac09-0c237b3f281b/concepts/abdb8bde-be4e-46eb-a323-f0c7cd6becf1">
				<skos:inScheme rdf:resource="http://purl.org/heritagedata/schemes/61336484-8c4b-4bad-ac09-0c237b3f281b"/>
				<skos:prefLabel xml:lang="en">Other non residential development</skos:prefLabel>
			</skos:Concept>
		</skos:narrower>
	</skos:Concept>
	<skos:Concept rdf:about="http://purl.org/heritagedata/schemes/61336484-8c4b-4bad-ac09-0c237b3f281b/concepts/c1a8fe58-663d-4d62-aeb8-d7b33281f820">
		<skos:prefLabel xml:lang="en">Road</skos:prefLabel>
		<skos:inScheme rdf:resource="http://purl.org/heritagedata/schemes/61336484-8c4b-4bad-ac09-0c237b3f281b"/>
	</skos:Concept>
	<skos:Concept rdf:about="http://purl.org/heritagedata/schemes/61336484-8c4b-4bad-ac09-0c237b3f281b/concepts/9f547382-0713-4675-a2b5-eade6114266d">
		<skos:narrower>
			<skos:Concept rdf:about="http://purl.org/heritagedata/schemes/61336484-8c4b-4bad-ac09-0c237b3f281b/concepts/73e9385e-85ec-40de-8264-354e17a44b4a">
				<skos:inScheme rdf:resource="http://purl.org/heritagedata/schemes/61336484-8c4b-4bad-ac09-0c237b3f281b"/>
				<skos:prefLabel xml:lang="en">Cultivation</skos:prefLabel>
				<skos:altLabel xml:lang="en">Ploughing</skos:altLabel>
			</skos:Concept>
		</skos:narrower>
		<skos:narrower>
			<skos:Concept rdf:about="http://purl.org/heritagedata/schemes/61336484-8c4b-4bad-ac09-0c237b3f281b/concepts/6644835d-3bed-4536-b1ec-49ae23d5e162">
				<skos:prefLabel xml:lang="en">Drainage</skos:prefLabel>
				<skos:inScheme rdf:resource="http://purl.org/heritagedata/schemes/61336484-8c4b-4bad-ac09-0c237b3f281b"/>
			</skos:Concept>
		</skos:narrower>
		<skos:narrower>
			<skos:Concept rdf:about="http://purl.org/heritagedata/schemes/61336484-8c4b-4bad-ac09-0c237b3f281b/concepts/11611b1b-59be-4975-b742-d3a6f045caba">
				<skos:prefLabel xml:lang="en">Estate management</skos:prefLabel>
				<skos:inScheme rdf:resource="http://purl.org/heritagedata/schemes/61336484-8c4b-4bad-ac09-0c237b3f281b"/>
			</skos:Concept>
		</skos:narrower>
		<skos:inScheme rdf:resource="http://purl.org/heritagedata/schemes/61336484-8c4b-4bad-ac09-0c237b3f281b"/>
		<skos:prefLabel xml:lang="en">Land management</skos:prefLabel>
		<skos:narrower>
			<skos:Concept rdf:about="http://purl.org/heritagedata/schemes/61336484-8c4b-4bad-ac09-0c237b3f281b/concepts/46f5aa1e-74c5-475a-9e92-c1710b8f1586">
				<skos:prefLabel xml:lang="en">Land restoration</skos:prefLabel>
				<skos:inScheme rdf:resource="http://purl.org/heritagedata/schemes/61336484-8c4b-4bad-ac09-0c237b3f281b"/>
			</skos:Concept>
		</skos:narrower>
		<skos:narrower>
			<skos:Concept rdf:about="http://purl.org/heritagedata/schemes/61336484-8c4b-4bad-ac09-0c237b3f281b/concepts/d93b334b-50cd-4159-b28a-277122da58c2">
				<skos:prefLabel xml:lang="en">Dredging</skos:prefLabel>
				<skos:inScheme rdf:resource="http://purl.org/heritagedata/schemes/61336484-8c4b-4bad-ac09-0c237b3f281b"/>
				<skos:altLabel xml:lang="en">Desilting</skos:altLabel>
			</skos:Concept>
		</skos:narrower>
		<skos:narrower>
			<skos:Concept rdf:about="http://purl.org/heritagedata/schemes/61336484-8c4b-4bad-ac09-0c237b3f281b/concepts/8569c419-8643-4551-8997-6e89c104887e">
				<skos:inScheme rdf:resource="http://purl.org/heritagedata/schemes/61336484-8c4b-4bad-ac09-0c237b3f281b"/>
				<skos:prefLabel xml:lang="en">Other land management regime</skos:prefLabel>
			</skos:Concept>
		</skos:narrower>
		<skos:narrower>
			<skos:Concept rdf:about="http://purl.org/heritagedata/schemes/61336484-8c4b-4bad-ac09-0c237b3f281b/concepts/5e220667-dc92-4205-9356-3e5e04203201">
				<skos:inScheme rdf:resource="http://purl.org/heritagedata/schemes/61336484-8c4b-4bad-ac09-0c237b3f281b"/>
				<skos:prefLabel xml:lang="en">Woodland felling</skos:prefLabel>
			</skos:Concept>
		</skos:narrower>
		<skos:narrower>
			<skos:Concept rdf:about="http://purl.org/heritagedata/schemes/61336484-8c4b-4bad-ac09-0c237b3f281b/concepts/5de9b6ab-201e-4c83-ba50-ed4ec0793e64">
				<skos:inScheme rdf:resource="http://purl.org/heritagedata/schemes/61336484-8c4b-4bad-ac09-0c237b3f281b"/>
				<skos:prefLabel xml:lang="en">Hedgerow removal</skos:prefLabel>
			</skos:Concept>
		</skos:narrower>
		<skos:narrower>
			<skos:Concept rdf:about="http://purl.org/heritagedata/schemes/61336484-8c4b-4bad-ac09-0c237b3f281b/concepts/6ef6cad9-5ee1-45c4-bead-f13efb69fa33">
				<skos:prefLabel xml:lang="en">Land reclamation</skos:prefLabel>
				<skos:inScheme rdf:resource="http://purl.org/heritagedata/schemes/61336484-8c4b-4bad-ac09-0c237b3f281b"/>
			</skos:Concept>
		</skos:narrower>
		<skos:narrower>
			<skos:Concept rdf:about="http://purl.org/heritagedata/schemes/61336484-8c4b-4bad-ac09-0c237b3f281b/concepts/1521b594-f91b-4222-b343-5b487571970d">
				<skos:inScheme rdf:resource="http://purl.org/heritagedata/schemes/61336484-8c4b-4bad-ac09-0c237b3f281b"/>
				<skos:prefLabel xml:lang="en">Landscaping</skos:prefLabel>
			</skos:Concept>
		</skos:narrower>
		<skos:narrower>
			<skos:Concept rdf:about="http://purl.org/heritagedata/schemes/61336484-8c4b-4bad-ac09-0c237b3f281b/concepts/32edaec0-f1d8-4ab5-b649-6203b011c434">
				<skos:inScheme rdf:resource="http://purl.org/heritagedata/schemes/61336484-8c4b-4bad-ac09-0c237b3f281b"/>
				<skos:prefLabel xml:lang="en">Land decontamination</skos:prefLabel>
			</skos:Concept>
		</skos:narrower>
		<skos:narrower>
			<skos:Concept rdf:about="http://purl.org/heritagedata/schemes/61336484-8c4b-4bad-ac09-0c237b3f281b/concepts/79975ed4-8970-4b3f-8773-419ce9645ebc">
				<skos:inScheme rdf:resource="http://purl.org/heritagedata/schemes/61336484-8c4b-4bad-ac09-0c237b3f281b"/>
				<skos:prefLabel xml:lang="en">Woodland planting</skos:prefLabel>
			</skos:Concept>
		</skos:narrower>
	</skos:Concept>
	<skos:Concept rdf:about="http://purl.org/heritagedata/schemes/61336484-8c4b-4bad-ac09-0c237b3f281b/concepts/8a2b14ba-9c26-4a46-a191-fe99df1a6b58">
		<skos:narrower>
			<skos:Concept rdf:about="http://purl.org/heritagedata/schemes/61336484-8c4b-4bad-ac09-0c237b3f281b/concepts/b94b9944-6474-4f8d-bcca-1e800fb39ddd">
				<skos:prefLabel xml:lang="en">Pipeline or cable</skos:prefLabel>
				<skos:inScheme rdf:resource="http://purl.org/heritagedata/schemes/61336484-8c4b-4bad-ac09-0c237b3f281b"/>
			</skos:Concept>
		</skos:narrower>
		<skos:narrower>
			<skos:Concept rdf:about="http://purl.org/heritagedata/schemes/61336484-8c4b-4bad-ac09-0c237b3f281b/concepts/368ab751-cf55-4671-ba90-4a8990df355a">
				<skos:inScheme rdf:resource="http://purl.org/heritagedata/schemes/61336484-8c4b-4bad-ac09-0c237b3f281b"/>
				<skos:prefLabel xml:lang="en">Other infrastructure</skos:prefLabel>
			</skos:Concept>
		</skos:narrower>
		<skos:inScheme rdf:resource="http://purl.org/heritagedata/schemes/61336484-8c4b-4bad-ac09-0c237b3f281b"/>
		<skos:narrower rdf:resource="http://purl.org/heritagedata/schemes/61336484-8c4b-4bad-ac09-0c237b3f281b/concepts/c1a8fe58-663d-4d62-aeb8-d7b33281f820"/>
		<skos:narrower>
			<skos:Concept rdf:about="http://purl.org/heritagedata/schemes/61336484-8c4b-4bad-ac09-0c237b3f281b/concepts/90f71c7c-6d86-4343-afee-b9397b5c5d2e">
				<skos:altLabel xml:lang="en">Flood defence</skos:altLabel>
				<skos:prefLabel xml:lang="en">Flood alleviation scheme</skos:prefLabel>
				<skos:inScheme rdf:resource="http://purl.org/heritagedata/schemes/61336484-8c4b-4bad-ac09-0c237b3f281b"/>
			</skos:Concept>
		</skos:narrower>
		<skos:prefLabel xml:lang="en">Infrastructure</skos:prefLabel>
		<skos:narrower>
			<skos:Concept rdf:about="http://purl.org/heritagedata/schemes/61336484-8c4b-4bad-ac09-0c237b3f281b/concepts/f265be39-9c27-41d8-b47e-3b848d17c2e7">
				<skos:scopeNote xml:lang="en">This excludes marinas. For marina, use 'Leisure facility'.</skos:scopeNote>
				<skos:inScheme rdf:resource="http://purl.org/heritagedata/schemes/61336484-8c4b-4bad-ac09-0c237b3f281b"/>
				<skos:prefLabel xml:lang="en">Port development</skos:prefLabel>
			</skos:Concept>
		</skos:narrower>
		<skos:narrower>
			<skos:Concept rdf:about="http://purl.org/heritagedata/schemes/61336484-8c4b-4bad-ac09-0c237b3f281b/concepts/c113e87f-4602-4a28-a243-903ef3072f6d">
				<skos:inScheme rdf:resource="http://purl.org/heritagedata/schemes/61336484-8c4b-4bad-ac09-0c237b3f281b"/>
				<skos:prefLabel xml:lang="en">Path network</skos:prefLabel>
				<skos:altLabel xml:lang="en">Trackway</skos:altLabel>
			</skos:Concept>
		</skos:narrower>
		<skos:narrower>
			<skos:Concept rdf:about="http://purl.org/heritagedata/schemes/61336484-8c4b-4bad-ac09-0c237b3f281b/concepts/d16fbb8b-833c-47f0-8bfe-fcb2b43d6c32">
				<skos:inScheme rdf:resource="http://purl.org/heritagedata/schemes/61336484-8c4b-4bad-ac09-0c237b3f281b"/>
				<skos:narrower rdf:resource="http://purl.org/heritagedata/schemes/61336484-8c4b-4bad-ac09-0c237b3f281b/concepts/8685b3b3-7efd-4445-a7d6-81c7cddccaf2"/>
				<skos:prefLabel xml:lang="en">Coastal or riverine defence work</skos:prefLabel>
			</skos:Concept>
		</skos:narrower>
		<skos:narrower>
			<skos:Concept rdf:about="http://purl.org/heritagedata/schemes/61336484-8c4b-4bad-ac09-0c237b3f281b/concepts/19362825-f5e5-4c9c-8c9b-451e15dd94c2">
				<skos:inScheme rdf:resource="http://purl.org/heritagedata/schemes/61336484-8c4b-4bad-ac09-0c237b3f281b"/>
				<skos:prefLabel xml:lang="en">Railway</skos:prefLabel>
			</skos:Concept>
		</skos:narrower>
		<skos:narrower>
			<skos:Concept rdf:about="http://purl.org/heritagedata/schemes/61336484-8c4b-4bad-ac09-0c237b3f281b/concepts/deb6905e-d926-4bfd-adfb-2014937133b1">
				<skos:prefLabel xml:lang="en">Radio mast or tower</skos:prefLabel>
				<skos:inScheme rdf:resource="http://purl.org/heritagedata/schemes/61336484-8c4b-4bad-ac09-0c237b3f281b"/>
				<skos:altLabel xml:lang="en">Telecommunications tower</skos:altLabel>
			</skos:Concept>
		</skos:narrower>
	</skos:Concept>
	<skos:Concept rdf:about="http://purl.org/heritagedata/schemes/61336484-8c4b-4bad-ac09-0c237b3f281b/concepts/63cb4ea0-a707-4bd2-819b-d745cd1a3476">
		<skos:narrower>
			<skos:Concept rdf:about="http://purl.org/heritagedata/schemes/61336484-8c4b-4bad-ac09-0c237b3f281b/concepts/324d259c-70aa-42c5-932c-40917767fe12">
				<skos:inScheme rdf:resource="http://purl.org/heritagedata/schemes/61336484-8c4b-4bad-ac09-0c237b3f281b"/>
				<skos:prefLabel xml:lang="en">Other residential development</skos:prefLabel>
			</skos:Concept>
		</skos:narrower>
		<skos:narrower>
			<skos:Concept rdf:about="http://purl.org/heritagedata/schemes/61336484-8c4b-4bad-ac09-0c237b3f281b/concepts/d2e0c1c4-825c-4e70-9569-7dbc309f8d76">
				<skos:inScheme rdf:resource="http://purl.org/heritagedata/schemes/61336484-8c4b-4bad-ac09-0c237b3f281b"/>
				<skos:prefLabel xml:lang="en">Housing</skos:prefLabel>
				<skos:scopeNote xml:lang="en">Housing refers to self-contained dwellings but examples also include student accommodation. Care home, gypsy and traveller site and holiday accommodation are not included. For care home and gypsy and traveller site, use 'Other residential development'. For holiday accommodation, use 'Leisure facility'.</skos:scopeNote>
			</skos:Concept>
		</skos:narrower>
		<skos:inScheme rdf:resource="http://purl.org/heritagedata/schemes/61336484-8c4b-4bad-ac09-0c237b3f281b"/>
		<skos:prefLabel xml:lang="en">Residential Development</skos:prefLabel>
	</skos:Concept>
	<skos:Concept rdf:about="http://purl.org/heritagedata/schemes/61336484-8c4b-4bad-ac09-0c237b3f281b/concepts/8685b3b3-7efd-4445-a7d6-81c7cddccaf2">
		<skos:prefLabel xml:lang="en">Managed coastal retreat</skos:prefLabel>
		<skos:inScheme rdf:resource="http://purl.org/heritagedata/schemes/61336484-8c4b-4bad-ac09-0c237b3f281b"/>
	</skos:Concept>
	<skos:Concept rdf:about="http://purl.org/heritagedata/schemes/61336484-8c4b-4bad-ac09-0c237b3f281b/concepts/4b4965d0-61d4-4af5-8a41-3458a8f7dbab">
		<skos:prefLabel xml:lang="en">Golf course</skos:prefLabel>
		<skos:inScheme rdf:resource="http://purl.org/heritagedata/schemes/61336484-8c4b-4bad-ac09-0c237b3f281b"/>
	</skos:Concept>
</rdf:RDF>