<?xml version="1.0" encoding="UTF-8"?>
<rdf:RDF xmlns:dcterms="http://purl.org/dc/terms/" xmlns:rdf="http://www.w3.org/1999/02/22-rdf-syntax-ns#" xmlns:skos="http://www.w3.org/2004/02/skos/core#">
	<skos:Concept rdf:about="http://purl.org/heritagedata/schemes/c31949b0-b6cf-4223-a2c0-c9a2048633ff/concepts/ddf4c233-46bc-472a-9955-37890637585b">
		<skos:inScheme>
			<skos:ConceptScheme rdf:about="http://purl.org/heritagedata/schemes/c31949b0-b6cf-4223-a2c0-c9a2048633ff">
				<dcterms:title xml:lang="en">OASIS Paper and Digital Archive Component</dcterms:title>
				<skos:hasTopConcept rdf:resource="http://purl.org/heritagedata/schemes/c31949b0-b6cf-4223-a2c0-c9a2048633ff/concepts/741a3a50-6403-45b8-92a0-0f340340c990"/>
				<skos:hasTopConcept rdf:resource="http://purl.org/heritagedata/schemes/c31949b0-b6cf-4223-a2c0-c9a2048633ff/concepts/5826480b-506a-4eda-91e4-4fc84b17665d"/>
				<skos:hasTopConcept rdf:resource="http://purl.org/heritagedata/schemes/c31949b0-b6cf-4223-a2c0-c9a2048633ff/concepts/99ac7822-0579-4f3d-810b-36fd75ddeb98"/>
				<skos:hasTopConcept rdf:resource="http://purl.org/heritagedata/schemes/c31949b0-b6cf-4223-a2c0-c9a2048633ff/concepts/0392f9d9-3fd0-4214-a423-5afef3424fff"/>
				<skos:hasTopConcept rdf:resource="http://purl.org/heritagedata/schemes/c31949b0-b6cf-4223-a2c0-c9a2048633ff/concepts/ddf4c233-46bc-472a-9955-37890637585b"/>
			</skos:ConceptScheme>
		</skos:inScheme>
		<skos:narrower>
			<skos:Concept rdf:about="http://purl.org/heritagedata/schemes/c31949b0-b6cf-4223-a2c0-c9a2048633ff/concepts/8ae042da-339d-443f-b968-9cc98d433dc3">
				<skos:inScheme rdf:resource="http://purl.org/heritagedata/schemes/c31949b0-b6cf-4223-a2c0-c9a2048633ff"/>
				<skos:prefLabel xml:lang="en">3D visualization</skos:prefLabel>
				<skos:narrower rdf:resource="http://purl.org/heritagedata/schemes/c31949b0-b6cf-4223-a2c0-c9a2048633ff/concepts/7699179c-7881-4924-8393-cb5d82c95342"/>
				<skos:narrower rdf:resource="http://purl.org/heritagedata/schemes/c31949b0-b6cf-4223-a2c0-c9a2048633ff/concepts/cf86ee8b-e7b5-4830-9742-218b54b3f74e"/>
				<skos:narrower rdf:resource="http://purl.org/heritagedata/schemes/c31949b0-b6cf-4223-a2c0-c9a2048633ff/concepts/8cf738c6-2ef2-4048-a092-3066b5d224ae"/>
			</skos:Concept>
		</skos:narrower>
		<skos:narrower>
			<skos:Concept rdf:about="http://purl.org/heritagedata/schemes/c31949b0-b6cf-4223-a2c0-c9a2048633ff/concepts/7c9b8755-c422-46df-a2e3-5a6fb30b0685">
				<skos:narrower rdf:resource="http://purl.org/heritagedata/schemes/c31949b0-b6cf-4223-a2c0-c9a2048633ff/concepts/56063815-756b-4bd3-ba43-4110da780cca"/>
				<skos:narrower rdf:resource="http://purl.org/heritagedata/schemes/c31949b0-b6cf-4223-a2c0-c9a2048633ff/concepts/a1fcdf96-a199-47f1-8fd2-54a149433657"/>
				<skos:prefLabel xml:lang="en">Photograph</skos:prefLabel>
				<skos:narrower rdf:resource="http://purl.org/heritagedata/schemes/c31949b0-b6cf-4223-a2c0-c9a2048633ff/concepts/d18c396d-4400-4f17-8c5e-796c1fd2ade3"/>
				<skos:inScheme rdf:resource="http://purl.org/heritagedata/schemes/c31949b0-b6cf-4223-a2c0-c9a2048633ff"/>
				<skos:narrower rdf:resource="http://purl.org/heritagedata/schemes/c31949b0-b6cf-4223-a2c0-c9a2048633ff/concepts/c1191a68-006a-4ed4-af78-8f6c2545aaae"/>
			</skos:Concept>
		</skos:narrower>
		<skos:narrower>
			<skos:Concept rdf:about="http://purl.org/heritagedata/schemes/c31949b0-b6cf-4223-a2c0-c9a2048633ff/concepts/51ae814d-e6e3-4c2c-961b-160e551c6450">
				<skos:narrower rdf:resource="http://purl.org/heritagedata/schemes/c31949b0-b6cf-4223-a2c0-c9a2048633ff/concepts/1ca102b6-4ddd-4ca0-8a4f-c102ced5bb1c"/>
				<skos:narrower rdf:resource="http://purl.org/heritagedata/schemes/c31949b0-b6cf-4223-a2c0-c9a2048633ff/concepts/a2ff600e-c48d-4ac3-834c-4aeed7a24baa"/>
				<skos:narrower rdf:resource="http://purl.org/heritagedata/schemes/c31949b0-b6cf-4223-a2c0-c9a2048633ff/concepts/5c4c7905-9800-4d39-afd4-3f264b160ed4"/>
				<skos:narrower rdf:resource="http://purl.org/heritagedata/schemes/c31949b0-b6cf-4223-a2c0-c9a2048633ff/concepts/f4ecdfd1-8118-4121-8bdf-70ee99df127e"/>
				<skos:narrower rdf:resource="http://purl.org/heritagedata/schemes/c31949b0-b6cf-4223-a2c0-c9a2048633ff/concepts/6b0c3e5b-9a54-4c96-a623-39d2b9b2b9fb"/>
				<skos:inScheme rdf:resource="http://purl.org/heritagedata/schemes/c31949b0-b6cf-4223-a2c0-c9a2048633ff"/>
				<skos:narrower rdf:resource="http://purl.org/heritagedata/schemes/c31949b0-b6cf-4223-a2c0-c9a2048633ff/concepts/932d9f38-8899-4a3f-a6c1-7681d1abcddd"/>
				<skos:narrower rdf:resource="http://purl.org/heritagedata/schemes/c31949b0-b6cf-4223-a2c0-c9a2048633ff/concepts/512c9dd4-6455-4dfa-8508-1ee388e7f36c"/>
				<skos:narrower rdf:resource="http://purl.org/heritagedata/schemes/c31949b0-b6cf-4223-a2c0-c9a2048633ff/concepts/0a16dcd2-7103-4faf-8019-41f8bfa25225"/>
				<skos:narrower rdf:resource="http://purl.org/heritagedata/schemes/c31949b0-b6cf-4223-a2c0-c9a2048633ff/concepts/78275f58-b0aa-491e-a18d-acf88dded1a3"/>
				<skos:narrower rdf:resource="http://purl.org/heritagedata/schemes/c31949b0-b6cf-4223-a2c0-c9a2048633ff/concepts/99bdc859-d74a-4c51-bdc1-d25973146cc8"/>
				<skos:narrower rdf:resource="http://purl.org/heritagedata/schemes/c31949b0-b6cf-4223-a2c0-c9a2048633ff/concepts/50897a8b-79bb-4cd7-9d0a-3b3ac70baed4"/>
				<skos:narrower rdf:resource="http://purl.org/heritagedata/schemes/c31949b0-b6cf-4223-a2c0-c9a2048633ff/concepts/f3a8e59a-0a93-4f2c-84d0-afde3cd77120"/>
				<skos:prefLabel xml:lang="en">Drawing</skos:prefLabel>
			</skos:Concept>
		</skos:narrower>
		<skos:narrower>
			<skos:Concept rdf:about="http://purl.org/heritagedata/schemes/c31949b0-b6cf-4223-a2c0-c9a2048633ff/concepts/f4b72de5-bc33-4079-96b9-923c9ef63ba5">
				<skos:inScheme rdf:resource="http://purl.org/heritagedata/schemes/c31949b0-b6cf-4223-a2c0-c9a2048633ff"/>
				<skos:altLabel xml:lang="en">X-ray</skos:altLabel>
				<skos:prefLabel xml:lang="en">X radiograph</skos:prefLabel>
			</skos:Concept>
		</skos:narrower>
		<skos:narrower>
			<skos:Concept rdf:about="http://purl.org/heritagedata/schemes/c31949b0-b6cf-4223-a2c0-c9a2048633ff/concepts/b31a2b55-d00f-4325-a5b9-43c85c069f65">
				<skos:prefLabel xml:lang="en">Map</skos:prefLabel>
				<skos:inScheme rdf:resource="http://purl.org/heritagedata/schemes/c31949b0-b6cf-4223-a2c0-c9a2048633ff"/>
			</skos:Concept>
		</skos:narrower>
		<skos:prefLabel xml:lang="en">Visual material</skos:prefLabel>
	</skos:Concept>
	<skos:Concept rdf:about="http://purl.org/heritagedata/schemes/c31949b0-b6cf-4223-a2c0-c9a2048633ff/concepts/d38d0e6f-b97b-4925-a238-fd502d21d396">
		<skos:inScheme rdf:resource="http://purl.org/heritagedata/schemes/c31949b0-b6cf-4223-a2c0-c9a2048633ff"/>
		<skos:prefLabel xml:lang="en">Watching brief report</skos:prefLabel>
	</skos:Concept>
	<skos:Concept rdf:about="http://purl.org/heritagedata/schemes/c31949b0-b6cf-4223-a2c0-c9a2048633ff/concepts/99bdc859-d74a-4c51-bdc1-d25973146cc8">
		<skos:inScheme rdf:resource="http://purl.org/heritagedata/schemes/c31949b0-b6cf-4223-a2c0-c9a2048633ff"/>
		<skos:prefLabel xml:lang="en">Section drawing</skos:prefLabel>
	</skos:Concept>
	<skos:Concept rdf:about="http://purl.org/heritagedata/schemes/c31949b0-b6cf-4223-a2c0-c9a2048633ff/concepts/a45834b3-02e6-4bb3-a037-f6fd17c196e4">
		<skos:narrower>
			<skos:Concept rdf:about="http://purl.org/heritagedata/schemes/c31949b0-b6cf-4223-a2c0-c9a2048633ff/concepts/574fa00d-4f2f-46cc-a827-2e0387d3c25f">
				<skos:inScheme rdf:resource="http://purl.org/heritagedata/schemes/c31949b0-b6cf-4223-a2c0-c9a2048633ff"/>
				<skos:prefLabel xml:lang="en">Post excavation assessment report</skos:prefLabel>
			</skos:Concept>
		</skos:narrower>
		<skos:narrower>
			<skos:Concept rdf:about="http://purl.org/heritagedata/schemes/c31949b0-b6cf-4223-a2c0-c9a2048633ff/concepts/38171a9c-315c-4154-b7c1-905f7deb34f4">
				<skos:prefLabel xml:lang="en">Deskbased survey report</skos:prefLabel>
				<skos:inScheme rdf:resource="http://purl.org/heritagedata/schemes/c31949b0-b6cf-4223-a2c0-c9a2048633ff"/>
			</skos:Concept>
		</skos:narrower>
		<skos:narrower>
			<skos:Concept rdf:about="http://purl.org/heritagedata/schemes/c31949b0-b6cf-4223-a2c0-c9a2048633ff/concepts/a8554064-858c-4b75-b570-e37643bbfaaa">
				<skos:inScheme rdf:resource="http://purl.org/heritagedata/schemes/c31949b0-b6cf-4223-a2c0-c9a2048633ff"/>
				<skos:prefLabel xml:lang="en">Geophysical survey report</skos:prefLabel>
			</skos:Concept>
		</skos:narrower>
		<skos:narrower rdf:resource="http://purl.org/heritagedata/schemes/c31949b0-b6cf-4223-a2c0-c9a2048633ff/concepts/d38d0e6f-b97b-4925-a238-fd502d21d396"/>
		<skos:narrower>
			<skos:Concept rdf:about="http://purl.org/heritagedata/schemes/c31949b0-b6cf-4223-a2c0-c9a2048633ff/concepts/d55b8f47-6cb1-4d9c-9961-97cb83506d46">
				<skos:inScheme rdf:resource="http://purl.org/heritagedata/schemes/c31949b0-b6cf-4223-a2c0-c9a2048633ff"/>
				<skos:prefLabel xml:lang="en">Project design</skos:prefLabel>
			</skos:Concept>
		</skos:narrower>
		<skos:inScheme rdf:resource="http://purl.org/heritagedata/schemes/c31949b0-b6cf-4223-a2c0-c9a2048633ff"/>
		<skos:narrower>
			<skos:Concept rdf:about="http://purl.org/heritagedata/schemes/c31949b0-b6cf-4223-a2c0-c9a2048633ff/concepts/1482fe63-0951-4447-850c-9a7359c00ea5">
				<skos:prefLabel xml:lang="en">Project brief</skos:prefLabel>
				<skos:inScheme rdf:resource="http://purl.org/heritagedata/schemes/c31949b0-b6cf-4223-a2c0-c9a2048633ff"/>
			</skos:Concept>
		</skos:narrower>
		<skos:narrower>
			<skos:Concept rdf:about="http://purl.org/heritagedata/schemes/c31949b0-b6cf-4223-a2c0-c9a2048633ff/concepts/d1145f97-bda0-49bc-8eba-0e3972f995c3">
				<skos:prefLabel xml:lang="en">Interim report</skos:prefLabel>
				<skos:inScheme rdf:resource="http://purl.org/heritagedata/schemes/c31949b0-b6cf-4223-a2c0-c9a2048633ff"/>
			</skos:Concept>
		</skos:narrower>
		<skos:narrower>
			<skos:Concept rdf:about="http://purl.org/heritagedata/schemes/c31949b0-b6cf-4223-a2c0-c9a2048633ff/concepts/0f4d60f8-7776-49f7-b716-9712c159c8e8">
				<skos:inScheme rdf:resource="http://purl.org/heritagedata/schemes/c31949b0-b6cf-4223-a2c0-c9a2048633ff"/>
				<skos:prefLabel xml:lang="en">Historic landscape survey report</skos:prefLabel>
			</skos:Concept>
		</skos:narrower>
		<skos:narrower>
			<skos:Concept rdf:about="http://purl.org/heritagedata/schemes/c31949b0-b6cf-4223-a2c0-c9a2048633ff/concepts/6cedc971-ead6-4839-9f5e-1d5ecb1a2012">
				<skos:inScheme rdf:resource="http://purl.org/heritagedata/schemes/c31949b0-b6cf-4223-a2c0-c9a2048633ff"/>
				<skos:prefLabel xml:lang="en">Project outline</skos:prefLabel>
			</skos:Concept>
		</skos:narrower>
		<skos:narrower>
			<skos:Concept rdf:about="http://purl.org/heritagedata/schemes/c31949b0-b6cf-4223-a2c0-c9a2048633ff/concepts/fdd19e30-f844-4469-a606-a2eb45d68886">
				<skos:prefLabel xml:lang="en">Excavation report</skos:prefLabel>
				<skos:inScheme rdf:resource="http://purl.org/heritagedata/schemes/c31949b0-b6cf-4223-a2c0-c9a2048633ff"/>
			</skos:Concept>
		</skos:narrower>
		<skos:narrower>
			<skos:Concept rdf:about="http://purl.org/heritagedata/schemes/c31949b0-b6cf-4223-a2c0-c9a2048633ff/concepts/b3c33a4a-f042-4ab1-a1b5-50d646bb4744">
				<skos:prefLabel xml:lang="en">Project specification</skos:prefLabel>
				<skos:inScheme rdf:resource="http://purl.org/heritagedata/schemes/c31949b0-b6cf-4223-a2c0-c9a2048633ff"/>
			</skos:Concept>
		</skos:narrower>
		<skos:narrower>
			<skos:Concept rdf:about="http://purl.org/heritagedata/schemes/c31949b0-b6cf-4223-a2c0-c9a2048633ff/concepts/38bd0ad4-717e-4f1a-98a7-4ed3110d8c2c">
				<skos:prefLabel xml:lang="en">Scientific dating report</skos:prefLabel>
				<skos:inScheme rdf:resource="http://purl.org/heritagedata/schemes/c31949b0-b6cf-4223-a2c0-c9a2048633ff"/>
			</skos:Concept>
		</skos:narrower>
		<skos:narrower>
			<skos:Concept rdf:about="http://purl.org/heritagedata/schemes/c31949b0-b6cf-4223-a2c0-c9a2048633ff/concepts/e56dab2c-bf3d-4c98-b625-e4792b3366c1">
				<skos:prefLabel xml:lang="en">Fieldwalking report</skos:prefLabel>
				<skos:inScheme rdf:resource="http://purl.org/heritagedata/schemes/c31949b0-b6cf-4223-a2c0-c9a2048633ff"/>
			</skos:Concept>
		</skos:narrower>
		<skos:narrower>
			<skos:Concept rdf:about="http://purl.org/heritagedata/schemes/c31949b0-b6cf-4223-a2c0-c9a2048633ff/concepts/666bce4b-e269-4c1c-9e66-17246c7d0a5b">
				<skos:inScheme rdf:resource="http://purl.org/heritagedata/schemes/c31949b0-b6cf-4223-a2c0-c9a2048633ff"/>
				<skos:prefLabel xml:lang="en">Evaluation report</skos:prefLabel>
			</skos:Concept>
		</skos:narrower>
		<skos:narrower>
			<skos:Concept rdf:about="http://purl.org/heritagedata/schemes/c31949b0-b6cf-4223-a2c0-c9a2048633ff/concepts/42235d18-b99e-4926-b0e8-1068d6188a06">
				<skos:prefLabel xml:lang="en">Building recording report</skos:prefLabel>
				<skos:inScheme rdf:resource="http://purl.org/heritagedata/schemes/c31949b0-b6cf-4223-a2c0-c9a2048633ff"/>
			</skos:Concept>
		</skos:narrower>
		<skos:prefLabel xml:lang="en">Report</skos:prefLabel>
		<skos:narrower>
			<skos:Concept rdf:about="http://purl.org/heritagedata/schemes/c31949b0-b6cf-4223-a2c0-c9a2048633ff/concepts/ca2af138-9733-46f7-af82-f8de888bfcf6">
				<skos:prefLabel xml:lang="en">Field survey report</skos:prefLabel>
				<skos:inScheme rdf:resource="http://purl.org/heritagedata/schemes/c31949b0-b6cf-4223-a2c0-c9a2048633ff"/>
			</skos:Concept>
		</skos:narrower>
	</skos:Concept>
	<skos:Concept rdf:about="http://purl.org/heritagedata/schemes/c31949b0-b6cf-4223-a2c0-c9a2048633ff/concepts/99ac7822-0579-4f3d-810b-36fd75ddeb98">
		<skos:narrower>
			<skos:Concept rdf:about="http://purl.org/heritagedata/schemes/c31949b0-b6cf-4223-a2c0-c9a2048633ff/concepts/d2eb65c1-3e13-4ab0-bd70-6e851f96c3b8">
				<skos:inScheme rdf:resource="http://purl.org/heritagedata/schemes/c31949b0-b6cf-4223-a2c0-c9a2048633ff"/>
				<skos:prefLabel xml:lang="en">Other multimedia resource</skos:prefLabel>
			</skos:Concept>
		</skos:narrower>
		<skos:narrower>
			<skos:Concept rdf:about="http://purl.org/heritagedata/schemes/c31949b0-b6cf-4223-a2c0-c9a2048633ff/concepts/1d258c6c-eee7-4405-9483-2b8075a7044b">
				<skos:prefLabel xml:lang="en">Augmented reality</skos:prefLabel>
				<skos:inScheme rdf:resource="http://purl.org/heritagedata/schemes/c31949b0-b6cf-4223-a2c0-c9a2048633ff"/>
				<skos:altLabel xml:lang="en">AR</skos:altLabel>
			</skos:Concept>
		</skos:narrower>
		<skos:narrower>
			<skos:Concept rdf:about="http://purl.org/heritagedata/schemes/c31949b0-b6cf-4223-a2c0-c9a2048633ff/concepts/2c1ee3c9-5100-4c16-a0da-26829883a210">
				<skos:prefLabel xml:lang="en">Video</skos:prefLabel>
				<skos:inScheme rdf:resource="http://purl.org/heritagedata/schemes/c31949b0-b6cf-4223-a2c0-c9a2048633ff"/>
			</skos:Concept>
		</skos:narrower>
		<skos:narrower>
			<skos:Concept rdf:about="http://purl.org/heritagedata/schemes/c31949b0-b6cf-4223-a2c0-c9a2048633ff/concepts/e5b272c6-2a16-4ee7-b107-92a6cffefdc4">
				<skos:inScheme rdf:resource="http://purl.org/heritagedata/schemes/c31949b0-b6cf-4223-a2c0-c9a2048633ff"/>
				<skos:prefLabel xml:lang="en">Virtual reality</skos:prefLabel>
				<skos:altLabel xml:lang="en">VR</skos:altLabel>
			</skos:Concept>
		</skos:narrower>
		<skos:inScheme rdf:resource="http://purl.org/heritagedata/schemes/c31949b0-b6cf-4223-a2c0-c9a2048633ff"/>
		<skos:prefLabel xml:lang="en">Mulitmedia</skos:prefLabel>
	</skos:Concept>
	<skos:Concept rdf:about="http://purl.org/heritagedata/schemes/c31949b0-b6cf-4223-a2c0-c9a2048633ff/concepts/5826480b-506a-4eda-91e4-4fc84b17665d">
		<skos:narrower>
			<skos:Concept rdf:about="http://purl.org/heritagedata/schemes/c31949b0-b6cf-4223-a2c0-c9a2048633ff/concepts/1fcb800c-4ed1-41b3-ad33-ce31fbbeaeea">
				<skos:narrower rdf:resource="http://purl.org/heritagedata/schemes/c31949b0-b6cf-4223-a2c0-c9a2048633ff/concepts/68bf23be-e72c-4aad-b525-369b7f1609ef"/>
				<skos:altLabel xml:lang="en">GIS Data</skos:altLabel>
				<skos:altLabel xml:lang="en">Geographic Information System Data</skos:altLabel>
				<skos:prefLabel xml:lang="en">Geospatial data</skos:prefLabel>
				<skos:inScheme rdf:resource="http://purl.org/heritagedata/schemes/c31949b0-b6cf-4223-a2c0-c9a2048633ff"/>
				<skos:narrower rdf:resource="http://purl.org/heritagedata/schemes/c31949b0-b6cf-4223-a2c0-c9a2048633ff/concepts/dd729d05-642e-414d-9f51-f4818223e219"/>
			</skos:Concept>
		</skos:narrower>
		<skos:narrower>
			<skos:Concept rdf:about="http://purl.org/heritagedata/schemes/c31949b0-b6cf-4223-a2c0-c9a2048633ff/concepts/87daf8f9-ae39-477a-87b7-1da10550e4bd">
				<skos:inScheme rdf:resource="http://purl.org/heritagedata/schemes/c31949b0-b6cf-4223-a2c0-c9a2048633ff"/>
				<skos:prefLabel xml:lang="en">Spreadsheet</skos:prefLabel>
			</skos:Concept>
		</skos:narrower>
		<skos:prefLabel xml:lang="en">Dataset</skos:prefLabel>
		<skos:inScheme rdf:resource="http://purl.org/heritagedata/schemes/c31949b0-b6cf-4223-a2c0-c9a2048633ff"/>
		<skos:narrower>
			<skos:Concept rdf:about="http://purl.org/heritagedata/schemes/c31949b0-b6cf-4223-a2c0-c9a2048633ff/concepts/64053028-d9a1-4193-9d6a-d68afa68eb1d">
				<skos:prefLabel xml:lang="en">CAD data</skos:prefLabel>
				<skos:altLabel xml:lang="en">Computer Aided Design Data</skos:altLabel>
				<skos:inScheme rdf:resource="http://purl.org/heritagedata/schemes/c31949b0-b6cf-4223-a2c0-c9a2048633ff"/>
			</skos:Concept>
		</skos:narrower>
		<skos:narrower>
			<skos:Concept rdf:about="http://purl.org/heritagedata/schemes/c31949b0-b6cf-4223-a2c0-c9a2048633ff/concepts/46a26354-0932-4831-a4b7-47273028f5ea">
				<skos:prefLabel xml:lang="en">Other dataset</skos:prefLabel>
				<skos:inScheme rdf:resource="http://purl.org/heritagedata/schemes/c31949b0-b6cf-4223-a2c0-c9a2048633ff"/>
			</skos:Concept>
		</skos:narrower>
		<skos:narrower>
			<skos:Concept rdf:about="http://purl.org/heritagedata/schemes/c31949b0-b6cf-4223-a2c0-c9a2048633ff/concepts/0b678540-5495-4543-b996-903adfe28fb5">
				<skos:inScheme rdf:resource="http://purl.org/heritagedata/schemes/c31949b0-b6cf-4223-a2c0-c9a2048633ff"/>
				<skos:prefLabel xml:lang="en">Geophysical data</skos:prefLabel>
			</skos:Concept>
		</skos:narrower>
	</skos:Concept>
	<skos:Concept rdf:about="http://purl.org/heritagedata/schemes/c31949b0-b6cf-4223-a2c0-c9a2048633ff/concepts/f4ecdfd1-8118-4121-8bdf-70ee99df127e">
		<skos:prefLabel xml:lang="en">Stratigraphic matrix</skos:prefLabel>
		<skos:altLabel xml:lang="en">Harris matrix</skos:altLabel>
		<skos:inScheme rdf:resource="http://purl.org/heritagedata/schemes/c31949b0-b6cf-4223-a2c0-c9a2048633ff"/>
	</skos:Concept>
	<skos:Concept rdf:about="http://purl.org/heritagedata/schemes/c31949b0-b6cf-4223-a2c0-c9a2048633ff/concepts/1ca102b6-4ddd-4ca0-8a4f-c102ced5bb1c">
		<skos:prefLabel xml:lang="en">Context plan</skos:prefLabel>
		<skos:inScheme rdf:resource="http://purl.org/heritagedata/schemes/c31949b0-b6cf-4223-a2c0-c9a2048633ff"/>
	</skos:Concept>
	<skos:Concept rdf:about="http://purl.org/heritagedata/schemes/c31949b0-b6cf-4223-a2c0-c9a2048633ff/concepts/dd729d05-642e-414d-9f51-f4818223e219">
		<skos:inScheme rdf:resource="http://purl.org/heritagedata/schemes/c31949b0-b6cf-4223-a2c0-c9a2048633ff"/>
		<skos:prefLabel xml:lang="en">Vector data</skos:prefLabel>
	</skos:Concept>
	<skos:Concept rdf:about="http://purl.org/heritagedata/schemes/c31949b0-b6cf-4223-a2c0-c9a2048633ff/concepts/7699179c-7881-4924-8393-cb5d82c95342">
		<skos:inScheme rdf:resource="http://purl.org/heritagedata/schemes/c31949b0-b6cf-4223-a2c0-c9a2048633ff"/>
		<skos:prefLabel xml:lang="en">Lidar visualization</skos:prefLabel>
	</skos:Concept>
	<skos:Concept rdf:about="http://purl.org/heritagedata/schemes/c31949b0-b6cf-4223-a2c0-c9a2048633ff/concepts/0392f9d9-3fd0-4214-a423-5afef3424fff">
		<skos:narrower>
			<skos:Concept rdf:about="http://purl.org/heritagedata/schemes/c31949b0-b6cf-4223-a2c0-c9a2048633ff/concepts/854df8fd-3037-4c76-abf5-3807c1172ce0">
				<skos:scopeNote xml:lang="en">'Unstructured text' refers to text that is not meant to be published. Examples include correspondence, diary, excavation dairy, manuscript and notebook.</skos:scopeNote>
				<skos:inScheme rdf:resource="http://purl.org/heritagedata/schemes/c31949b0-b6cf-4223-a2c0-c9a2048633ff"/>
				<skos:prefLabel xml:lang="en">Unstructured text</skos:prefLabel>
			</skos:Concept>
		</skos:narrower>
		<skos:narrower>
			<skos:Concept rdf:about="http://purl.org/heritagedata/schemes/c31949b0-b6cf-4223-a2c0-c9a2048633ff/concepts/e8e4bb6e-7ec4-4fb0-8e15-0deaff8e316c">
				<skos:narrower rdf:resource="http://purl.org/heritagedata/schemes/c31949b0-b6cf-4223-a2c0-c9a2048633ff/concepts/cdf6d9cb-6f97-49df-885b-f013aad78c8b"/>
				<skos:inScheme rdf:resource="http://purl.org/heritagedata/schemes/c31949b0-b6cf-4223-a2c0-c9a2048633ff"/>
				<skos:narrower rdf:resource="http://purl.org/heritagedata/schemes/c31949b0-b6cf-4223-a2c0-c9a2048633ff/concepts/176b7ea2-5ca2-496e-a206-e551659b4104"/>
				<skos:prefLabel xml:lang="en">Record form</skos:prefLabel>
				<skos:narrower rdf:resource="http://purl.org/heritagedata/schemes/c31949b0-b6cf-4223-a2c0-c9a2048633ff/concepts/2d5ba175-29d5-4df4-ac2b-94a492488abc"/>
				<skos:narrower rdf:resource="http://purl.org/heritagedata/schemes/c31949b0-b6cf-4223-a2c0-c9a2048633ff/concepts/efabb30a-e9b4-483a-84b4-07eeb9a682ef"/>
				<skos:narrower rdf:resource="http://purl.org/heritagedata/schemes/c31949b0-b6cf-4223-a2c0-c9a2048633ff/concepts/e87161fc-40f1-4520-9c5f-49eb1806a8e2"/>
			</skos:Concept>
		</skos:narrower>
		<skos:inScheme rdf:resource="http://purl.org/heritagedata/schemes/c31949b0-b6cf-4223-a2c0-c9a2048633ff"/>
		<skos:narrower>
			<skos:Concept rdf:about="http://purl.org/heritagedata/schemes/c31949b0-b6cf-4223-a2c0-c9a2048633ff/concepts/6aa5a832-0d5a-4616-8af1-f2ff658928e4">
				<skos:prefLabel xml:lang="en">Publication</skos:prefLabel>
				<skos:scopeNote xml:lang="en">'Publication' refers to a published text. Examples include article, book, monograph, leaflet and newsletter.</skos:scopeNote>
				<skos:inScheme rdf:resource="http://purl.org/heritagedata/schemes/c31949b0-b6cf-4223-a2c0-c9a2048633ff"/>
			</skos:Concept>
		</skos:narrower>
		<skos:prefLabel xml:lang="en">Text</skos:prefLabel>
		<skos:narrower rdf:resource="http://purl.org/heritagedata/schemes/c31949b0-b6cf-4223-a2c0-c9a2048633ff/concepts/a45834b3-02e6-4bb3-a037-f6fd17c196e4"/>
	</skos:Concept>
	<skos:Concept rdf:about="http://purl.org/heritagedata/schemes/c31949b0-b6cf-4223-a2c0-c9a2048633ff/concepts/a2ff600e-c48d-4ac3-834c-4aeed7a24baa">
		<skos:inScheme rdf:resource="http://purl.org/heritagedata/schemes/c31949b0-b6cf-4223-a2c0-c9a2048633ff"/>
		<skos:prefLabel xml:lang="en">Overlay</skos:prefLabel>
	</skos:Concept>
	<skos:Concept rdf:about="http://purl.org/heritagedata/schemes/c31949b0-b6cf-4223-a2c0-c9a2048633ff/concepts/5c4c7905-9800-4d39-afd4-3f264b160ed4">
		<skos:prefLabel xml:lang="en">Measured survey drawing</skos:prefLabel>
		<skos:inScheme rdf:resource="http://purl.org/heritagedata/schemes/c31949b0-b6cf-4223-a2c0-c9a2048633ff"/>
	</skos:Concept>
	<skos:Concept rdf:about="http://purl.org/heritagedata/schemes/c31949b0-b6cf-4223-a2c0-c9a2048633ff/concepts/741a3a50-6403-45b8-92a0-0f340340c990">
		<skos:prefLabel xml:lang="en">Audio material</skos:prefLabel>
		<skos:inScheme rdf:resource="http://purl.org/heritagedata/schemes/c31949b0-b6cf-4223-a2c0-c9a2048633ff"/>
	</skos:Concept>
	<skos:Concept rdf:about="http://purl.org/heritagedata/schemes/c31949b0-b6cf-4223-a2c0-c9a2048633ff/concepts/cf86ee8b-e7b5-4830-9742-218b54b3f74e">
		<skos:prefLabel xml:lang="en">Photogrammetric model</skos:prefLabel>
		<skos:inScheme rdf:resource="http://purl.org/heritagedata/schemes/c31949b0-b6cf-4223-a2c0-c9a2048633ff"/>
		<skos:altLabel xml:lang="en">Structure from Motion Model</skos:altLabel>
		<skos:altLabel xml:lang="en">SfM Model</skos:altLabel>
	</skos:Concept>
	<skos:Concept rdf:about="http://purl.org/heritagedata/schemes/c31949b0-b6cf-4223-a2c0-c9a2048633ff/concepts/a1fcdf96-a199-47f1-8fd2-54a149433657">
		<skos:prefLabel xml:lang="en">Other photograph</skos:prefLabel>
		<skos:inScheme rdf:resource="http://purl.org/heritagedata/schemes/c31949b0-b6cf-4223-a2c0-c9a2048633ff"/>
	</skos:Concept>
	<skos:Concept rdf:about="http://purl.org/heritagedata/schemes/c31949b0-b6cf-4223-a2c0-c9a2048633ff/concepts/68bf23be-e72c-4aad-b525-369b7f1609ef">
		<skos:inScheme rdf:resource="http://purl.org/heritagedata/schemes/c31949b0-b6cf-4223-a2c0-c9a2048633ff"/>
		<skos:prefLabel xml:lang="en">Raster data</skos:prefLabel>
		<skos:altLabel xml:lang="en">Raster Image</skos:altLabel>
	</skos:Concept>
	<skos:Concept rdf:about="http://purl.org/heritagedata/schemes/c31949b0-b6cf-4223-a2c0-c9a2048633ff/concepts/f3a8e59a-0a93-4f2c-84d0-afde3cd77120">
		<skos:inScheme rdf:resource="http://purl.org/heritagedata/schemes/c31949b0-b6cf-4223-a2c0-c9a2048633ff"/>
		<skos:prefLabel xml:lang="en">Location plan</skos:prefLabel>
	</skos:Concept>
	<skos:Concept rdf:about="http://purl.org/heritagedata/schemes/c31949b0-b6cf-4223-a2c0-c9a2048633ff/concepts/d18c396d-4400-4f17-8c5e-796c1fd2ade3">
		<skos:inScheme rdf:resource="http://purl.org/heritagedata/schemes/c31949b0-b6cf-4223-a2c0-c9a2048633ff"/>
		<skos:prefLabel xml:lang="en">Aerial photograph</skos:prefLabel>
	</skos:Concept>
	<skos:Concept rdf:about="http://purl.org/heritagedata/schemes/c31949b0-b6cf-4223-a2c0-c9a2048633ff/concepts/c1191a68-006a-4ed4-af78-8f6c2545aaae">
		<skos:inScheme rdf:resource="http://purl.org/heritagedata/schemes/c31949b0-b6cf-4223-a2c0-c9a2048633ff"/>
		<skos:prefLabel xml:lang="en">Rectified photograph</skos:prefLabel>
	</skos:Concept>
	<skos:Concept rdf:about="http://purl.org/heritagedata/schemes/c31949b0-b6cf-4223-a2c0-c9a2048633ff/concepts/932d9f38-8899-4a3f-a6c1-7681d1abcddd">
		<skos:inScheme rdf:resource="http://purl.org/heritagedata/schemes/c31949b0-b6cf-4223-a2c0-c9a2048633ff"/>
		<skos:prefLabel xml:lang="en">Artefact drawing</skos:prefLabel>
	</skos:Concept>
	<skos:Concept rdf:about="http://purl.org/heritagedata/schemes/c31949b0-b6cf-4223-a2c0-c9a2048633ff/concepts/8cf738c6-2ef2-4048-a092-3066b5d224ae">
		<skos:prefLabel xml:lang="en">Other 3D visualization</skos:prefLabel>
		<skos:inScheme rdf:resource="http://purl.org/heritagedata/schemes/c31949b0-b6cf-4223-a2c0-c9a2048633ff"/>
	</skos:Concept>
	<skos:Concept rdf:about="http://purl.org/heritagedata/schemes/c31949b0-b6cf-4223-a2c0-c9a2048633ff/concepts/0a16dcd2-7103-4faf-8019-41f8bfa25225">
		<skos:inScheme rdf:resource="http://purl.org/heritagedata/schemes/c31949b0-b6cf-4223-a2c0-c9a2048633ff"/>
		<skos:altLabel xml:lang="en">In situ finds drawing</skos:altLabel>
		<skos:prefLabel xml:lang="en">Sketch</skos:prefLabel>
	</skos:Concept>
	<skos:Concept rdf:about="http://purl.org/heritagedata/schemes/c31949b0-b6cf-4223-a2c0-c9a2048633ff/concepts/6b0c3e5b-9a54-4c96-a623-39d2b9b2b9fb">
		<skos:inScheme rdf:resource="http://purl.org/heritagedata/schemes/c31949b0-b6cf-4223-a2c0-c9a2048633ff"/>
		<skos:prefLabel xml:lang="en">Scale drawing</skos:prefLabel>
	</skos:Concept>
	<skos:Concept rdf:about="http://purl.org/heritagedata/schemes/c31949b0-b6cf-4223-a2c0-c9a2048633ff/concepts/e87161fc-40f1-4520-9c5f-49eb1806a8e2">
		<skos:inScheme rdf:resource="http://purl.org/heritagedata/schemes/c31949b0-b6cf-4223-a2c0-c9a2048633ff"/>
		<skos:prefLabel xml:lang="en">Finds index</skos:prefLabel>
	</skos:Concept>
	<skos:Concept rdf:about="http://purl.org/heritagedata/schemes/c31949b0-b6cf-4223-a2c0-c9a2048633ff/concepts/78275f58-b0aa-491e-a18d-acf88dded1a3">
		<skos:inScheme rdf:resource="http://purl.org/heritagedata/schemes/c31949b0-b6cf-4223-a2c0-c9a2048633ff"/>
		<skos:prefLabel xml:lang="en">Reconstruction drawing</skos:prefLabel>
	</skos:Concept>
	<skos:Concept rdf:about="http://purl.org/heritagedata/schemes/c31949b0-b6cf-4223-a2c0-c9a2048633ff/concepts/efabb30a-e9b4-483a-84b4-07eeb9a682ef">
		<skos:inScheme rdf:resource="http://purl.org/heritagedata/schemes/c31949b0-b6cf-4223-a2c0-c9a2048633ff"/>
		<skos:prefLabel xml:lang="en">Context sheet</skos:prefLabel>
	</skos:Concept>
	<skos:Concept rdf:about="http://purl.org/heritagedata/schemes/c31949b0-b6cf-4223-a2c0-c9a2048633ff/concepts/56063815-756b-4bd3-ba43-4110da780cca">
		<skos:inScheme rdf:resource="http://purl.org/heritagedata/schemes/c31949b0-b6cf-4223-a2c0-c9a2048633ff"/>
		<skos:prefLabel xml:lang="en">Photomicrograph</skos:prefLabel>
	</skos:Concept>
	<skos:Concept rdf:about="http://purl.org/heritagedata/schemes/c31949b0-b6cf-4223-a2c0-c9a2048633ff/concepts/2d5ba175-29d5-4df4-ac2b-94a492488abc">
		<skos:prefLabel xml:lang="en">Project recording form</skos:prefLabel>
		<skos:inScheme rdf:resource="http://purl.org/heritagedata/schemes/c31949b0-b6cf-4223-a2c0-c9a2048633ff"/>
	</skos:Concept>
	<skos:Concept rdf:about="http://purl.org/heritagedata/schemes/c31949b0-b6cf-4223-a2c0-c9a2048633ff/concepts/cdf6d9cb-6f97-49df-885b-f013aad78c8b">
		<skos:inScheme rdf:resource="http://purl.org/heritagedata/schemes/c31949b0-b6cf-4223-a2c0-c9a2048633ff"/>
		<skos:prefLabel xml:lang="en">Field recording form</skos:prefLabel>
	</skos:Concept>
	<skos:Concept rdf:about="http://purl.org/heritagedata/schemes/c31949b0-b6cf-4223-a2c0-c9a2048633ff/concepts/50897a8b-79bb-4cd7-9d0a-3b3ac70baed4">
		<skos:prefLabel xml:lang="en">Aerial photograph transcription</skos:prefLabel>
		<skos:inScheme rdf:resource="http://purl.org/heritagedata/schemes/c31949b0-b6cf-4223-a2c0-c9a2048633ff"/>
	</skos:Concept>
	<skos:Concept rdf:about="http://purl.org/heritagedata/schemes/c31949b0-b6cf-4223-a2c0-c9a2048633ff/concepts/176b7ea2-5ca2-496e-a206-e551659b4104">
		<skos:prefLabel xml:lang="en">Data record sheet</skos:prefLabel>
		<skos:inScheme rdf:resource="http://purl.org/heritagedata/schemes/c31949b0-b6cf-4223-a2c0-c9a2048633ff"/>
	</skos:Concept>
	<skos:Concept rdf:about="http://purl.org/heritagedata/schemes/c31949b0-b6cf-4223-a2c0-c9a2048633ff/concepts/512c9dd4-6455-4dfa-8508-1ee388e7f36c">
		<skos:inScheme rdf:resource="http://purl.org/heritagedata/schemes/c31949b0-b6cf-4223-a2c0-c9a2048633ff"/>
		<skos:prefLabel xml:lang="en">Excavation plan</skos:prefLabel>
	</skos:Concept>
</rdf:RDF>