{
    "graph": [
        {
            "author": " FGI", 
            "cards": [
                {
                    "active": true, 
                    "cardid": "2c8371a6-53db-11e9-a0f3-dca90488358a", 
                    "component_id": "f05e4d3a-53c1-11e8-b0ea-784f435179ea", 
                    "config": null, 
                    "constraints": [
                        {
                            "card_id": "2c8371a6-53db-11e9-a0f3-dca90488358a", 
                            "constraintid": "0d88d6fd-6d23-11e9-a13a-dca90488358a", 
                            "nodes": [], 
                            "uniquetoallinstances": false
                        }
                    ], 
                    "cssclass": null, 
                    "description": null, 
                    "graph_id": "336d34e3-53c3-11e9-ba5f-dca90488358a", 
                    "helpenabled": false, 
                    "helptext": null, 
                    "helptitle": null, 
                    "instructions": null, 
                    "is_editable": true, 
                    "name": "Related Application Area", 
                    "nodegroup_id": "2c82277d-53db-11e9-934b-dca90488358a", 
                    "sortorder": 6, 
                    "visible": true
                }, 
                {
                    "active": true, 
                    "cardid": "c5f9aad9-53c7-11e9-b11c-dca90488358a", 
                    "component_id": "f05e4d3a-53c1-11e8-b0ea-784f435179ea", 
                    "config": null, 
                    "constraints": [], 
                    "cssclass": null, 
                    "description": null, 
                    "graph_id": "336d34e3-53c3-11e9-ba5f-dca90488358a", 
                    "helpenabled": false, 
                    "helptext": null, 
                    "helptitle": null, 
                    "instructions": "", 
                    "is_editable": false, 
                    "name": "Development Area Names", 
                    "nodegroup_id": "c5f909b5-53c7-11e9-a3ac-dca90488358a", 
                    "sortorder": 0, 
                    "visible": true
                }, 
                {
                    "active": true, 
                    "cardid": "e8589402-53d8-11e9-8c4f-dca90488358a", 
                    "component_id": "f05e4d3a-53c1-11e8-b0ea-784f435179ea", 
                    "config": null, 
                    "constraints": [], 
                    "cssclass": null, 
                    "description": null, 
                    "graph_id": "336d34e3-53c3-11e9-ba5f-dca90488358a", 
                    "helpenabled": false, 
                    "helptext": null, 
                    "helptitle": null, 
                    "instructions": null, 
                    "is_editable": true, 
                    "name": "Address(es)", 
                    "nodegroup_id": "e857704a-53d8-11e9-b05a-dca90488358a", 
                    "sortorder": 3, 
                    "visible": true
                }, 
                {
                    "active": true, 
                    "cardid": "63cf44d9-53da-11e9-9160-dca90488358a", 
                    "component_id": "f05e4d3a-53c1-11e8-b0ea-784f435179ea", 
                    "config": null, 
                    "constraints": [
                        {
                            "card_id": "63cf44d9-53da-11e9-9160-dca90488358a", 
                            "constraintid": "d98445bd-6d22-11e9-953d-dca90488358a", 
                            "nodes": [], 
                            "uniquetoallinstances": false
                        }
                    ], 
                    "cssclass": null, 
                    "description": null, 
                    "graph_id": "336d34e3-53c3-11e9-ba5f-dca90488358a", 
                    "helpenabled": false, 
                    "helptext": null, 
                    "helptitle": null, 
                    "instructions": null, 
                    "is_editable": true, 
                    "name": "Description", 
                    "nodegroup_id": "63cdcf0f-53da-11e9-8340-dca90488358a", 
                    "sortorder": 4, 
                    "visible": true
                }, 
                {
                    "active": true, 
                    "cardid": "e1a108f3-6d22-11e9-b5e9-dca90488358a", 
                    "component_id": "f05e4d3a-53c1-11e8-b0ea-784f435179ea", 
                    "config": null, 
                    "constraints": [], 
                    "cssclass": null, 
                    "description": null, 
                    "graph_id": "336d34e3-53c3-11e9-ba5f-dca90488358a", 
                    "helpenabled": false, 
                    "helptext": null, 
                    "helptitle": null, 
                    "instructions": null, 
                    "is_editable": true, 
                    "name": "Designation", 
                    "nodegroup_id": "e19fe3a1-6d22-11e9-98bf-dca90488358a", 
                    "sortorder": 5, 
                    "visible": true
                }, 
                {
                    "active": true, 
                    "cardid": "eb035680-53d8-11e9-81c0-dca90488358a", 
                    "component_id": "3c103484-22d1-4ca9-a9f3-eb3902d567ac", 
                    "config": {
                        "selectSource": "select-application-area",
                        "zoom": 0,
                        "centerX": 0,
                        "centerY": 0,
                        "selectSourceLayer": "",
                        "selectText": "Select application area"
                    }, 
                    "constraints": [], 
                    "cssclass": null, 
                    "description": null, 
                    "graph_id": "336d34e3-53c3-11e9-ba5f-dca90488358a", 
                    "helpenabled": false, 
                    "helptext": null, 
                    "helptitle": null, 
                    "instructions": null, 
                    "is_editable": true, 
                    "name": "Map", 
                    "nodegroup_id": "eafced66-53d8-11e9-a4e2-dca90488358a", 
                    "sortorder": 2, 
                    "visible": true
                }, 
                {
                    "active": true, 
                    "cardid": "13858aab-6d23-11e9-bbd2-dca90488358a", 
                    "component_id": "f05e4d3a-53c1-11e8-b0ea-784f435179ea", 
                    "config": null, 
                    "constraints": [], 
                    "cssclass": null, 
                    "description": null, 
                    "graph_id": "336d34e3-53c3-11e9-ba5f-dca90488358a", 
                    "helpenabled": false, 
                    "helptext": null, 
                    "helptitle": null, 
                    "instructions": null, 
                    "is_editable": true, 
                    "name": "Related Consultation", 
                    "nodegroup_id": "138478e1-6d23-11e9-808c-dca90488358a", 
                    "sortorder": null, 
                    "visible": true
                }, 
                {
                    "active": true, 
                    "cardid": "09cbe735-53d8-11e9-a617-dca90488358a", 
                    "component_id": "f05e4d3a-53c1-11e8-b0ea-784f435179ea", 
                    "config": null, 
                    "constraints": [
                        {
                            "card_id": "09cbe735-53d8-11e9-a617-dca90488358a", 
                            "constraintid": "061cf868-6d22-11e9-8d2f-dca90488358a", 
                            "nodes": [], 
                            "uniquetoallinstances": false
                        }
                    ], 
                    "cssclass": null, 
                    "description": null, 
                    "graph_id": "336d34e3-53c3-11e9-ba5f-dca90488358a", 
                    "helpenabled": false, 
                    "helptext": null, 
                    "helptitle": null, 
                    "instructions": null, 
                    "is_editable": true, 
                    "name": "Identifiers", 
                    "nodegroup_id": "09cb95f5-53d8-11e9-aa83-dca90488358a", 
                    "sortorder": 1, 
                    "visible": true
                }
            ], 
            "cards_x_nodes_x_widgets": [
                {
                    "card_id": "eb035680-53d8-11e9-81c0-dca90488358a", 
                    "config": {
                        "basemap": "streets", 
                        "bearing": 0, 
                        "centerX": -122.392014679, 
                        "centerY": 37.7579972163, 
                        "defaultValue": "", 
                        "defaultValueType": "", 
                        "featureColor": "#FF0000", 
                        "featureLineWidth": 1, 
                        "featurePointSize": 3, 
                        "geocodePlaceholder": "Search", 
                        "geocodeProvider": "10000000-0000-0000-0000-010000000000", 
                        "geocoderVisible": true, 
                        "geometryTypes": [
                            {
                                "id": "Point", 
                                "text": "Point"
                            }, 
                            {
                                "id": "Line", 
                                "text": "Line"
                            }, 
                            {
                                "id": "Polygon", 
                                "text": "Polygon"
                            }
                        ], 
                        "label": "Geospatial Location", 
                        "maxZoom": 20, 
                        "minZoom": 0, 
                        "overlayConfigs": [], 
                        "overlayOpacity": 0, 
                        "pitch": 0, 
                        "rerender": true, 
                        "zoom": 12
                    }, 
                    "id": "26561185-53da-11e9-b211-dca90488358a", 
                    "label": "Geospatial Location", 
                    "node_id": "6c923175-53d9-11e9-8c78-dca90488358a", 
                    "sortorder": 0, 
                    "visible": true, 
                    "widget_id": "10000000-0000-0000-0000-000000000007"
                }, 
                {
                    "card_id": "09cbe735-53d8-11e9-a617-dca90488358a", 
                    "config": {
                        "defaultValue": "", 
                        "label": "Area Identifier", 
                        "maxLength": null, 
                        "placeholder": "Enter text", 
                        "width": "100%"
                    }, 
                    "id": "0ab91e54-53db-11e9-97d8-dca90488358a", 
                    "label": "Area Identifier", 
                    "node_id": "43d608a8-53d8-11e9-89ad-dca90488358a", 
                    "sortorder": 0, 
                    "visible": true, 
                    "widget_id": "10000000-0000-0000-0000-000000000001"
                }, 
                {
                    "card_id": "09cbe735-53d8-11e9-a617-dca90488358a", 
                    "config": {
                        "defaultValue": "", 
                        "label": "Identifier Type", 
                        "options": [], 
                        "placeholder": "Select an option"
                    }, 
                    "id": "0ac11530-53db-11e9-aad3-dca90488358a", 
                    "label": "Identifier Type", 
                    "node_id": "63da87bd-53d8-11e9-9fb1-dca90488358a", 
                    "sortorder": 1, 
                    "visible": true, 
                    "widget_id": "10000000-0000-0000-0000-000000000002"
                }, 
                {
                    "card_id": "c5f9aad9-53c7-11e9-b11c-dca90488358a", 
                    "config": {
                        "defaultValue": "", 
                        "label": "Area Name", 
                        "maxLength": null, 
                        "placeholder": "Enter text", 
                        "width": "100%"
                    }, 
                    "id": "2e57f2d7-53ef-11e9-83d1-dca90488358a", 
                    "label": "Area Name", 
                    "node_id": "1b95fb70-53ef-11e9-9001-dca90488358a", 
                    "sortorder": 0, 
                    "visible": true, 
                    "widget_id": "10000000-0000-0000-0000-000000000001"
                }, 
                {
                    "card_id": "63cf44d9-53da-11e9-9160-dca90488358a", 
                    "config": {
                        "defaultValue": "", 
                        "label": "Description Text", 
                        "maxLength": null, 
                        "placeholder": "Enter text", 
                        "width": "100%"
                    }, 
                    "id": "fc430326-53da-11e9-bafd-dca90488358a", 
                    "label": "Description Text", 
                    "node_id": "aceb885c-53da-11e9-b11f-dca90488358a", 
                    "sortorder": 1, 
                    "visible": true, 
                    "widget_id": "10000000-0000-0000-0000-000000000005"
                }, 
                {
                    "card_id": "2c8371a6-53db-11e9-a0f3-dca90488358a", 
                    "config": {
                        "label": "Related Application Areas", 
                        "placeholder": ""
                    }, 
                    "id": "7ee459ca-53ee-11e9-9bca-dca90488358a", 
                    "label": "Related Application Areas", 
                    "node_id": "2c82277d-53db-11e9-934b-dca90488358a", 
                    "sortorder": 0, 
                    "visible": true, 
                    "widget_id": "ff3c400a-76ec-11e7-a793-784f435179ea"
                }, 
                {
                    "card_id": "63cf44d9-53da-11e9-9160-dca90488358a", 
                    "config": {
                        "defaultValue": "", 
                        "label": "Description Type", 
                        "options": [], 
                        "placeholder": "Select an option"
                    }, 
                    "id": "fc443570-53da-11e9-a475-dca90488358a", 
                    "label": "Description Type", 
                    "node_id": "ea0c8647-53da-11e9-806c-dca90488358a", 
                    "sortorder": 0, 
                    "visible": true, 
                    "widget_id": "10000000-0000-0000-0000-000000000002"
                }, 
                {
                    "card_id": "e8589402-53d8-11e9-8c4f-dca90488358a", 
                    "config": {
                        "defaultValue": "", 
                        "label": "Town/City", 
                        "maxLength": null, 
                        "placeholder": "Enter text", 
                        "width": "100%"
                    }, 
                    "id": "2031bbf0-53da-11e9-8ac7-dca90488358a", 
                    "label": "Town/City", 
                    "node_id": "dd4cd194-53d9-11e9-bb81-dca90488358a", 
                    "sortorder": 1, 
                    "visible": true, 
                    "widget_id": "10000000-0000-0000-0000-000000000001"
                }, 
                {
                    "card_id": "e1a108f3-6d22-11e9-b5e9-dca90488358a", 
                    "config": {
                        "defaultValue": "", 
                        "label": "Designation", 
                        "options": [], 
                        "placeholder": "Select an option"
                    }, 
                    "id": "fd22c91e-6d22-11e9-a3f9-dca90488358a", 
                    "label": "Designation", 
                    "node_id": "e19fe3a1-6d22-11e9-98bf-dca90488358a", 
                    "sortorder": 0, 
                    "visible": true, 
                    "widget_id": "10000000-0000-0000-0000-000000000002"
                }, 
                {
                    "card_id": "c5f9aad9-53c7-11e9-b11c-dca90488358a", 
                    "config": {
                        "defaultValue": "", 
                        "label": "Name Type", 
                        "options": [], 
                        "placeholder": "Select an option"
                    }, 
                    "id": "fee943b8-53d7-11e9-a1f2-dca90488358a", 
                    "label": "Name Type", 
                    "node_id": "b207138f-53d7-11e9-8acc-dca90488358a", 
                    "sortorder": 1, 
                    "visible": true, 
                    "widget_id": "10000000-0000-0000-0000-000000000002"
                }, 
                {
                    "card_id": "e8589402-53d8-11e9-8c4f-dca90488358a", 
                    "config": {
                        "defaultValue": "", 
                        "label": "Street Number/Name", 
                        "maxLength": null, 
                        "placeholder": "Enter text", 
                        "width": "100%"
                    }, 
                    "id": "202fdc7d-53da-11e9-a896-dca90488358a", 
                    "label": "Street Number/Name", 
                    "node_id": "ca1c9cee-53d9-11e9-b8f0-dca90488358a", 
                    "sortorder": 0, 
                    "visible": true, 
                    "widget_id": "10000000-0000-0000-0000-000000000001"
                }, 
                {
                    "card_id": "e8589402-53d8-11e9-8c4f-dca90488358a", 
                    "config": {
                        "defaultValue": "", 
                        "label": "Postal Code", 
                        "maxLength": null, 
                        "placeholder": "Enter text", 
                        "width": "100%"
                    }, 
                    "id": "203280d1-53da-11e9-acf8-dca90488358a", 
                    "label": "Postal Code", 
                    "node_id": "f1fdbe00-53d9-11e9-a113-dca90488358a", 
                    "sortorder": 2, 
                    "visible": true, 
                    "widget_id": "10000000-0000-0000-0000-000000000001"
                }, 
                {
                    "card_id": "13858aab-6d23-11e9-bbd2-dca90488358a", 
                    "config": {
                        "label": "Consultation", 
                        "placeholder": ""
                    }, 
                    "id": "3d59aa66-6d23-11e9-ac18-dca90488358a", 
                    "label": "Consultation", 
                    "node_id": "138478e1-6d23-11e9-808c-dca90488358a", 
                    "sortorder": 0, 
                    "visible": true, 
                    "widget_id": "31f3728c-7613-11e7-a139-784f435179ea"
                }
            ], 
            "color": "rgba(127,99,184,0.67)", 
            "config": {
                "basemap": "Outdoors", 
                "bearing": 0, 
                "centerX": -122.3979693, 
                "centerY": 37.79, 
                "featureColor": "#FF0000", 
                "featureEditingDisabled": true, 
                "featureLineWidth": 1, 
                "featurePointSize": 3, 
                "geocodePlaceholder": "Search", 
                "geocodeProvider": "10000000-0000-0000-0000-010000000000", 
                "geocoderVisible": true, 
                "geometryTypes": [
                    {
                        "id": "Point", 
                        "text": "Point"
                    }, 
                    {
                        "id": "Line", 
                        "text": "Line"
                    }, 
                    {
                        "id": "Polygon", 
                        "text": "Polygon"
                    }
                ], 
                "mapControlsHidden": false, 
                "maxZoom": 20, 
                "minZoom": 0, 
                "overlayConfigs": [], 
                "overlayOpacity": 0, 
                "pitch": 0, 
                "zoom": 10
            }, 
            "deploymentdate": null, 
            "deploymentfile": null, 
            "description": "Version 0.1; A model to represent areas that may be developed (or redeveloped) and require planning or other governmental oversight", 
            "edges": [
                {
                    "description": null, 
                    "domainnode_id": "63cdcf0f-53da-11e9-8340-dca90488358a", 
                    "edgeid": "aceb8d02-53da-11e9-b44e-dca90488358a", 
                    "graph_id": "336d34e3-53c3-11e9-ba5f-dca90488358a", 
                    "name": null, 
                    "ontologyproperty": "http://www.cidoc-crm.org/cidoc-crm/P106_is_composed_of", 
                    "rangenode_id": "aceb885c-53da-11e9-b11f-dca90488358a"
                }, 
                {
                    "description": null, 
                    "domainnode_id": "336d2f54-53c3-11e9-85d8-dca90488358a", 
                    "edgeid": "e1a170c7-6d22-11e9-b58e-dca90488358a", 
                    "graph_id": "336d34e3-53c3-11e9-ba5f-dca90488358a", 
                    "name": null, 
                    "ontologyproperty": "http://www.cidoc-crm.org/cidoc-crm/P2_has_type", 
                    "rangenode_id": "e19fe3a1-6d22-11e9-98bf-dca90488358a"
                }, 
                {
                    "description": null, 
                    "domainnode_id": "336d2f54-53c3-11e9-85d8-dca90488358a", 
                    "edgeid": "eb042a19-53d8-11e9-862b-dca90488358a", 
                    "graph_id": "336d34e3-53c3-11e9-ba5f-dca90488358a", 
                    "name": null, 
                    "ontologyproperty": "http://www.cidoc-crm.org/cidoc-crm/P53_has_former_or_current_location", 
                    "rangenode_id": "eafced66-53d8-11e9-a4e2-dca90488358a"
                }, 
                {
                    "description": null, 
                    "domainnode_id": "c5f909b5-53c7-11e9-a3ac-dca90488358a", 
                    "edgeid": "1b95ff75-53ef-11e9-9a18-dca90488358a", 
                    "graph_id": "336d34e3-53c3-11e9-ba5f-dca90488358a", 
                    "name": null, 
                    "ontologyproperty": "http://www.cidoc-crm.org/cidoc-crm/P106_is_composed_of", 
                    "rangenode_id": "1b95fb70-53ef-11e9-9001-dca90488358a"
                }, 
                {
                    "description": null, 
                    "domainnode_id": "c5f909b5-53c7-11e9-a3ac-dca90488358a", 
                    "edgeid": "b20716e1-53d7-11e9-8377-dca90488358a", 
                    "graph_id": "336d34e3-53c3-11e9-ba5f-dca90488358a", 
                    "name": null, 
                    "ontologyproperty": "http://www.cidoc-crm.org/cidoc-crm/P2_has_type", 
                    "rangenode_id": "b207138f-53d7-11e9-8acc-dca90488358a"
                }, 
                {
                    "description": null, 
                    "domainnode_id": "336d2f54-53c3-11e9-85d8-dca90488358a", 
                    "edgeid": "e85918f3-53d8-11e9-8436-dca90488358a", 
                    "graph_id": "336d34e3-53c3-11e9-ba5f-dca90488358a", 
                    "name": null, 
                    "ontologyproperty": "http://www.cidoc-crm.org/cidoc-crm/P1_is_identified_by", 
                    "rangenode_id": "e857704a-53d8-11e9-b05a-dca90488358a"
                }, 
                {
                    "description": null, 
                    "domainnode_id": "e857704a-53d8-11e9-b05a-dca90488358a", 
                    "edgeid": "f1fdc1b8-53d9-11e9-82d7-dca90488358a", 
                    "graph_id": "336d34e3-53c3-11e9-ba5f-dca90488358a", 
                    "name": null, 
                    "ontologyproperty": "http://www.cidoc-crm.org/cidoc-crm/P106_is_composed_of", 
                    "rangenode_id": "f1fdbe00-53d9-11e9-a113-dca90488358a"
                }, 
                {
                    "description": null, 
                    "domainnode_id": "e857704a-53d8-11e9-b05a-dca90488358a", 
                    "edgeid": "dd4cd54c-53d9-11e9-b2a1-dca90488358a", 
                    "graph_id": "336d34e3-53c3-11e9-ba5f-dca90488358a", 
                    "name": null, 
                    "ontologyproperty": "http://www.cidoc-crm.org/cidoc-crm/P106_is_composed_of", 
                    "rangenode_id": "dd4cd194-53d9-11e9-bb81-dca90488358a"
                }, 
                {
                    "description": null, 
                    "domainnode_id": "eafced66-53d8-11e9-a4e2-dca90488358a", 
                    "edgeid": "6c9235cc-53d9-11e9-a86f-dca90488358a", 
                    "graph_id": "336d34e3-53c3-11e9-ba5f-dca90488358a", 
                    "name": null, 
                    "ontologyproperty": "http://www.cidoc-crm.org/cidoc-crm/P1_is_identified_by", 
                    "rangenode_id": "6c923175-53d9-11e9-8c78-dca90488358a"
                }, 
                {
                    "description": null, 
                    "domainnode_id": "63cdcf0f-53da-11e9-8340-dca90488358a", 
                    "edgeid": "ea0c8a68-53da-11e9-9cb4-dca90488358a", 
                    "graph_id": "336d34e3-53c3-11e9-ba5f-dca90488358a", 
                    "name": null, 
                    "ontologyproperty": "http://www.cidoc-crm.org/cidoc-crm/P2_has_type", 
                    "rangenode_id": "ea0c8647-53da-11e9-806c-dca90488358a"
                }, 
                {
                    "description": null, 
                    "domainnode_id": "336d2f54-53c3-11e9-85d8-dca90488358a", 
                    "edgeid": "63cfdab8-53da-11e9-8837-dca90488358a", 
                    "graph_id": "336d34e3-53c3-11e9-ba5f-dca90488358a", 
                    "name": null, 
                    "ontologyproperty": "http://www.cidoc-crm.org/cidoc-crm/P129i_is_subject_of", 
                    "rangenode_id": "63cdcf0f-53da-11e9-8340-dca90488358a"
                }, 
                {
                    "description": null, 
                    "domainnode_id": "e857704a-53d8-11e9-b05a-dca90488358a", 
                    "edgeid": "ca1ca10a-53d9-11e9-8fe3-dca90488358a", 
                    "graph_id": "336d34e3-53c3-11e9-ba5f-dca90488358a", 
                    "name": null, 
                    "ontologyproperty": "http://www.cidoc-crm.org/cidoc-crm/P106_is_composed_of", 
                    "rangenode_id": "ca1c9cee-53d9-11e9-b8f0-dca90488358a"
                }, 
                {
                    "description": null, 
                    "domainnode_id": "336d2f54-53c3-11e9-85d8-dca90488358a", 
                    "edgeid": "c5faa385-53c7-11e9-802a-dca90488358a", 
                    "graph_id": "336d34e3-53c3-11e9-ba5f-dca90488358a", 
                    "name": null, 
                    "ontologyproperty": "http://www.cidoc-crm.org/cidoc-crm/P1_is_identified_by", 
                    "rangenode_id": "c5f909b5-53c7-11e9-a3ac-dca90488358a"
                }, 
                {
                    "description": null, 
                    "domainnode_id": "09cb95f5-53d8-11e9-aa83-dca90488358a", 
                    "edgeid": "43d60c87-53d8-11e9-bdd4-dca90488358a", 
                    "graph_id": "336d34e3-53c3-11e9-ba5f-dca90488358a", 
                    "name": null, 
                    "ontologyproperty": "http://www.cidoc-crm.org/cidoc-crm/P1_is_identified_by", 
                    "rangenode_id": "43d608a8-53d8-11e9-89ad-dca90488358a"
                }, 
                {
                    "description": null, 
                    "domainnode_id": "336d2f54-53c3-11e9-85d8-dca90488358a", 
                    "edgeid": "13863600-6d23-11e9-9543-dca90488358a", 
                    "graph_id": "336d34e3-53c3-11e9-ba5f-dca90488358a", 
                    "name": null, 
                    "ontologyproperty": "http://www.cidoc-crm.org/cidoc-crm/P17i_motivated", 
                    "rangenode_id": "138478e1-6d23-11e9-808c-dca90488358a"
                }, 
                {
                    "description": null, 
                    "domainnode_id": "09cb95f5-53d8-11e9-aa83-dca90488358a", 
                    "edgeid": "63da8ca8-53d8-11e9-8870-dca90488358a", 
                    "graph_id": "336d34e3-53c3-11e9-ba5f-dca90488358a", 
                    "name": null, 
                    "ontologyproperty": "http://www.cidoc-crm.org/cidoc-crm/P2_has_type", 
                    "rangenode_id": "63da87bd-53d8-11e9-9fb1-dca90488358a"
                }, 
                {
                    "description": null, 
                    "domainnode_id": "336d2f54-53c3-11e9-85d8-dca90488358a", 
                    "edgeid": "09cc6dfa-53d8-11e9-ad2e-dca90488358a", 
                    "graph_id": "336d34e3-53c3-11e9-ba5f-dca90488358a", 
                    "name": null, 
                    "ontologyproperty": "http://www.cidoc-crm.org/cidoc-crm/P1_is_identified_by", 
                    "rangenode_id": "09cb95f5-53d8-11e9-aa83-dca90488358a"
                }, 
                {
                    "description": null, 
                    "domainnode_id": "336d2f54-53c3-11e9-85d8-dca90488358a", 
                    "edgeid": "2c83e419-53db-11e9-bf34-dca90488358a", 
                    "graph_id": "336d34e3-53c3-11e9-ba5f-dca90488358a", 
                    "name": null, 
                    "ontologyproperty": "http://www.cidoc-crm.org/cidoc-crm/P121_overlaps_with", 
                    "rangenode_id": "2c82277d-53db-11e9-934b-dca90488358a"
                }
            ], 
            "functions_x_graphs": [
                {
                    "config": {
                        "description": {
                            "nodegroup_id": "63cdcf0f-53da-11e9-8340-dca90488358a", 
                            "string_template": "<Description Type>, <Description Text>, <Descriptions>"
                        }, 
                        "map_popup": {
                            "nodegroup_id": "c5f909b5-53c7-11e9-a3ac-dca90488358a", 
                            "string_template": "<Area Name>"
                        }, 
                        "name": {
                            "nodegroup_id": "c5f909b5-53c7-11e9-a3ac-dca90488358a", 
                            "string_template": "<Area Name>"
                        }, 
                        "triggering_nodegroups": []
                    }, 
                    "function_id": "60000000-0000-0000-0000-000000000001", 
                    "graph_id": "336d34e3-53c3-11e9-ba5f-dca90488358a", 
                    "id": "bcb0e307-9468-11e9-a2de-c4b301baab9f"
                }
            ], 
            "graphid": "336d34e3-53c3-11e9-ba5f-dca90488358a", 
            "iconclass": "fa fa-square-o", 
            "is_editable": false, 
            "isactive": true, 
            "isresource": true, 
            "jsonldcontext": null, 
            "name": "Application Area", 
            "nodegroups": [
                {
                    "cardinality": "n", 
                    "legacygroupid": null, 
                    "nodegroupid": "c5f909b5-53c7-11e9-a3ac-dca90488358a", 
                    "parentnodegroup_id": null
                }, 
                {
                    "cardinality": "1", 
                    "legacygroupid": null, 
                    "nodegroupid": "e19fe3a1-6d22-11e9-98bf-dca90488358a", 
                    "parentnodegroup_id": null
                }, 
                {
                    "cardinality": "n", 
                    "legacygroupid": null, 
                    "nodegroupid": "63cdcf0f-53da-11e9-8340-dca90488358a", 
                    "parentnodegroup_id": null
                }, 
                {
                    "cardinality": "1", 
                    "legacygroupid": null, 
                    "nodegroupid": "eafced66-53d8-11e9-a4e2-dca90488358a", 
                    "parentnodegroup_id": null
                }, 
                {
                    "cardinality": "n", 
                    "legacygroupid": null, 
                    "nodegroupid": "e857704a-53d8-11e9-b05a-dca90488358a", 
                    "parentnodegroup_id": null
                }, 
                {
                    "cardinality": "1", 
                    "legacygroupid": null, 
                    "nodegroupid": "2c82277d-53db-11e9-934b-dca90488358a", 
                    "parentnodegroup_id": null
                }, 
                {
                    "cardinality": "n", 
                    "legacygroupid": null, 
                    "nodegroupid": "09cb95f5-53d8-11e9-aa83-dca90488358a", 
                    "parentnodegroup_id": null
                }, 
                {
                    "cardinality": "1", 
                    "legacygroupid": null, 
                    "nodegroupid": "138478e1-6d23-11e9-808c-dca90488358a", 
                    "parentnodegroup_id": null
                }
            ], 
            "nodes": [
                {
                    "config": {
                        "rdmCollection": null
                    }, 
                    "datatype": "concept-list", 
                    "description": null, 
                    "graph_id": "336d34e3-53c3-11e9-ba5f-dca90488358a", 
                    "is_collector": true, 
                    "isrequired": false, 
                    "issearchable": true, 
                    "istopnode": false, 
                    "name": "Designation", 
                    "nodegroup_id": "e19fe3a1-6d22-11e9-98bf-dca90488358a", 
                    "nodeid": "e19fe3a1-6d22-11e9-98bf-dca90488358a", 
                    "ontologyclass": "http://www.cidoc-crm.org/cidoc-crm/E55_Type", 
                    "parentproperty": "http://www.cidoc-crm.org/cidoc-crm/P2_has_type", 
                    "sortorder": 0
                }, 
                {
                    "config": null, 
                    "datatype": "semantic", 
                    "description": null, 
                    "graph_id": "336d34e3-53c3-11e9-ba5f-dca90488358a", 
                    "is_collector": true, 
                    "isrequired": false, 
                    "issearchable": true, 
                    "istopnode": false, 
                    "name": "Map", 
                    "nodegroup_id": "eafced66-53d8-11e9-a4e2-dca90488358a", 
                    "nodeid": "eafced66-53d8-11e9-a4e2-dca90488358a", 
                    "ontologyclass": "http://www.cidoc-crm.org/cidoc-crm/E53_Place", 
                    "parentproperty": "http://www.cidoc-crm.org/cidoc-crm/P53_has_former_or_current_location", 
                    "sortorder": 0
                }, 
                {
                    "config": null, 
                    "datatype": "string", 
                    "description": null, 
                    "graph_id": "336d34e3-53c3-11e9-ba5f-dca90488358a", 
                    "is_collector": false, 
                    "isrequired": true, 
                    "issearchable": true, 
                    "istopnode": false, 
                    "name": "Area Name", 
                    "nodegroup_id": "c5f909b5-53c7-11e9-a3ac-dca90488358a", 
                    "nodeid": "1b95fb70-53ef-11e9-9001-dca90488358a", 
                    "ontologyclass": "http://www.cidoc-crm.org/cidoc-crm/E41_Appellation", 
                    "parentproperty": "http://www.cidoc-crm.org/cidoc-crm/P106_is_composed_of", 
                    "sortorder": 0
                }, 
                {
                    "config": {
                        "addToMap": false, 
                        "advancedStyle": "", 
                        "advancedStyling": false, 
                        "autoManageCache": false, 
                        "cacheTiles": false, 
                        "clusterDistance": 20, 
                        "clusterMaxZoom": 5, 
                        "clusterMinPoints": 3, 
                        "fillColor": "rgba(130, 130, 130, 0.5)", 
                        "haloRadius": 4, 
                        "haloWeight": 4, 
                        "layerActivated": true, 
                        "layerIcon": "", 
                        "layerLegend": "", 
                        "layerName": "", 
                        "lineColor": "rgba(130, 130, 130, 0.7)", 
                        "lineHaloColor": "rgba(200, 200, 200, 0.5)", 
                        "outlineColor": "rgba(200, 200, 200, 0.7)", 
                        "outlineWeight": 2, 
                        "pointColor": "rgba(130, 130, 130, 0.7)", 
                        "pointHaloColor": "rgba(200, 200, 200, 0.5)", 
                        "radius": 2, 
                        "simplification": 0.3, 
                        "weight": 2
                    }, 
                    "datatype": "geojson-feature-collection", 
                    "description": null, 
                    "graph_id": "336d34e3-53c3-11e9-ba5f-dca90488358a", 
                    "is_collector": false, 
                    "isrequired": false, 
                    "issearchable": true, 
                    "istopnode": false, 
                    "name": "Geospatial Location", 
                    "nodegroup_id": "eafced66-53d8-11e9-a4e2-dca90488358a", 
                    "nodeid": "6c923175-53d9-11e9-8c78-dca90488358a", 
                    "ontologyclass": "http://www.cidoc-crm.org/cidoc-crm/E47_Spatial_Coordinates", 
                    "parentproperty": "http://www.cidoc-crm.org/cidoc-crm/P1_is_identified_by", 
                    "sortorder": 0
                }, 
                {
                    "config": null, 
                    "datatype": "semantic", 
                    "description": "", 
                    "graph_id": "336d34e3-53c3-11e9-ba5f-dca90488358a", 
                    "is_collector": false, 
                    "isrequired": false, 
                    "issearchable": true, 
                    "istopnode": true, 
                    "name": "Application Area", 
                    "nodegroup_id": null, 
                    "nodeid": "336d2f54-53c3-11e9-85d8-dca90488358a", 
                    "ontologyclass": "http://www.cidoc-crm.org/cidoc-crm/E27_Site", 
                    "parentproperty": "", 
                    "sortorder": 0
                }, 
                {
                    "config": {
                        "rdmCollection": null
                    }, 
                    "datatype": "concept", 
                    "description": null, 
                    "graph_id": "336d34e3-53c3-11e9-ba5f-dca90488358a", 
                    "is_collector": false, 
                    "isrequired": false, 
                    "issearchable": true, 
                    "istopnode": false, 
                    "name": "Name Type", 
                    "nodegroup_id": "c5f909b5-53c7-11e9-a3ac-dca90488358a", 
                    "nodeid": "b207138f-53d7-11e9-8acc-dca90488358a", 
                    "ontologyclass": "http://www.cidoc-crm.org/cidoc-crm/E55_Type", 
                    "parentproperty": "http://www.cidoc-crm.org/cidoc-crm/P2_has_type", 
                    "sortorder": 0
                }, 
                {
                    "config": null, 
                    "datatype": "string", 
                    "description": null, 
                    "graph_id": "336d34e3-53c3-11e9-ba5f-dca90488358a", 
                    "is_collector": false, 
                    "isrequired": false, 
                    "issearchable": true, 
                    "istopnode": false, 
                    "name": "Postal Code", 
                    "nodegroup_id": "e857704a-53d8-11e9-b05a-dca90488358a", 
                    "nodeid": "f1fdbe00-53d9-11e9-a113-dca90488358a", 
                    "ontologyclass": "http://www.cidoc-crm.org/cidoc-crm/E41_Appellation", 
                    "parentproperty": "http://www.cidoc-crm.org/cidoc-crm/P106_is_composed_of", 
                    "sortorder": 0
                }, 
                {
                    "config": null, 
                    "datatype": "string", 
                    "description": null, 
                    "graph_id": "336d34e3-53c3-11e9-ba5f-dca90488358a", 
                    "is_collector": false, 
                    "isrequired": true, 
                    "issearchable": true, 
                    "istopnode": false, 
                    "name": "Town/City", 
                    "nodegroup_id": "e857704a-53d8-11e9-b05a-dca90488358a", 
                    "nodeid": "dd4cd194-53d9-11e9-bb81-dca90488358a", 
                    "ontologyclass": "http://www.cidoc-crm.org/cidoc-crm/E41_Appellation", 
                    "parentproperty": "http://www.cidoc-crm.org/cidoc-crm/P106_is_composed_of", 
                    "sortorder": 0
                }, 
                {
                    "config": null, 
                    "datatype": "string", 
                    "description": null, 
                    "graph_id": "336d34e3-53c3-11e9-ba5f-dca90488358a", 
                    "is_collector": false, 
                    "isrequired": true, 
                    "issearchable": true, 
                    "istopnode": false, 
                    "name": "Street Number/Name", 
                    "nodegroup_id": "e857704a-53d8-11e9-b05a-dca90488358a", 
                    "nodeid": "ca1c9cee-53d9-11e9-b8f0-dca90488358a", 
                    "ontologyclass": "http://www.cidoc-crm.org/cidoc-crm/E41_Appellation", 
                    "parentproperty": "http://www.cidoc-crm.org/cidoc-crm/P106_is_composed_of", 
                    "sortorder": 0
                }, 
                {
                    "config": {
                        "rdmCollection": null
                    }, 
                    "datatype": "concept", 
                    "description": null, 
                    "graph_id": "336d34e3-53c3-11e9-ba5f-dca90488358a", 
                    "is_collector": false, 
                    "isrequired": false, 
                    "issearchable": true, 
                    "istopnode": false, 
                    "name": "Description Type", 
                    "nodegroup_id": "63cdcf0f-53da-11e9-8340-dca90488358a", 
                    "nodeid": "ea0c8647-53da-11e9-806c-dca90488358a", 
                    "ontologyclass": "http://www.cidoc-crm.org/cidoc-crm/E55_Type", 
                    "parentproperty": "http://www.cidoc-crm.org/cidoc-crm/P2_has_type", 
                    "sortorder": 0
                }, 
                {
                    "config": null, 
                    "datatype": "string", 
                    "description": null, 
                    "graph_id": "336d34e3-53c3-11e9-ba5f-dca90488358a", 
                    "is_collector": false, 
                    "isrequired": true, 
                    "issearchable": true, 
                    "istopnode": false, 
                    "name": "Description Text", 
                    "nodegroup_id": "63cdcf0f-53da-11e9-8340-dca90488358a", 
                    "nodeid": "aceb885c-53da-11e9-b11f-dca90488358a", 
                    "ontologyclass": "http://www.cidoc-crm.org/cidoc-crm/E33_Linguistic_Object", 
                    "parentproperty": "http://www.cidoc-crm.org/cidoc-crm/P106_is_composed_of", 
                    "sortorder": 0
                }, 
                {
                    "config": null, 
                    "datatype": "semantic", 
                    "description": null, 
                    "graph_id": "336d34e3-53c3-11e9-ba5f-dca90488358a", 
                    "is_collector": true, 
                    "isrequired": false, 
                    "issearchable": true, 
                    "istopnode": false, 
                    "name": "Descriptions", 
                    "nodegroup_id": "63cdcf0f-53da-11e9-8340-dca90488358a", 
                    "nodeid": "63cdcf0f-53da-11e9-8340-dca90488358a", 
                    "ontologyclass": "http://www.cidoc-crm.org/cidoc-crm/E33_Linguistic_Object", 
                    "parentproperty": "http://www.cidoc-crm.org/cidoc-crm/P129i_is_subject_of", 
                    "sortorder": 0
                }, 
                {
                    "config": {
                        "rdmCollection": null
                    }, 
                    "datatype": "concept", 
                    "description": null, 
                    "graph_id": "336d34e3-53c3-11e9-ba5f-dca90488358a", 
                    "is_collector": false, 
                    "isrequired": false, 
                    "issearchable": true, 
                    "istopnode": false, 
                    "name": "Identifier Type", 
                    "nodegroup_id": "09cb95f5-53d8-11e9-aa83-dca90488358a", 
                    "nodeid": "63da87bd-53d8-11e9-9fb1-dca90488358a", 
                    "ontologyclass": "http://www.cidoc-crm.org/cidoc-crm/E55_Type", 
                    "parentproperty": "http://www.cidoc-crm.org/cidoc-crm/P2_has_type", 
                    "sortorder": 0
                }, 
                {
                    "config": null, 
                    "datatype": "semantic", 
                    "description": null, 
                    "graph_id": "336d34e3-53c3-11e9-ba5f-dca90488358a", 
                    "is_collector": true, 
                    "isrequired": false, 
                    "issearchable": true, 
                    "istopnode": false, 
                    "name": "Area Names", 
                    "nodegroup_id": "c5f909b5-53c7-11e9-a3ac-dca90488358a", 
                    "nodeid": "c5f909b5-53c7-11e9-a3ac-dca90488358a", 
                    "ontologyclass": "http://www.cidoc-crm.org/cidoc-crm/E41_Appellation", 
                    "parentproperty": "http://www.cidoc-crm.org/cidoc-crm/P1_is_identified_by", 
                    "sortorder": 0
                }, 
                {
                    "config": null, 
                    "datatype": "semantic", 
                    "description": null, 
                    "graph_id": "336d34e3-53c3-11e9-ba5f-dca90488358a", 
                    "is_collector": true, 
                    "isrequired": false, 
                    "issearchable": true, 
                    "istopnode": false, 
                    "name": "Address", 
                    "nodegroup_id": "e857704a-53d8-11e9-b05a-dca90488358a", 
                    "nodeid": "e857704a-53d8-11e9-b05a-dca90488358a", 
                    "ontologyclass": "http://www.cidoc-crm.org/cidoc-crm/E45_Address", 
                    "parentproperty": "http://www.cidoc-crm.org/cidoc-crm/P1_is_identified_by", 
                    "sortorder": 0
                }, 
                {
                    "config": {
                        "graphid": [
                            "336d34e3-53c3-11e9-ba5f-dca90488358a"
                        ]
                    }, 
                    "datatype": "resource-instance-list", 
                    "description": null, 
                    "graph_id": "336d34e3-53c3-11e9-ba5f-dca90488358a", 
                    "is_collector": true, 
                    "isrequired": false, 
                    "issearchable": true, 
                    "istopnode": false, 
                    "name": "Related Application Areas", 
                    "nodegroup_id": "2c82277d-53db-11e9-934b-dca90488358a", 
                    "nodeid": "2c82277d-53db-11e9-934b-dca90488358a", 
                    "ontologyclass": "http://www.cidoc-crm.org/cidoc-crm/E27_Site", 
                    "parentproperty": "http://www.cidoc-crm.org/cidoc-crm/P121_overlaps_with", 
                    "sortorder": 0
                }, 
                {
                    "config": null, 
                    "datatype": "string", 
                    "description": null, 
                    "graph_id": "336d34e3-53c3-11e9-ba5f-dca90488358a", 
                    "is_collector": false, 
                    "isrequired": true, 
                    "issearchable": true, 
                    "istopnode": false, 
                    "name": "Area Identifier", 
                    "nodegroup_id": "09cb95f5-53d8-11e9-aa83-dca90488358a", 
                    "nodeid": "43d608a8-53d8-11e9-89ad-dca90488358a", 
                    "ontologyclass": "http://www.cidoc-crm.org/cidoc-crm/E42_Identifier", 
                    "parentproperty": "http://www.cidoc-crm.org/cidoc-crm/P1_is_identified_by", 
                    "sortorder": 0
                }, 
                {
                    "config": null, 
                    "datatype": "semantic", 
                    "description": null, 
                    "graph_id": "336d34e3-53c3-11e9-ba5f-dca90488358a", 
                    "is_collector": true, 
                    "isrequired": false, 
                    "issearchable": true, 
                    "istopnode": false, 
                    "name": "Area Reference Number", 
                    "nodegroup_id": "09cb95f5-53d8-11e9-aa83-dca90488358a", 
                    "nodeid": "09cb95f5-53d8-11e9-aa83-dca90488358a", 
                    "ontologyclass": "http://www.cidoc-crm.org/cidoc-crm/E42_Identifier", 
                    "parentproperty": "http://www.cidoc-crm.org/cidoc-crm/P1_is_identified_by", 
                    "sortorder": 0
                }, 
                {
                    "config": {
                        "graphid": null
                    }, 
                    "datatype": "resource-instance", 
                    "description": null, 
                    "graph_id": "336d34e3-53c3-11e9-ba5f-dca90488358a", 
                    "is_collector": true, 
                    "isrequired": true, 
                    "issearchable": true, 
                    "istopnode": false, 
                    "name": "Related Consultation", 
                    "nodegroup_id": "138478e1-6d23-11e9-808c-dca90488358a", 
                    "nodeid": "138478e1-6d23-11e9-808c-dca90488358a", 
                    "ontologyclass": "http://www.cidoc-crm.org/cidoc-crm/E7_Activity", 
                    "parentproperty": "http://www.cidoc-crm.org/cidoc-crm/P17i_motivated", 
                    "sortorder": 0
                }
            ], 
            "ontology_id": "e6e8db47-2ccf-11e6-927e-b8f6b115d7dd", 
            "relatable_resource_model_ids": [], 
            "resource_2_resource_constraints": [], 
            "root": {
                "config": null, 
                "datatype": "semantic", 
                "description": "", 
                "graph_id": "336d34e3-53c3-11e9-ba5f-dca90488358a", 
                "is_collector": false, 
                "isrequired": false, 
                "issearchable": true, 
                "istopnode": true, 
                "name": "Application Area", 
                "nodegroup_id": null, 
                "nodeid": "336d2f54-53c3-11e9-85d8-dca90488358a", 
                "ontologyclass": "http://www.cidoc-crm.org/cidoc-crm/E27_Site", 
                "sortorder": 0
            }, 
            "slug": null, 
            "subtitle": "A (re)development area", 
            "template_id": "50000000-0000-0000-0000-000000000002", 
            "version": ""
        }
    ], 
    "metadata": {
        "db": "PostgreSQL 11.1 on x86_64-apple-darwin17.7.0, compiled by Apple LLVM version 10.0.0 (clang-1000.11.45.5), 64-bit", 
        "git hash": "1c6165a 2019-06-21 13:29:09 -0700", 
        "os": "Darwin", 
        "os version": "17.7.0"
    }
}