{
    "graph": [
        {
            "author": " FGI", 
            "cards": [
                {
                    "active": true, 
                    "cardid": "3960e77d-6c4b-11e9-a072-dca90488358a", 
                    "component_id": "2f9054d8-de57-45cd-8a9c-58bbb1619030", 
                    "config": {
                        "groupedCardIds": [
                            "a5912ecf-6d1e-11e9-8725-dca90488358a", 
                            "23e1e78c-6c4b-11e9-afa9-dca90488358a", 
                            "0b0e17c0-6c4b-11e9-a21d-dca90488358a"
                        ]
                    }, 
                    "constraints": [
                        {
                            "card_id": "3960e77d-6c4b-11e9-a072-dca90488358a", 
                            "constraintid": "cf90162e-6d21-11e9-ba0e-dca90488358a", 
                            "nodes": [], 
                            "uniquetoallinstances": false
                        }, 
                        {
                            "card_id": "3960e77d-6c4b-11e9-a072-dca90488358a", 
                            "constraintid": "db315894-6d21-11e9-99fd-dca90488358a", 
                            "nodes": [], 
                            "uniquetoallinstances": false
                        }
                    ], 
                    "cssclass": null, 
                    "description": null, 
                    "graph_id": "97b30d4c-6c4a-11e9-853f-dca90488358a", 
                    "helpenabled": false, 
                    "helptext": null, 
                    "helptitle": null, 
                    "instructions": null, 
                    "is_editable": true, 
                    "name": "Communication Details", 
                    "nodegroup_id": "395a96a3-6c4b-11e9-b7d9-dca90488358a", 
                    "sortorder": 3, 
                    "visible": true
                }, 
                {
                    "active": true, 
                    "cardid": "7103b5e1-6d1f-11e9-80ca-dca90488358a", 
                    "component_id": "f05e4d3a-53c1-11e8-b0ea-784f435179ea", 
                    "config": null, 
                    "constraints": [
                        {
                            "card_id": "7103b5e1-6d1f-11e9-80ca-dca90488358a", 
                            "constraintid": "a0401900-6d21-11e9-844e-dca90488358a", 
                            "nodes": [], 
                            "uniquetoallinstances": false
                        }, 
                        {
                            "card_id": "7103b5e1-6d1f-11e9-80ca-dca90488358a", 
                            "constraintid": "af5a0c5c-6d21-11e9-9a3e-dca90488358a", 
                            "nodes": [], 
                            "uniquetoallinstances": false
                        }
                    ], 
                    "cssclass": null, 
                    "description": null, 
                    "graph_id": "97b30d4c-6c4a-11e9-853f-dca90488358a", 
                    "helpenabled": false, 
                    "helptext": null, 
                    "helptitle": null, 
                    "instructions": null, 
                    "is_editable": true, 
                    "name": "Related Documents", 
                    "nodegroup_id": "70fd3940-6d1f-11e9-87dd-dca90488358a", 
                    "sortorder": 7, 
                    "visible": true
                }, 
                {
                    "active": true, 
                    "cardid": "6fdbd445-6d1e-11e9-a735-dca90488358a", 
                    "component_id": "f05e4d3a-53c1-11e8-b0ea-784f435179ea", 
                    "config": null, 
                    "constraints": [
                        {
                            "card_id": "6fdbd445-6d1e-11e9-a735-dca90488358a", 
                            "constraintid": "be6138a6-6d21-11e9-82fa-dca90488358a", 
                            "nodes": [], 
                            "uniquetoallinstances": false
                        }
                    ], 
                    "cssclass": null, 
                    "description": null, 
                    "graph_id": "97b30d4c-6c4a-11e9-853f-dca90488358a", 
                    "helpenabled": false, 
                    "helptext": null, 
                    "helptitle": null, 
                    "instructions": null, 
                    "is_editable": true, 
                    "name": "Notes", 
                    "nodegroup_id": "6fda4838-6d1e-11e9-b3d5-dca90488358a", 
                    "sortorder": 5, 
                    "visible": true
                }, 
                {
                    "active": true, 
                    "cardid": "23e1e78c-6c4b-11e9-afa9-dca90488358a", 
                    "component_id": "f05e4d3a-53c1-11e8-b0ea-784f435179ea", 
                    "config": null, 
                    "constraints": [
                        {
                            "card_id": "23e1e78c-6c4b-11e9-afa9-dca90488358a", 
                            "constraintid": "706d176e-6d21-11e9-87f0-dca90488358a", 
                            "nodes": [], 
                            "uniquetoallinstances": false
                        }
                    ], 
                    "cssclass": null, 
                    "description": null, 
                    "graph_id": "97b30d4c-6c4a-11e9-853f-dca90488358a", 
                    "helpenabled": false, 
                    "helptext": null, 
                    "helptitle": null, 
                    "instructions": null, 
                    "is_editable": true, 
                    "name": "Communication Type", 
                    "nodegroup_id": "23e1ac91-6c4b-11e9-8641-dca90488358a", 
                    "sortorder": 2, 
                    "visible": true
                }, 
                {
                    "active": true, 
                    "cardid": "8b183cc2-6d1e-11e9-8e91-dca90488358a", 
                    "component_id": "f05e4d3a-53c1-11e8-b0ea-784f435179ea", 
                    "config": null, 
                    "constraints": [
                        {
                            "card_id": "8b183cc2-6d1e-11e9-8e91-dca90488358a", 
                            "constraintid": "81ff6387-6d21-11e9-b6f9-dca90488358a", 
                            "nodes": [], 
                            "uniquetoallinstances": false
                        }
                    ], 
                    "cssclass": null, 
                    "description": null, 
                    "graph_id": "97b30d4c-6c4a-11e9-853f-dca90488358a", 
                    "helpenabled": false, 
                    "helptext": null, 
                    "helptitle": null, 
                    "instructions": null, 
                    "is_editable": true, 
                    "name": "Follow-on Actions", 
                    "nodegroup_id": "8b171540-6d1e-11e9-ac56-dca90488358a", 
                    "sortorder": 6, 
                    "visible": true
                }, 
                {
                    "active": true, 
                    "cardid": "fcb9562b-6d1e-11e9-90fe-dca90488358a", 
                    "component_id": "f05e4d3a-53c1-11e8-b0ea-784f435179ea", 
                    "config": null, 
                    "constraints": [
                        {
                            "card_id": "fcb9562b-6d1e-11e9-90fe-dca90488358a", 
                            "constraintid": "778c2787-6d21-11e9-8459-dca90488358a", 
                            "nodes": [], 
                            "uniquetoallinstances": false
                        }
                    ], 
                    "cssclass": null, 
                    "description": null, 
                    "graph_id": "97b30d4c-6c4a-11e9-853f-dca90488358a", 
                    "helpenabled": false, 
                    "helptext": null, 
                    "helptitle": null, 
                    "instructions": null, 
                    "is_editable": true, 
                    "name": "Attendees", 
                    "nodegroup_id": "fcb84b0f-6d1e-11e9-881a-dca90488358a", 
                    "sortorder": 4, 
                    "visible": true
                }, 
                {
                    "active": true, 
                    "cardid": "a5912ecf-6d1e-11e9-8725-dca90488358a", 
                    "component_id": "f05e4d3a-53c1-11e8-b0ea-784f435179ea", 
                    "config": null, 
                    "constraints": [
                        {
                            "card_id": "a5912ecf-6d1e-11e9-8725-dca90488358a", 
                            "constraintid": "b7292d78-6d21-11e9-8a34-dca90488358a", 
                            "nodes": [], 
                            "uniquetoallinstances": false
                        }
                    ], 
                    "cssclass": null, 
                    "description": null, 
                    "graph_id": "97b30d4c-6c4a-11e9-853f-dca90488358a", 
                    "helpenabled": false, 
                    "helptext": null, 
                    "helptitle": null, 
                    "instructions": null, 
                    "is_editable": true, 
                    "name": "Related Consultations", 
                    "nodegroup_id": "a5901911-6d1e-11e9-8674-dca90488358a", 
                    "sortorder": 0, 
                    "visible": true
                }, 
                {
                    "active": true, 
                    "cardid": "0b0e17c0-6c4b-11e9-a21d-dca90488358a", 
                    "component_id": "f05e4d3a-53c1-11e8-b0ea-784f435179ea", 
                    "config": null, 
                    "constraints": [
                        {
                            "card_id": "0b0e17c0-6c4b-11e9-a21d-dca90488358a", 
                            "constraintid": "c44c1542-6d21-11e9-999f-dca90488358a", 
                            "nodes": [], 
                            "uniquetoallinstances": false
                        }
                    ], 
                    "cssclass": null, 
                    "description": null, 
                    "graph_id": "97b30d4c-6c4a-11e9-853f-dca90488358a", 
                    "helpenabled": false, 
                    "helptext": null, 
                    "helptitle": null, 
                    "instructions": null, 
                    "is_editable": true, 
                    "name": "Subject", 
                    "nodegroup_id": "0b0cf4b0-6c4b-11e9-8ec5-dca90488358a", 
                    "sortorder": 1, 
                    "visible": true
                }
            ], 
            "cards_x_nodes_x_widgets": [
                {
                    "card_id": "23e1e78c-6c4b-11e9-afa9-dca90488358a", 
                    "config": {
                        "defaultValue": "", 
                        "label": "Communication Type", 
                        "options": [], 
                        "placeholder": "Select an option"
                    }, 
                    "id": "706f8e99-6d21-11e9-bd79-dca90488358a", 
                    "label": "Communication Type", 
                    "node_id": "23e1ac91-6c4b-11e9-8641-dca90488358a", 
                    "sortorder": null, 
                    "visible": true, 
                    "widget_id": "10000000-0000-0000-0000-000000000002"
                }, 
                {
                    "card_id": "8b183cc2-6d1e-11e9-8e91-dca90488358a", 
                    "config": {
                        "defaultValue": "", 
                        "label": "Follow-on Actions", 
                        "maxLength": null, 
                        "placeholder": "Enter text", 
                        "width": "100%"
                    }, 
                    "id": "8201b340-6d21-11e9-8156-dca90488358a", 
                    "label": "Follow-on Actions", 
                    "node_id": "8b171540-6d1e-11e9-ac56-dca90488358a", 
                    "sortorder": null, 
                    "visible": true, 
                    "widget_id": "10000000-0000-0000-0000-000000000005"
                }, 
                {
                    "card_id": "7103b5e1-6d1f-11e9-80ca-dca90488358a", 
                    "config": {
                        "acceptedFiles": "", 
                        "label": "Uploaded Documents", 
                        "maxFilesize": "200", 
                        "rerender": true
                    }, 
                    "id": "a041c1d9-6d21-11e9-b87d-dca90488358a", 
                    "label": "Uploaded Documents", 
                    "node_id": "70fd3940-6d1f-11e9-87dd-dca90488358a", 
                    "sortorder": 0, 
                    "visible": true, 
                    "widget_id": "10000000-0000-0000-0000-000000000019"
                }, 
                {
                    "card_id": "a5912ecf-6d1e-11e9-8725-dca90488358a", 
                    "config": {
                        "label": "Related Consultations", 
                        "placeholder": ""
                    }, 
                    "id": "b72b52ba-6d21-11e9-9633-dca90488358a", 
                    "label": "Related Consultations", 
                    "node_id": "a5901911-6d1e-11e9-8674-dca90488358a", 
                    "sortorder": null, 
                    "visible": true, 
                    "widget_id": "ff3c400a-76ec-11e7-a793-784f435179ea"
                }, 
                {
                    "card_id": "6fdbd445-6d1e-11e9-a735-dca90488358a", 
                    "config": {
                        "defaultValue": "", 
                        "label": "Notes", 
                        "maxLength": null, 
                        "placeholder": "Enter text", 
                        "width": "100%"
                    }, 
                    "id": "be630468-6d21-11e9-b8cc-dca90488358a", 
                    "label": "Notes", 
                    "node_id": "6fda4838-6d1e-11e9-b3d5-dca90488358a", 
                    "sortorder": null, 
                    "visible": true, 
                    "widget_id": "10000000-0000-0000-0000-000000000005"
                }, 
                {
                    "card_id": "0b0e17c0-6c4b-11e9-a21d-dca90488358a", 
                    "config": {
                        "defaultValue": "", 
                        "label": "Subject", 
                        "maxLength": null, 
                        "placeholder": "Enter text", 
                        "width": "100%"
                    }, 
                    "id": "c44eb763-6d21-11e9-8a64-dca90488358a", 
                    "label": "Subject", 
                    "node_id": "0b0cf4b0-6c4b-11e9-8ec5-dca90488358a", 
                    "sortorder": null, 
                    "visible": true, 
                    "widget_id": "10000000-0000-0000-0000-000000000001"
                }, 
                {
                    "card_id": "fcb9562b-6d1e-11e9-90fe-dca90488358a", 
                    "config": {
                        "label": "Person", 
                        "placeholder": ""
                    }, 
                    "id": "778eeab8-6d21-11e9-897d-dca90488358a", 
                    "label": "Person", 
                    "node_id": "16bbfd05-6d1f-11e9-9678-dca90488358a", 
                    "sortorder": null, 
                    "visible": true, 
                    "widget_id": "31f3728c-7613-11e7-a139-784f435179ea"
                }, 
                {
                    "card_id": "3960e77d-6c4b-11e9-a072-dca90488358a", 
                    "config": {
                        "dateFormat": "YYYY-MM-DD", 
                        "defaultValue": "", 
                        "label": "Date of Communication", 
                        "maxDate": false, 
                        "minDate": false, 
                        "placeholder": "Enter date", 
                        "viewMode": "days"
                    }, 
                    "id": "cf91e1de-6d21-11e9-bbce-dca90488358a", 
                    "label": "Date of Communication", 
                    "node_id": "395a96a3-6c4b-11e9-b7d9-dca90488358a", 
                    "sortorder": null, 
                    "visible": true, 
                    "widget_id": "10000000-0000-0000-0000-000000000004"
                }, 
                {
                    "card_id": "fcb9562b-6d1e-11e9-90fe-dca90488358a", 
                    "config": {
                        "defaultValue": "", 
                        "label": "Attendee Type", 
                        "options": [], 
                        "placeholder": "Select an option"
                    }, 
                    "id": "778fbc35-6d21-11e9-a0c6-dca90488358a", 
                    "label": "Attendee Type", 
                    "node_id": "2a578157-6d1f-11e9-9f9a-dca90488358a", 
                    "sortorder": null, 
                    "visible": true, 
                    "widget_id": "10000000-0000-0000-0000-000000000002"
                }
            ], 
            "color": null, 
            "config": {}, 
            "deploymentdate": null, 
            "deploymentfile": null, 
            "description": "v 0.1", 
            "edges": [
                {
                    "description": null, 
                    "domainnode_id": "97b30873-6c4a-11e9-b7f2-dca90488358a", 
                    "edgeid": "23e24d33-6c4b-11e9-bc4b-dca90488358a", 
                    "graph_id": "97b30d4c-6c4a-11e9-853f-dca90488358a", 
                    "name": null, 
                    "ontologyproperty": "http://www.cidoc-crm.org/cidoc-crm/P2_has_type", 
                    "rangenode_id": "23e1ac91-6c4b-11e9-8641-dca90488358a"
                }, 
                {
                    "description": null, 
                    "domainnode_id": "97b30873-6c4a-11e9-b7f2-dca90488358a", 
                    "edgeid": "0b0eca87-6c4b-11e9-9846-dca90488358a", 
                    "graph_id": "97b30d4c-6c4a-11e9-853f-dca90488358a", 
                    "name": null, 
                    "ontologyproperty": "http://www.cidoc-crm.org/cidoc-crm/P1_is_identified_by", 
                    "rangenode_id": "0b0cf4b0-6c4b-11e9-8ec5-dca90488358a"
                }, 
                {
                    "description": null, 
                    "domainnode_id": "97b30873-6c4a-11e9-b7f2-dca90488358a", 
                    "edgeid": "fcb9e5e3-6d1e-11e9-91c7-dca90488358a", 
                    "graph_id": "97b30d4c-6c4a-11e9-853f-dca90488358a", 
                    "name": null, 
                    "ontologyproperty": "http://www.cidoc-crm.org/cidoc-crm/P14_carried_out_by", 
                    "rangenode_id": "fcb84b0f-6d1e-11e9-881a-dca90488358a"
                }, 
                {
                    "description": null, 
                    "domainnode_id": "fcb84b0f-6d1e-11e9-881a-dca90488358a", 
                    "edgeid": "2a5785e1-6d1f-11e9-b56c-dca90488358a", 
                    "graph_id": "97b30d4c-6c4a-11e9-853f-dca90488358a", 
                    "name": null, 
                    "ontologyproperty": "http://www.cidoc-crm.org/cidoc-crm/P2_has_type", 
                    "rangenode_id": "2a578157-6d1f-11e9-9f9a-dca90488358a"
                }, 
                {
                    "description": null, 
                    "domainnode_id": "97b30873-6c4a-11e9-b7f2-dca90488358a", 
                    "edgeid": "a591a78c-6d1e-11e9-99ef-dca90488358a", 
                    "graph_id": "97b30d4c-6c4a-11e9-853f-dca90488358a", 
                    "name": null, 
                    "ontologyproperty": "http://www.cidoc-crm.org/cidoc-crm/P9i_forms_part_of", 
                    "rangenode_id": "a5901911-6d1e-11e9-8674-dca90488358a"
                }, 
                {
                    "description": null, 
                    "domainnode_id": "fcb84b0f-6d1e-11e9-881a-dca90488358a", 
                    "edgeid": "16bc0542-6d1f-11e9-b21e-dca90488358a", 
                    "graph_id": "97b30d4c-6c4a-11e9-853f-dca90488358a", 
                    "name": null, 
                    "ontologyproperty": "http://www.cidoc-crm.org/cidoc-crm/P107_has_current_or_former_member", 
                    "rangenode_id": "16bbfd05-6d1f-11e9-9678-dca90488358a"
                }, 
                {
                    "description": null, 
                    "domainnode_id": "97b30873-6c4a-11e9-b7f2-dca90488358a", 
                    "edgeid": "6fdc8a26-6d1e-11e9-a4d2-dca90488358a", 
                    "graph_id": "97b30d4c-6c4a-11e9-853f-dca90488358a", 
                    "name": null, 
                    "ontologyproperty": "http://www.cidoc-crm.org/cidoc-crm/P129i_is_subject_of", 
                    "rangenode_id": "6fda4838-6d1e-11e9-b3d5-dca90488358a"
                }, 
                {
                    "description": null, 
                    "domainnode_id": "97b30873-6c4a-11e9-b7f2-dca90488358a", 
                    "edgeid": "8b18b2eb-6d1e-11e9-8c03-dca90488358a", 
                    "graph_id": "97b30d4c-6c4a-11e9-853f-dca90488358a", 
                    "name": null, 
                    "ontologyproperty": "http://www.cidoc-crm.org/cidoc-crm/P15_was_influenced_by", 
                    "rangenode_id": "8b171540-6d1e-11e9-ac56-dca90488358a"
                }, 
                {
                    "description": null, 
                    "domainnode_id": "97b30873-6c4a-11e9-b7f2-dca90488358a", 
                    "edgeid": "71108142-6d1f-11e9-883f-dca90488358a", 
                    "graph_id": "97b30d4c-6c4a-11e9-853f-dca90488358a", 
                    "name": null, 
                    "ontologyproperty": "http://www.cidoc-crm.org/cidoc-crm/P67i_is_referred_to_by", 
                    "rangenode_id": "70fd3940-6d1f-11e9-87dd-dca90488358a"
                }, 
                {
                    "description": null, 
                    "domainnode_id": "97b30873-6c4a-11e9-b7f2-dca90488358a", 
                    "edgeid": "3961c9c5-6c4b-11e9-a551-dca90488358a", 
                    "graph_id": "97b30d4c-6c4a-11e9-853f-dca90488358a", 
                    "name": null, 
                    "ontologyproperty": "http://www.cidoc-crm.org/cidoc-crm/P1_is_identified_by", 
                    "rangenode_id": "395a96a3-6c4b-11e9-b7d9-dca90488358a"
                }
            ], 
            "functions_x_graphs": [], 
            "graphid": "97b30d4c-6c4a-11e9-853f-dca90488358a", 
            "iconclass": "fa fa-comments", 
            "is_editable": true, 
            "isactive": true, 
            "isresource": true, 
            "jsonldcontext": null, 
            "name": "Communication", 
            "nodegroups": [
                {
                    "cardinality": "1", 
                    "legacygroupid": null, 
                    "nodegroupid": "23e1ac91-6c4b-11e9-8641-dca90488358a", 
                    "parentnodegroup_id": null
                }, 
                {
                    "cardinality": "1", 
                    "legacygroupid": null, 
                    "nodegroupid": "395a96a3-6c4b-11e9-b7d9-dca90488358a", 
                    "parentnodegroup_id": null
                }, 
                {
                    "cardinality": "1", 
                    "legacygroupid": null, 
                    "nodegroupid": "a5901911-6d1e-11e9-8674-dca90488358a", 
                    "parentnodegroup_id": null
                }, 
                {
                    "cardinality": "1", 
                    "legacygroupid": null, 
                    "nodegroupid": "0b0cf4b0-6c4b-11e9-8ec5-dca90488358a", 
                    "parentnodegroup_id": null
                }, 
                {
                    "cardinality": "1", 
                    "legacygroupid": null, 
                    "nodegroupid": "8b171540-6d1e-11e9-ac56-dca90488358a", 
                    "parentnodegroup_id": null
                }, 
                {
                    "cardinality": "1", 
                    "legacygroupid": null, 
                    "nodegroupid": "6fda4838-6d1e-11e9-b3d5-dca90488358a", 
                    "parentnodegroup_id": null
                }, 
                {
                    "cardinality": "n", 
                    "legacygroupid": null, 
                    "nodegroupid": "fcb84b0f-6d1e-11e9-881a-dca90488358a", 
                    "parentnodegroup_id": null
                }, 
                {
                    "cardinality": "1", 
                    "legacygroupid": null, 
                    "nodegroupid": "70fd3940-6d1f-11e9-87dd-dca90488358a", 
                    "parentnodegroup_id": null
                }
            ], 
            "nodes": [
                {
                    "config": {
                        "graphid": [
                            "08359c2e-53f0-11e9-b212-dca90488358a"
                        ]
                    }, 
                    "datatype": "resource-instance-list", 
                    "description": null, 
                    "graph_id": "97b30d4c-6c4a-11e9-853f-dca90488358a", 
                    "is_collector": true, 
                    "isrequired": false, 
                    "issearchable": true, 
                    "istopnode": false, 
                    "name": "Related Consultations", 
                    "nodegroup_id": "a5901911-6d1e-11e9-8674-dca90488358a", 
                    "nodeid": "a5901911-6d1e-11e9-8674-dca90488358a", 
                    "ontologyclass": "http://www.cidoc-crm.org/cidoc-crm/E7_Activity", 
                    "parentproperty": "http://www.cidoc-crm.org/cidoc-crm/P9i_forms_part_of", 
                    "sortorder": 0
                }, 
                {
                    "config": null, 
                    "datatype": "file-list", 
                    "description": null, 
                    "graph_id": "97b30d4c-6c4a-11e9-853f-dca90488358a", 
                    "is_collector": true, 
                    "isrequired": false, 
                    "issearchable": true, 
                    "istopnode": false, 
                    "name": "Documents", 
                    "nodegroup_id": "70fd3940-6d1f-11e9-87dd-dca90488358a", 
                    "nodeid": "70fd3940-6d1f-11e9-87dd-dca90488358a", 
                    "ontologyclass": "http://www.cidoc-crm.org/cidoc-crm/E89_Propositional_Object", 
                    "parentproperty": "http://www.cidoc-crm.org/cidoc-crm/P67i_is_referred_to_by", 
                    "sortorder": 0
                }, 
                {
                    "config": {
                        "graphid": null
                    }, 
                    "datatype": "resource-instance", 
                    "description": null, 
                    "graph_id": "97b30d4c-6c4a-11e9-853f-dca90488358a", 
                    "is_collector": false, 
                    "isrequired": false, 
                    "issearchable": true, 
                    "istopnode": false, 
                    "name": "Person", 
                    "nodegroup_id": "fcb84b0f-6d1e-11e9-881a-dca90488358a", 
                    "nodeid": "16bbfd05-6d1f-11e9-9678-dca90488358a", 
                    "ontologyclass": "http://www.cidoc-crm.org/cidoc-crm/E39_Actor", 
                    "parentproperty": "http://www.cidoc-crm.org/cidoc-crm/P107_has_current_or_former_member", 
                    "sortorder": 0
                }, 
                {
                    "config": null, 
                    "datatype": "semantic", 
                    "description": null, 
                    "graph_id": "97b30d4c-6c4a-11e9-853f-dca90488358a", 
                    "is_collector": true, 
                    "isrequired": false, 
                    "issearchable": true, 
                    "istopnode": false, 
                    "name": "Attendees", 
                    "nodegroup_id": "fcb84b0f-6d1e-11e9-881a-dca90488358a", 
                    "nodeid": "fcb84b0f-6d1e-11e9-881a-dca90488358a", 
                    "ontologyclass": "http://www.cidoc-crm.org/cidoc-crm/E74_Group", 
                    "parentproperty": "http://www.cidoc-crm.org/cidoc-crm/P14_carried_out_by", 
                    "sortorder": 0
                }, 
                {
                    "config": null, 
                    "datatype": "semantic", 
                    "description": "", 
                    "graph_id": "97b30d4c-6c4a-11e9-853f-dca90488358a", 
                    "is_collector": false, 
                    "isrequired": false, 
                    "issearchable": true, 
                    "istopnode": true, 
                    "name": "Communication", 
                    "nodegroup_id": null, 
                    "nodeid": "97b30873-6c4a-11e9-b7f2-dca90488358a", 
                    "ontologyclass": "http://www.cidoc-crm.org/cidoc-crm/E7_Activity", 
                    "parentproperty": "", 
                    "sortorder": 0
                }, 
                {
                    "config": null, 
                    "datatype": "string", 
                    "description": null, 
                    "graph_id": "97b30d4c-6c4a-11e9-853f-dca90488358a", 
                    "is_collector": true, 
                    "isrequired": false, 
                    "issearchable": true, 
                    "istopnode": false, 
                    "name": "Subject", 
                    "nodegroup_id": "0b0cf4b0-6c4b-11e9-8ec5-dca90488358a", 
                    "nodeid": "0b0cf4b0-6c4b-11e9-8ec5-dca90488358a", 
                    "ontologyclass": "http://www.cidoc-crm.org/cidoc-crm/E41_Appellation", 
                    "parentproperty": "http://www.cidoc-crm.org/cidoc-crm/P1_is_identified_by", 
                    "sortorder": 0
                }, 
                {
                    "config": null, 
                    "datatype": "string", 
                    "description": null, 
                    "graph_id": "97b30d4c-6c4a-11e9-853f-dca90488358a", 
                    "is_collector": true, 
                    "isrequired": false, 
                    "issearchable": true, 
                    "istopnode": false, 
                    "name": "Notes", 
                    "nodegroup_id": "6fda4838-6d1e-11e9-b3d5-dca90488358a", 
                    "nodeid": "6fda4838-6d1e-11e9-b3d5-dca90488358a", 
                    "ontologyclass": "http://www.cidoc-crm.org/cidoc-crm/E33_Linguistic_Object", 
                    "parentproperty": "http://www.cidoc-crm.org/cidoc-crm/P129i_is_subject_of", 
                    "sortorder": 0
                }, 
                {
                    "config": {
                        "rdmCollection": null
                    }, 
                    "datatype": "concept", 
                    "description": null, 
                    "graph_id": "97b30d4c-6c4a-11e9-853f-dca90488358a", 
                    "is_collector": false, 
                    "isrequired": false, 
                    "issearchable": true, 
                    "istopnode": false, 
                    "name": "Attendee Type", 
                    "nodegroup_id": "fcb84b0f-6d1e-11e9-881a-dca90488358a", 
                    "nodeid": "2a578157-6d1f-11e9-9f9a-dca90488358a", 
                    "ontologyclass": "http://www.cidoc-crm.org/cidoc-crm/E55_Type", 
                    "parentproperty": "http://www.cidoc-crm.org/cidoc-crm/P2_has_type", 
                    "sortorder": 0
                }, 
                {
                    "config": null, 
                    "datatype": "string", 
                    "description": null, 
                    "graph_id": "97b30d4c-6c4a-11e9-853f-dca90488358a", 
                    "is_collector": true, 
                    "isrequired": false, 
                    "issearchable": true, 
                    "istopnode": false, 
                    "name": "Follow-on Actions", 
                    "nodegroup_id": "8b171540-6d1e-11e9-ac56-dca90488358a", 
                    "nodeid": "8b171540-6d1e-11e9-ac56-dca90488358a", 
                    "ontologyclass": "http://www.cidoc-crm.org/cidoc-crm/E33_Linguistic_Object", 
                    "parentproperty": "http://www.cidoc-crm.org/cidoc-crm/P15_was_influenced_by", 
                    "sortorder": 0
                }, 
                {
                    "config": null, 
                    "datatype": "date", 
                    "description": null, 
                    "graph_id": "97b30d4c-6c4a-11e9-853f-dca90488358a", 
                    "is_collector": true, 
                    "isrequired": false, 
                    "issearchable": true, 
                    "istopnode": false, 
                    "name": "Date", 
                    "nodegroup_id": "395a96a3-6c4b-11e9-b7d9-dca90488358a", 
                    "nodeid": "395a96a3-6c4b-11e9-b7d9-dca90488358a", 
                    "ontologyclass": "http://www.cidoc-crm.org/cidoc-crm/E49_Time_Appellation", 
                    "parentproperty": "http://www.cidoc-crm.org/cidoc-crm/P1_is_identified_by", 
                    "sortorder": 0
                }, 
                {
                    "config": {
                        "rdmCollection": null
                    }, 
                    "datatype": "concept", 
                    "description": null, 
                    "graph_id": "97b30d4c-6c4a-11e9-853f-dca90488358a", 
                    "is_collector": true, 
                    "isrequired": false, 
                    "issearchable": true, 
                    "istopnode": false, 
                    "name": "Communication Type", 
                    "nodegroup_id": "23e1ac91-6c4b-11e9-8641-dca90488358a", 
                    "nodeid": "23e1ac91-6c4b-11e9-8641-dca90488358a", 
                    "ontologyclass": "http://www.cidoc-crm.org/cidoc-crm/E55_Type", 
                    "parentproperty": "http://www.cidoc-crm.org/cidoc-crm/P2_has_type", 
                    "sortorder": 0
                }
            ], 
            "ontology_id": "e6e8db47-2ccf-11e6-927e-b8f6b115d7dd", 
            "relatable_resource_model_ids": [
                "08359c2e-53f0-11e9-b212-dca90488358a"
            ], 
            "resource_2_resource_constraints": [], 
            "root": {
                "config": null, 
                "datatype": "semantic", 
                "description": "", 
                "graph_id": "97b30d4c-6c4a-11e9-853f-dca90488358a", 
                "is_collector": false, 
                "isrequired": false, 
                "issearchable": true, 
                "istopnode": true, 
                "name": "Communication", 
                "nodegroup_id": null, 
                "nodeid": "97b30873-6c4a-11e9-b7f2-dca90488358a", 
                "ontologyclass": "http://www.cidoc-crm.org/cidoc-crm/E7_Activity", 
                "sortorder": 0
            }, 
            "slug": null, 
            "subtitle": "Emails, phone calls, in-person meetings", 
            "template_id": "50000000-0000-0000-0000-000000000001", 
            "version": ""
        }
    ], 
    "metadata": {
        "db": "PostgreSQL 9.6.3 on x86_64-apple-darwin14.5.0, compiled by Apple LLVM version 7.0.0 (clang-700.1.76), 64-bit", 
        "git hash": "881df2456 2019-05-01 13:52:00 -0700", 
        "os": "Darwin", 
        "os version": "18.5.0"
    }
}